Employee_ID,Employee_Name,Gender,Age,Department_ID,Job_Level,Employment_Type,Join_Date,City,Work_Mode
EMP10000,Sana Singh,Male,28,101,Executive,Permanent,2021-04-12,Delhi,Hybrid
EMP10001,Yash Jain,Male,49,102,Executive,Contract,2021-11-20,Jaipur,Hybrid
EMP10002,Kavya Verma,Male,58,103,Senior Analyst,Intern,2023-07-07,Gurugram,Remote
EMP10003,Varun Patel,Male,46,107,Senior Manager,Permanent,2024-03-15,Gurugram,Office
EMP10004,Priya Agarwal,Female,55,106,Associate,Permanent,2022-12-28,Delhi,Hybrid
EMP10005,Aarav Gupta,Male,52,105,Specialist,Permanent,2022-10-31,Jaipur,Hybrid
EMP10006,Kavya Reddy,Male,28,101,Senior Analyst,Permanent,2020-03-18,Kolkata,Hybrid
EMP10007,Aarav Patel,Female,24,104,Specialist,Permanent,2024-10-23,Jaipur,Remote
EMP10008,Tanya Patel,Male,27,101,Senior Analyst,Permanent,2020-07-10,Bengaluru,Hybrid
EMP10009,Kavya Sethi,Male,54,103,Senior Manager,Permanent,2022-03-24,Kolkata,Office
EMP10010,Kabir Sharma,Male,54,103,Executive,Permanent,2024-07-30,Noida,Remote
EMP10011,Tanya Agarwal,Female,37,101,Executive,Permanent,2019-12-29,Pune,Remote
EMP10012,Kabir Verma,Male,53,102,Associate,Contract,2025-10-31,Jaipur,Office
EMP10013,NISHA BANSAL,Male,33,108,Associate,Permanent,2022-06-11,Gurugram,Remote
EMP10014,Aditya Mishra,Female,49,108,Specialist,Permanent,2024-01-16,Gurugram,Hybrid
EMP10015,Rahul Chopra,Male,46,102,Specialist,Permanent,2025-04-28,Kolkata,Office
EMP10016,Kabir Khan,Female,27,101,Specialist,Permanent,2024-01-25,Hyderabad,Office
EMP10017,Nikhil Singh,Female,34,101,Analyst,Permanent,2024-12-12,Bengaluru,Office
EMP10018,Aditya Patel,Female,24,103,Senior Analyst,Permanent,2021-06-29,Mumbai,Office
EMP10019,Shreya Iyer,Male,45,108,Executive,Intern,2019-09-02,Pune,Hybrid
EMP10020,Priya Malhotra,Non-Binary,24,101,Senior Analyst,Permanent,2020-06-25,Gurugram,Office
EMP10021,Aisha Kapoor,Female,56,107,Senior Analyst,Permanent,2025-12-07,Mumbai,Hybrid
EMP10022,Aditya Kapoor,Non-Binary,25,101,Executive,Permanent,2024-12-09,Gurugram,Office
EMP10023,Riya Jain,Female,49,108,Associate,Permanent,2024-12-12,Hyderabad,Office
EMP10024,Sana Chopra,Female,30,103,Associate,Contract,2023-04-22,Noida,Office
EMP10025,Rahul Chopra,Male,45,107,Senior Analyst,Permanent,2025-01-26,Jaipur,Office
EMP10026,Varun Jain,Female,52,102,Executive,Permanent,2019-05-04,Gurugram,Hybrid
EMP10027,Karan Mehta,Male,36,105,Manager,Permanent,2026-05-17,Chennai,Hybrid
EMP10028,Yash Kapoor,Female,37,101,Associate,Permanent,2023-09-28,Noida,Office
EMP10029,Simran Mishra,Female,55,101,Specialist,Permanent,2021-02-24,Mumbai,Hybrid
EMP10030,Raj Patel,Male,39,108,Senior Analyst,Permanent,2024-08-05,Jaipur,Office
EMP10031,Varun Bansal,Male,41,108,Analyst,Contract,2025-02-26,Delhi,Office
EMP10032,Kavya Khan,Male,49,107,Specialist,Permanent,2025-08-13,Pune,Office
EMP10033,Riya Jain,Male,30,105,Analyst,Permanent,2021-03-07,Gurugram,Hybrid
EMP10034,Ishaan Das,Male,46,107,Associate,Permanent,2019-03-18,Pune,Hybrid
EMP10035,Ishaan Arora,Male,44,101,Manager,Permanent,2019-02-28,Bengaluru,Office
EMP10036,Sneha Sethi,Female,57,102,Associate,Permanent,2025-10-14,Noida,Office
EMP10037,Kabir Verma,Male,45,102,Senior Analyst,Permanent,2026-05-09,Jaipur,Office
EMP10038,Yash Patel,Female,57,105,Specialist,Permanent,2023-03-04,Chennai,Office
EMP10039,Kabir Das,Male,39,102,Senior Analyst,Permanent,2024-04-20,Bengaluru,Hybrid
EMP10040,Sneha Das,Female,54,101,Analyst,Contract,2024-11-26,Bengaluru,Office
EMP10041,Rahul Kapoor,Female,35,105,Manager,Permanent,2022-07-25,Noida,Office
EMP10042,Pooja Arora,Male,49,107,Analyst,Permanent,2019-03-09,Gurugram,Office
EMP10043,Nisha Khan,Female,24,103,Analyst,Permanent,2025-06-10,Gurugram,Office
EMP10044,Arjun Mehta,Female,22,101,Associate,Permanent,2024-04-16,Bengaluru,Hybrid
EMP10045,Karan Gupta,Male,57,101,Analyst,Permanent,2026-06-14,Bengaluru,Hybrid
EMP10046,Riya Iyer,Female,50,102,Analyst,Permanent,2019-12-31,Hyderabad,Hybrid
EMP10047,Pooja Jain,Female,37,102,Specialist,Permanent,2021-03-31,Chennai,Hybrid
EMP10048,Mohit Sharma,Male,51,105,Associate,Contract,2022-11-03,Gurugram,Office
EMP10049,Varun Patel,Male,30,105,Manager,Permanent,2025-07-18,Mumbai,Hybrid
EMP10050,Nisha Bansal,Female,34,106,Associate,Permanent,2021-08-04,Gurugram,Remote
EMP10051,Meera Agarwal,Female,30,103,Associate,Permanent,2023-04-27,Noida,Hybrid
EMP10052,Simran Sharma,Male,44,107,Specialist,Contract,2022-10-09,Mumbai,Office
EMP10053,Pooja Mehta,Female,31,102,Analyst,Contract,2022-12-10,Chennai,Hybrid
EMP10054,Raj Singh,Female,41,103,Specialist,Permanent,2021-01-31,Mumbai,Office
EMP10055,Shreya Reddy,Male,32,107,Executive,Contract,2019-12-07,Kolkata,Hybrid
EMP10056,Ishaan Verma,Male,29,101,Associate,Permanent,2020-01-18,Pune,Office
EMP10057,Nisha Mehta,Female,42,101,Analyst,Permanent,2021-09-30,Chennai,Hybrid
EMP10058,Nisha Reddy,Female,38,107,Manager,Contract,2023-04-06,Delhi,Remote
EMP10059,Karan Bansal,Female,23,102,Executive,Permanent,2019-10-27,Hyderabad,Remote
EMP10060,Aarav Singh,Female,45,106,Senior Manager,Permanent,2019-05-19,Pune,Hybrid
EMP10061,Sneha Saxena,Male,39,101,Senior Manager,Permanent,2019-12-25,Jaipur,Hybrid
EMP10062,Aisha Kapoor,Female,26,106,Associate,Permanent,2021-04-15,Kolkata,Hybrid
EMP10063,Aditya Gupta,Male,24,102,Specialist,Permanent,2023-03-03,Hyderabad,Hybrid
EMP10064,Shreya Gupta,Female,47,101,Analyst,Permanent,2023-06-16,Chennai,Remote
EMP10065,Nisha Verma,Male,26,105,Analyst,Permanent,2024-06-05,Noida,Hybrid
EMP10066,Varun Arora,Female,29,102,Associate,Permanent,2022-07-27,Chennai,Hybrid
EMP10067,Diya Jain,Male,49,103,Analyst,Permanent,2025-12-05,Chennai,Hybrid
EMP10068,Mohit Iyer,Male,36,101,Associate,Permanent,2021-06-27,Bengaluru,Hybrid
EMP10069,Ishaan Patel,Male,48,101,Executive,Permanent,2022-02-08,Jaipur,Office
EMP10070,Tanya Saxena,Male,51,102,Associate,Permanent,2024-12-26,Bengaluru,Hybrid
EMP10071,Varun Chopra,Male,31,101,Senior Analyst,Permanent,2021-09-22,Hyderabad,Hybrid
EMP10072,Sneha Reddy,Female,44,108,Senior Manager,Contract,2025-10-18,Hyderabad,Office
EMP10073,Ananya Kapoor,Female,48,101,Senior Analyst,Permanent,2025-12-31,Jaipur,Office
EMP10074,Aditya Bansal,Female,26,103,Specialist,Permanent,2025-05-09,Delhi,Office
EMP10075,Priya Patel,Male,56,101,Manager,Permanent,2024-11-21,jaipur,Remote
EMP10076,Priya Kapoor,Female,46,102,Senior Analyst,Contract,2022-05-22,Delhi,Remote
EMP10077,Aditya Khan,Male,38,108,Associate,Permanent,2023-11-20,Jaipur,Hybrid
EMP10078,Aditya Khan,Non-Binary,55,101,Associate,Permanent,2019-06-14,Pune,Office
EMP10079,Aditya Reddy,Female,36,108,Executive,Permanent,2021-09-25,Jaipur,Hybrid
EMP10080,Kabir Arora,Female,46,102,Analyst,Permanent,2026-01-11,Jaipur,Office
EMP10081,Nikhil Verma,Male,25,106,Analyst,Contract,2022-07-31,Kolkata,Office
EMP10082,Priya Arora,Female,28,104,Senior Analyst,Permanent,2026-01-08,Jaipur,Hybrid
EMP10083,Aman Arora,Male,56,107,Analyst,Permanent,2020-10-18,Bengaluru,Hybrid
EMP10084,Ishaan Singh,Male,48,104,Associate,Permanent,2026-04-14,Gurugram,Hybrid
EMP10085,Varun Agarwal,Female,28,104,Senior Analyst,Permanent,2025-01-20,Pune,Office
EMP10086,Rohan Agarwal,Female,33,101,Specialist,Permanent,2024-03-24,Hyderabad,Hybrid
EMP10087,Mohit Khan,Male,53,101,Senior Analyst,Permanent,2024-08-08,Gurugram,Hybrid
EMP10088,Aisha Mishra,Female,34,108,Specialist,Permanent,2024-10-12,Pune,Hybrid
EMP10089,Aman Singh,Female,36,102,Specialist,Permanent,2022-02-14,Jaipur,Office
EMP10090,Ishaan Malhotra,Male,40,103,Analyst,Contract,2024-03-04,Chennai,Hybrid
EMP10091,Simran Verma,Male,53,106,Executive,Permanent,2019-09-24,Bengaluru,Hybrid
EMP10092,Diya Jain,Female,29,102,Associate,Permanent,2024-01-20,Hyderabad,Office
EMP10093,Kavya Gupta,Male,28,108,Associate,Permanent,2023-09-05,Hyderabad,Office
EMP10094,Aman Patel,Female,37,106,Associate,Contract,2025-04-12,Gurugram,Office
EMP10095,Aisha Patel,Non-Binary,24,105,Associate,Permanent,2025-09-08,Delhi,Office
EMP10096,Aditya Kapoor,Female,35,107,Manager,Contract,2023-02-19,Noida,Hybrid
EMP10097,Rohan Arora,Female,26,101,Analyst,Permanent,2020-04-20,Hyderabad,Remote
EMP10098,Ishaan Mishra,Male,41,102,Specialist,Permanent,2021-09-03,Delhi,Remote
EMP10099,Diya Mishra,Male,41,103,Specialist,Permanent,2022-04-22,Delhi,Hybrid
EMP10100,Riya Jain,Male,41,102,Senior Manager,Permanent,2021-11-09,Hyderabad,Hybrid
EMP10101,Meera Agarwal,Female,47,106,Executive,Permanent,2024-05-14,Chennai,Hybrid
EMP10102,Varun Arora,Female,55,108,Manager,Permanent,2020-07-11,Noida,Hybrid
EMP10103,Ishaan Saxena,Male,34,103,Specialist,Permanent,2021-10-14,Jaipur,Remote
EMP10104,Aisha Das,Female,25,102,Analyst,Contract,2023-05-25,Chennai,Hybrid
EMP10105,Aisha Bansal,Male,36,108,Executive,Permanent,2021-06-01,Delhi,Hybrid
EMP10106,Aisha Das,Male,35,103,Specialist,Permanent,2025-01-03,Hyderabad,Office
EMP10107,Pooja Reddy,Male,36,103,Analyst,Permanent,2020-10-27,Noida,Hybrid
EMP10108,Aisha Reddy,Female,29,102,Manager,Contract,2026-04-21,Gurugram,Hybrid
EMP10109,Mohit Mehta,Female,24,108,Specialist,Permanent,2023-11-07,Gurugram,Office
EMP10110,KARAN GUPTA,Male,50,104,Senior Analyst,Permanent,2021-05-13,Jaipur,Remote
EMP10111,Riya Singh,Male,38,107,Manager,Permanent,2020-08-04,Kolkata,Office
EMP10112,Kavya Das,Male,23,107,Specialist,Permanent,2020-11-25,Kolkata,Hybrid
EMP10113,Aisha Iyer,Male,43,102,Executive,Permanent,2022-06-05,Gurugram,Hybrid
EMP10114,Rohan Das,Male,48,103,Analyst,Permanent,2023-05-30,Kolkata,Remote
EMP10115,Pooja Bansal,Female,31,107,Associate,Permanent,2022-05-24,Mumbai,Hybrid
EMP10116,Ishaan Bansal,Female,46,103,Associate,Permanent,2025-09-20,Jaipur,Hybrid
EMP10117,Kabir Mishra,Female,45,107,Associate,Permanent,2020-02-03,Noida,Office
EMP10118,Varun Saxena,Female,40,108,Associate,Permanent,2024-04-30,Hyderabad,Hybrid
EMP10119,Neha Gupta,Female,39,105,Senior Analyst,Contract,2020-12-15,Delhi,Remote
EMP10120,Simran Iyer,Male,35,106,Manager,Permanent,2020-12-04,Kolkata,Hybrid
EMP10121,Ananya Gupta,Female,23,107,Executive,Permanent,2025-12-21,Chennai,Hybrid
EMP10122,Ishaan Reddy,Male,46,107,Senior Analyst,Permanent,2023-09-11,Mumbai,Hybrid
EMP10123,Arjun Chopra,Male,53,103,Manager,Intern,2024-05-26,Gurugram,Hybrid
EMP10124,Sneha Kapoor,Female,39,101,Associate,Permanent,2019-03-23,Pune,Hybrid
EMP10125,Meera Mehta,Female,33,103,Associate,Permanent,2020-08-26,Hyderabad,Hybrid
EMP10126,SHREYA PATEL,Female,57,106,Specialist,Permanent,2024-05-24,Mumbai,Hybrid
EMP10127,Karan Reddy,Female,34,103,Analyst,Permanent,2023-09-07,Delhi,Hybrid
EMP10128,Varun Patel,Female,46,106,Analyst,Contract,2024-08-08,Mumbai,Hybrid
EMP10129,Raj Singh,Male,28,102,Specialist,Permanent,2021-06-21,Noida,Office
EMP10130,Kabir Singh,Female,38,105,Executive,Contract,2019-12-31,Gurugram,Office
EMP10131,Yash Patel,Female,22,101,Analyst,Permanent,2019-06-12,Noida,Hybrid
EMP10132,Kabir Saxena,Female,37,106,Associate,Permanent,2026-01-02,Kolkata,Office
EMP10133,Ishaan Bansal,Female,31,104,Specialist,Permanent,2024-02-07,Jaipur,Hybrid
EMP10134,Varun Jain,Male,42,102,Analyst,Permanent,2019-04-26,Chennai,Office
EMP10135,Vikram Jain,Male,53,102,Senior Analyst,Permanent,2025-07-12,Delhi,Hybrid
EMP10136,Aditya Agarwal,Female,23,106,Analyst,Contract,2021-05-30,Mumbai,Hybrid
EMP10137,Aisha Sharma,Male,30,103,Manager,Permanent,2021-04-19,Pune,Hybrid
EMP10138,Nisha Verma,Female,33,102,Executive,Permanent,2025-01-03,Mumbai,Office
EMP10139,Diya Sethi,Female,54,108,Associate,Permanent,2022-09-08,Chennai,Hybrid
EMP10140,Tanya Agarwal,Female,39,106,Executive,Permanent,2025-10-26,Chennai,Hybrid
EMP10141,Aarav Singh,Female,45,108,Executive,Permanent,2021-11-02,Gurugram,Hybrid
EMP10142,Sneha Verma,Female,50,103,Executive,Permanent,2021-07-31,Chennai,Hybrid
EMP10143,Aisha Chopra,Male,44,103,Manager,Permanent,2023-09-21,Kolkata,Office
EMP10144,Nikhil Verma,Female,28,107,Associate,Permanent,2025-05-23,Bengaluru,Remote
EMP10145,Arjun Khan,Male,28,104,Associate,Permanent,2022-02-11,Mumbai,Office
EMP10146,Rahul Khan,Male,35,106,Analyst,Permanent,2025-12-02,Pune,Hybrid
EMP10147,Ishaan Kapoor,Male,23,102,Associate,Contract,2019-01-22,Gurugram,Hybrid
EMP10148,Rahul Patel,Female,37,103,Analyst,Contract,2023-10-16,Bengaluru,Remote
EMP10149,Karan Verma,Male,45,101,Associate,Permanent,2020-11-13,Jaipur,Office
EMP10150,Mohit Mehta,Female,51,102,Specialist,Permanent,2024-01-08,Noida,Hybrid
EMP10151,Sneha Agarwal,Female,33,101,Senior Analyst,Permanent,2025-06-25,Delhi,Remote
EMP10152,Diya Bansal,Female,42,101,Associate,Contract,2019-05-06,Bengaluru,Office
EMP10153,Aman Kapoor,Non-Binary,29,108,Senior Analyst,Permanent,2019-10-04,Mumbai,Office
EMP10154,Diya Singh,Female,46,102,Analyst,Permanent,2024-06-22,Bengaluru,Hybrid
EMP10155,Mohit Khan,Male,55,106,Analyst,Permanent,2022-05-12,Hyderabad,Office
EMP10156,Kavya Malhotra,Non-Binary,52,107,Analyst,Permanent,2025-02-19,Hyderabad,Hybrid
EMP10157,Rahul Saxena,Male,22,104,Associate,Permanent,2020-11-26,Jaipur,Office
EMP10158,Kavya Sharma,Female,26,101,Associate,Intern,2022-08-02,Jaipur,Hybrid
EMP10159,Riya Bansal,Female,34,106,Executive,Permanent,2019-02-26,Mumbai,Office
EMP10160,Mohit Gupta,Male,36,105,Analyst,Permanent,2019-01-19,Mumbai,Hybrid
EMP10161,Rahul Reddy,Male,40,106,Manager,Permanent,2025-04-30,Bengaluru,Hybrid
EMP10162,Varun Patel,Male,49,107,Manager,Permanent,2019-04-23,Pune,Remote
EMP10163,Aarav Singh,Female,58,108,Senior Analyst,Permanent,2020-06-25,Mumbai,Office
EMP10164,Diya Das,Male,53,104,Manager,Permanent,2026-05-18,Mumbai,Hybrid
EMP10165,Aisha Singh,Male,38,102,Specialist,Permanent,2020-08-01,Kolkata,Hybrid
EMP10166,Rohan Chopra,Female,50,105,Executive,Permanent,2021-12-24,Pune,Office
EMP10167,Rohan Iyer,Female,45,101,Analyst,Permanent,2019-01-25,Chennai,Office
EMP10168,Ananya Mishra,Female,52,107,Analyst,Contract,2023-04-22,Kolkata,Hybrid
EMP10169,Ishaan Jain,Male,29,101,Specialist,Permanent,2024-08-10,Delhi,Remote
EMP10170,Tanya Agarwal,Male,48,102,Analyst,Permanent,2023-04-22,Delhi,Office
EMP10171,Pooja Patel,Female,31,107,Senior Manager,Permanent,2019-05-21,Jaipur,Hybrid
EMP10172,Rahul Agarwal,Female,43,105,Manager,Permanent,2023-11-03,Gurugram,Office
EMP10173,Varun Bansal,Male,31,103,Manager,Permanent,2020-10-09,Kolkata,Hybrid
EMP10174,Neha Singh,Female,51,103,Senior Analyst,Permanent,2025-02-13,Mumbai,Hybrid
EMP10175,Pooja Saxena,Male,35,107,Executive,Permanent,2019-07-20,Bengaluru,Hybrid
EMP10176,Neha Mishra,Female,35,102,Associate,Permanent,2019-09-14,Mumbai,Hybrid
EMP10177,Nikhil Verma,Male,52,107,Senior Analyst,Permanent,2020-06-30,Jaipur,Hybrid
EMP10178,Rohan Mishra,Male,53,101,Analyst,Contract,2025-02-19,Noida,Office
EMP10179,Karan Das,Female,24,107,Executive,Permanent,2021-03-12,Mumbai,Hybrid
EMP10180,Riya Patel,Female,28,107,Analyst,Permanent,2021-07-30,Delhi,Hybrid
EMP10181,Meera Saxena,Male,34,101,Executive,Permanent,2020-02-18,Jaipur,Hybrid
EMP10182,Rohan Das,Male,52,103,Manager,Permanent,2024-07-07,Kolkata,Office
EMP10183,Sana Bansal,Female,57,101,Manager,Permanent,2022-10-13,Hyderabad,Hybrid
EMP10184,Simran Sethi,Male,34,106,Analyst,Permanent,2022-01-03,Jaipur,Remote
EMP10185,Pooja Arora,Male,56,104,Senior Manager,Permanent,2021-06-28,Noida,Office
EMP10186,Varun Gupta,Male,28,105,Specialist,Permanent,2019-07-07,Mumbai,Office
EMP10187,Pooja Iyer,Male,55,101,Senior Analyst,Permanent,2024-07-08,Pune,Office
EMP10188,Aditya Kapoor,Male,25,102,Specialist,Permanent,2022-08-06,Mumbai,Hybrid
EMP10189,Kavya Malhotra,Male,49,101,Analyst,Permanent,2024-09-23,Noida,Hybrid
EMP10190,Aarav Khan,Female,54,102,Manager,Contract,2024-10-31,Jaipur,Hybrid
EMP10191,Vikram Iyer,Female,35,104,Associate,Permanent,2022-02-20,Gurugram,Office
EMP10192,Simran Agarwal,Female,41,107,Associate,Permanent,2019-12-24,Kolkata,Hybrid
EMP10193,Ishaan Mishra,Female,24,106,Manager,Permanent,2023-04-01,Hyderabad,Office
EMP10194,Riya Kapoor,Male,56,103,Manager,Permanent,2021-12-25,Noida,Office
EMP10195,Sana Sharma,Male,29,108,Manager,Permanent,2023-08-08,Gurugram,Hybrid
EMP10196,Nisha Agarwal,Male,51,106,Associate,Contract,2025-08-19,Jaipur,Hybrid
EMP10197,Diya Reddy,Female,21,108,Manager,Permanent,2019-06-11,Hyderabad,Hybrid
EMP10198,Aisha Patel,Female,32,104,Specialist,Permanent,2025-06-27,Jaipur,Office
EMP10199,Raj Singh,Female,52,102,Specialist,Permanent,2020-03-25,Hyderabad,Hybrid
EMP10200,Arjun Sethi,Male,54,101,Manager,Permanent,2023-02-06,Chennai,Hybrid
EMP10201,Nikhil Iyer,Male,25,106,Manager,Permanent,2021-11-02,Pune,Office
EMP10202,Nisha Sethi,Male,53,101,Specialist,Permanent,2025-02-09,Kolkata,Hybrid
EMP10203,Shreya Reddy,Female,50,102,Analyst,Permanent,2024-11-28,Bengaluru,Office
EMP10204,Shreya Patel,Female,43,104,Associate,Permanent,2024-05-04,Hyderabad,Remote
EMP10205,Sneha Mehta,Female,58,104,Associate,Permanent,2025-12-30,Hyderabad,Office
EMP10206,Simran Jain,Male,46,105,Associate,Contract,2022-08-06,Jaipur,Hybrid
EMP10207,Shreya Jain,Female,36,101,Manager,Permanent,2025-05-31,Chennai,Hybrid
EMP10208,Vikram Kapoor,Non-Binary,50,103,Senior Analyst,Intern,2022-05-23,Mumbai,Office
EMP10209,Simran Gupta,Male,23,105,Associate,Permanent,2021-08-31,Mumbai,Hybrid
EMP10210,Kavya Jain,Non-Binary,28,108,Executive,Permanent,2020-09-23,Pune,Office
EMP10211,Neha Patel,Male,35,106,Specialist,Contract,2023-05-10,Gurugram,Office
EMP10212,Arjun Verma,Male,43,108,Manager,Contract,2021-11-16,Jaipur,Hybrid
EMP10213,Riya Verma,Female,36,107,Associate,Permanent,2023-05-08,Jaipur,Office
EMP10214,Aditya Agarwal,Female,29,105,Executive,Permanent,2025-06-26,Bengaluru,Hybrid
EMP10215,Neha Patel,Male,44,101,Executive,Permanent,2023-08-21,Hyderabad,Hybrid
EMP10216,Rohan Khan,Female,33,106,Senior Analyst,Permanent,2020-03-12,Jaipur,Office
EMP10217,Shreya Agarwal,Female,25,105,Manager,Contract,2023-04-06,Bengaluru,Hybrid
EMP10218,Sneha Das,Male,44,105,Associate,Permanent,2021-12-12,Delhi,Hybrid
EMP10219,Mohit Das,Female,41,103,Executive,Permanent,2022-07-28,Bengaluru,Office
EMP10220,Vikram Sharma,Female,24,104,Executive,Permanent,2024-09-09,Pune,Office
EMP10221,Meera Mishra,Male,43,102,Analyst,Permanent,2025-07-12,Bengaluru,Office
EMP10222,Nikhil Patel,Female,25,104,Associate,Permanent,2019-07-02,Kolkata,Hybrid
EMP10223,Sneha Kapoor,Female,23,101,Analyst,Permanent,2026-02-04,Hyderabad,Hybrid
EMP10224,Kavya Jain,Male,28,107,Manager,Permanent,2023-01-09,Bengaluru,Hybrid
EMP10225,Vikram Sharma,Male,52,101,Associate,Intern,2023-01-19,Bengaluru,Hybrid
EMP10226,Neha Mishra,Female,40,101,Senior Analyst,Permanent,2023-05-09,Noida,Hybrid
EMP10227,Shreya Sethi,Female,30,103,Executive,Permanent,2023-05-07,Noida,Hybrid
EMP10228,Karan Patel,Male,49,105,Senior Analyst,Contract,2020-10-21,Delhi,Hybrid
EMP10229,Raj Mishra,Female,30,103,Associate,Permanent,2019-06-09,Kolkata,Hybrid
EMP10230,Priya Sharma,Male,57,102,Associate,Permanent,2025-09-25,Gurugram,Hybrid
EMP10231,Sana Agarwal,Female,40,104,Associate,Permanent,2021-10-08,Noida,Office
EMP10232,Mohit Sethi,Female,25,102,Senior Analyst,Permanent,2019-02-22,Noida,Hybrid
EMP10233,Aisha Jain,Male,34,108,Executive,Permanent,2025-09-21,Bengaluru,Remote
EMP10234,Neha Malhotra,Female,37,108,Associate,Permanent,2021-11-11,Hyderabad,Office
EMP10235,Neha Bansal,Male,25,103,Analyst,Permanent,2021-11-19,Bengaluru,Hybrid
EMP10236,Kabir Agarwal,Female,57,102,Senior Analyst,Permanent,2025-04-26,Mumbai,Hybrid
EMP10237,Shreya Gupta,Male,21,106,Analyst,Permanent,2022-05-13,Hyderabad,Office
EMP10238,Aarav Patel,Female,29,101,Senior Manager,Permanent,2023-02-03,Delhi,Office
EMP10239,Rahul Kapoor,Female,45,103,Executive,Permanent,2023-01-29,Gurugram,Hybrid
EMP10240,Nisha Khan,Female,26,102,Analyst,Permanent,2021-11-01,Delhi,Remote
EMP10241,Kavya Malhotra,Female,53,108,Associate,Contract,2024-05-04,Delhi,Office
EMP10242,Karan Verma,Female,34,101,Specialist,Permanent,2021-04-29,Jaipur,Hybrid
EMP10243,Arjun Arora,Female,39,104,Associate,Permanent,2019-12-20,Gurugram,Hybrid
EMP10244,Priya Malhotra,Female,55,106,Manager,Permanent,2022-01-03,Hyderabad,Office
EMP10245,Tanya Jain,Male,26,103,Executive,Permanent,2023-10-06,Pune,Office
EMP10246,Diya Iyer,Female,53,101,Senior Analyst,Contract,2023-01-04,Kolkata,Hybrid
EMP10247,Yash Singh,Female,31,108,Specialist,Permanent,2021-09-17,Noida,Hybrid
EMP10248,Meera Singh,Male,23,104,Executive,Permanent,2022-06-18,Kolkata,Office
EMP10249,Aarav Saxena,Female,26,105,Manager,Permanent,2024-02-28,Kolkata,Office
EMP10250,Varun Mishra,Male,33,102,Executive,Permanent,2023-12-15,Bengaluru,Office
EMP10251,Tanya Malhotra,Male,51,103,Associate,Permanent,2025-05-30,Gurugram,Office
EMP10252,Priya Kapoor,Male,43,103,Senior Analyst,Permanent,2025-03-06,Gurugram,Hybrid
EMP10253,Tanya Saxena,Male,40,101,Senior Analyst,Intern,2022-01-16,Kolkata,Office
EMP10254,Aman Singh,Male,49,101,Associate,Permanent,2021-03-28,Kolkata,Hybrid
EMP10255,Aman Khan,Female,39,107,Senior Analyst,Permanent,2023-12-05,Pune,Office
EMP10256,Nikhil Agarwal,Male,46,102,Senior Manager,Permanent,2024-05-14,Pune,Office
EMP10257,Aditya Reddy,Male,24,101,Senior Analyst,Permanent,2025-09-03,Pune,Office
EMP10258,Aarav Agarwal,Male,49,103,Associate,Contract,2025-06-30,Hyderabad,Hybrid
EMP10259,Ananya Agarwal,Female,56,107,Manager,Permanent,2021-06-07,Pune,Hybrid
EMP10260,Sana Sethi,Female,33,101,Manager,Permanent,2024-01-30,Noida,Hybrid
EMP10261,Rohan Mehta,Female,25,104,Executive,Permanent,2022-03-26,Chennai,Remote
EMP10262,Sana Jain,Male,56,101,Executive,Permanent,2020-10-29,Kolkata,Office
EMP10263,Aman Patel,Male,52,101,Executive,Permanent,2020-09-24,Hyderabad,Remote
EMP10264,Simran Agarwal,Male,24,101,Senior Analyst,Permanent,2026-03-09,Kolkata,Hybrid
EMP10265,Kabir Bansal,Male,44,107,Analyst,Permanent,2023-07-01,jaipur,Office
EMP10266,Shreya Gupta,Female,47,101,Senior Analyst,Permanent,2019-05-17,Mumbai,Hybrid
EMP10267,Sneha Sethi,Non-Binary,23,101,Analyst,Contract,2024-04-30,Jaipur,Hybrid
EMP10268,Nisha Sethi,Male,34,103,Specialist,Permanent,2023-08-25,Kolkata,Office
EMP10269,Karan Mishra,Female,47,107,Senior Manager,Permanent,2020-03-03,Pune,Office
EMP10270,Aarav Arora,Female,26,102,Senior Analyst,Permanent,2023-01-15,Pune,Hybrid
EMP10271,Diya Arora,Female,45,103,Associate,Permanent,2026-04-13,Jaipur,Office
EMP10272,Rahul Jain,Female,52,101,Executive,Permanent,2021-03-29,Pune,Remote
EMP10273,Kabir Iyer,Male,46,103,Senior Analyst,Contract,2024-12-28,Mumbai,Office
EMP10274,Nikhil Sharma,Female,29,104,Executive,Permanent,2022-01-11,Chennai,Remote
EMP10275,Ishaan Gupta,Female,47,104,Analyst,Permanent,2025-02-02,Jaipur,Hybrid
EMP10276,Yash Agarwal,Male,39,102,Executive,Permanent,2019-07-17,Hyderabad,Office
EMP10277,Nikhil Kapoor,Female,48,102,Executive,Permanent,2026-04-25,Hyderabad,Office
EMP10278,Sana Arora,Female,28,101,Associate,Permanent,2024-06-18,Hyderabad,Hybrid
EMP10279,Aman Sharma,Female,56,103,Analyst,Permanent,2025-09-14,Gurugram,Remote
EMP10280,Meera Kapoor,Female,27,101,Associate,Contract,2020-04-15,Bengaluru,Remote
EMP10281,Tanya Kapoor,Male,30,107,Senior Analyst,Permanent,2025-03-15,Mumbai,Hybrid
EMP10282,Varun Das,Female,47,108,Manager,Permanent,2024-05-02,Pune,Hybrid
EMP10283,Vikram Patel,Female,24,108,Associate,Permanent,2021-07-17,Chennai,Hybrid
EMP10284,Rahul Agarwal,Male,48,107,Analyst,Permanent,2024-07-03,Chennai,Office
EMP10285,Neha Chopra,Male,41,105,Analyst,Permanent,2026-05-03,Hyderabad,Office
EMP10286,Kabir Saxena,Female,40,106,Executive,Permanent,2021-06-24,Mumbai,Hybrid
EMP10287,Kavya Singh,Male,23,102,Executive,Permanent,2025-01-31,Jaipur,Hybrid
EMP10288,Neha Singh,Male,27,105,Manager,Permanent,2019-01-23,Chennai,Remote
EMP10289,Nisha Mehta,Male,41,103,Executive,Permanent,2019-08-23,Jaipur,Hybrid
EMP10290,Ishaan Arora,Female,31,103,Specialist,Permanent,2022-01-29,Mumbai,Hybrid
EMP10291,Yash Das,Female,26,106,Analyst,Permanent,2021-07-17,Chennai,Office
EMP10292,Karan Saxena,Male,52,102,Senior Manager,Permanent,2020-06-06,Gurugram,Office
EMP10293,Shreya Malhotra,Male,42,102,Analyst,Permanent,2023-12-14,Mumbai,Remote
EMP10294,Kavya Chopra,Male,45,108,Executive,Permanent,2020-03-06,Noida,Remote
EMP10295,Meera Sharma,Male,46,101,Analyst,Permanent,2021-03-03,Chennai,Hybrid
EMP10296,Arjun Jain,Female,29,103,Senior Manager,Permanent,2023-06-18,Delhi,Office
EMP10297,Aisha Patel,Female,36,108,Associate,Permanent,2023-10-03,Mumbai,Remote
EMP10298,Tanya Verma,Male,58,105,Manager,Permanent,2020-06-16,Hyderabad,Hybrid
EMP10299,Ananya Sharma,Male,38,104,Analyst,Permanent,2023-10-13,Kolkata,Office
EMP10300,Meera Arora,Female,33,102,Executive,Permanent,2023-08-03,Hyderabad,Office
EMP10301,Simran Bansal,Male,36,102,Associate,Permanent,2022-08-09,Noida,Office
EMP10302,Aisha Jain,Female,26,107,Executive,Permanent,2021-07-01,Hyderabad,Hybrid
EMP10303,Ananya Gupta,Male,41,104,Manager,Permanent,2022-01-29,Bengaluru,Remote
EMP10304,Vikram Gupta,Non-Binary,37,104,Associate,Permanent,2023-03-06,Kolkata,Office
EMP10305,Sana Khan,Female,58,101,Manager,Permanent,2022-08-20,Noida,Remote
EMP10306,Arjun Das,Male,38,101,Senior Manager,Permanent,2026-01-31,Mumbai,Office
EMP10307,Aditya Kapoor,Male,54,108,Associate,Permanent,2021-10-20,Gurugram,Office
EMP10308,Nikhil Agarwal,Female,47,103,Senior Analyst,Permanent,2023-04-26,Kolkata,Hybrid
EMP10309,Karan Iyer,Non-Binary,22,105,Specialist,Contract,2022-10-10,Jaipur,Office
EMP10310,Nisha Reddy,Female,49,101,Executive,Permanent,2023-02-28,Bengaluru,Hybrid
EMP10311,Simran Sethi,Female,29,106,Analyst,Permanent,2023-08-09,Mumbai,Office
EMP10312,Mohit Das,Male,48,108,Associate,Permanent,2024-06-20,Bengaluru,Office
EMP10313,Meera Das,Male,42,104,Associate,Contract,2019-08-15,Kolkata,Office
EMP10314,Aisha Iyer,Female,47,101,Executive,Permanent,2022-06-13,Gurugram,Hybrid
EMP10315,Nisha Malhotra,Female,40,104,Associate,Permanent,2021-05-22,Jaipur,Hybrid
EMP10316,Kabir Gupta,Female,28,107,Manager,Permanent,2021-06-10,Noida,Hybrid
EMP10317,Kavya Mehta,Female,46,103,Manager,Contract,2023-01-18,Chennai,Hybrid
EMP10318,Aditya Mehta,Female,21,107,Analyst,Permanent,2021-11-02,Delhi,Office
EMP10319,Rohan Sethi,Male,42,105,Senior Manager,Permanent,2025-03-07,Kolkata,Office
EMP10320,Vikram Saxena,Male,41,107,Associate,Permanent,2020-02-01,Delhi,Office
EMP10321,Kavya Saxena,Male,44,105,Associate,Permanent,2022-01-28,Mumbai,Hybrid
EMP10322,Tanya Sethi,Female,22,101,Analyst,Permanent,2024-09-09,Gurugram,Hybrid
EMP10323,Varun Kapoor,Male,50,102,Associate,Permanent,2020-10-10,Mumbai,Office
EMP10324,Aman Das,Male,29,102,Associate,Permanent,2019-11-25,Jaipur,Office
EMP10325,Rohan Singh,Female,25,108,Executive,Permanent,2023-01-22,Chennai,Office
EMP10326,Kavya Verma,Male,28,107,Senior Manager,Permanent,2021-08-09,Mumbai,Remote
EMP10327,Shreya Verma,Male,21,106,Executive,Permanent,2024-06-28,Gurugram,Office
EMP10328,Aisha Mehta,Male,44,102,Analyst,Permanent,2024-07-09,Mumbai,Office
EMP10329,Karan Das,Male,33,101,Associate,Permanent,2026-04-22,Mumbai,Hybrid
EMP10330,Simran Singh,Male,37,106,Analyst,Permanent,2024-02-22,Hyderabad,Office
EMP10331,Tanya Saxena,Female,35,103,Senior Analyst,Contract,2022-04-11,Bengaluru,Office
EMP10332,Kabir Reddy,Female,58,102,Analyst,Permanent,2023-11-08,chennai,
EMP10333,Vikram Sethi,Female,37,105,Senior Manager,Permanent,2019-06-11,Gurugram,Hybrid
EMP10334,Karan Khan,Male,55,101,Associate,Permanent,2023-10-18,Bengaluru,Office
EMP10335,Yash Bansal,Male,28,102,Specialist,Permanent,2021-02-14,Kolkata,Hybrid
EMP10336,Kabir Sharma,Female,23,103,Executive,Permanent,2024-01-02,gurugram,Office
EMP10337,Kavya Das,Male,44,101,Senior Analyst,Permanent,2025-05-10,Kolkata,Office
EMP10338,Aarav Jain,Male,42,108,Executive,Permanent,2021-11-17,Kolkata,Hybrid
EMP10339,Aisha Mehta,Male,46,102,Associate,Permanent,2025-07-01,Hyderabad,Office
EMP10340,Pooja Sethi,Female,47,101,Associate,Permanent,2021-07-28,Mumbai,Hybrid
EMP10341,Diya Das,Male,34,102,Executive,Permanent,2020-06-23,Bengaluru,Hybrid
EMP10342,Sana Arora,Male,34,107,Senior Analyst,Permanent,2025-12-10,Gurugram,Office
EMP10343,Vikram Chopra,Male,23,103,Associate,Contract,2021-04-01,Bengaluru,Hybrid
EMP10344,Neha Bansal,Female,24,104,Executive,Permanent,2023-01-01,Gurugram,Hybrid
EMP10345,Mohit Mehta,Female,31,101,Specialist,Permanent,2021-12-24,Pune,Remote
EMP10346,ROHAN ARORA,Female,30,101,Associate,Permanent,2019-12-22,Mumbai,Office
EMP10347,Varun Mishra,Female,33,103,Associate,Permanent,2019-08-23,Chennai,Hybrid
EMP10348,Aisha Sethi,Male,45,107,Senior Manager,Permanent,2025-03-24,Gurugram,Hybrid
EMP10349,Neha Jain,Female,25,107,Senior Analyst,Permanent,2023-03-29,Pune,Office
EMP10350,Ananya Mishra,Female,46,101,Analyst,Permanent,2024-09-27,Chennai,Office
EMP10351,Shreya Sharma,Female,57,104,Executive,Permanent,2019-04-28,Chennai,Hybrid
EMP10352,Simran Agarwal,Male,23,108,Manager,Permanent,2024-10-02,Delhi,Office
EMP10353,Ishaan Reddy,Female,45,103,Executive,Permanent,2023-08-01,Pune,Office
EMP10354,Karan Arora,Female,33,107,Specialist,Contract,2026-02-25,Hyderabad,Hybrid
EMP10355,Nisha Khan,Male,23,101,Senior Analyst,Permanent,2021-12-03,Jaipur,Office
EMP10356,Kabir Patel,Non-Binary,36,108,Manager,Contract,2024-10-01,Noida,Office
EMP10357,Raj Saxena,Female,35,106,Specialist,Permanent,2020-07-11,Hyderabad,Hybrid
EMP10358,Sneha Arora,Female,40,108,Senior Analyst,Permanent,2023-12-21,Gurugram,Hybrid
EMP10359,Aarav Iyer,Male,39,106,Associate,Permanent,2024-06-28,Jaipur,Office
EMP10360,Tanya Mehta,Male,56,103,Associate,Permanent,2020-02-02,Mumbai,Hybrid
EMP10361,Nikhil Sharma,Female,48,108,Analyst,Permanent,2020-11-05,Chennai,Hybrid
EMP10362,Rohan Gupta,Male,21,102,Analyst,Permanent,2020-01-22,Jaipur,Hybrid
EMP10363,Shreya Singh,Male,29,102,Associate,Permanent,2024-11-28,Hyderabad,Remote
EMP10364,Ananya Verma,Female,55,106,Specialist,Permanent,2026-04-15,Hyderabad,Office
EMP10365,Raj Saxena,Male,34,107,Senior Analyst,Permanent,2024-08-26,Chennai,Office
EMP10366,Tanya Jain,Male,33,108,Specialist,Permanent,2021-06-02,Bengaluru,Office
EMP10367,Shreya Arora,Female,28,102,Analyst,Permanent,2020-06-24,Hyderabad,Remote
EMP10368,Kavya Sethi,Female,45,107,Associate,Permanent,2019-06-20,Chennai,Office
EMP10369,Arjun Mishra,Female,30,106,Executive,Permanent,2025-09-22,Jaipur,Remote
EMP10370,Raj Iyer,Non-Binary,38,101,Manager,Permanent,2021-01-09,Chennai,Office
EMP10371,Yash Verma,Male,35,103,Specialist,Permanent,2022-11-02,Gurugram,Remote
EMP10372,Kabir Agarwal,Male,33,102,Specialist,Permanent,2025-03-27,Pune,Hybrid
EMP10373,Raj Reddy,Female,35,102,Specialist,Permanent,2019-04-29,Mumbai,Hybrid
EMP10374,Shreya Sharma,Male,21,108,Executive,Permanent,2025-11-17,Mumbai,Hybrid
EMP10375,Yash Saxena,Male,48,105,Manager,Intern,2024-11-21,Kolkata,Office
EMP10376,Priya Arora,Female,35,106,Associate,Permanent,2024-06-18,Noida,Hybrid
EMP10377,Simran Patel,Male,26,108,Associate,Permanent,2023-09-02,Hyderabad,Hybrid
EMP10378,Rahul Bansal,Female,46,103,Senior Manager,Permanent,2023-09-19,Chennai,Hybrid
EMP10379,Nisha Patel,Male,33,107,Senior Analyst,Permanent,2025-01-31,Bengaluru,Office
EMP10380,Simran Bansal,Female,58,103,Senior Analyst,Permanent,2023-08-25,Jaipur,Office
EMP10381,Tanya Kapoor,Male,31,107,Senior Manager,Permanent,2022-12-15,Kolkata,Hybrid
EMP10382,Riya Kapoor,Female,42,101,Specialist,Permanent,2023-10-26,Bengaluru,Hybrid
EMP10383,Aisha Bansal,Female,43,108,Senior Analyst,Permanent,2023-03-05,Hyderabad,Remote
EMP10384,Tanya Mishra,Female,38,102,Senior Manager,Permanent,2020-10-26,Bengaluru,Hybrid
EMP10385,Varun Verma,Female,48,102,Executive,Permanent,2019-02-02,Hyderabad,Hybrid
EMP10386,Aisha Verma,Male,32,106,Manager,Contract,2024-10-03,Chennai,Hybrid
EMP10387,Priya Bansal,Female,36,103,Manager,Permanent,2026-01-10,Gurugram,Office
EMP10388,Mohit Sethi,Male,28,105,Manager,Permanent,2024-08-21,Gurugram,Remote
EMP10389,Pooja Sethi,Male,37,103,Associate,Contract,2023-04-01,Delhi,Office
EMP10390,Yash Verma,Female,53,106,Manager,Permanent,2020-12-20,Bengaluru,Office
EMP10391,Mohit Verma,Male,21,102,Executive,Contract,2026-02-15,Gurugram,Hybrid
EMP10392,Vikram Jain,Male,38,101,Analyst,Permanent,2025-08-17,Pune,Office
EMP10393,Karan Mishra,Male,36,102,Executive,Permanent,2020-04-28,Gurugram,Remote
EMP10394,Mohit Bansal,Male,44,103,Senior Manager,Permanent,2021-08-30,Chennai,Office
EMP10395,Riya Bansal,Male,54,101,Associate,Permanent,2026-04-24,Hyderabad,Hybrid
EMP10396,Mohit Patel,Female,46,102,Senior Analyst,Permanent,2019-11-03,Delhi,Office
EMP10397,Karan Gupta,Female,43,103,Senior Manager,Permanent,2020-04-01,Jaipur,Hybrid
EMP10398,Sana Saxena,Female,26,101,Executive,Permanent,2025-01-16,Jaipur,Office
EMP10399,Yash Gupta,Female,22,104,Executive,Permanent,2019-11-27,Bengaluru,Office
EMP10400,Ananya Singh,Non-Binary,22,107,Specialist,Permanent,2019-08-13,Hyderabad,Hybrid
EMP10401,Diya Saxena,Male,54,101,Executive,Contract,2023-01-19,Delhi,Hybrid
EMP10402,Aisha Bansal,Male,40,105,Senior Manager,Permanent,2021-12-18,Delhi,Remote
EMP10403,Meera Chopra,Female,55,106,Senior Analyst,Permanent,2020-10-05,Pune,Office
EMP10404,Rohan Verma,Female,55,103,Senior Analyst,Permanent,2020-09-07,Jaipur,Hybrid
EMP10405,Pooja Agarwal,Male,37,106,Analyst,Permanent,2019-07-14,Kolkata,Hybrid
EMP10406,Varun Mehta,Male,52,103,Senior Analyst,Permanent,2020-05-03,Noida,Hybrid
EMP10407,Diya Gupta,Male,51,103,Senior Analyst,Contract,2025-01-13,Kolkata,Office
EMP10408,Mohit Mishra,Male,31,101,Senior Manager,Permanent,2026-04-11,Kolkata,Hybrid
EMP10409,Varun Kapoor,Male,51,106,Analyst,Permanent,2022-06-03,Hyderabad,Office
EMP10410,Raj Das,Male,50,106,Manager,Permanent,2025-09-25,Noida,Remote
EMP10411,Kavya Sethi,Female,54,101,Analyst,Permanent,2022-01-07,Mumbai,Office
EMP10412,Simran Jain,Female,42,103,Senior Analyst,Permanent,2022-02-21,Delhi,Remote
EMP10413,Sneha Sethi,Female,53,108,Specialist,Permanent,2025-11-23,Mumbai,Office
EMP10414,Varun Patel,Female,28,103,Associate,Intern,2022-05-26,Noida,Office
EMP10415,Aditya Sethi,Male,51,103,Executive,Permanent,2020-05-30,Pune,Office
EMP10416,Priya Saxena,Male,48,108,Manager,Contract,2023-06-14,Bengaluru,Remote
EMP10417,Tanya Jain,Female,57,106,Associate,Permanent,2022-02-01,Hyderabad,Office
EMP10418,Mohit Saxena,Male,54,104,Specialist,Permanent,2020-01-28,Jaipur,Hybrid
EMP10419,Riya Arora,Male,28,107,Senior Manager,Permanent,2020-09-22,Gurugram,Office
EMP10420,Kavya Mishra,Female,40,107,Associate,Contract,2024-01-22,Kolkata,Remote
EMP10421,Rahul Das,Female,26,103,Senior Analyst,Intern,2026-04-09,Mumbai,Office
EMP10422,Tanya Saxena,Male,47,103,Manager,Permanent,2021-09-06,Delhi,Remote
EMP10423,Shreya Mishra,Male,35,103,Senior Manager,Permanent,2020-03-09,Mumbai,Hybrid
EMP10424,Aarav Das,Male,37,108,Associate,Permanent,2026-01-31,Delhi,Office
EMP10425,Raj Iyer,Male,52,106,Associate,Contract,2019-10-05,Hyderabad,Hybrid
EMP10426,Shreya Saxena,Male,30,101,Senior Analyst,Permanent,2019-08-21,Jaipur,Office
EMP10427,Karan Chopra,Female,43,107,Manager,Intern,2023-04-02,Jaipur,Office
EMP10428,Sana Malhotra,Female,42,103,Senior Analyst,Permanent,2023-05-14,Kolkata,Hybrid
EMP10429,Kabir Verma,Female,37,101,Manager,Permanent,2022-01-18,Gurugram,Office
EMP10430,Sneha Khan,Female,22,104,Analyst,Permanent,2025-08-06,Mumbai,Hybrid
EMP10431,Aman Sethi,Male,48,103,Analyst,Permanent,2019-01-26,Delhi,Remote
EMP10432,Priya Chopra,Female,33,107,Analyst,Contract,2022-11-18,Noida,Office
EMP10433,Aditya Saxena,Female,27,102,Senior Analyst,Permanent,2025-12-29,Pune,Hybrid
EMP10434,Yash Agarwal,Male,24,107,Manager,Contract,2025-05-03,Noida,Hybrid
EMP10435,Ishaan Verma,Male,27,104,Analyst,Permanent,2020-04-05,Chennai,Remote
EMP10436,Sneha Chopra,Male,49,101,Analyst,Contract,2025-11-08,Chennai,Remote
EMP10437,Pooja Jain,Female,24,108,Associate,Permanent,2021-12-27,Noida,Hybrid
EMP10438,Kabir Arora,Female,44,104,Executive,Permanent,2021-10-03,Mumbai,Office
EMP10439,Yash Bansal,Male,37,102,Analyst,Permanent,2024-06-17,Gurugram,Hybrid
EMP10440,Simran Gupta,Female,39,103,Associate,Contract,2020-05-05,Noida,Office
EMP10441,Nisha Kapoor,Male,21,107,Associate,Contract,2021-12-08,Bengaluru,Hybrid
EMP10442,Mohit Patel,Male,29,102,Associate,Permanent,2026-02-24,Pune,Office
EMP10443,Aditya Mishra,Male,27,101,Associate,Permanent,2019-08-04,Delhi,Hybrid
EMP10444,Kabir Patel,Female,30,101,Associate,Permanent,2023-09-20,Gurugram,Hybrid
EMP10445,Simran Chopra,Female,56,102,Analyst,Permanent,2023-05-12,Mumbai,Office
EMP10446,Priya Mishra,Male,21,107,Analyst,Contract,2026-02-19,Pune,Office
EMP10447,Ananya Kapoor,Female,41,103,Senior Manager,Permanent,2019-06-08,Hyderabad,Hybrid
EMP10448,Aarav Iyer,Female,25,102,Specialist,Permanent,2025-12-11,Chennai,Hybrid
EMP10449,Neha Iyer,Female,41,101,Associate,Contract,2020-11-16,Jaipur,Hybrid
EMP10450,Sana Gupta,Female,50,102,Specialist,Permanent,2023-11-12,Hyderabad,Hybrid
EMP10451,Raj Saxena,Male,53,108,Senior Manager,Permanent,2024-08-14,Bengaluru,Office
EMP10452,Ananya Verma,Male,49,102,Senior Analyst,Permanent,2024-01-18,Delhi,Hybrid
EMP10453,Aisha Saxena,Female,21,108,Senior Analyst,Permanent,2025-08-05,Hyderabad,Office
EMP10454,Ananya Singh,Female,55,103,Executive,Permanent,2025-11-11,Jaipur,Hybrid
EMP10455,Sneha Patel,Male,21,101,Analyst,Permanent,2025-04-14,Noida,Office
EMP10456,Riya Sethi,Female,56,107,Senior Manager,Permanent,2023-05-09,Pune,Office
EMP10457,Varun Patel,Female,47,103,Specialist,Permanent,2023-08-24,Bengaluru,Hybrid
EMP10458,Priya Verma,Male,54,106,Specialist,Permanent,2025-10-05,Bengaluru,Hybrid
EMP10459,Sana Singh,Female,31,108,Senior Analyst,Permanent,2024-04-30,Hyderabad,Office
EMP10460,Karan Agarwal,Female,21,101,Specialist,Permanent,2024-08-24,Mumbai,Remote
EMP10461,Aisha Chopra,Female,46,101,Senior Analyst,Permanent,2022-02-19,Jaipur,Hybrid
EMP10462,Simran Sethi,Male,25,106,Senior Manager,Permanent,2025-05-13,Jaipur,Office
EMP10463,Mohit Chopra,Female,41,102,Associate,Permanent,2023-05-01,Gurugram,Hybrid
EMP10464,Varun Chopra,Male,37,101,Executive,Permanent,2025-11-05,Chennai,Remote
EMP10465,Sneha Chopra,Female,26,101,Analyst,Permanent,2026-03-30,Delhi,Office
EMP10466,Riya Jain,Female,26,101,Specialist,Permanent,2025-10-29,Jaipur,Office
EMP10467,Ananya Sethi,Female,56,107,Manager,Permanent,2025-03-07,Gurugram,Office
EMP10468,Varun Malhotra,Female,31,101,Executive,Permanent,2025-06-07,Kolkata,Remote
EMP10469,Aarav Khan,Male,34,103,Analyst,Permanent,2024-04-16,Pune,Office
EMP10470,Kavya Verma,Female,32,105,Senior Analyst,Contract,2023-10-24,Kolkata,Office
EMP10471,Ishaan Gupta,Male,44,103,Associate,Permanent,2024-08-12,Chennai,Hybrid
EMP10472,Ishaan Das,Male,34,101,Specialist,Permanent,2021-09-16,Jaipur,Office
EMP10473,Shreya Kapoor,Male,46,107,Executive,Permanent,2023-03-22,Pune,Hybrid
EMP10474,Nisha Verma,Male,33,101,Analyst,Permanent,2022-01-21,Kolkata,Office
EMP10475,Aarav Jain,Female,34,107,Associate,Permanent,2026-01-11,Noida,Remote
EMP10476,Arjun Patel,Male,50,107,Specialist,Permanent,2020-05-07,Mumbai,Hybrid
EMP10477,Aman Mehta,Non-Binary,36,103,Associate,Contract,2020-09-11,Gurugram,Hybrid
EMP10478,Varun Sharma,Female,24,104,Senior Analyst,Permanent,2025-07-06,Noida,Hybrid
EMP10479,Aarav Chopra,Male,45,103,Analyst,Permanent,2025-07-08,Jaipur,Office
EMP10480,Priya Bansal,Male,24,103,Executive,Permanent,2024-09-28,Delhi,Office
EMP10481,Diya Jain,Female,53,107,Analyst,Permanent,2023-03-27,Delhi,Hybrid
EMP10482,Arjun Agarwal,Male,58,107,Executive,Permanent,2021-05-12,Chennai,Remote
EMP10483,Ananya Gupta,Female,35,102,Analyst,Permanent,2023-08-19,Hyderabad,Hybrid
EMP10484,Simran Chopra,Male,24,105,Executive,Permanent,2023-05-25,Chennai,Hybrid
EMP10485,Priya Singh,Female,42,108,Executive,Contract,2025-05-08,Hyderabad,Office
EMP10486,Pooja Kapoor,Male,41,108,Senior Analyst,Permanent,2020-08-02,Kolkata,Office
EMP10487,Aisha Reddy,Female,38,103,Associate,Contract,2024-03-05,Mumbai,Hybrid
EMP10488,Simran Sharma,Male,44,103,Associate,Permanent,2022-06-29,Delhi,Office
EMP10489,Vikram Mishra,Non-Binary,54,102,Associate,Permanent,2026-02-20,Bengaluru,Hybrid
EMP10490,Varun Singh,Male,40,108,Specialist,Permanent,2024-01-30,Hyderabad,Office
EMP10491,Tanya Sethi,Male,22,101,Associate,Permanent,2025-10-29,Gurugram,Hybrid
EMP10492,Sneha Gupta,Female,58,104,Associate,Permanent,2022-09-17,Pune,Office
EMP10493,Karan Verma,Male,49,102,Senior Analyst,Contract,2022-03-08,Gurugram,Office
EMP10494,Arjun Jain,Female,56,102,Specialist,Intern,2019-12-23,Kolkata,Hybrid
EMP10495,Sana Das,Non-Binary,42,103,Associate,Permanent,2023-06-13,Chennai,Hybrid
EMP10496,Tanya Bansal,Male,36,108,Specialist,Permanent,2025-05-10,Bengaluru,Office
EMP10497,Karan Reddy,Male,50,101,Senior Manager,Permanent,2024-06-29,Mumbai,Hybrid
EMP10498,Simran Reddy,Male,45,104,Analyst,Permanent,2025-06-16,Kolkata,Office
EMP10499,Rohan Singh,Female,30,101,Executive,Permanent,2021-05-19,Gurugram,Office
EMP10500,Mohit Patel,Male,29,101,Associate,Permanent,2021-06-04,Jaipur,Office
EMP10501,Rohan Sethi,Male,23,103,Associate,Permanent,2024-06-24,Jaipur,Office
EMP10502,Rohan Bansal,Female,54,104,Associate,Permanent,2025-01-10,Hyderabad,Hybrid
EMP10503,Riya Agarwal,Female,46,102,Senior Analyst,Permanent,2022-11-14,Gurugram,Hybrid
EMP10504,Neha Agarwal,Male,39,102,Executive,Permanent,2022-07-07,Pune,Hybrid
EMP10505,Varun Jain,Male,28,101,Specialist,Permanent,2020-09-11,Pune,Office
EMP10506,Arjun Arora,Male,40,102,Manager,Permanent,2021-06-01,Gurugram,Office
EMP10507,Aditya Gupta,Female,54,108,Manager,Permanent,2021-03-07,Gurugram,Office
EMP10508,Rohan Singh,Male,43,108,Analyst,Permanent,2024-12-12,Pune,Hybrid
EMP10509,Aman Verma,Female,36,102,Analyst,Permanent,2022-07-20,Chennai,Hybrid
EMP10510,Aisha Das,Male,29,104,Executive,Permanent,2020-09-10,Chennai,Office
EMP10511,Nikhil Bansal,Female,26,108,Executive,Permanent,2024-01-09,Gurugram,Hybrid
EMP10512,Rohan Chopra,Female,58,101,Analyst,Permanent,2019-09-02,Bengaluru,Hybrid
EMP10513,Mohit Khan,Female,32,107,Senior Manager,Contract,2025-11-02,Mumbai,Office
EMP10514,Karan Saxena,Female,35,108,Associate,Permanent,2021-07-18,Pune,Hybrid
EMP10515,Ananya Das,Male,38,101,Manager,Permanent,2022-06-24,Chennai,Office
EMP10516,Ishaan Verma,Female,40,101,Senior Analyst,Permanent,2020-06-03,Hyderabad,Hybrid
EMP10517,Kavya Singh,Female,29,108,Senior Analyst,Permanent,2025-08-06,Pune,Hybrid
EMP10518,Mohit Patel,Male,43,104,Manager,Permanent,2019-01-08,Pune,Hybrid
EMP10519,Ananya Jain,Male,54,101,Analyst,Permanent,2025-11-30,Kolkata,Office
EMP10520,Kavya Agarwal,Male,51,102,Analyst,Permanent,2024-07-12,Chennai,Office
EMP10521,Nisha Iyer,Female,29,103,Manager,Permanent,2020-05-09,Kolkata,Office
EMP10522,Varun Patel,Male,46,106,Executive,Permanent,2023-06-18,Delhi,Office
EMP10523,Karan Jain,Female,48,106,Specialist,Permanent,2021-11-28,Delhi,Hybrid
EMP10524,Diya Jain,Male,27,108,Specialist,Permanent,2026-03-25,Mumbai,Hybrid
EMP10525,Raj Bansal,Male,37,102,Senior Analyst,Permanent,2019-07-06,Pune,Remote
EMP10526,Aarav Mehta,Female,24,104,Manager,Permanent,2024-02-21,Noida,Office
EMP10527,Priya Mishra,Female,42,104,Manager,Permanent,2024-11-10,Gurugram,Office
EMP10528,Arjun Sharma,Male,29,103,Senior Manager,Contract,2019-03-27,Gurugram,Hybrid
EMP10529,Yash Reddy,Male,51,101,Executive,Permanent,2019-05-17,Jaipur,Remote
EMP10530,Riya Agarwal,Female,39,108,Analyst,Permanent,2025-10-04,Hyderabad,Hybrid
EMP10531,Neha Mehta,Female,44,107,Senior Analyst,Contract,2024-10-22,Pune,Remote
EMP10532,Meera Bansal,Female,34,103,Senior Analyst,Permanent,2023-06-25,Kolkata,Remote
EMP10533,Karan Gupta,Non-Binary,37,105,Executive,Permanent,2025-01-27,Delhi,Office
EMP10534,Arjun Mehta,Female,35,102,Senior Analyst,Permanent,2023-10-18,Kolkata,Office
EMP10535,Aisha Gupta,Female,47,104,Senior Manager,Permanent,2025-01-26,Mumbai,Office
EMP10536,Simran Agarwal,Male,21,106,Associate,Contract,2023-11-23,Hyderabad,Office
EMP10537,Karan Sethi,Male,32,104,Executive,Intern,2021-05-21,Bengaluru,Hybrid
EMP10538,Kabir Malhotra,Female,30,108,Executive,Permanent,2025-06-27,Chennai,Hybrid
EMP10539,Ananya Chopra,Female,35,105,Associate,Permanent,2025-11-08,Bengaluru,Hybrid
EMP10540,Ananya Saxena,Male,30,103,Executive,Permanent,2021-08-01,Kolkata,Hybrid
EMP10541,Vikram Reddy,Male,27,107,Analyst,Permanent,2023-06-15,Mumbai,Hybrid
EMP10542,Aisha Kapoor,Male,29,101,Senior Analyst,Permanent,2026-04-14,Bengaluru,Office
EMP10543,Karan Khan,Male,27,103,Associate,Permanent,2019-12-15,Delhi,Hybrid
EMP10544,Ishaan Saxena,Female,26,102,Associate,Contract,2023-08-04,Jaipur,Office
EMP10545,Nisha Verma,Female,37,103,Analyst,Permanent,2022-04-11,Mumbai,Office
EMP10546,Meera Bansal,Female,44,107,Senior Analyst,Permanent,2019-01-10,Gurugram,Office
EMP10547,Aarav Arora,Female,34,103,Executive,Contract,2023-01-01,Bengaluru,Office
EMP10548,Diya Verma,Male,48,107,Analyst,Permanent,2020-10-28,Bengaluru,Office
EMP10549,Nikhil Kapoor,Male,37,104,Specialist,Permanent,2026-02-06,Chennai,Hybrid
EMP10550,Nikhil Chopra,Female,54,102,Senior Manager,Permanent,2023-03-03,Gurugram,Hybrid
EMP10551,Riya Khan,Male,58,107,Analyst,Contract,2024-12-16,Bengaluru,Office
EMP10552,Aarav Sethi,Male,45,102,Analyst,Permanent,2020-08-23,Gurugram,Office
EMP10553,Mohit Bansal,Female,21,102,Analyst,Intern,2026-04-06,Kolkata,Office
EMP10554,Rohan Das,Female,48,103,Executive,Permanent,2019-11-23,Bengaluru,Remote
EMP10555,Tanya Agarwal,Female,36,102,Executive,Permanent,2021-09-06,Mumbai,Hybrid
EMP10556,Ananya Mishra,Male,33,101,Executive,Permanent,2025-09-17,Delhi,Office
EMP10557,Neha Mehta,Male,47,105,Executive,Permanent,2020-09-20,Kolkata,Hybrid
EMP10558,Simran Chopra,Male,39,104,Analyst,Contract,2023-06-18,Gurugram,Office
EMP10559,Rohan Singh,Female,42,103,Senior Manager,Permanent,2019-10-01,Jaipur,Hybrid
EMP10560,ROHAN DAS,Male,37,108,Manager,Permanent,2020-11-15,Bengaluru,Hybrid
EMP10561,Pooja Gupta,Male,37,104,Analyst,Contract,2019-04-26,Bengaluru,Remote
EMP10562,Mohit Saxena,Female,39,107,Senior Analyst,Permanent,2021-05-10,Pune,Office
EMP10563,KAVYA BANSAL,Female,22,101,Manager,Permanent,2024-06-26,Noida,Hybrid
EMP10564,Aditya Reddy,Male,32,104,Specialist,Permanent,2020-11-23,Gurugram,Hybrid
EMP10565,Pooja Reddy,Female,40,107,Executive,Permanent,2022-01-10,Jaipur,Remote
EMP10566,Sneha Chopra,Female,23,104,Senior Analyst,Permanent,2025-06-29,Pune,Hybrid
EMP10567,Yash Verma,Female,29,106,Analyst,Permanent,2024-12-01,Jaipur,Office
EMP10568,Ananya Verma,Female,25,103,Senior Manager,Permanent,2023-11-28,Mumbai,Office
EMP10569,Ishaan Mehta,Female,25,101,Analyst,Permanent,2019-06-03,Kolkata,Hybrid
EMP10570,Arjun Gupta,Male,30,103,Manager,Permanent,2024-03-15,Noida,Office
EMP10571,Nisha Arora,Male,36,103,Executive,Permanent,2022-11-28,Hyderabad,Hybrid
EMP10572,Nisha Das,Female,55,107,Senior Analyst,Permanent,2022-07-13,Kolkata,Remote
EMP10573,Simran Das,Female,51,102,Senior Manager,Permanent,2019-11-11,Kolkata,Hybrid
EMP10574,Neha Bansal,Female,38,108,Associate,Permanent,2021-11-30,Noida,Hybrid
EMP10575,Simran Gupta,Female,45,108,Analyst,Contract,2019-04-15,Hyderabad,Remote
EMP10576,Simran Saxena,Female,34,102,Analyst,Permanent,2024-04-08,Mumbai,Remote
EMP10577,Priya Khan,Female,36,102,Specialist,Permanent,2024-03-28,Pune,Remote
EMP10578,Pooja Gupta,Female,28,107,Executive,Permanent,2022-05-01,Mumbai,Remote
EMP10579,Simran Sethi,Male,50,108,Analyst,Permanent,2022-11-25,Delhi,Hybrid
EMP10580,Aisha Chopra,Female,34,103,Senior Manager,Permanent,2025-07-29,Mumbai,Remote
EMP10581,Aditya Gupta,Male,25,102,Senior Analyst,Permanent,2023-11-08,Kolkata,Hybrid
EMP10582,Karan Reddy,Male,35,104,Manager,Permanent,2024-05-14,Bengaluru,Hybrid
EMP10583,Simran Das,Male,37,106,Associate,Permanent,2023-05-23,Chennai,Office
EMP10584,Aman Khan,Male,52,102,Associate,Permanent,2020-12-09,Hyderabad,Office
EMP10585,Raj Das,Female,37,106,Specialist,Permanent,2020-10-12,Jaipur,Hybrid
EMP10586,NEHA IYER,Male,55,101,Analyst,Contract,2021-08-04,Hyderabad,Office
EMP10587,Pooja Verma,Male,58,101,Manager,Permanent,2020-10-22,Delhi,Hybrid
EMP10588,Simran Singh,Male,24,103,Senior Analyst,Permanent,2024-11-16,Pune,Office
EMP10589,Tanya Gupta,Male,54,102,Executive,Permanent,2026-03-20,Chennai,Hybrid
EMP10590,Sana Mehta,Male,30,102,Senior Analyst,Permanent,2025-05-18,Delhi,Office
EMP10591,Kavya Sethi,Female,43,103,Executive,Permanent,2025-09-16,Hyderabad,Office
EMP10592,Pooja Reddy,Male,43,102,Associate,Contract,2022-02-06,Kolkata,Office
EMP10593,Diya Chopra,Male,34,101,Executive,Permanent,2020-11-30,Pune,Office
EMP10594,Raj Saxena,Female,38,102,Analyst,Permanent,2025-02-24,Bengaluru,Hybrid
EMP10595,Rohan Bansal,Male,22,108,Manager,Permanent,2024-07-31,Kolkata,Office
EMP10596,Aisha Bansal,Female,55,103,Specialist,Permanent,2025-07-02,Gurugram,Office
EMP10597,Neha Singh,Male,40,103,Associate,Permanent,2025-01-10,Chennai,Hybrid
EMP10598,Varun Mishra,Male,27,104,Analyst,Permanent,2020-07-05,Mumbai,Remote
EMP10599,Kabir Iyer,Female,29,108,Senior Analyst,Permanent,2020-02-09,Noida,Office
EMP10600,Neha Gupta,Female,55,102,Specialist,Intern,2020-04-06,Kolkata,Office
EMP10601,Varun Verma,Male,52,106,Senior Analyst,Permanent,2024-12-19,Pune,Remote
EMP10602,Meera Mishra,Female,25,106,Senior Manager,Permanent,2021-05-23,Noida,Remote
EMP10603,Karan Gupta,Male,25,105,Associate,Permanent,2019-03-25,Mumbai,Remote
EMP10604,Nikhil Mishra,Male,58,101,Manager,Permanent,2022-11-23,Pune,Hybrid
EMP10605,Shreya Verma,Female,39,106,Analyst,Contract,2026-04-29,Chennai,Office
EMP10606,Aditya Agarwal,Female,56,101,Associate,Permanent,2019-08-09,Chennai,Hybrid
EMP10607,Rahul Sharma,Female,32,105,Senior Analyst,Permanent,2026-02-13,Pune,Office
EMP10608,Meera Mehta,Male,47,106,Manager,Permanent,2022-10-23,Jaipur,Hybrid
EMP10609,Neha Arora,Male,28,102,Executive,Permanent,2019-04-22,Jaipur,Remote
EMP10610,Kavya Verma,Male,35,107,Associate,Contract,2020-09-06,Noida,Hybrid
EMP10611,Aditya Saxena,Female,37,101,Manager,Permanent,2023-05-01,Gurugram,Office
EMP10612,Pooja Patel,Female,43,107,Executive,Permanent,2020-04-19,Chennai,Office
EMP10613,Aisha Bansal,Female,49,103,Executive,Permanent,2024-03-28,Kolkata,Hybrid
EMP10614,Arjun Iyer,Female,49,102,Specialist,Permanent,2019-09-28,Bengaluru,Remote
EMP10615,Arjun Mehta,Female,51,101,Senior Manager,Permanent,2025-10-04,Noida,Hybrid
EMP10616,Shreya Iyer,Male,24,108,Analyst,Permanent,2024-04-04,Noida,Hybrid
EMP10617,Yash Sethi,Male,21,101,Analyst,Permanent,2022-10-22,Delhi,
EMP10618,Rohan Chopra,Female,48,101,Senior Analyst,Permanent,2019-02-09,Jaipur,Hybrid
EMP10619,Simran Iyer,Male,58,102,Manager,Permanent,2024-06-05,Mumbai,Remote
EMP10620,Nisha Sethi,Female,54,105,Associate,Permanent,2025-02-14,Jaipur,Hybrid
EMP10621,Nikhil Kapoor,Female,52,104,Analyst,Permanent,2021-09-20,Mumbai,Office
EMP10622,Aman Arora,Female,38,101,Analyst,Permanent,2024-07-05,Jaipur,Hybrid
EMP10623,Rahul Das,Male,25,102,Associate,Permanent,2026-01-27,Hyderabad,Office
EMP10624,Simran Saxena,Male,42,102,Analyst,Permanent,2019-10-17,Bengaluru,Office
EMP10625,Pooja Reddy,Male,58,102,Senior Analyst,Permanent,2025-10-16,Bengaluru,Office
EMP10626,Diya Malhotra,Non-Binary,22,103,Analyst,Permanent,2025-11-23,Kolkata,Hybrid
EMP10627,Arjun Jain,Male,29,106,Executive,Permanent,2026-04-29,Delhi,Office
EMP10628,Sana Arora,Male,35,102,Associate,Permanent,2019-10-06,Pune,Hybrid
EMP10629,Nikhil Singh,Male,23,103,Manager,Permanent,2020-08-03,Chennai,Hybrid
EMP10630,Mohit Singh,Female,32,103,Analyst,Permanent,2021-05-12,Mumbai,Hybrid
EMP10631,Aditya Mehta,Male,28,108,Analyst,Permanent,2019-09-11,Mumbai,Remote
EMP10632,Simran Reddy,Male,44,108,Executive,Permanent,2019-06-30,Noida,Hybrid
EMP10633,Shreya Agarwal,Male,23,107,Manager,Permanent,2020-11-11,Gurugram,Remote
EMP10634,Raj Kapoor,Female,30,102,Executive,Contract,2021-04-04,Hyderabad,Hybrid
EMP10635,Sneha Chopra,Male,44,101,Specialist,Permanent,2020-11-30,Delhi,Hybrid
EMP10636,Rohan Khan,Male,56,102,Specialist,Permanent,2026-02-26,Bengaluru,Hybrid
EMP10637,Pooja Chopra,Male,26,102,Manager,Contract,2022-09-11,Jaipur,Hybrid
EMP10638,Riya Gupta,Male,54,103,Senior Analyst,Permanent,2022-10-12,Pune,Hybrid
EMP10639,Kavya Sharma,Female,40,107,Associate,Permanent,2023-08-01,Pune,Hybrid
EMP10640,Raj Singh,Male,43,107,Executive,Contract,2026-06-20,Pune,Office
EMP10641,Aman Verma,Female,57,107,Manager,Permanent,2025-09-04,Noida,Office
EMP10642,Aisha Saxena,Male,51,102,Executive,Permanent,2023-06-27,Hyderabad,Hybrid
EMP10643,Tanya Verma,Male,39,106,Executive,Permanent,2024-05-11,Hyderabad,Remote
EMP10644,Simran Iyer,Male,24,102,Senior Manager,Permanent,2019-07-31,Delhi,Office
EMP10645,Sneha Gupta,Female,52,101,Associate,Permanent,2023-03-19,Delhi,Hybrid
EMP10646,Kabir Malhotra,Male,35,106,Analyst,Contract,2020-01-19,Noida,Hybrid
EMP10647,Nikhil Iyer,Female,30,101,Manager,Permanent,2023-09-11,Chennai,Office
EMP10648,Rohan Singh,Male,36,103,Manager,Permanent,2019-12-08,Mumbai,Hybrid
EMP10649,Kavya Saxena,Female,46,102,Senior Manager,Intern,2024-01-13,Gurugram,Office
EMP10650,Aisha Kapoor,Female,42,106,Senior Manager,Permanent,2024-06-10,Bengaluru,Hybrid
EMP10651,Sana Iyer,Male,24,107,Manager,Permanent,2021-04-23,Hyderabad,Office
EMP10652,Aditya Singh,Female,31,102,Executive,Permanent,2023-03-15,Hyderabad,Hybrid
EMP10653,Karan Patel,Female,25,107,Manager,Permanent,2020-02-24,Delhi,Remote
EMP10654,Sana Reddy,Female,47,102,Senior Analyst,Permanent,2024-06-11,Kolkata,Remote
EMP10655,Kavya Verma,Non-Binary,32,103,Senior Manager,Permanent,2024-04-16,Mumbai,Office
EMP10656,Rohan Sharma,Female,47,106,Analyst,Permanent,2024-01-24,Kolkata,Hybrid
EMP10657,Rahul Kapoor,Female,23,106,Analyst,Permanent,2019-11-02,Kolkata,Hybrid
EMP10658,Rohan Mehta,Female,28,108,Senior Analyst,Permanent,2021-05-18,Gurugram,Hybrid
EMP10659,Pooja Chopra,Male,43,102,Associate,Permanent,2026-01-28,Gurugram,Hybrid
EMP10660,Pooja Patel,Male,23,106,Analyst,Permanent,2022-02-09,Chennai,Hybrid
EMP10661,Aman Reddy,Female,55,105,Analyst,Permanent,2022-12-05,Chennai,Hybrid
EMP10662,Aarav Mishra,Male,48,108,Analyst,Permanent,2019-07-25,Hyderabad,Hybrid
EMP10663,Aisha Mishra,Male,26,101,Manager,Intern,2020-05-10,Pune,Remote
EMP10664,Kabir Sharma,Female,27,106,Specialist,Permanent,2024-03-24,Pune,Office
EMP10665,Aman Gupta,Female,28,104,Senior Analyst,Permanent,2025-12-26,Pune,Office
EMP10666,Kavya Singh,Female,50,102,Senior Manager,Contract,2021-11-11,Kolkata,Hybrid
EMP10667,Yash Bansal,Male,50,103,Associate,Permanent,2019-08-01,Noida,Hybrid
EMP10668,Aisha Chopra,Female,47,102,Senior Analyst,Permanent,2019-11-06,Chennai,Hybrid
EMP10669,Neha Mehta,Female,40,104,Specialist,Permanent,2026-06-01,Hyderabad,Office
EMP10670,Tanya Arora,Male,40,107,Senior Analyst,Permanent,2024-06-14,Noida,Hybrid
EMP10671,Aman Verma,Female,41,104,Associate,Permanent,2019-09-29,Gurugram,Remote
EMP10672,Tanya Sethi,Male,29,105,Analyst,Permanent,2023-12-28,Delhi,Office
EMP10673,Meera Malhotra,Male,52,104,Analyst,Permanent,2024-09-10,Delhi,Hybrid
EMP10674,Aman Malhotra,Male,45,101,Specialist,Permanent,2020-03-18,Delhi,Hybrid
EMP10675,Neha Saxena,Male,52,102,Executive,Permanent,2025-01-18,Chennai,Office
EMP10676,Riya Patel,Male,38,103,Executive,Permanent,2019-09-11,Hyderabad,Office
EMP10677,Kabir Khan,Female,22,102,Executive,Permanent,2020-06-04,Jaipur,Hybrid
EMP10678,Meera Chopra,Male,54,101,Senior Analyst,Permanent,2021-09-03,Delhi,Office
EMP10679,Mohit Bansal,Female,58,103,Executive,Permanent,2019-01-10,Mumbai,Remote
EMP10680,Ananya Chopra,Female,37,102,Associate,Permanent,2025-12-27,Bengaluru,Office
EMP10681,Sneha Mishra,Female,47,102,Specialist,Contract,2023-05-03,Hyderabad,Hybrid
EMP10682,Sneha Mishra,Female,31,103,Associate,Contract,2025-10-19,Pune,Remote
EMP10683,Diya Arora,Male,57,101,Associate,Permanent,2022-02-08,Hyderabad,Office
EMP10684,Rahul Reddy,Female,28,108,Analyst,Permanent,2019-06-02,Mumbai,Hybrid
EMP10685,Aman Gupta,Non-Binary,28,107,Manager,Permanent,2023-07-17,Bengaluru,Hybrid
EMP10686,Aditya Agarwal,Female,42,106,Executive,Contract,2024-01-31,Kolkata,Office
EMP10687,Shreya Mehta,Female,21,101,Senior Analyst,Contract,2022-04-29,Chennai,Remote
EMP10688,Meera Bansal,Male,57,107,Associate,Contract,2023-10-19,Gurugram,Hybrid
EMP10689,Aditya Bansal,Female,49,107,Senior Manager,Contract,2026-02-23,Mumbai,Hybrid
EMP10690,Meera Sethi,Male,30,107,Manager,Permanent,2022-01-09,Kolkata,Office
EMP10691,Tanya Agarwal,Female,56,101,Manager,Permanent,2025-12-11,Noida,Remote
EMP10692,Tanya Sethi,Male,32,105,Senior Analyst,Intern,2021-06-13,Pune,Hybrid
EMP10693,Simran Khan,Female,43,107,Executive,Permanent,2022-01-16,Pune,Office
EMP10694,Karan Agarwal,Female,28,104,Specialist,Permanent,2019-04-14,Mumbai,Hybrid
EMP10695,Sana Khan,Female,25,105,Associate,Contract,2024-03-29,Gurugram,Hybrid
EMP10696,Varun Mishra,Male,46,103,Associate,Permanent,2021-10-03,Pune,Office
EMP10697,Pooja Mehta,Male,44,104,Senior Manager,Permanent,2020-02-11,Delhi,
EMP10698,Arjun Iyer,Male,23,101,Senior Manager,Permanent,2022-11-02,Hyderabad,Remote
EMP10699,Aisha Verma,Female,22,105,Analyst,Permanent,2019-06-16,Gurugram,Hybrid
EMP10700,Kavya Chopra,Female,49,101,Associate,Permanent,2020-05-23,Pune,Hybrid
EMP10701,Riya Das,Non-Binary,38,103,Specialist,Permanent,2023-07-20,Delhi,Remote
EMP10702,Karan Verma,Male,40,102,Specialist,Permanent,2025-06-18,Hyderabad,Office
EMP10703,Rahul Chopra,Male,23,104,Manager,Permanent,2021-02-01,Hyderabad,Hybrid
EMP10704,Nisha Gupta,Male,23,101,Associate,Contract,2020-11-11,Kolkata,Office
EMP10705,Arjun Reddy,Male,29,106,Associate,Intern,2025-11-29,Pune,Office
EMP10706,Riya Bansal,Male,34,107,Associate,Permanent,2024-10-21,Mumbai,Office
EMP10707,Kavya Singh,Female,45,101,Associate,Permanent,2022-03-10,Delhi,Remote
EMP10708,Yash Mehta,Female,33,101,Senior Manager,Permanent,2020-08-04,Hyderabad,Remote
EMP10709,Pooja Mishra,Male,23,101,Analyst,Contract,2019-09-19,Chennai,Hybrid
EMP10710,Ananya Jain,Male,37,107,Senior Manager,Permanent,2022-09-25,Mumbai,Hybrid
EMP10711,Tanya Sethi,Female,48,104,Senior Analyst,Permanent,2022-08-24,Jaipur,Hybrid
EMP10712,Karan Saxena,Female,54,103,Senior Analyst,Permanent,2025-04-11,Hyderabad,Hybrid
EMP10713,Ishaan Singh,Female,49,101,Senior Analyst,Permanent,2023-03-19,Noida,Hybrid
EMP10714,Mohit Gupta,Female,32,105,Specialist,Permanent,2020-07-14,Hyderabad,Office
EMP10715,Diya Sethi,Male,41,107,Senior Analyst,Contract,2022-01-04,Gurugram,Hybrid
EMP10716,Aman Bansal,Male,42,107,Executive,Contract,2024-03-18,Pune,Office
EMP10717,Tanya Gupta,Male,43,105,Analyst,Permanent,2019-06-24,Chennai,Remote
EMP10718,Nikhil Saxena,Male,23,101,Associate,Permanent,2024-11-26,Mumbai,Hybrid
EMP10719,Mohit Mehta,Female,56,101,Senior Manager,Permanent,2025-02-08,Noida,Hybrid
EMP10720,Aman Chopra,Female,38,101,Executive,Permanent,2019-07-11,Chennai,Hybrid
EMP10721,Kavya Singh,Female,37,102,Specialist,Permanent,2019-03-06,Jaipur,Remote
EMP10722,Aman Verma,Male,52,101,Senior Analyst,Permanent,2023-02-06,Jaipur,Hybrid
EMP10723,Aman Arora,Female,44,102,Senior Manager,Contract,2023-04-17,Delhi,Office
EMP10724,Rahul Patel,Female,32,103,Associate,Permanent,2022-02-25,Kolkata,Hybrid
EMP10725,Rahul Sethi,Female,26,108,Executive,Permanent,2024-04-21,Chennai,Hybrid
EMP10726,Arjun Iyer,Female,34,105,Executive,Permanent,2020-01-04,Gurugram,Office
EMP10727,Aditya Saxena,Male,40,107,Analyst,Contract,2021-04-30,Bengaluru,Hybrid
EMP10728,Tanya Arora,Male,51,106,Associate,Permanent,2019-02-12,Chennai,Office
EMP10729,Rohan Agarwal,Male,35,101,Specialist,Permanent,2024-03-22,Kolkata,Hybrid
EMP10730,Aditya Verma,Female,39,106,Senior Analyst,Permanent,2025-12-10,Pune,Office
EMP10731,Sana Gupta,Female,34,102,Associate,Permanent,2019-03-19,Hyderabad,Office
EMP10732,Simran Reddy,Male,25,105,Manager,Permanent,2023-12-30,Pune,Hybrid
EMP10733,Arjun Patel,Male,56,102,Associate,Permanent,2022-07-17,Kolkata,Remote
EMP10734,Diya Verma,Male,35,108,Senior Analyst,Contract,2020-11-04,Bengaluru,Hybrid
EMP10735,Pooja Khan,Female,50,102,Senior Analyst,Permanent,2020-12-01,Gurugram,Hybrid
EMP10736,Pooja Verma,Female,54,102,Senior Manager,Contract,2021-01-28,Mumbai,Hybrid
EMP10737,Diya Mehta,Female,51,108,Analyst,Permanent,2024-04-07,Pune,Remote
EMP10738,Raj Kapoor,Male,57,101,Executive,Permanent,2021-06-20,Pune,Office
EMP10739,Pooja Saxena,Female,50,106,Associate,Permanent,2021-09-19,Gurugram,Office
EMP10740,Kabir Malhotra,Female,45,106,Analyst,Permanent,2022-04-06,Chennai,Office
EMP10741,Kabir Verma,Male,43,107,Senior Analyst,Permanent,2025-07-14,Mumbai,Hybrid
EMP10742,Karan Patel,Female,28,108,Specialist,Permanent,2025-02-18,Gurugram,Remote
EMP10743,Pooja Mehta,Male,32,108,Senior Manager,Permanent,2023-01-16,Kolkata,Hybrid
EMP10744,Priya Verma,Male,28,101,Executive,Permanent,2025-05-19,Noida,Hybrid
EMP10745,Varun Iyer,Male,30,107,Associate,Permanent,2020-01-25,Kolkata,Hybrid
EMP10746,Neha Das,Male,35,105,Specialist,Permanent,2021-09-26,Delhi,Hybrid
EMP10747,Shreya Sharma,Male,37,105,Specialist,Permanent,2020-06-08,Gurugram,Office
EMP10748,Aisha Das,Female,41,101,Specialist,Contract,2024-01-30,Mumbai,Office
EMP10749,Sana Malhotra,Male,58,105,Manager,Contract,2023-02-15,Kolkata,Hybrid
EMP10750,Rohan Iyer,Male,33,108,Analyst,Permanent,2020-10-20,Delhi,Remote
EMP10751,Vikram Patel,Male,34,108,Analyst,Permanent,2021-06-09,Mumbai,Hybrid
EMP10752,Sana Saxena,Male,22,103,Specialist,Permanent,2023-01-21,Hyderabad,Hybrid
EMP10753,Kavya Mishra,Male,45,101,Analyst,Permanent,2020-03-27,Mumbai,Office
EMP10754,Simran Gupta,Male,46,103,Senior Analyst,Permanent,2025-10-11,Delhi,Hybrid
EMP10755,Diya Sethi,Female,29,107,Analyst,Permanent,2023-03-18,Bengaluru,Office
EMP10756,Vikram Sethi,Male,47,106,Analyst,Permanent,2021-06-01,Jaipur,Hybrid
EMP10757,Neha Iyer,Male,43,103,Analyst,Permanent,2019-11-09,Noida,Remote
EMP10758,Neha Bansal,Non-Binary,43,101,Senior Analyst,Permanent,2021-04-19,Pune,Office
EMP10759,Riya Verma,Female,54,103,Associate,Permanent,2026-01-10,Pune,Hybrid
EMP10760,Pooja Patel,Male,54,103,Associate,Permanent,2020-01-10,Gurugram,Office
EMP10761,Neha Kapoor,Female,48,108,Associate,Permanent,2020-03-26,Hyderabad,Hybrid
EMP10762,Ananya Jain,Male,47,105,Executive,Permanent,2020-08-17,Hyderabad,Office
EMP10763,Kavya Verma,Female,40,102,Associate,Permanent,2022-05-18,Gurugram,Remote
EMP10764,Aisha Saxena,Female,33,104,Manager,Permanent,2020-05-14,Bengaluru,Hybrid
EMP10765,Mohit Iyer,Male,47,101,Executive,Permanent,2020-04-08,Bengaluru,Office
EMP10766,Kavya Mehta,Non-Binary,37,108,Analyst,Contract,2019-04-23,Pune,Office
EMP10767,Raj Das,Female,24,103,Analyst,Permanent,2021-11-01,Pune,Hybrid
EMP10768,Ishaan Mehta,Female,29,103,Associate,Permanent,2025-07-06,Hyderabad,Hybrid
EMP10769,Pooja Sethi,Female,29,102,Associate,Permanent,2024-04-08,Hyderabad,Hybrid
EMP10770,Sneha Saxena,Female,28,106,Associate,Permanent,2019-05-20,Hyderabad,Office
EMP10771,Aarav Gupta,Male,35,106,Specialist,Permanent,2022-11-25,Bengaluru,Hybrid
EMP10772,Pooja Sethi,Non-Binary,54,106,Senior Analyst,Intern,2020-05-31,Jaipur,Office
EMP10773,Ishaan Das,Male,46,102,Associate,Permanent,2026-03-01,Pune,Office
EMP10774,Aisha Khan,Non-Binary,48,102,Senior Manager,Permanent,2024-05-01,Mumbai,Hybrid
EMP10775,Vikram Iyer,Female,50,101,Manager,Permanent,2024-12-05,Hyderabad,Office
EMP10776,Meera Patel,Non-Binary,27,105,Manager,Permanent,2021-06-06,Delhi,Hybrid
EMP10777,Mohit Singh,Male,22,101,Analyst,Permanent,2022-09-03,Bengaluru,Office
EMP10778,Arjun Jain,Male,43,105,Senior Manager,Contract,2019-02-19,Pune,Hybrid
EMP10779,Nisha Mishra,Female,47,107,Analyst,Permanent,2019-01-19,Pune,Office
EMP10780,Aisha Mishra,Non-Binary,28,107,Executive,Permanent,2020-12-26,Delhi,Office
EMP10781,Priya Patel,Female,56,103,Analyst,Permanent,2025-02-22,Jaipur,Hybrid
EMP10782,Rahul Patel,Female,41,103,Executive,Permanent,2023-01-13,Mumbai,Office
EMP10783,Aditya Mishra,Male,42,101,Analyst,Permanent,2026-02-19,Chennai,Hybrid
EMP10784,Simran Patel,Female,30,106,Associate,Permanent,2020-03-27,Mumbai,Hybrid
EMP10785,Shreya Iyer,Female,38,107,Senior Analyst,Permanent,2025-05-25,Kolkata,Hybrid
EMP10786,Ananya Verma,Male,35,102,Senior Manager,Intern,2022-03-10,Gurugram,Office
EMP10787,Riya Chopra,Female,55,103,Specialist,Contract,2022-01-12,Pune,Remote
EMP10788,Nikhil Chopra,Male,52,107,Specialist,Contract,2025-09-04,Noida,Hybrid
EMP10789,Ishaan Iyer,Male,34,107,Senior Analyst,Permanent,2019-08-03,Chennai,Hybrid
EMP10790,Riya Reddy,Female,45,102,Senior Manager,Permanent,2023-03-30,Delhi,Hybrid
EMP10791,Aisha Khan,Non-Binary,47,104,Analyst,Permanent,2025-03-12,Noida,Hybrid
EMP10792,Tanya Bansal,Female,40,101,Associate,Permanent,2019-05-08,Hyderabad,Hybrid
EMP10793,Pooja Sethi,Male,43,101,Specialist,Permanent,2024-01-20,Noida,Hybrid
EMP10794,Karan Reddy,Female,37,108,Analyst,Permanent,2021-01-29,Noida,Office
EMP10795,Neha Iyer,Male,29,107,Analyst,Permanent,2025-09-17,Pune,Office
EMP10796,Diya Mishra,Female,54,107,Manager,Permanent,2023-12-21,Kolkata,Hybrid
EMP10797,Yash Saxena,Male,29,101,Senior Analyst,Permanent,2025-07-13,Kolkata,Office
EMP10798,Neha Reddy,Female,48,107,Executive,Permanent,2019-12-27,Chennai,Hybrid
EMP10799,Nikhil Arora,Female,39,103,Executive,Permanent,2020-07-22,Kolkata,Hybrid
EMP10800,Meera Arora,Male,50,102,Associate,Contract,2022-11-16,Delhi,Hybrid
EMP10801,Rahul Bansal,Female,38,104,Specialist,Contract,2025-03-15,Gurugram,Remote
EMP10802,Rohan Das,Male,54,101,Executive,Permanent,2023-05-17,Mumbai,Office
EMP10803,Aman Sharma,Male,50,106,Senior Analyst,Contract,2023-08-20,Kolkata,Office
EMP10804,Vikram Jain,Male,28,104,Manager,Permanent,2019-07-21,Kolkata,Hybrid
EMP10805,Priya Kapoor,Female,44,101,Analyst,Permanent,2024-08-26,Delhi,Office
EMP10806,Priya Arora,Female,51,101,Specialist,Contract,2025-06-27,Noida,Office
EMP10807,Pooja Iyer,Male,40,101,Executive,Permanent,2020-06-01,Bengaluru,Office
EMP10808,Arjun Kapoor,Female,42,101,Specialist,Permanent,2022-09-10,Delhi,Office
EMP10809,Priya Singh,Female,54,104,Executive,Permanent,2022-12-06,Jaipur,Office
EMP10810,Aarav Sethi,Female,51,107,Specialist,Intern,2022-09-03,Pune,Hybrid
EMP10811,Rohan Verma,Male,24,101,Specialist,Permanent,2020-11-11,Bengaluru,Hybrid
EMP10812,Tanya Malhotra,Male,44,101,Senior Analyst,Permanent,2024-06-11,Bengaluru,Office
EMP10813,Pooja Iyer,Male,45,104,Manager,Permanent,2023-01-31,Hyderabad,Remote
EMP10814,Mohit Khan,Male,25,107,Senior Manager,Permanent,2020-02-29,Noida,Hybrid
EMP10815,Pooja Malhotra,Male,51,102,Associate,Permanent,2024-05-22,Chennai,Hybrid
EMP10816,Neha Arora,Female,26,102,Senior Manager,Permanent,2023-09-09,Chennai,Office
EMP10817,Riya Bansal,Male,31,105,Analyst,Intern,2025-08-31,Noida,Office
EMP10818,Simran Patel,Non-Binary,26,102,Executive,Permanent,2021-02-16,Pune,Remote
EMP10819,Nikhil Chopra,Male,40,101,Analyst,Permanent,2024-11-15,Mumbai,Hybrid
EMP10820,Karan Arora,Female,54,106,Associate,Permanent,2024-01-01,Jaipur,Office
EMP10821,Kavya Jain,Female,35,105,Senior Analyst,Contract,2019-07-27,Chennai,Office
EMP10822,Meera Kapoor,Male,43,104,Executive,Permanent,2023-03-18,Mumbai,Office
EMP10823,Nisha Saxena,Male,38,106,Senior Manager,Permanent,2023-07-18,Jaipur,Office
EMP10824,Tanya Arora,Female,34,106,Executive,Permanent,2026-03-18,Pune,Hybrid
EMP10825,Vikram Chopra,Male,51,102,Specialist,Permanent,2025-01-22,Chennai,Remote
EMP10826,Raj Jain,Male,58,102,Manager,Permanent,2019-01-22,Mumbai,Remote
EMP10827,Ananya Das,Female,22,101,Analyst,Permanent,2019-06-03,Chennai,Hybrid
EMP10828,Riya Mishra,Female,34,101,Senior Manager,Permanent,2024-05-16,Pune,Hybrid
EMP10829,Nisha Verma,Non-Binary,30,106,Analyst,Permanent,2019-08-07,Mumbai,Office
EMP10830,Aisha Saxena,Female,30,107,Senior Manager,Permanent,2020-10-30,Gurugram,Hybrid
EMP10831,Rahul Sethi,Male,56,108,Analyst,Permanent,2023-02-27,Mumbai,Remote
EMP10832,Yash Arora,Female,22,105,Analyst,Permanent,2025-03-27,Jaipur,Office
EMP10833,Ishaan Patel,Female,23,101,Specialist,Contract,2024-08-29,Mumbai,Office
EMP10834,Raj Patel,Male,42,101,Analyst,Contract,2026-02-13,Mumbai,Hybrid
EMP10835,Arjun Singh,Female,44,107,Senior Manager,Permanent,2021-08-07,Kolkata,Hybrid
EMP10836,Yash Das,Male,37,104,Manager,Permanent,2025-01-04,Jaipur,Office
EMP10837,Kavya Khan,Male,48,105,Manager,Permanent,2020-02-07,Chennai,Hybrid
EMP10838,Kavya Kapoor,Female,29,107,Manager,Permanent,2020-08-18,Delhi,Office
EMP10839,Ananya Agarwal,Female,39,106,Senior Analyst,Permanent,2025-08-11,Pune,Remote
EMP10840,Tanya Arora,Male,52,107,Associate,Permanent,2022-12-08,Gurugram,Remote
EMP10841,Varun Verma,Female,35,101,Executive,Permanent,2022-03-03,Delhi,Office
EMP10842,Nikhil Mehta,Male,21,106,Specialist,Permanent,2023-10-09,Bengaluru,Remote
EMP10843,Sana Arora,Female,42,107,Specialist,Permanent,2022-07-30,Hyderabad,Hybrid
EMP10844,Sana Malhotra,Female,34,102,Executive,Contract,2019-03-14,Mumbai,Office
EMP10845,Neha Saxena,Female,53,105,Specialist,Permanent,2020-04-25,Delhi,Remote
EMP10846,Raj Gupta,Male,57,102,Manager,Permanent,2020-07-13,Kolkata,Hybrid
EMP10847,Kavya Patel,Female,30,108,Senior Analyst,Contract,2021-01-14,Delhi,Hybrid
EMP10848,Raj Mehta,Male,48,101,Manager,Permanent,2023-01-06,Bengaluru,Remote
EMP10849,Sneha Mehta,Female,30,104,Associate,Permanent,2019-04-10,Delhi,Office
EMP10850,Shreya Mishra,Male,45,101,Analyst,Permanent,2021-12-18,Hyderabad,Office
EMP10851,Diya Saxena,Male,41,106,Specialist,Permanent,2025-12-30,Delhi,Hybrid
EMP10852,Aarav Saxena,Male,48,101,Analyst,Permanent,2025-04-24,Kolkata,Hybrid
EMP10853,Karan Singh,Male,53,102,Specialist,Permanent,2020-02-17,Pune,Hybrid
EMP10854,Meera Sethi,Female,36,103,Executive,Permanent,2021-12-24,Chennai,Hybrid
EMP10855,Pooja Arora,Male,58,108,Analyst,Permanent,2026-03-27,Noida,Hybrid
EMP10856,Mohit Reddy,Female,33,102,Associate,Permanent,2022-03-23,Hyderabad,Hybrid
EMP10857,Kabir Malhotra,Female,24,101,Executive,Permanent,2024-07-01,Gurugram,Hybrid
EMP10858,Neha Mehta,Male,23,106,Senior Manager,Permanent,2025-05-02,Hyderabad,Hybrid
EMP10859,Sana Jain,Female,43,103,Specialist,Permanent,2021-03-31,Noida,Office
EMP10860,Aarav Bansal,Male,33,108,Senior Analyst,Permanent,2020-10-23,Mumbai,Hybrid
EMP10861,Priya Malhotra,Male,46,101,Specialist,Permanent,2020-07-13,Noida,Office
EMP10862,Karan Mishra,Female,37,105,Analyst,Contract,2022-06-25,Bengaluru,Hybrid
EMP10863,Pooja Bansal,Male,51,102,Senior Analyst,Permanent,2023-12-19,Gurugram,Hybrid
EMP10864,Riya Singh,Female,30,101,Associate,Permanent,2020-09-01,Noida,Hybrid
EMP10865,Arjun Arora,Male,58,106,Analyst,Permanent,2025-09-27,Pune,Office
EMP10866,Raj Kapoor,Female,23,105,Associate,Permanent,2019-01-25,Delhi,Hybrid
EMP10867,Kabir Mishra,Male,45,106,Senior Analyst,Permanent,2024-07-21,Jaipur,Remote
EMP10868,Simran Jain,Male,45,102,Associate,Intern,2019-10-11,Pune,Hybrid
EMP10869,Meera Das,Female,37,103,Executive,Permanent,2023-01-12,Kolkata,Remote
EMP10870,Aarav Jain,Male,36,103,Specialist,Permanent,2019-10-28,Pune,Office
EMP10871,Tanya Kapoor,Male,21,108,Analyst,Permanent,2021-12-27,Delhi,Hybrid
EMP10872,Varun Singh,Male,41,102,Associate,Permanent,2021-10-27,Hyderabad,Hybrid
EMP10873,Meera Mehta,Male,24,102,Associate,Contract,2021-03-27,Bengaluru,Remote
EMP10874,Varun Reddy,Male,30,102,Associate,Permanent,2019-03-24,Mumbai,Hybrid
EMP10875,Tanya Singh,Male,30,104,Associate,Permanent,2024-04-04,Mumbai,Office
EMP10876,Rahul Iyer,Female,46,102,Executive,Intern,2024-09-24,Jaipur,Office
EMP10877,Kavya Verma,Male,34,108,Executive,Permanent,2020-09-09,Hyderabad,Hybrid
EMP10878,Arjun Sethi,Male,22,102,Specialist,Permanent,2025-04-28,Kolkata,Hybrid
EMP10879,Rahul Agarwal,Male,24,107,Manager,Permanent,2019-06-25,Chennai,Office
EMP10880,Raj Arora,Male,30,101,Associate,Intern,2022-04-04,Chennai,Hybrid
EMP10881,Aman Malhotra,Male,46,105,Senior Manager,Permanent,2026-05-28,Jaipur,Hybrid
EMP10882,Varun Iyer,Female,25,108,Specialist,Permanent,2021-04-21,Gurugram,Office
EMP10883,Pooja Sethi,Female,54,101,Specialist,Permanent,2020-01-05,Chennai,Hybrid
EMP10884,Tanya Chopra,Female,28,108,Executive,Contract,2023-12-24,Gurugram,Remote
EMP10885,Raj Das,Male,36,103,Senior Analyst,Permanent,2024-10-02,Gurugram,Office
EMP10886,Aisha Patel,Male,35,108,Specialist,Intern,2020-11-20,Chennai,Remote
EMP10887,Ishaan Das,Male,43,106,Senior Analyst,Permanent,2023-11-15,Chennai,Hybrid
EMP10888,Arjun Mehta,Male,38,102,Manager,Permanent,2022-09-26,Pune,Office
EMP10889,Mohit Reddy,Male,53,101,Senior Analyst,Permanent,2022-12-03,Hyderabad,Office
EMP10890,Ananya Malhotra,Female,39,102,Analyst,Permanent,2020-01-02,Kolkata,Office
EMP10891,Vikram Gupta,Male,53,101,Executive,Permanent,2020-10-05,Chennai,Hybrid
EMP10892,Simran Khan,Male,57,101,Analyst,Permanent,2025-08-23,Hyderabad,Hybrid
EMP10893,Arjun Reddy,Female,54,101,Associate,Permanent,2019-03-14,Bengaluru,Hybrid
EMP10894,Simran Das,Female,28,103,Executive,Permanent,2022-06-25,Delhi,Office
EMP10895,Nikhil Sethi,Male,29,107,Manager,Permanent,2021-05-09,Mumbai,Hybrid
EMP10896,Yash Sharma,Male,47,101,Analyst,Permanent,2019-02-12,Bengaluru,Office
EMP10897,Kabir Sharma,Male,36,101,Specialist,Contract,2025-08-21,Jaipur,Remote
EMP10898,Priya Gupta,Female,41,105,Specialist,Permanent,2021-11-30,Delhi,Hybrid
EMP10899,Rohan Chopra,Female,26,101,Manager,Permanent,2025-01-26,Gurugram,Office
EMP10900,Nikhil Khan,Female,56,101,Specialist,Permanent,2025-03-09,Gurugram,Hybrid
EMP10901,Raj Arora,Female,45,101,Executive,Permanent,2023-02-25,Delhi,Hybrid
EMP10902,Meera Agarwal,Female,37,108,Analyst,Permanent,2024-09-17,Noida,Hybrid
EMP10903,Nisha Verma,Female,21,107,Senior Analyst,Permanent,2020-01-04,Bengaluru,Office
EMP10904,Rahul Mishra,Male,25,102,Senior Manager,Permanent,2019-05-31,Hyderabad,Office
EMP10905,Mohit Mishra,Female,32,105,Senior Analyst,Intern,2022-02-08,Bengaluru,Office
EMP10906,Aditya Patel,Male,54,104,Manager,Permanent,2023-02-12,Noida,Office
EMP10907,Sana Chopra,Non-Binary,25,106,Analyst,Permanent,2022-12-30,Gurugram,Hybrid
EMP10908,Diya Patel,Female,57,106,Manager,Permanent,2021-12-06,Bengaluru,Remote
EMP10909,Pooja Verma,Female,27,105,Analyst,Contract,2021-10-20,Jaipur,Hybrid
EMP10910,Shreya Sharma,Male,35,102,Associate,Intern,2023-05-18,Delhi,Office
EMP10911,Meera Sethi,Male,32,101,Manager,Contract,2024-08-02,Chennai,Office
EMP10912,Rohan Patel,Male,46,103,Manager,Contract,2022-10-21,Bengaluru,Office
EMP10913,Shreya Kapoor,Male,40,107,Executive,Permanent,2019-03-10,Jaipur,Office
EMP10914,Simran Chopra,Female,52,104,Manager,Permanent,2025-06-04,Noida,Office
EMP10915,Kabir Malhotra,Female,23,107,Specialist,Contract,2021-08-01,Gurugram,Hybrid
EMP10916,Aisha Agarwal,Female,55,108,Senior Analyst,Permanent,2021-03-12,Kolkata,Office
EMP10917,Nisha Sharma,Male,56,101,Executive,Permanent,2025-06-01,Jaipur,Office
EMP10918,Ishaan Gupta,Male,51,106,Senior Analyst,Permanent,2025-02-28,Gurugram,Office
EMP10919,Karan Khan,Male,35,106,Analyst,Permanent,2019-03-02,Hyderabad,Hybrid
EMP10920,Karan Khan,Male,38,108,Senior Analyst,Permanent,2021-08-03,Jaipur,Hybrid
EMP10921,Yash Khan,Male,22,108,Analyst,Permanent,2022-08-30,Bengaluru,Hybrid
EMP10922,Simran Kapoor,Female,40,106,Senior Manager,Permanent,2022-03-30,Chennai,Hybrid
EMP10923,Ishaan Khan,Female,45,102,Manager,Permanent,2019-11-27,Noida,Hybrid
EMP10924,Pooja Saxena,Female,32,107,Analyst,Permanent,2023-04-01,Jaipur,Office
EMP10925,Shreya Das,Non-Binary,58,101,Senior Analyst,Contract,2019-12-04,Pune,Office
EMP10926,Priya Iyer,Non-Binary,31,107,Associate,Permanent,2023-06-18,Pune,Remote
EMP10927,Kavya Saxena,Male,24,108,Specialist,Permanent,2022-08-20,Noida,Hybrid
EMP10928,Varun Reddy,Female,56,103,Analyst,Permanent,2023-03-07,Jaipur,Office
EMP10929,Rohan Saxena,Male,50,105,Analyst,Permanent,2023-08-01,Mumbai,Hybrid
EMP10930,Aisha Patel,Male,36,103,Associate,Permanent,2022-09-23,kolkata,Office
EMP10931,Sneha Mehta,Female,35,103,Analyst,Contract,2023-04-23,Bengaluru,Hybrid
EMP10932,Nikhil Arora,Female,52,102,Senior Analyst,Permanent,2026-05-10,Delhi,Hybrid
EMP10933,Rahul Mishra,Male,33,107,Manager,Contract,2019-10-02,Chennai,Hybrid
EMP10934,Neha Agarwal,Male,40,108,Manager,Permanent,2022-04-02,Bengaluru,Hybrid
EMP10935,Arjun Saxena,Female,31,108,Senior Analyst,Permanent,2025-06-24,Bengaluru,Hybrid
EMP10936,Diya Patel,Male,21,101,Specialist,Permanent,2026-03-21,Hyderabad,Hybrid
EMP10937,Kavya Kapoor,Female,25,107,Specialist,Permanent,2025-12-26,Mumbai,Hybrid
EMP10938,Mohit Verma,Female,28,106,Analyst,Permanent,2025-08-31,Hyderabad,Hybrid
EMP10939,Raj Khan,Male,33,102,Manager,Permanent,2024-06-16,Chennai,Office
EMP10940,Rohan Agarwal,Female,29,101,Associate,Contract,2021-05-19,Chennai,Remote
EMP10941,Pooja Verma,Male,25,102,Senior Analyst,Permanent,2021-10-11,Bengaluru,Remote
EMP10942,Kavya Jain,Female,28,108,Associate,Permanent,2024-03-26,Jaipur,Office
EMP10943,Neha Gupta,Female,38,105,Analyst,Permanent,2020-08-25,Hyderabad,Hybrid
EMP10944,Mohit Chopra,Female,53,106,Senior Analyst,Permanent,2023-12-05,Gurugram,Hybrid
EMP10945,Nikhil Malhotra,Male,29,102,Associate,Permanent,2020-11-21,Delhi,Remote
EMP10946,Kabir Mishra,Female,47,106,Senior Analyst,Permanent,2020-05-08,Kolkata,Office
EMP10947,Karan Khan,Male,30,101,Specialist,Permanent,2020-05-04,Gurugram,Hybrid
EMP10948,Ishaan Das,Female,44,103,Manager,Permanent,2025-12-31,Chennai,Remote
EMP10949,Ishaan Arora,Female,55,105,Associate,Permanent,2020-01-25,Jaipur,Office
EMP10950,Mohit Bansal,Male,25,101,Manager,Permanent,2019-10-22,Mumbai,Hybrid
EMP10951,Raj Sharma,Male,33,107,Senior Analyst,Permanent,2022-10-24,Jaipur,Office
EMP10952,Raj Malhotra,Male,45,102,Executive,Permanent,2023-09-14,Gurugram,Hybrid
EMP10953,Yash Arora,Male,22,105,Senior Analyst,Permanent,2026-02-09,Jaipur,Office
EMP10954,Tanya Iyer,Male,41,103,Analyst,Permanent,2020-10-10,Jaipur,Hybrid
EMP10955,Riya Kapoor,Female,52,105,Analyst,Permanent,2024-02-17,Chennai,Office
EMP10956,Neha Saxena,Female,38,101,Senior Analyst,Permanent,2020-07-21,Bengaluru,Office
EMP10957,Simran Patel,Female,54,101,Senior Analyst,Permanent,2020-03-20,Pune,Hybrid
EMP10958,Meera Jain,Female,49,108,Specialist,Permanent,2019-12-29,Pune,Remote
EMP10959,Pooja Arora,Male,37,102,Senior Analyst,Permanent,2024-12-10,Hyderabad,Hybrid
EMP10960,Ananya Arora,Male,24,107,Senior Analyst,Permanent,2022-04-26,Pune,Office
EMP10961,Raj Malhotra,Female,41,108,Analyst,Permanent,2021-01-11,Pune,Office
EMP10962,Neha Agarwal,Male,35,102,Senior Analyst,Permanent,2024-08-03,Delhi,Remote
EMP10963,Priya Kapoor,Female,42,102,Executive,Permanent,2020-11-10,Noida,Hybrid
EMP10964,Aarav Jain,Male,58,106,Manager,Permanent,2025-10-03,Chennai,Office
EMP10965,Raj Das,Male,40,108,Associate,Permanent,2023-07-01,Kolkata,Hybrid
EMP10966,Yash Agarwal,Male,28,108,Analyst,Permanent,2023-04-22,Mumbai,Hybrid
EMP10967,Arjun Malhotra,Female,23,103,Executive,Permanent,2022-09-20,Pune,Office
EMP10968,Kavya Mishra,Male,34,107,Manager,Permanent,2024-11-09,Kolkata,Office
EMP10969,Shreya Kapoor,Female,49,101,Executive,Permanent,2019-03-04,Hyderabad,Office
EMP10970,Nikhil Bansal,Female,25,108,Specialist,Contract,2026-01-03,Mumbai,Hybrid
EMP10971,Nisha Arora,Female,23,108,Analyst,Permanent,2022-03-08,Hyderabad,Office
EMP10972,Simran Mehta,Male,44,101,Senior Analyst,Permanent,2022-05-13,Pune,Office
EMP10973,Diya Verma,Male,22,102,Executive,Contract,2019-09-13,Chennai,Office
EMP10974,Vikram Mehta,Male,27,101,Manager,Permanent,2019-05-15,Chennai,Office
EMP10975,Sana Khan,Female,50,102,Analyst,Permanent,2021-05-24,Chennai,Office
EMP10976,Aisha Gupta,Male,51,107,Executive,Contract,2021-04-01,Delhi,Hybrid
EMP10977,Nisha Sharma,Female,56,103,Executive,Permanent,2024-11-05,Bengaluru,Remote
EMP10978,Arjun Kapoor,Male,21,101,Analyst,Permanent,2021-04-02,Gurugram,Hybrid
EMP10979,Tanya Verma,Female,44,102,Specialist,Permanent,2021-08-31,Delhi,Office
EMP10980,Ishaan Reddy,Male,27,108,Manager,Permanent,2023-11-13,Hyderabad,Hybrid
EMP10981,Rahul Khan,Male,49,105,Associate,Permanent,2019-05-01,Kolkata,Remote
EMP10982,Sana Iyer,Female,41,103,Analyst,Permanent,2023-06-26,Hyderabad,Hybrid
EMP10983,Varun Arora,Male,41,101,Manager,Permanent,2022-09-26,Delhi,Office
EMP10984,Aarav Patel,Non-Binary,39,108,Senior Manager,Permanent,2021-10-04,Chennai,Remote
EMP10985,Rohan Sharma,Male,25,107,Associate,Permanent,2021-07-13,Delhi,Hybrid
EMP10986,Pooja Jain,Male,47,102,Senior Manager,Permanent,2020-10-06,Chennai,Hybrid
EMP10987,Meera Sharma,Male,34,101,Analyst,Permanent,2024-07-25,Chennai,Hybrid
EMP10988,Shreya Agarwal,Male,58,101,Analyst,Permanent,2024-08-30,Noida,Hybrid
EMP10989,Ananya Singh,Female,43,101,Senior Analyst,Permanent,2019-08-30,Chennai,Office
EMP10990,Arjun Kapoor,Male,25,104,Specialist,Permanent,2025-11-07,Jaipur,Office
EMP10991,Karan Reddy,Male,52,108,Manager,Permanent,2026-04-22,Mumbai,Hybrid
EMP10992,Shreya Chopra,Female,42,103,Analyst,Permanent,2025-06-08,Mumbai,Office
EMP10993,Aman Mishra,Male,39,107,Associate,Permanent,2023-06-08,Gurugram,Office
EMP10994,Rahul Mishra,Female,23,103,Senior Manager,Contract,2021-03-13,hyderabad,Hybrid
EMP10995,Priya Kapoor,Female,35,106,Specialist,Intern,2021-08-21,Jaipur,Hybrid
EMP10996,Meera Gupta,Female,21,106,Analyst,Permanent,2019-03-10,Delhi,Hybrid
EMP10997,Aditya Mishra,Female,27,101,Executive,Permanent,2022-02-26,Bengaluru,Office
EMP10998,Riya Patel,Male,35,103,Senior Analyst,Permanent,2019-07-15,Hyderabad,Hybrid
EMP10999,Aisha Sharma,Female,46,105,Associate,Permanent,2024-12-27,Noida,Hybrid
EMP11000,Aditya Arora,Male,41,101,Manager,Permanent,2025-05-19,Bengaluru,Hybrid
EMP11001,Sana Bansal,Female,53,103,Analyst,Intern,2025-06-17,Kolkata,Hybrid
EMP11002,Mohit Singh,Female,40,104,Senior Manager,Permanent,2021-01-15,Chennai,Office
EMP11003,Raj Khan,Female,54,108,Executive,Permanent,2023-08-16,Jaipur,Remote
EMP11004,Ishaan Das,Male,30,103,Analyst,Permanent,2019-10-04,Hyderabad,Office
EMP11005,Kabir Khan,Male,30,107,Associate,Permanent,2019-03-02,Gurugram,Hybrid
EMP11006,Varun Jain,Male,21,103,Executive,Contract,2024-03-28,Chennai,Office
EMP11007,Priya Khan,Female,43,107,Executive,Permanent,2024-09-30,Noida,Remote
EMP11008,Raj Bansal,Male,45,105,Manager,Permanent,2025-01-09,Delhi,Hybrid
EMP11009,Ishaan Das,Female,45,107,Manager,Permanent,2023-11-08,Noida,Hybrid
EMP11010,Nisha Mishra,Female,46,103,Associate,Permanent,2022-08-27,Gurugram,Hybrid
EMP11011,Meera Mehta,Male,35,105,Senior Manager,Permanent,2024-01-12,Kolkata,Hybrid
EMP11012,KAVYA DAS,Female,43,105,Manager,Permanent,2026-02-04,Bengaluru,Office
EMP11013,Varun Patel,Male,44,103,Manager,Contract,2020-07-20,Pune,Hybrid
EMP11014,Riya Verma,Female,48,101,Senior Manager,Permanent,2023-04-21,Gurugram,Office
EMP11015,Pooja Chopra,Male,58,101,Senior Analyst,Permanent,2020-09-13,Delhi,Office
EMP11016,Ananya Agarwal,Female,35,101,Analyst,Contract,2024-07-18,Jaipur,Hybrid
EMP11017,Shreya Gupta,Female,28,107,Analyst,Permanent,2022-04-15,Pune,Hybrid
EMP11018,Karan Iyer,Female,27,102,Senior Manager,Intern,2019-11-10,Kolkata,Remote
EMP11019,Riya Bansal,Male,35,102,Analyst,Permanent,2024-11-14,Delhi,Hybrid
EMP11020,Sana Jain,Male,22,106,Senior Analyst,Permanent,2022-05-21,Hyderabad,Hybrid
EMP11021,Vikram Kapoor,Female,21,102,Analyst,Contract,2019-05-17,Pune,Office
EMP11022,Nikhil Mishra,Female,52,103,Senior Manager,Permanent,2021-10-26,Bengaluru,Office
EMP11023,Diya Das,Male,50,101,Specialist,Permanent,2024-11-26,Bengaluru,Office
EMP11024,Aditya Iyer,Male,45,108,Analyst,Permanent,2026-02-07,Mumbai,Remote
EMP11025,Aman Kapoor,Male,55,107,Specialist,Permanent,2020-10-23,Gurugram,Office
EMP11026,Aditya Jain,Male,21,107,Specialist,Permanent,2025-10-08,Noida,Remote
EMP11027,Riya Verma,Male,52,103,Manager,Permanent,2026-05-01,Bengaluru,Hybrid
EMP11028,Neha Chopra,Female,42,107,Specialist,Intern,2025-04-27,Gurugram,Office
EMP11029,Aditya Sharma,Male,35,101,Senior Analyst,Contract,2019-03-28,Mumbai,Hybrid
EMP11030,Simran Chopra,Male,39,101,Specialist,Permanent,2025-11-17,Mumbai,Office
EMP11031,Ananya Verma,Female,51,101,Executive,Contract,2024-10-24,Gurugram,Hybrid
EMP11032,Diya Agarwal,Female,42,104,Associate,Permanent,2025-11-23,Hyderabad,Remote
EMP11033,Nikhil Patel,Male,30,103,Senior Analyst,Permanent,2025-09-27,Chennai,Office
EMP11034,Rohan Singh,Male,27,104,Senior Manager,Permanent,2025-11-09,Delhi,Hybrid
EMP11035,Aditya Chopra,Female,53,101,Manager,Permanent,2022-08-01,Chennai,Remote
EMP11036,Aditya Iyer,Male,25,103,Specialist,Permanent,2023-08-28,Kolkata,Hybrid
EMP11037,Aman Bansal,Male,46,106,Specialist,Permanent,2026-05-24,Bengaluru,Office
EMP11038,Aarav Saxena,Male,39,103,Manager,Permanent,2026-06-12,Bengaluru,Office
EMP11039,Riya Gupta,Female,46,106,Senior Analyst,Permanent,2020-05-09,Chennai,Remote
EMP11040,Sneha Kapoor,Male,38,102,Executive,Permanent,2023-07-06,Kolkata,Hybrid
EMP11041,Pooja Mehta,Female,41,107,Associate,Contract,2024-04-26,Bengaluru,Office
EMP11042,Diya Verma,Female,56,104,Senior Analyst,Intern,2021-12-04,Mumbai,Office
EMP11043,Meera Jain,Female,28,102,Specialist,Permanent,2022-11-25,Hyderabad,Office
EMP11044,Arjun Gupta,Female,35,102,Senior Analyst,Contract,2020-08-19,Noida,Office
EMP11045,Rohan Jain,Male,26,105,Associate,Permanent,2020-03-25,Bengaluru,Office
EMP11046,Meera Arora,Male,55,107,Specialist,Intern,2020-04-29,Gurugram,Office
EMP11047,Rahul Jain,Male,44,103,Analyst,Permanent,2020-10-07,Jaipur,Hybrid
EMP11048,Yash Arora,Female,35,102,Associate,Permanent,2026-04-21,Kolkata,Hybrid
EMP11049,Karan Malhotra,Male,27,107,Specialist,Permanent,2023-06-18,Hyderabad,Office
EMP11050,Ananya Verma,Male,44,106,Associate,Permanent,2020-10-23,Mumbai,Hybrid
EMP11051,Aarav Mishra,Male,30,103,Specialist,Permanent,2021-01-27,Pune,Hybrid
EMP11052,Shreya Iyer,Male,22,103,Specialist,Permanent,2019-10-16,Bengaluru,Office
EMP11053,Aman Bansal,Male,35,102,Manager,Permanent,2020-12-21,Hyderabad,Office
EMP11054,Neha Agarwal,Female,46,105,Manager,Permanent,2020-09-29,Kolkata,Office
EMP11055,Arjun Saxena,Female,24,102,Specialist,Permanent,2025-04-01,Pune,Remote
EMP11056,Karan Malhotra,Male,33,108,Senior Analyst,Permanent,2025-09-29,Hyderabad,Office
EMP11057,Neha Mehta,Male,54,103,Specialist,Permanent,2020-05-13,Bengaluru,Hybrid
EMP11058,Neha Saxena,Female,35,103,Executive,Permanent,2020-09-25,Hyderabad,Hybrid
EMP11059,Priya Kapoor,Male,47,104,Analyst,Permanent,2023-08-01,Pune,Remote
EMP11060,Riya Jain,Male,27,108,Senior Analyst,Permanent,2024-07-23,Bengaluru,Hybrid
EMP11061,Rahul Singh,Female,51,107,Analyst,Permanent,2019-04-25,Kolkata,Hybrid
EMP11062,Ishaan Das,Female,33,103,Associate,Contract,2020-11-04,Chennai,Office
EMP11063,Diya Patel,Female,25,106,Manager,Permanent,2023-10-03,Delhi,Remote
EMP11064,Yash Sethi,Male,42,104,Manager,Contract,2022-06-11,Jaipur,Remote
EMP11065,Simran Saxena,Male,42,103,Associate,Permanent,2025-03-03,Gurugram,Remote
EMP11066,Shreya Agarwal,Male,31,101,Associate,Permanent,2025-04-13,Hyderabad,Hybrid
EMP11067,Arjun Saxena,Female,45,103,Senior Analyst,Intern,2019-05-27,Jaipur,Office
EMP11068,Kabir Verma,Female,37,102,Analyst,Permanent,2024-12-05,Bengaluru,Hybrid
EMP11069,Aman Mishra,Female,46,108,Senior Analyst,Permanent,2020-02-16,Gurugram,Office
EMP11070,Simran Iyer,Female,34,102,Executive,Permanent,2023-08-15,Hyderabad,Office
EMP11071,Priya Mishra,Male,32,108,Analyst,Permanent,2025-08-07,Chennai,Office
EMP11072,Pooja Agarwal,Male,26,104,Executive,Permanent,2023-03-13,Chennai,Hybrid
EMP11073,Aisha Chopra,Non-Binary,30,105,Executive,Permanent,2019-05-17,Chennai,Hybrid
EMP11074,Karan Gupta,Male,23,104,Senior Analyst,Permanent,2019-01-19,Gurugram,Remote
EMP11075,Nisha Kapoor,Female,22,101,Senior Manager,Permanent,2025-02-20,Pune,Hybrid
EMP11076,Diya Iyer,Female,37,103,Senior Manager,Intern,2025-07-05,Delhi,Remote
EMP11077,PRIYA MISHRA,Male,39,101,Analyst,Permanent,2024-05-13,Pune,Hybrid
EMP11078,Aman Agarwal,Male,36,105,Manager,Permanent,2025-01-31,Gurugram,Hybrid
EMP11079,Aarav Singh,Male,52,103,Associate,Contract,2021-09-28,Mumbai,Remote
EMP11080,Kavya Reddy,Female,58,107,Specialist,Permanent,2020-03-24,Chennai,Office
EMP11081,Nikhil Das,Male,28,102,Analyst,Permanent,2024-05-02,Kolkata,Office
EMP11082,Kavya Sethi,Female,49,101,Manager,Intern,2021-08-03,Pune,Hybrid
EMP11083,Riya Sethi,Female,52,103,Analyst,Permanent,2022-10-09,Kolkata,Hybrid
EMP11084,Tanya Reddy,Male,30,108,Manager,Permanent,2023-03-03,Noida,Remote
EMP11085,Rahul Sharma,Male,33,106,Associate,Permanent,2019-05-21,Hyderabad,Hybrid
EMP11086,Ananya Saxena,Female,28,103,Executive,Permanent,2024-04-04,Bengaluru,Office
EMP11087,Raj Gupta,Male,23,104,Manager,Permanent,2019-04-03,Gurugram,Office
EMP11088,Shreya Verma,Male,36,101,Senior Analyst,Permanent,2019-08-27,Pune,Hybrid
EMP11089,Meera Bansal,Female,24,108,Manager,Contract,2019-07-24,Hyderabad,Remote
EMP11090,Aman Malhotra,Female,41,106,Analyst,Permanent,2026-02-20,Chennai,Hybrid
EMP11091,Vikram Chopra,Male,22,102,Analyst,Permanent,2022-12-27,Hyderabad,Hybrid
EMP11092,Ananya Sethi,Female,31,104,Manager,Permanent,2019-09-02,Hyderabad,Hybrid
EMP11093,Neha Gupta,Male,23,101,Senior Analyst,Permanent,2021-04-11,Mumbai,Hybrid
EMP11094,Aisha Singh,Male,27,108,Manager,Permanent,2019-10-22,Delhi,Office
EMP11095,Mohit Bansal,Female,33,101,Executive,Permanent,2026-05-11,Gurugram,Hybrid
EMP11096,Varun Mehta,Male,31,105,Associate,Permanent,2021-05-05,Jaipur,Hybrid
EMP11097,Pooja Mehta,Non-Binary,23,102,Manager,Permanent,2024-08-26,Chennai,Office
EMP11098,Diya Bansal,Male,34,106,Specialist,Permanent,2019-03-12,Chennai,Remote
EMP11099,Rohan Sethi,Female,51,107,Analyst,Permanent,2022-07-16,Jaipur,Office
EMP11100,Aman Mishra,Female,31,106,Senior Analyst,Permanent,2022-09-10,Noida,Hybrid
EMP11101,Diya Agarwal,Male,22,105,Analyst,Contract,2019-11-01,Bengaluru,Hybrid
EMP11102,Aarav Iyer,Female,49,107,Associate,Permanent,2021-10-27,Jaipur,Hybrid
EMP11103,Simran Das,Female,35,101,Executive,Permanent,2022-08-30,Bengaluru,Hybrid
EMP11104,Riya Sharma,Female,54,102,Analyst,Permanent,2021-03-27,Jaipur,Hybrid
EMP11105,Ishaan Jain,Male,33,102,Manager,Permanent,2022-01-31,Gurugram,Hybrid
EMP11106,Priya Singh,Male,54,108,Associate,Permanent,2021-03-31,Chennai,Hybrid
EMP11107,Diya Chopra,Female,32,103,Analyst,Permanent,2019-07-12,Pune,Hybrid
EMP11108,Ishaan Sethi,Male,30,106,Associate,Permanent,2023-11-12,Gurugram,Hybrid
EMP11109,Kabir Arora,Female,21,106,Senior Analyst,Permanent,2020-06-12,Chennai,Hybrid
EMP11110,Sana Bansal,Female,53,102,Specialist,Permanent,2025-01-27,Kolkata,Hybrid
EMP11111,Riya Iyer,Female,26,102,Analyst,Permanent,2019-09-08,Bengaluru,Hybrid
EMP11112,Priya Singh,Female,33,102,Senior Analyst,Contract,2023-11-24,Pune,Hybrid
EMP11113,Rahul Sethi,Female,30,103,Senior Analyst,Permanent,2026-02-01,Kolkata,Office
EMP11114,Diya Saxena,Male,42,102,Senior Analyst,Contract,2024-07-19,Kolkata,Office
EMP11115,Priya Gupta,Male,53,101,Associate,Permanent,2025-09-29,Noida,Office
EMP11116,Neha Singh,Female,55,107,Senior Manager,Permanent,2022-11-04,Jaipur,Office
EMP11117,Meera Singh,Male,28,108,Specialist,Permanent,2022-03-13,Noida,Hybrid
EMP11118,Rahul Verma,Female,52,102,Analyst,Permanent,2024-09-03,Chennai,Hybrid
EMP11119,Riya Agarwal,Female,38,102,Executive,Permanent,2026-06-08,Kolkata,Office
EMP11120,Arjun Das,Non-Binary,28,101,Specialist,Permanent,2022-01-01,Bengaluru,Office
EMP11121,Rohan Mehta,Female,44,106,Manager,Permanent,2026-05-03,Hyderabad,Hybrid
EMP11122,Sana Patel,Male,48,107,Associate,Permanent,2024-01-22,Noida,Remote
EMP11123,Nikhil Mehta,Male,30,101,Associate,Permanent,2020-05-19,Hyderabad,Office
EMP11124,Meera Verma,Female,26,101,Analyst,Permanent,2023-06-10,Noida,Office
EMP11125,Neha Sethi,Non-Binary,26,107,Analyst,Permanent,2025-07-11,Kolkata,Remote
EMP11126,Aisha Chopra,Female,39,105,Senior Analyst,Permanent,2025-10-08,Delhi,Remote
EMP11127,Vikram Verma,Male,27,101,Senior Manager,Permanent,2025-12-21,Jaipur,Remote
EMP11128,Shreya Mishra,Male,41,105,Specialist,Permanent,2022-10-19,Chennai,Office
EMP11129,Pooja Arora,Female,24,102,Manager,Permanent,2026-05-01,Bengaluru,Hybrid
EMP11130,Varun Arora,Female,58,103,Associate,Contract,2022-05-07,Bengaluru,Hybrid
EMP11131,Tanya Sethi,Female,50,107,Associate,Permanent,2020-12-18,Hyderabad,Remote
EMP11132,Diya Gupta,Non-Binary,48,107,Senior Analyst,Permanent,2019-12-05,Kolkata,Office
EMP11133,Aarav Kapoor,Male,30,103,Senior Manager,Permanent,2020-10-20,Mumbai,Office
EMP11134,Aisha Jain,Female,39,108,Analyst,Contract,2021-08-19,Jaipur,Hybrid
EMP11135,Nikhil Saxena,Male,50,103,Senior Analyst,Permanent,2020-03-04,Noida,Hybrid
EMP11136,Nisha Sethi,Female,26,107,Executive,Permanent,2021-06-17,Kolkata,Remote
EMP11137,Yash Arora,Male,57,103,Analyst,Contract,2019-05-19,Chennai,Remote
EMP11138,Pooja Singh,Male,57,107,Associate,Permanent,2020-06-25,Kolkata,Office
EMP11139,Ananya Jain,Female,57,108,Analyst,Permanent,2024-10-05,Chennai,Office
EMP11140,Shreya Chopra,Female,40,101,Manager,Permanent,2022-06-09,Chennai,Office
EMP11141,Shreya Khan,Female,27,108,Specialist,Permanent,2026-05-29,Hyderabad,Office
EMP11142,Nikhil Malhotra,Female,36,107,Analyst,Contract,2025-10-18,Bengaluru,Hybrid
EMP11143,Ananya Kapoor,Female,32,107,Senior Analyst,Permanent,2020-01-19,Mumbai,Remote
EMP11144,Mohit Khan,Female,44,102,Specialist,Permanent,2026-02-20,Hyderabad,Hybrid
EMP11145,Kabir Chopra,Non-Binary,22,107,Analyst,Contract,2019-07-13,Gurugram,Office
EMP11146,Simran Singh,Male,43,107,Specialist,Contract,2026-01-25,Jaipur,Remote
EMP11147,Ishaan Das,Male,21,102,Associate,Permanent,2026-01-09,Pune,Hybrid
EMP11148,Mohit Iyer,Male,30,108,Specialist,Permanent,2025-02-10,bengaluru,Office
EMP11149,Diya Iyer,Male,37,101,Analyst,Permanent,2024-03-10,Noida,Remote
EMP11150,Aman Malhotra,Female,22,101,Senior Analyst,Contract,2025-05-28,Jaipur,Office
EMP11151,Aman Khan,Female,41,104,Specialist,Permanent,2021-01-01,Kolkata,Hybrid
EMP11152,Rahul Patel,Non-Binary,41,104,Analyst,Permanent,2024-12-03,Mumbai,Hybrid
EMP11153,Karan Patel,Male,56,105,Manager,Permanent,2020-11-15,Noida,Hybrid
EMP11154,Neha Saxena,Female,44,101,Analyst,Contract,2019-03-23,Mumbai,Hybrid
EMP11155,Priya Jain,Female,41,108,Specialist,Contract,2025-07-08,Chennai,Hybrid
EMP11156,Sneha Singh,Female,36,101,Associate,Permanent,2026-02-17,Noida,Hybrid
EMP11157,Nisha Agarwal,Female,35,101,Associate,Permanent,2025-07-10,Delhi,Hybrid
EMP11158,Kabir Verma,Male,22,101,Senior Analyst,Permanent,2020-06-15,Noida,Hybrid
EMP11159,Kavya Verma,Non-Binary,52,104,Executive,Permanent,2024-06-06,Pune,Hybrid
EMP11160,Shreya Kapoor,Female,49,108,Senior Manager,Permanent,2019-08-09,Bengaluru,Office
EMP11161,Vikram Verma,Female,27,106,Senior Analyst,Permanent,2020-09-26,Kolkata,Hybrid
EMP11162,Sana Jain,Male,54,107,Senior Analyst,Permanent,2023-11-05,Bengaluru,Hybrid
EMP11163,Riya Sethi,Female,27,101,Analyst,Permanent,2025-06-28,Gurugram,Office
EMP11164,Sana Gupta,Non-Binary,46,104,Associate,Contract,2024-02-18,Bengaluru,Hybrid
EMP11165,Pooja Jain,Male,31,103,Senior Manager,Permanent,2019-01-03,Pune,Hybrid
EMP11166,Simran Arora,Male,43,103,Associate,Permanent,2023-09-14,Pune,Hybrid
EMP11167,Priya Sharma,Female,35,101,Associate,Permanent,2019-07-25,Gurugram,Hybrid
EMP11168,Yash Sethi,Male,54,106,Analyst,Contract,2024-01-30,Pune,Office
EMP11169,Mohit Gupta,Male,35,103,Executive,Permanent,2019-02-09,Chennai,
EMP11170,Riya Malhotra,Male,26,107,Associate,Permanent,2024-10-07,Bengaluru,Hybrid
EMP11171,Shreya Malhotra,Male,29,103,Associate,Contract,2026-03-06,Hyderabad,Office
EMP11172,Kabir Bansal,Female,50,101,Analyst,Permanent,2020-10-05,Mumbai,Office
EMP11173,Neha Patel,Female,38,105,Specialist,Permanent,2023-03-11,Kolkata,Office
EMP11174,Arjun Das,Female,56,101,Specialist,Contract,2024-03-22,Hyderabad,Remote
EMP11175,Aman Bansal,Female,34,107,Analyst,Contract,2026-04-20,Delhi,Hybrid
EMP11176,Aisha Singh,Male,37,105,Senior Manager,Permanent,2024-11-13,Hyderabad,Remote
EMP11177,Aarav Singh,Female,50,101,Analyst,Permanent,2021-06-16,Noida,Hybrid
EMP11178,Simran Sethi,Female,33,108,Manager,Permanent,2021-12-21,Delhi,Office
EMP11179,Rohan Malhotra,Non-Binary,33,104,Executive,Permanent,2022-07-03,Noida,Office
EMP11180,Sneha Saxena,Male,58,101,Senior Analyst,Permanent,2026-02-21,Noida,Hybrid
EMP11181,Mohit Jain,Male,21,105,Analyst,Permanent,2025-07-23,Gurugram,Hybrid
EMP11182,Sana Chopra,Female,54,102,Specialist,Permanent,2020-11-01,Mumbai,Hybrid
EMP11183,Aditya Chopra,Male,50,107,Executive,Permanent,2023-02-14,Noida,Hybrid
EMP11184,Aisha Mishra,Female,23,107,Executive,Contract,2025-06-22,Mumbai,Remote
EMP11185,Yash Kapoor,Male,52,108,Senior Manager,Permanent,2020-12-19,Bengaluru,Remote
EMP11186,Sana Gupta,Male,44,103,Senior Analyst,Permanent,2021-12-07,Gurugram,Office
EMP11187,Aarav Malhotra,Male,43,103,Executive,Contract,2024-05-09,Hyderabad,Hybrid
EMP11188,Aditya Verma,Male,51,106,Senior Analyst,Permanent,2022-03-05,Kolkata,Hybrid
EMP11189,Kavya Reddy,Female,48,101,Analyst,Permanent,2019-09-07,Hyderabad,Hybrid
EMP11190,Aarav Sharma,Non-Binary,54,104,Specialist,Permanent,2025-06-19,Pune,Remote
EMP11191,Shreya Singh,Male,29,104,Analyst,Permanent,2024-03-07,Bengaluru,Office
EMP11192,Tanya Verma,Male,28,101,Specialist,Permanent,2024-01-28,Hyderabad,Hybrid
EMP11193,Aditya Kapoor,Female,51,103,Senior Analyst,Permanent,2023-02-12,Bengaluru,Hybrid
EMP11194,Aditya Singh,Female,52,107,Analyst,Permanent,2025-12-07,Gurugram,Remote
EMP11195,Neha Chopra,Male,22,107,Associate,Permanent,2022-05-19,Mumbai,Office
EMP11196,Arjun Mishra,Male,51,101,Analyst,Permanent,2019-02-13,Noida,Remote
EMP11197,Sana Verma,Male,43,101,Specialist,Contract,2026-03-03,Gurugram,Hybrid
EMP11198,Pooja Das,Female,32,102,Associate,Permanent,2020-08-05,Delhi,Office
EMP11199,Karan Mehta,Male,25,107,Senior Manager,Permanent,2022-07-12,Hyderabad,Hybrid
EMP11200,Rahul Malhotra,Male,27,101,Executive,Permanent,2019-08-08,Noida,Hybrid
EMP11201,Raj Agarwal,Female,53,106,Senior Analyst,Permanent,2024-04-09,Kolkata,Hybrid
EMP11202,Varun Sethi,Female,39,101,Senior Analyst,Permanent,2025-09-14,Jaipur,Office
EMP11203,Aditya Singh,Female,33,105,Associate,Permanent,2021-09-17,Noida,Remote
EMP11204,Nisha Singh,Male,33,102,Executive,Permanent,2023-12-18,Kolkata,Hybrid
EMP11205,Yash Mishra,Female,21,107,Specialist,Permanent,2021-05-07,Pune,Office
EMP11206,Rohan Bansal,Male,26,102,Manager,Permanent,2021-03-14,Noida,Office
EMP11207,Kavya Jain,Female,37,105,Analyst,Permanent,2020-05-04,Gurugram,Hybrid
EMP11208,Kavya Patel,Female,47,102,Senior Manager,Contract,2023-11-16,Kolkata,Hybrid
EMP11209,Karan Iyer,Male,31,106,Analyst,Intern,2023-02-02,Mumbai,Office
EMP11210,Nisha Sharma,Male,25,107,Senior Manager,Permanent,2023-09-02,Mumbai,Hybrid
EMP11211,Ishaan Reddy,Female,45,101,Analyst,Contract,2025-05-03,Kolkata,Office
EMP11212,Pooja Malhotra,Female,55,107,Associate,Permanent,2019-02-23,Bengaluru,Office
EMP11213,Meera Khan,Male,51,105,Analyst,Permanent,2026-01-19,Jaipur,Office
EMP11214,Vikram Mishra,Male,30,101,Associate,Intern,2020-09-07,Gurugram,Hybrid
EMP11215,Kavya Arora,Male,51,103,Manager,Permanent,2021-12-18,Kolkata,Remote
EMP11216,Aditya Reddy,Male,58,101,Senior Analyst,Contract,2024-01-23,Delhi,Office
EMP11217,Rahul Bansal,Female,56,106,Associate,Contract,2021-08-12,Noida,Office
EMP11218,Riya Das,Male,31,106,Senior Analyst,Permanent,2025-08-30,Bengaluru,Hybrid
EMP11219,Rahul Patel,Male,27,101,Associate,Permanent,2023-06-18,Noida,Remote
EMP11220,Nisha Arora,Non-Binary,47,103,Specialist,Permanent,2020-10-11,Gurugram,Remote
EMP11221,Aarav Das,Female,39,107,Associate,Permanent,2025-06-05,Gurugram,Office
EMP11222,Aarav Jain,Male,53,108,Executive,Intern,2020-01-30,Jaipur,Hybrid
EMP11223,Aisha Khan,Male,30,104,Specialist,Contract,2022-09-21,Bengaluru,Hybrid
EMP11224,Pooja Saxena,Female,48,108,Specialist,Permanent,2026-03-25,Chennai,Hybrid
EMP11225,Nisha Agarwal,Female,46,104,Associate,Permanent,2026-01-05,Bengaluru,Office
EMP11226,Tanya Mishra,Female,51,103,Analyst,Contract,2025-09-09,Gurugram,Office
EMP11227,Sana Patel,Male,54,107,Senior Manager,Permanent,2020-01-06,Chennai,Hybrid
EMP11228,Karan Verma,Male,21,103,Analyst,Permanent,2021-05-07,Mumbai,Hybrid
EMP11229,Aditya Saxena,Male,56,103,Analyst,Permanent,2021-03-01,Gurugram,Office
EMP11230,Pooja Malhotra,Female,45,103,Associate,Permanent,2020-10-19,Noida,Office
EMP11231,Nikhil Bansal,Male,47,107,Manager,Permanent,2022-10-24,Bengaluru,Office
EMP11232,Priya Gupta,Male,43,107,Manager,Permanent,2020-01-19,Mumbai,Remote
EMP11233,Tanya Agarwal,Female,21,103,Senior Manager,Permanent,2024-10-10,Jaipur,Office
EMP11234,Aisha Kapoor,Female,31,102,Analyst,Intern,2025-12-27,Gurugram,Office
EMP11235,Raj Agarwal,Female,25,103,Analyst,Permanent,2019-08-27,Gurugram,Hybrid
EMP11236,Simran Iyer,Female,43,104,Analyst,Permanent,2019-07-14,Kolkata,Hybrid
EMP11237,Aisha Saxena,Female,25,102,Executive,Contract,2026-06-18,Noida,Office
EMP11238,Ananya Sharma,Female,58,107,Manager,Contract,2024-10-09,Noida,Office
EMP11239,Tanya Sharma,Male,53,103,Analyst,Permanent,2022-02-26,Noida,Hybrid
EMP11240,Vikram Chopra,Male,23,102,Senior Analyst,Permanent,2026-06-25,Chennai,Office
EMP11241,Pooja Jain,Female,28,101,Senior Analyst,Permanent,2024-07-08,Noida,Hybrid
EMP11242,Rahul Verma,Male,42,102,Executive,Permanent,2019-06-05,Mumbai,Hybrid
EMP11243,Yash Singh,Male,27,108,Executive,Intern,2021-07-11,Delhi,Hybrid
EMP11244,Neha Agarwal,Male,44,102,Analyst,Permanent,2023-05-29,Mumbai,Office
EMP11245,Pooja Gupta,Female,22,101,Manager,Permanent,2021-09-01,Mumbai,Hybrid
EMP11246,Tanya Das,Male,29,103,Analyst,Permanent,2022-05-15,Gurugram,Hybrid
EMP11247,Vikram Sethi,Male,44,102,Analyst,Intern,2025-09-01,Chennai,Hybrid
EMP11248,Rahul Khan,Male,58,101,Executive,Permanent,2023-12-20,Hyderabad,Office
EMP11249,Mohit Das,Female,48,102,Executive,Permanent,2021-04-17,Noida,Office
EMP11250,Rahul Mehta,Male,31,104,Manager,Intern,2024-06-30,Mumbai,Hybrid
EMP11251,Nisha Singh,Female,34,104,Associate,Contract,2022-09-25,Kolkata,Office
EMP11252,Varun Singh,Male,24,102,Senior Analyst,Permanent,2025-07-15,Jaipur,Office
EMP11253,Yash Reddy,Female,34,103,Senior Analyst,Permanent,2019-07-23,Delhi,Hybrid
EMP11254,Aisha Sharma,Male,58,108,Senior Analyst,Permanent,2019-06-10,Jaipur,Office
EMP11255,Aisha Arora,Male,58,103,Analyst,Permanent,2020-01-27,Pune,Office
EMP11256,Riya Verma,Female,56,102,Senior Manager,Permanent,2021-02-07,Noida,Hybrid
EMP11257,Raj Khan,Male,57,102,Associate,Permanent,2026-03-07,Chennai,Hybrid
EMP11258,Aman Agarwal,Male,37,103,Associate,Permanent,2026-01-25,Jaipur,Office
EMP11259,Neha Kapoor,Male,36,106,Senior Analyst,Permanent,2021-12-29,Bengaluru,Remote
EMP11260,Raj Bansal,Female,26,102,Associate,Permanent,2020-02-09,Mumbai,Hybrid
EMP11261,Shreya Gupta,Female,39,106,Analyst,Intern,2020-08-30,Kolkata,Hybrid
EMP11262,Rahul Singh,Female,39,101,Executive,Permanent,2023-06-03,Chennai,Office
EMP11263,Varun Khan,Female,29,103,Specialist,Permanent,2023-03-21,Noida,Remote
EMP11264,Kavya Reddy,Male,41,107,Senior Manager,Permanent,2024-01-12,Delhi,Hybrid
EMP11265,Riya Gupta,Male,30,102,Senior Analyst,Permanent,2020-11-20,Hyderabad,Office
EMP11266,Mohit Saxena,Female,51,104,Senior Manager,Permanent,2022-05-25,Mumbai,Remote
EMP11267,Neha Gupta,Female,33,102,Associate,Contract,2024-10-04,Chennai,Office
EMP11268,Simran Sharma,Non-Binary,24,106,Senior Analyst,Contract,2020-01-01,Pune,Office
EMP11269,Ishaan Saxena,Female,27,101,Executive,Permanent,2023-09-19,Kolkata,Remote
EMP11270,Aman Saxena,Female,52,107,Associate,Permanent,2020-03-30,Kolkata,Hybrid
EMP11271,Kavya Sethi,Female,55,101,Analyst,Permanent,2019-04-14,Pune,Hybrid
EMP11272,Priya Arora,Male,44,107,Associate,Contract,2019-03-18,Jaipur,Hybrid
EMP11273,Yash Patel,Female,46,102,Senior Analyst,Permanent,2019-08-18,Jaipur,
EMP11274,Arjun Sharma,Male,33,106,Analyst,Permanent,2024-04-21,Bengaluru,Remote
EMP11275,Aarav Kapoor,Male,39,102,Associate,Permanent,2025-07-06,Chennai,Office
EMP11276,Rahul Sharma,Male,45,108,Executive,Permanent,2022-04-20,Pune,Hybrid
EMP11277,Aarav Mishra,Female,55,101,Manager,Contract,2021-06-11,Mumbai,Hybrid
EMP11278,Ananya Malhotra,Female,42,101,Analyst,Permanent,2023-04-23,Chennai,Hybrid
EMP11279,Kavya Agarwal,Male,22,103,Senior Analyst,Permanent,2026-06-28,Hyderabad,Hybrid
EMP11280,Aisha Verma,Male,27,101,Senior Analyst,Contract,2024-09-05,Mumbai,Remote
EMP11281,Aditya Khan,Male,28,101,Analyst,Permanent,2023-08-03,Jaipur,Hybrid
EMP11282,Sneha Reddy,Male,45,108,Associate,Contract,2019-10-26,Bengaluru,Hybrid
EMP11283,Tanya Chopra,Female,32,108,Executive,Contract,2021-08-14,Hyderabad,Office
EMP11284,Yash Gupta,Female,22,103,Executive,Permanent,2022-01-19,Kolkata,Office
EMP11285,Ananya Reddy,Female,56,108,Senior Manager,Permanent,2025-12-02,Noida,Office
EMP11286,Sana Mishra,Female,33,104,Specialist,Permanent,2026-03-05,Gurugram,Hybrid
EMP11287,Priya Das,Male,32,102,Senior Analyst,Permanent,2025-11-10,Delhi,Office
EMP11288,Rohan Verma,Male,37,106,Specialist,Permanent,2023-01-14,Jaipur,Hybrid
EMP11289,Meera Jain,Female,54,105,Executive,Permanent,2019-12-31,Pune,Office
EMP11290,Raj Mishra,Non-Binary,29,108,Senior Analyst,Permanent,2023-08-26,Pune,Office
EMP11291,Neha Sethi,Male,46,102,Analyst,Permanent,2019-12-17,Mumbai,Office
EMP11292,Kavya Gupta,Female,23,106,Associate,Permanent,2025-04-19,Jaipur,Office
EMP11293,Arjun Das,Female,42,101,Associate,Permanent,2024-03-19,Gurugram,Hybrid
EMP11294,Arjun Singh,Female,28,101,Manager,Contract,2021-10-08,Noida,Hybrid
EMP11295,Simran Sethi,Female,29,101,Manager,Permanent,2025-11-11,Pune,Hybrid
EMP11296,Rohan Singh,Female,40,108,Specialist,Permanent,2020-05-13,Chennai,Office
EMP11297,Rahul Malhotra,Male,54,107,Associate,Contract,2021-08-07,Hyderabad,Remote
EMP11298,Meera Sethi,Male,33,107,Associate,Permanent,2024-06-17,Mumbai,Office
EMP11299,Mohit Singh,Male,41,103,Executive,Permanent,2024-08-08,Gurugram,Remote
EMP11300,Diya Saxena,Female,34,102,Manager,Intern,2020-05-22,Kolkata,Office
EMP11301,Aisha Malhotra,Male,34,101,Analyst,Intern,2022-08-20,Pune,Hybrid
EMP11302,Arjun Gupta,Female,56,102,Analyst,Permanent,2025-12-23,Jaipur,Hybrid
EMP11303,Rahul Mishra,Male,56,103,Senior Manager,Permanent,2026-03-30,Chennai,Hybrid
EMP11304,Aisha Saxena,Male,39,106,Analyst,Permanent,2019-06-15,Mumbai,Remote
EMP11305,Shreya Mehta,Male,41,104,Analyst,Permanent,2025-11-14,Delhi,Hybrid
EMP11306,Riya Sethi,Female,56,101,Specialist,Permanent,2021-07-08,Chennai,Office
EMP11307,Yash Patel,Female,51,101,Specialist,Permanent,2019-04-24,Jaipur,Remote
EMP11308,Ananya Sethi,Female,57,101,Associate,Contract,2021-09-18,gurugram,Hybrid
EMP11309,Aman Verma,Female,31,103,Associate,Permanent,2024-05-05,Gurugram,Office
EMP11310,Aarav Khan,Female,27,108,Senior Analyst,Permanent,2025-03-04,Jaipur,Hybrid
EMP11311,Arjun Malhotra,Female,29,105,Manager,Permanent,2022-06-12,Bengaluru,Office
EMP11312,Rahul Gupta,Male,52,107,Manager,Permanent,2020-05-29,Kolkata,Hybrid
EMP11313,Priya Jain,Male,44,103,Manager,Intern,2022-05-16,Gurugram,Office
EMP11314,Aarav Gupta,Female,37,103,Associate,Permanent,2020-12-09,Jaipur,Hybrid
EMP11315,Sneha Sethi,Female,38,101,Analyst,Permanent,2024-12-25,Noida,Hybrid
EMP11316,Aditya Bansal,Male,32,107,Analyst,Permanent,2019-12-05,Gurugram,Hybrid
EMP11317,Aisha Sethi,Male,46,107,Executive,Permanent,2026-01-28,Delhi,Hybrid
EMP11318,Diya Das,Male,35,101,Senior Manager,Permanent,2019-03-09,Bengaluru,Hybrid
EMP11319,Shreya Mishra,Female,48,104,Senior Analyst,Permanent,2023-05-16,Hyderabad,Office
EMP11320,Aarav Mishra,Female,22,103,Specialist,Permanent,2023-04-14,Bengaluru,Remote
EMP11321,Diya Chopra,Female,39,105,Associate,Permanent,2020-01-18,Jaipur,Office
EMP11322,Raj Mehta,Male,33,108,Senior Analyst,Contract,2019-01-19,Mumbai,Hybrid
EMP11323,Kabir Sethi,Male,23,104,Specialist,Permanent,2026-06-23,Noida,Hybrid
EMP11324,Aisha Iyer,Female,52,104,Associate,Permanent,2024-10-22,Kolkata,Office
EMP11325,Karan Kapoor,Female,32,101,Associate,Permanent,2020-07-26,Mumbai,Office
EMP11326,Vikram Agarwal,Female,42,101,Associate,Permanent,2022-07-23,Chennai,Remote
EMP11327,Vikram Khan,Non-Binary,36,101,Senior Analyst,Permanent,2025-03-08,Gurugram,Remote
EMP11328,Kabir Mishra,Female,42,101,Executive,Permanent,2024-04-27,Noida,Office
EMP11329,Rohan Malhotra,Female,23,106,Associate,Contract,2020-10-12,Chennai,Remote
EMP11330,Kavya Patel,Male,52,106,Specialist,Permanent,2023-07-04,Delhi,Office
EMP11331,Riya Chopra,Male,43,101,Analyst,Permanent,2021-09-20,Hyderabad,Office
EMP11332,Nikhil Arora,Female,57,107,Senior Analyst,Contract,2026-01-31,Pune,Hybrid
EMP11333,Raj Das,Male,39,101,Manager,Permanent,2022-08-31,Chennai,Hybrid
EMP11334,Neha Mishra,Female,56,102,Senior Analyst,Permanent,2021-06-19,Mumbai,Hybrid
EMP11335,Diya Sharma,Female,51,102,Analyst,Permanent,2023-08-12,Pune,Hybrid
EMP11336,Karan Kapoor,Female,27,103,Associate,Contract,2023-05-05,Delhi,Hybrid
EMP11337,Sneha Jain,Female,31,102,Analyst,Permanent,2024-04-07,Delhi,Office
EMP11338,Aman Arora,Female,48,103,Associate,Permanent,2023-11-17,Chennai,Remote
EMP11339,Rahul Das,Male,42,103,Senior Manager,Permanent,2022-02-10,Jaipur,Office
EMP11340,Diya Singh,Male,33,108,Senior Analyst,Permanent,2025-01-26,Jaipur,Office
EMP11341,Varun Kapoor,Female,31,101,Senior Manager,Permanent,2024-04-28,Mumbai,Office
EMP11342,Nikhil Khan,Female,53,101,Manager,Permanent,2021-11-03,Jaipur,Office
EMP11343,Priya Mishra,Female,50,101,Senior Analyst,Permanent,2023-10-05,Pune,Hybrid
EMP11344,Raj Mehta,Male,26,105,Senior Analyst,Permanent,2019-10-15,Noida,Hybrid
EMP11345,Kavya Das,Female,28,101,Manager,Permanent,2025-02-14,Pune,Office
EMP11346,Aman Chopra,Female,32,107,Senior Analyst,Permanent,2023-05-10,Kolkata,Hybrid
EMP11347,Aarav Chopra,Female,26,104,Associate,Permanent,2023-10-12,Kolkata,Hybrid
EMP11348,Priya Verma,Female,50,104,Analyst,Permanent,2025-11-23,Kolkata,Hybrid
EMP11349,Ishaan Arora,Male,45,104,Associate,Permanent,2022-01-03,Chennai,Remote
EMP11350,Meera Mehta,Female,58,101,Senior Analyst,Permanent,2025-05-13,Hyderabad,Office
EMP11351,Aisha Gupta,Male,53,101,Analyst,Permanent,2021-07-28,Delhi,Hybrid
EMP11352,Kavya Iyer,Male,31,102,Manager,Intern,2022-12-19,Jaipur,Remote
EMP11353,Aarav Reddy,Male,34,105,Analyst,Permanent,2020-07-24,Hyderabad,Office
EMP11354,Aarav Bansal,Female,30,102,Executive,Permanent,2021-09-27,Kolkata,Hybrid
EMP11355,Ishaan Verma,Male,41,101,Associate,Permanent,2022-04-20,Pune,Office
EMP11356,Tanya Mehta,Male,36,108,Analyst,Permanent,2025-11-10,Pune,Hybrid
EMP11357,Aisha Sharma,Female,43,101,Manager,Permanent,2021-07-06,Noida,Hybrid
EMP11358,Priya Verma,Male,31,107,Senior Manager,Permanent,2024-02-18,Gurugram,Hybrid
EMP11359,Mohit Reddy,Female,47,107,Specialist,Permanent,2021-04-12,Pune,Remote
EMP11360,Aditya Chopra,Male,55,102,Senior Analyst,Permanent,2025-02-18,Bengaluru,
EMP11361,Priya Singh,Male,53,101,Analyst,Contract,2023-08-06,Pune,Office
EMP11362,Meera Bansal,Female,52,101,Analyst,Permanent,2020-09-07,Noida,Hybrid
EMP11363,Diya Agarwal,Male,32,106,Analyst,Permanent,2020-02-10,Hyderabad,Hybrid
EMP11364,Sana Bansal,Female,34,105,Executive,Permanent,2023-10-16,Noida,Office
EMP11365,Tanya Patel,Male,42,107,Executive,Permanent,2019-04-03,Kolkata,Remote
EMP11366,Aman Chopra,Female,36,108,Associate,Permanent,2025-10-13,Jaipur,Remote
EMP11367,Varun Das,Male,57,106,Analyst,Permanent,2020-10-15,Noida,Hybrid
EMP11368,Riya Saxena,Female,46,101,Senior Analyst,Intern,2020-03-09,Mumbai,Office
EMP11369,Arjun Mehta,Female,30,102,Analyst,Permanent,2022-02-09,Delhi,Remote
EMP11370,Tanya Das,Female,22,107,Associate,Contract,2020-01-10,Bengaluru,Office
EMP11371,Mohit Das,Female,36,102,Analyst,Permanent,2021-12-02,Delhi,Hybrid
EMP11372,Diya Iyer,Male,43,101,Associate,Permanent,2019-07-26,Pune,Hybrid
EMP11373,Raj Iyer,Male,34,106,Specialist,Permanent,2021-02-18,Jaipur,
EMP11374,Sana Das,Female,22,103,Specialist,Permanent,2022-08-12,Gurugram,Hybrid
EMP11375,Raj Arora,Female,25,108,Senior Analyst,Permanent,2022-02-15,Noida,Hybrid
EMP11376,Neha Gupta,Male,52,105,Analyst,Permanent,2020-06-15,Jaipur,Hybrid
EMP11377,Rahul Bansal,Male,50,101,Specialist,Permanent,2025-01-22,Noida,Hybrid
EMP11378,Sana Gupta,Male,46,108,Executive,Intern,2026-05-14,Pune,Hybrid
EMP11379,Simran Sharma,Female,28,102,Senior Analyst,Permanent,2019-03-31,Mumbai,Office
EMP11380,Ishaan Kapoor,Female,52,102,Specialist,Permanent,2022-01-22,Gurugram,Hybrid
EMP11381,Rahul Jain,Non-Binary,54,103,Senior Analyst,Contract,2019-01-13,Gurugram,Remote
EMP11382,Yash Sharma,Female,43,101,Specialist,Contract,2024-02-01,Delhi,Remote
EMP11383,Riya Sethi,Male,49,103,Manager,Permanent,2021-03-15,Bengaluru,Office
EMP11384,Diya Agarwal,Female,52,101,Specialist,Contract,2021-08-02,Hyderabad,Office
EMP11385,Sneha Mishra,Female,36,103,Executive,Permanent,2024-02-01,Pune,Office
EMP11386,Nikhil Mishra,Male,39,102,Analyst,Intern,2023-05-30,Gurugram,Office
EMP11387,Shreya Arora,Male,37,107,Executive,Permanent,2024-05-13,Kolkata,Office
EMP11388,Sana Kapoor,Male,36,107,Executive,Permanent,2026-05-31,Noida,Office
EMP11389,Simran Gupta,Female,47,101,Associate,Contract,2021-11-18,Delhi,Office
EMP11390,Meera Sharma,Male,51,103,Analyst,Permanent,2019-10-23,Pune,Remote
EMP11391,Kabir Singh,Female,30,103,Associate,Permanent,2021-07-14,Gurugram,Remote
EMP11392,Neha Mehta,Female,22,101,Analyst,Permanent,2020-10-01,Bengaluru,Remote
EMP11393,Diya Gupta,Female,57,107,Executive,Permanent,2025-07-15,Chennai,Hybrid
EMP11394,Sneha Gupta,Female,42,106,Specialist,Permanent,2020-09-19,Pune,Hybrid
EMP11395,Karan Iyer,Male,29,101,Associate,Permanent,2025-10-22,Hyderabad,Hybrid
EMP11396,Tanya Sharma,Male,24,103,Senior Analyst,Intern,2022-03-13,Bengaluru,Hybrid
EMP11397,Sana Mehta,Female,51,101,Specialist,Permanent,2021-07-30,Kolkata,Remote
EMP11398,Sneha Agarwal,Male,38,105,Senior Analyst,Permanent,2021-04-09,Noida,Hybrid
EMP11399,Aisha Singh,Male,42,101,Specialist,Permanent,2023-11-06,Pune,Hybrid
EMP11400,Ishaan Malhotra,Female,54,108,Specialist,Permanent,2026-01-10,Bengaluru,Remote
EMP11401,Tanya Patel,Male,48,107,Associate,Contract,2021-09-02,Chennai,Hybrid
EMP11402,Kabir Saxena,Female,56,103,Senior Analyst,Permanent,2021-08-12,Mumbai,Hybrid
EMP11403,Kavya Singh,Female,29,104,Executive,Permanent,2022-06-16,Delhi,Hybrid
EMP11404,Riya Das,Female,56,108,Senior Manager,Permanent,2021-08-09,Chennai,Hybrid
EMP11405,Shreya Arora,Female,22,104,Senior Analyst,Permanent,2021-08-01,Noida,Office
EMP11406,Aisha Chopra,Male,25,101,Executive,Permanent,2025-01-11,Delhi,Office
EMP11407,Rohan Gupta,Non-Binary,41,103,Analyst,Permanent,2022-04-19,Mumbai,Remote
EMP11408,Shreya Iyer,Female,34,107,Associate,Contract,2024-11-05,Hyderabad,Office
EMP11409,Ishaan Singh,Male,49,105,Senior Analyst,Permanent,2023-03-15,Delhi,Remote
EMP11410,Ishaan Mehta,Female,50,105,Analyst,Permanent,2022-01-01,Mumbai,Office
EMP11411,Aditya Arora,Male,48,107,Executive,Permanent,2019-06-28,Gurugram,Hybrid
EMP11412,Meera Mishra,Male,30,107,Senior Manager,Permanent,2025-03-09,Hyderabad,Hybrid
EMP11413,Vikram Jain,Male,24,108,Analyst,Contract,2024-01-03,Gurugram,Hybrid
EMP11414,Sana Patel,Male,27,101,Analyst,Contract,2022-06-11,Bengaluru,Remote
EMP11415,Diya Chopra,Female,33,104,Analyst,Permanent,2020-04-09,Bengaluru,Remote
EMP11416,Rahul Mehta,Male,32,106,Associate,Permanent,2023-11-10,Hyderabad,Office
EMP11417,Aisha Jain,Male,49,106,Senior Analyst,Permanent,2026-05-02,Hyderabad,Hybrid
EMP11418,Simran Jain,Male,54,105,Associate,Permanent,2022-05-15,Jaipur,Office
EMP11419,Shreya Jain,Male,40,101,Specialist,Permanent,2026-04-08,Kolkata,Remote
EMP11420,Aisha Verma,Male,40,107,Analyst,Permanent,2021-06-03,Gurugram,Office
EMP11421,Aditya Chopra,Female,33,106,Senior Manager,Permanent,2025-08-10,Chennai,Hybrid
EMP11422,Rohan Das,Male,43,101,Associate,Permanent,2025-05-12,Jaipur,Remote
EMP11423,Nikhil Khan,Male,50,103,Senior Analyst,Permanent,2025-08-24,Bengaluru,Hybrid
EMP11424,Shreya Reddy,Female,34,101,Senior Analyst,Permanent,2022-08-25,Bengaluru,Remote
EMP11425,Nikhil Arora,Female,41,102,Senior Manager,Permanent,2023-07-13,Kolkata,Office
EMP11426,Sneha Kapoor,Male,21,101,Specialist,Permanent,2021-08-02,Hyderabad,Remote
EMP11427,Meera Gupta,Female,25,103,Associate,Permanent,2021-07-13,Bengaluru,Office
EMP11428,Sneha Khan,Female,24,104,Executive,Permanent,2024-04-22,Chennai,Hybrid
EMP11429,Priya Reddy,Female,51,105,Executive,Permanent,2020-05-08,Kolkata,Hybrid
EMP11430,Varun Iyer,Female,35,106,Specialist,Permanent,2023-03-27,Noida,Office
EMP11431,Ananya Sethi,Female,23,107,Senior Analyst,Permanent,2024-05-23,Noida,Hybrid
EMP11432,Diya Malhotra,Non-Binary,37,102,Senior Analyst,Permanent,2021-12-30,Jaipur,Office
EMP11433,Arjun Khan,Female,33,101,Executive,Permanent,2025-08-08,Bengaluru,Office
EMP11434,Aditya Agarwal,Male,42,107,Senior Analyst,Intern,2026-03-02,Jaipur,Office
EMP11435,Shreya Verma,Female,32,101,Analyst,Permanent,2023-12-31,Kolkata,Remote
EMP11436,Kabir Bansal,Female,45,108,Specialist,Permanent,2021-02-01,Gurugram,Office
EMP11437,Aditya Mishra,Male,58,107,Specialist,Permanent,2025-05-12,Chennai,Office
EMP11438,Riya Patel,Female,54,103,Senior Analyst,Permanent,2019-02-19,Pune,Hybrid
EMP11439,Mohit Jain,Female,56,108,Associate,Permanent,2021-06-24,Chennai,Hybrid
EMP11440,Simran Sharma,Male,42,101,Associate,Permanent,2020-07-17,Kolkata,Office
EMP11441,Priya Reddy,Male,26,102,Associate,Contract,2021-02-21,Bengaluru,Hybrid
EMP11442,Ananya Agarwal,Female,31,105,Manager,Contract,2025-12-07,Noida,Hybrid
EMP11443,Arjun Das,Male,51,102,Analyst,Permanent,2024-08-02,Kolkata,Office
EMP11444,Priya Singh,Female,50,108,Manager,Permanent,2024-01-06,Gurugram,Remote
EMP11445,Priya Singh,Male,31,101,Analyst,Contract,2020-08-06,Mumbai,Hybrid
EMP11446,Mohit Patel,Female,28,104,Analyst,Permanent,2022-08-12,Pune,Remote
EMP11447,Sneha Agarwal,Non-Binary,31,105,Senior Manager,Permanent,2019-08-24,Mumbai,Office
EMP11448,Riya Arora,Female,45,105,Analyst,Permanent,2024-10-04,Kolkata,Office
EMP11449,Karan Arora,Female,56,102,Executive,Permanent,2024-04-26,Delhi,Remote
EMP11450,Diya Jain,Male,24,103,Analyst,Permanent,2019-12-26,Bengaluru,Office
EMP11451,Arjun Iyer,Male,21,107,Analyst,Permanent,2024-04-14,Kolkata,Hybrid
EMP11452,Varun Mishra,Male,44,101,Senior Manager,Permanent,2019-04-20,Delhi,Hybrid
EMP11453,Riya Bansal,Male,53,107,Associate,Permanent,2019-07-11,Jaipur,Office
EMP11454,Aisha Arora,Female,30,104,Associate,Permanent,2021-06-22,Mumbai,Office
EMP11455,Sneha Chopra,Male,57,107,Specialist,Permanent,2022-01-21,Delhi,Remote
EMP11456,Neha Saxena,Male,50,106,Senior Analyst,Permanent,2021-05-11,Mumbai,Hybrid
EMP11457,Kabir Arora,Male,38,102,Manager,Permanent,2026-02-28,Gurugram,Office
EMP11458,Mohit Kapoor,Male,46,104,Associate,Permanent,2021-12-19,Noida,Hybrid
EMP11459,Meera Sethi,Male,25,107,Senior Manager,Permanent,2020-10-11,Pune,Hybrid
EMP11460,Kabir Agarwal,Male,55,103,Manager,Contract,2019-02-08,Kolkata,Remote
EMP11461,Sana Gupta,Male,48,108,Associate,Permanent,2020-09-28,Jaipur,Hybrid
EMP11462,Simran Malhotra,Male,37,103,Specialist,Permanent,2021-11-02,Bengaluru,Office
EMP11463,Yash Arora,Female,49,101,Executive,Permanent,2019-02-05,Chennai,Office
EMP11464,Mohit Chopra,Male,30,103,Analyst,Permanent,2024-11-18,Delhi,Hybrid
EMP11465,Pooja Mehta,Male,54,108,Specialist,Permanent,2022-09-23,Gurugram,Hybrid
EMP11466,Meera Reddy,Female,53,102,Specialist,Contract,2024-06-06,Bengaluru,Office
EMP11467,Arjun Reddy,Female,33,107,Senior Manager,Permanent,2019-06-15,Kolkata,Office
EMP11468,AARAV MEHTA,Female,22,107,Senior Manager,Intern,2025-08-27,Jaipur,Hybrid
EMP11469,Sneha Malhotra,Male,47,102,Senior Manager,Permanent,2024-02-23,Delhi,Office
EMP11470,Kavya Khan,Male,46,101,Analyst,Permanent,2019-01-31,Hyderabad,Remote
EMP11471,Aisha Chopra,Female,46,106,Executive,Permanent,2019-01-11,Jaipur,Hybrid
EMP11472,Kabir Chopra,Male,49,102,Specialist,Permanent,2024-07-04,Hyderabad,Office
EMP11473,Pooja Mishra,Female,36,107,Associate,Permanent,2024-11-13,Gurugram,Office
EMP11474,Varun Sharma,Male,24,103,Executive,Permanent,2025-11-05,Jaipur,Office
EMP11475,Rahul Arora,Non-Binary,24,103,Executive,Permanent,2025-02-17,Kolkata,Remote
EMP11476,Simran Mehta,Female,36,107,Senior Analyst,Permanent,2020-04-30,Hyderabad,Hybrid
EMP11477,Priya Patel,Female,45,103,Analyst,Permanent,2022-07-13,Pune,Hybrid
EMP11478,Rahul Mehta,Male,22,103,Analyst,Permanent,2022-12-18,Mumbai,Hybrid
EMP11479,Yash Gupta,Female,23,103,Specialist,Permanent,2025-04-04,Mumbai,Office
EMP11480,Aarav Mishra,Male,45,103,Specialist,Permanent,2024-04-27,Delhi,Office
EMP11481,Diya Das,Female,28,104,Manager,Permanent,2024-05-17,jaipur,Hybrid
EMP11482,Mohit Kapoor,Male,56,107,Associate,Permanent,2024-01-26,Jaipur,Hybrid
EMP11483,Varun Malhotra,Male,45,103,Analyst,Contract,2023-01-09,Mumbai,Office
EMP11484,Sana Agarwal,Female,46,104,Associate,Permanent,2022-09-28,Chennai,Remote
EMP11485,Aarav Sharma,Male,56,106,Senior Analyst,Contract,2021-09-17,Hyderabad,Hybrid
EMP11486,Raj Verma,Male,29,102,Specialist,Permanent,2021-04-04,Noida,Office
EMP11487,Karan Sharma,Male,42,102,Analyst,Permanent,2023-01-02,Jaipur,Hybrid
EMP11488,Kabir Iyer,Female,40,108,Associate,Permanent,2024-11-23,Mumbai,Hybrid
EMP11489,Tanya Jain,Male,26,106,Associate,Permanent,2025-02-06,Bengaluru,Remote
EMP11490,Sneha Mishra,Female,53,104,Specialist,Permanent,2025-02-09,Pune,Office
EMP11491,Simran Jain,Female,46,105,Specialist,Permanent,2019-08-14,Jaipur,Office
EMP11492,Simran Saxena,Male,43,101,Senior Analyst,Permanent,2021-02-15,Chennai,Remote
EMP11493,Shreya Iyer,Female,35,105,Analyst,Permanent,2022-01-17,Bengaluru,Hybrid
EMP11494,Priya Singh,Female,40,103,Manager,Permanent,2020-11-18,Delhi,Hybrid
EMP11495,Pooja Chopra,Male,50,104,Analyst,Permanent,2020-06-13,Chennai,Hybrid
EMP11496,Sana Iyer,Male,40,102,Manager,Permanent,2021-08-29,Kolkata,Hybrid
EMP11497,Meera Saxena,Male,26,101,Manager,Permanent,2021-07-24,Gurugram,Office
EMP11498,Vikram Gupta,Male,41,101,Specialist,Contract,2022-11-23,Pune,Remote
EMP11499,Kabir Bansal,Male,21,108,Associate,Permanent,2024-11-23,Mumbai,Remote
EMP11500,Kabir Saxena,Male,41,103,Executive,Permanent,2022-07-18,Jaipur,Hybrid
EMP11501,Arjun Reddy,Male,56,103,Specialist,Permanent,2024-06-21,Jaipur,Hybrid
EMP11502,Sneha Khan,Male,45,101,Senior Analyst,Permanent,2023-03-07,Kolkata,Remote
EMP11503,Riya Bansal,Female,40,101,Analyst,Permanent,2020-11-09,Noida,Remote
EMP11504,Yash Sharma,Female,22,106,Senior Analyst,Permanent,2025-09-06,Hyderabad,Office
EMP11505,Meera Jain,Female,37,104,Senior Analyst,Permanent,2019-02-09,Bengaluru,Office
EMP11506,Riya Mishra,Male,31,103,Manager,Permanent,2026-05-31,Delhi,Hybrid
EMP11507,Priya Das,Male,51,102,Specialist,Intern,2022-01-10,Jaipur,Office
EMP11508,Neha Kapoor,Female,32,106,Specialist,Permanent,2021-04-24,Chennai,Office
EMP11509,Sana Arora,Female,53,101,Specialist,Permanent,2023-10-10,Pune,Office
EMP11510,Pooja Saxena,Female,36,101,Senior Analyst,Permanent,2025-02-26,Noida,Office
EMP11511,Shreya Patel,Female,58,103,Analyst,Permanent,2020-03-22,Noida,Office
EMP11512,Meera Singh,Non-Binary,27,102,Manager,Permanent,2022-05-19,Hyderabad,Hybrid
EMP11513,Arjun Jain,Male,58,102,Senior Manager,Permanent,2025-10-27,Chennai,Hybrid
EMP11514,Nisha Mehta,Non-Binary,58,105,Manager,Contract,2022-09-12,Pune,Hybrid
EMP11515,Sana Gupta,Male,43,105,Analyst,Permanent,2019-08-15,Jaipur,Office
EMP11516,Rahul Kapoor,Female,34,107,Senior Analyst,Permanent,2019-02-17,Mumbai,Office
EMP11517,Rohan Bansal,Female,49,103,Associate,Permanent,2023-01-02,Pune,Office
EMP11518,Kabir Das,Female,36,101,Manager,Contract,2024-01-05,Mumbai,Hybrid
EMP11519,Simran Singh,Female,24,102,Senior Manager,Permanent,2019-07-06,Hyderabad,Remote
EMP11520,Aisha Das,Female,29,108,Specialist,Permanent,2025-07-20,Kolkata,Office
EMP11521,Karan Gupta,Male,57,105,Manager,Permanent,2025-03-21,Hyderabad,Office
EMP11522,Sneha Malhotra,Male,38,106,Specialist,Permanent,2025-12-10,Chennai,Office
EMP11523,Ananya Mishra,Female,23,101,Senior Manager,Permanent,2024-04-16,Chennai,Office
EMP11524,Meera Agarwal,Female,30,104,Manager,Permanent,2021-04-28,Delhi,Hybrid
EMP11525,Mohit Verma,Female,31,101,Senior Analyst,Permanent,2024-07-25,Noida,Hybrid
EMP11526,Ishaan Bansal,Female,41,104,Manager,Permanent,2022-06-06,Bengaluru,Office
EMP11527,Priya Sethi,Male,35,108,Associate,Permanent,2022-11-14,Noida,Office
EMP11528,Neha Mehta,Male,39,108,Manager,Permanent,2021-09-05,Gurugram,Office
EMP11529,Vikram Bansal,Female,32,104,Analyst,Permanent,2023-06-01,Noida,Remote
EMP11530,Neha Khan,Male,23,103,Specialist,Permanent,2021-10-13,Delhi,Remote
EMP11531,Simran Jain,Male,36,108,Executive,Permanent,2025-02-13,Jaipur,Hybrid
EMP11532,Nisha Mehta,Male,34,106,Manager,Permanent,2024-02-25,Kolkata,Hybrid
EMP11533,Nisha Mehta,Male,54,101,Associate,Permanent,2019-09-27,Hyderabad,Hybrid
EMP11534,Aman Gupta,Male,52,103,Specialist,Permanent,2023-06-19,Noida,Hybrid
EMP11535,Karan Agarwal,Male,38,102,Executive,Permanent,2019-11-06,Bengaluru,Hybrid
EMP11536,Riya Agarwal,Female,48,103,Executive,Permanent,2024-08-05,Hyderabad,Remote
EMP11537,Riya Sharma,Female,33,103,Manager,Contract,2023-04-24,Delhi,Hybrid
EMP11538,Nikhil Malhotra,Female,57,104,Analyst,Permanent,2021-12-31,Pune,Hybrid
EMP11539,Aarav Bansal,Male,54,102,Specialist,Permanent,2023-08-23,Chennai,Hybrid
EMP11540,Ishaan Sharma,Female,32,101,Manager,Permanent,2025-12-08,Delhi,Hybrid
EMP11541,Sana Kapoor,Female,22,103,Analyst,Permanent,2022-12-16,Jaipur,Office
EMP11542,Tanya Chopra,Female,28,107,Senior Manager,Permanent,2024-12-07,Mumbai,Office
EMP11543,Arjun Singh,Female,28,106,Analyst,Permanent,2019-08-08,Bengaluru,Hybrid
EMP11544,Pooja Das,Male,51,102,Specialist,Permanent,2019-02-22,Mumbai,Office
EMP11545,Diya Gupta,Female,30,108,Associate,Permanent,2023-10-24,Delhi,Office
EMP11546,Meera Saxena,Female,31,108,Analyst,Permanent,2023-01-14,Hyderabad,Hybrid
EMP11547,Yash Reddy,Female,29,102,Analyst,Permanent,2023-07-25,Kolkata,Hybrid
EMP11548,Pooja Bansal,Male,56,101,Senior Analyst,Intern,2022-06-14,Bengaluru,Hybrid
EMP11549,Sneha Verma,Female,38,106,Specialist,Permanent,2020-12-20,Pune,Office
EMP11550,Sneha Arora,Male,35,107,Associate,Permanent,2020-02-10,Pune,Office
EMP11551,Nisha Malhotra,Female,29,108,Associate,Permanent,2026-04-09,Noida,Office
EMP11552,Raj Mishra,Male,25,107,Manager,Permanent,2025-10-05,Delhi,Hybrid
EMP11553,Kavya Kapoor,Male,40,105,Executive,Permanent,2025-04-13,Noida,Hybrid
EMP11554,Ishaan Sharma,Female,22,104,Senior Analyst,Permanent,2019-03-13,Kolkata,Hybrid
EMP11555,Pooja Mehta,Female,35,101,Analyst,Permanent,2024-01-28,Gurugram,Hybrid
EMP11556,Rahul Khan,Female,24,102,Executive,Permanent,2025-02-10,Bengaluru,Office
EMP11557,Sneha Jain,Male,54,103,Executive,Permanent,2024-08-15,Chennai,Office
EMP11558,Karan Khan,Male,24,105,Analyst,Contract,2022-05-14,Kolkata,Hybrid
EMP11559,Aisha Singh,Female,43,104,Manager,Contract,2023-04-17,Delhi,Office
EMP11560,Aisha Singh,Male,21,106,Analyst,Permanent,2020-01-22,Bengaluru,Office
EMP11561,Simran Mishra,Female,38,102,Specialist,Permanent,2023-11-27,Gurugram,Office
EMP11562,Nikhil Jain,Female,43,104,Senior Analyst,Permanent,2020-11-29,Hyderabad,Hybrid
EMP11563,Tanya Verma,Male,43,101,Manager,Permanent,2022-04-15,Jaipur,Hybrid
EMP11564,Tanya Sharma,Male,22,103,Associate,Permanent,2021-04-06,Mumbai,Office
EMP11565,Rohan Singh,Female,47,106,Senior Analyst,Permanent,2023-12-28,Chennai,Remote
EMP11566,Kabir Iyer,Female,33,106,Analyst,Permanent,2019-12-15,Kolkata,Hybrid
EMP11567,Tanya Verma,Male,45,108,Associate,Intern,2022-07-02,Bengaluru,Hybrid
EMP11568,Shreya Singh,Female,58,102,Senior Analyst,Contract,2019-11-04,Chennai,Office
EMP11569,Yash Iyer,Female,25,103,Associate,Permanent,2022-02-24,Gurugram,Hybrid
EMP11570,Meera Singh,Male,30,102,Executive,Permanent,2024-05-14,Gurugram,Hybrid
EMP11571,Vikram Malhotra,Male,31,103,Senior Analyst,Permanent,2025-05-23,Kolkata,Hybrid
EMP11572,Ishaan Jain,Male,24,107,Associate,Intern,2021-02-04,Chennai,Hybrid
EMP11573,Ishaan Chopra,Male,48,106,Senior Analyst,Permanent,2020-12-25,Bengaluru,Office
EMP11574,Meera Mehta,Male,48,107,Associate,Contract,2023-06-08,Delhi,Office
EMP11575,Nikhil Arora,Male,45,102,Executive,Permanent,2020-01-18,Jaipur,Office
EMP11576,Tanya Arora,Male,25,107,Executive,Contract,2025-09-01,Pune,Office
EMP11577,Kavya Sharma,Male,29,101,Associate,Intern,2020-06-08,Delhi,Office
EMP11578,Varun Gupta,Male,21,107,Analyst,Permanent,2026-05-10,Gurugram,Office
EMP11579,Shreya Das,Female,40,102,Associate,Permanent,2019-10-03,Hyderabad,Hybrid
EMP11580,Arjun Gupta,Male,29,102,Analyst,Permanent,2025-12-22,Chennai,Remote
EMP11581,Aditya Singh,Female,31,104,Senior Analyst,Permanent,2019-12-03,Mumbai,Remote
EMP11582,Sana Kapoor,Male,36,108,Analyst,Permanent,2024-05-27,Hyderabad,Hybrid
EMP11583,Meera Jain,Female,33,101,Specialist,Permanent,2020-04-25,Hyderabad,Office
EMP11584,Aisha Singh,Female,37,102,Senior Manager,Permanent,2021-06-29,Noida,Office
EMP11585,Mohit Khan,Male,47,107,Manager,Permanent,2024-06-19,Mumbai,Hybrid
EMP11586,Rahul Bansal,Male,41,103,Senior Analyst,Permanent,2022-09-13,Bengaluru,Hybrid
EMP11587,Yash Singh,Male,38,101,Associate,Permanent,2024-07-26,Gurugram,Office
EMP11588,Mohit Khan,Female,28,103,Analyst,Contract,2023-10-21,Delhi,Office
EMP11589,Mohit Verma,Female,44,103,Specialist,Permanent,2019-04-19,Noida,Hybrid
EMP11590,Neha Chopra,Male,54,108,Senior Manager,Permanent,2019-11-24,Hyderabad,Office
EMP11591,Karan Jain,Female,27,107,Associate,Permanent,2023-12-05,Gurugram,Hybrid
EMP11592,Rahul Bansal,Male,46,103,Analyst,Permanent,2019-11-11,Noida,Hybrid
EMP11593,Ananya Mishra,Male,35,108,Manager,Permanent,2022-02-08,Bengaluru,Hybrid
EMP11594,Simran Jain,Female,51,103,Associate,Permanent,2021-02-19,Bengaluru,Remote
EMP11595,Tanya Arora,Female,34,101,Manager,Permanent,2023-03-01,Bengaluru,Hybrid
EMP11596,Sana Mehta,Male,35,102,Analyst,Permanent,2019-06-05,Gurugram,Hybrid
EMP11597,Arjun Khan,Male,23,103,Specialist,Permanent,2023-02-05,Noida,Remote
EMP11598,Ananya Agarwal,Female,31,101,Analyst,Permanent,2023-09-21,Kolkata,Office
EMP11599,Vikram Das,Male,44,108,Senior Manager,Permanent,2021-06-05,Hyderabad,Remote
EMP11600,Diya Iyer,Male,32,107,Manager,Permanent,2020-12-22,Bengaluru,Office
EMP11601,Nisha Chopra,Male,35,102,Analyst,Permanent,2021-07-01,Kolkata,Remote
EMP11602,Aarav Verma,Male,23,105,Specialist,Permanent,2021-05-20,Hyderabad,Office
EMP11603,Raj Arora,Non-Binary,36,106,Senior Manager,Permanent,2019-01-13,Gurugram,Hybrid
EMP11604,Sneha Agarwal,Female,48,108,Senior Analyst,Permanent,2026-04-09,Hyderabad,Office
EMP11605,Aisha Gupta,Male,43,107,Executive,Permanent,2020-05-12,Mumbai,Office
EMP11606,Sana Bansal,Female,52,104,Senior Analyst,Permanent,2023-10-23,Delhi,Remote
EMP11607,Tanya Reddy,Female,57,107,Manager,Permanent,2025-04-04,Kolkata,Hybrid
EMP11608,Yash Das,Male,54,104,Analyst,Permanent,2022-01-22,Jaipur,Remote
EMP11609,Varun Bansal,Male,42,104,Senior Analyst,Permanent,2022-04-09,Chennai,Office
EMP11610,Pooja Iyer,Female,24,101,Specialist,Permanent,2024-06-27,Gurugram,Hybrid
EMP11611,Rohan Kapoor,Male,53,101,Analyst,Permanent,2026-04-07,Hyderabad,Office
EMP11612,Rahul Mishra,Female,58,104,Executive,Permanent,2026-06-01,Noida,Hybrid
EMP11613,Shreya Patel,Female,44,102,Manager,Permanent,2023-07-06,Kolkata,Office
EMP11614,Aisha Sharma,Female,30,101,Associate,Permanent,2023-05-10,Noida,Hybrid
EMP11615,Pooja Arora,Female,51,106,Specialist,Permanent,2023-01-30,Hyderabad,Remote
EMP11616,Mohit Mehta,Female,40,101,Senior Analyst,Permanent,2026-04-29,Gurugram,Hybrid
EMP11617,Nisha Arora,Male,23,105,Senior Manager,Permanent,2019-05-23,Pune,Office
EMP11618,Kavya Bansal,Male,34,104,Associate,Permanent,2022-05-09,Mumbai,Office
EMP11619,Aisha Reddy,Male,54,108,Senior Analyst,Contract,2025-12-01,Jaipur,Hybrid
EMP11620,Nikhil Mishra,Male,39,103,Specialist,Permanent,2020-07-18,Bengaluru,Hybrid
EMP11621,Shreya Kapoor,Female,40,101,Analyst,Intern,2025-11-23,Gurugram,Hybrid
EMP11622,Simran Sethi,Male,52,104,Senior Analyst,Permanent,2025-08-28,Kolkata,Office
EMP11623,Simran Gupta,Female,47,107,Executive,Permanent,2023-09-12,Hyderabad,
EMP11624,Simran Bansal,Female,28,108,Analyst,Permanent,2020-02-21,Gurugram,Office
EMP11625,Vikram Sharma,Female,21,103,Analyst,Permanent,2024-01-23,Gurugram,Office
EMP11626,Riya Agarwal,Female,47,102,Analyst,Permanent,2025-06-13,Delhi,Office
EMP11627,Nikhil Patel,Female,44,108,Executive,Permanent,2026-05-20,Delhi,Office
EMP11628,Shreya Gupta,Male,51,101,Specialist,Permanent,2023-09-14,Kolkata,Office
EMP11629,Karan Saxena,Male,46,105,Associate,Permanent,2022-10-22,Chennai,Hybrid
EMP11630,Nikhil Malhotra,Male,49,103,Specialist,Permanent,2021-12-03,Hyderabad,Office
EMP11631,Neha Chopra,Male,24,101,Associate,Permanent,2024-02-10,Delhi,Office
EMP11632,Shreya Kapoor,Female,48,102,Associate,Permanent,2022-01-26,Hyderabad,Hybrid
EMP11633,Neha Patel,Female,21,102,Manager,Permanent,2022-07-12,Kolkata,Office
EMP11634,Karan Arora,Male,49,106,Executive,Permanent,2023-12-12,Pune,Remote
EMP11635,Tanya Sethi,Male,47,108,Analyst,Permanent,2024-12-27,Gurugram,Hybrid
EMP11636,Ananya Kapoor,Male,37,102,Associate,Permanent,2023-02-13,Delhi,Office
EMP11637,Neha Chopra,Male,54,107,Executive,Permanent,2021-10-13,Mumbai,Office
EMP11638,Nikhil Reddy,Female,52,101,Senior Analyst,Permanent,2021-08-10,Pune,Office
EMP11639,Tanya Singh,Female,33,104,Executive,Contract,2019-03-13,Delhi,Office
EMP11640,Sneha Mehta,Male,53,101,Senior Analyst,Contract,2023-08-18,Hyderabad,Office
EMP11641,Arjun Agarwal,Male,24,108,Associate,Permanent,2022-07-15,Gurugram,Hybrid
EMP11642,Kabir Iyer,Female,54,107,Senior Analyst,Permanent,2022-09-06,Jaipur,Office
EMP11643,Ishaan Singh,Female,22,105,Associate,Permanent,2024-11-24,Bengaluru,Remote
EMP11644,Ishaan Sethi,Male,36,107,Analyst,Permanent,2021-06-01,Jaipur,Remote
EMP11645,Tanya Bansal,Male,57,105,Executive,Permanent,2019-05-19,Gurugram,Office
EMP11646,Nisha Agarwal,Female,57,108,Senior Analyst,Contract,2026-04-16,Delhi,Hybrid
EMP11647,Raj Das,Female,42,106,Specialist,Permanent,2025-05-09,Gurugram,Hybrid
EMP11648,Nisha Sethi,Female,23,108,Analyst,Permanent,2023-02-13,Hyderabad,Hybrid
EMP11649,Varun Das,Female,52,104,Manager,Permanent,2025-09-29,Chennai,Remote
EMP11650,Arjun Arora,Female,56,101,Analyst,Permanent,2025-12-28,Delhi,Hybrid
EMP11651,Pooja Khan,Male,51,104,Senior Analyst,Permanent,2021-01-02,Chennai,Office
EMP11652,Raj Agarwal,Female,50,101,Analyst,Permanent,2023-10-15,Kolkata,Hybrid
EMP11653,Vikram Reddy,Non-Binary,21,105,Manager,Intern,2020-02-28,Noida,Hybrid
EMP11654,Tanya Das,Non-Binary,58,103,Associate,Permanent,2023-05-11,Noida,Office
EMP11655,Yash Verma,Male,45,105,Manager,Permanent,2020-01-25,Gurugram,Hybrid
EMP11656,Riya Iyer,Male,25,101,Senior Analyst,Intern,2019-12-08,Kolkata,Office
EMP11657,Sneha Bansal,Male,56,101,Executive,Permanent,2021-08-03,Chennai,Hybrid
EMP11658,Sneha Mishra,Female,26,103,Senior Analyst,Permanent,2020-09-05,Bengaluru,Office
EMP11659,Karan Kapoor,Female,24,108,Executive,Permanent,2020-05-07,Mumbai,Hybrid
EMP11660,Riya Bansal,Female,31,103,Manager,Permanent,2019-07-11,Mumbai,Hybrid
EMP11661,Simran Verma,Female,36,103,Specialist,Permanent,2020-05-13,Noida,Hybrid
EMP11662,Rohan Iyer,Male,45,106,Specialist,Permanent,2021-04-01,Chennai,Hybrid
EMP11663,Meera Patel,Male,28,105,Analyst,Permanent,2023-10-02,Pune,Office
EMP11664,Tanya Patel,Female,55,102,Specialist,Permanent,2022-06-10,Jaipur,Hybrid
EMP11665,Ishaan Malhotra,Male,35,103,Manager,Intern,2024-05-22,Kolkata,Remote
EMP11666,Tanya Saxena,Female,58,102,Associate,Contract,2019-08-15,Pune,Office
EMP11667,Raj Verma,Male,25,108,Specialist,Permanent,2022-10-26,Noida,Hybrid
EMP11668,Pooja Patel,Female,49,101,Senior Manager,Permanent,2024-12-26,Pune,Remote
EMP11669,Tanya Singh,Female,31,103,Senior Analyst,Permanent,2021-03-27,Pune,Hybrid
EMP11670,Nikhil Arora,Male,40,101,Associate,Permanent,2023-01-13,Kolkata,Hybrid
EMP11671,Priya Agarwal,Male,21,102,Executive,Permanent,2021-12-22,Chennai,Hybrid
EMP11672,Meera Agarwal,Female,47,107,Senior Manager,Permanent,2019-04-14,Delhi,Hybrid
EMP11673,Pooja Singh,Male,56,102,Executive,Contract,2024-02-18,Delhi,Remote
EMP11674,Riya Verma,Male,43,101,Senior Analyst,Intern,2021-05-20,Delhi,Hybrid
EMP11675,Varun Khan,Male,55,103,Associate,Permanent,2020-10-29,Jaipur,Hybrid
EMP11676,Kabir Mehta,Female,21,101,Specialist,Permanent,2024-08-04,Mumbai,Hybrid
EMP11677,Varun Jain,Female,44,101,Specialist,Permanent,2019-09-30,Noida,Office
EMP11678,Shreya Khan,Female,51,107,Manager,Contract,2021-10-26,Mumbai,Office
EMP11679,Ishaan Patel,Male,37,107,Senior Analyst,Permanent,2025-02-09,Delhi,Office
EMP11680,Rahul Sethi,Male,46,108,Executive,Permanent,2021-11-17,Gurugram,Office
EMP11681,Karan Patel,Female,38,107,Manager,Permanent,2023-04-23,Jaipur,Office
EMP11682,Yash Patel,Female,47,106,Senior Analyst,Permanent,2019-10-20,Bengaluru,Office
EMP11683,Kavya Reddy,Male,24,101,Manager,Permanent,2025-02-02,Mumbai,Hybrid
EMP11684,Tanya Khan,Male,29,107,Manager,Permanent,2024-10-06,Bengaluru,Hybrid
EMP11685,Riya Agarwal,Female,41,107,Manager,Contract,2022-07-16,Pune,Remote
EMP11686,Nikhil Khan,Non-Binary,26,107,Senior Manager,Contract,2019-11-04,Delhi,Remote
EMP11687,Yash Jain,Male,32,103,Executive,Contract,2021-09-03,Jaipur,Hybrid
EMP11688,Karan Sethi,Male,29,102,Senior Manager,Permanent,2022-06-05,Jaipur,Office
EMP11689,Raj Chopra,Male,29,107,Senior Analyst,Intern,2022-06-24,Kolkata,Hybrid
EMP11690,Nikhil Iyer,Female,53,106,Senior Manager,Permanent,2023-02-26,Jaipur,Hybrid
EMP11691,Nisha Malhotra,Female,27,108,Senior Analyst,Permanent,2024-10-31,Mumbai,Hybrid
EMP11692,Simran Mehta,Male,55,101,Senior Manager,Permanent,2022-04-24,Gurugram,Remote
EMP11693,Diya Mehta,Male,28,102,Specialist,Permanent,2025-04-18,Chennai,Office
EMP11694,Ananya Mishra,Female,58,102,Specialist,Permanent,2022-10-10,Delhi,Remote
EMP11695,Rohan Jain,Male,37,107,Analyst,Permanent,2023-11-09,Chennai,Office
EMP11696,Kabir Verma,Female,46,101,Specialist,Permanent,2023-09-16,Noida,Hybrid
EMP11697,Priya Jain,Male,27,101,Manager,Permanent,2024-08-04,Delhi,Hybrid
EMP11698,Neha Sethi,Male,51,108,Senior Manager,Permanent,2021-03-06,Noida,Remote
EMP11699,Aisha Verma,Non-Binary,38,101,Manager,Permanent,2021-06-15,Pune,Office
EMP11700,Karan Khan,Female,42,107,Associate,Permanent,2024-05-15,Kolkata,Remote
EMP11701,Shreya Saxena,Male,48,103,Associate,Permanent,2019-07-29,Hyderabad,Hybrid
EMP11702,Aman Das,Male,24,107,Specialist,Permanent,2026-04-10,Chennai,Office
EMP11703,Rahul Gupta,Male,39,104,Senior Analyst,Permanent,2025-10-30,Pune,Hybrid
EMP11704,Pooja Kapoor,Female,42,108,Associate,Permanent,2025-11-12,Noida,Office
EMP11705,Pooja Gupta,Female,26,108,Senior Analyst,Permanent,2021-08-25,Chennai,Remote
EMP11706,Diya Agarwal,Male,58,101,Analyst,Permanent,2020-04-16,Chennai,Hybrid
EMP11707,Nikhil Mishra,Male,50,101,Senior Analyst,Permanent,2025-08-14,Gurugram,Hybrid
EMP11708,Rahul Kapoor,Male,22,102,Manager,Permanent,2021-07-11,Jaipur,Remote
EMP11709,Varun Bansal,Female,31,106,Analyst,Permanent,2019-05-17,Pune,Office
EMP11710,Rahul Saxena,Female,32,107,Senior Analyst,Permanent,2020-01-02,Jaipur,Office
EMP11711,Nisha Iyer,Female,29,103,Manager,Permanent,2019-07-03,Chennai,Hybrid
EMP11712,Vikram Patel,Male,43,105,Analyst,Contract,2025-11-24,Delhi,Office
EMP11713,Ananya Chopra,Male,43,101,Associate,Permanent,2022-10-30,Hyderabad,Remote
EMP11714,Kavya Iyer,Female,39,107,Senior Analyst,Permanent,2026-05-25,Kolkata,Hybrid
EMP11715,Kavya Khan,Male,56,108,Executive,Permanent,2020-06-20,Pune,Office
EMP11716,Riya Singh,Non-Binary,49,102,Senior Analyst,Permanent,2023-05-22,Bengaluru,Office
EMP11717,Kabir Patel,Female,42,103,Analyst,Permanent,2022-06-27,Mumbai,Hybrid
EMP11718,Aarav Reddy,Female,25,101,Manager,Intern,2026-01-01,pune,Office
EMP11719,Pooja Reddy,Male,42,104,Analyst,Permanent,2026-05-01,Hyderabad,Hybrid
EMP11720,Vikram Khan,Male,38,103,Associate,Permanent,2022-01-01,Mumbai,Office
EMP11721,Sneha Malhotra,Female,21,101,Analyst,Permanent,2022-07-29,Pune,Office
EMP11722,Pooja Gupta,Female,44,103,Senior Analyst,Contract,2021-07-04,Gurugram,Hybrid
EMP11723,Diya Patel,Male,58,102,Associate,Permanent,2019-06-01,Chennai,Remote
EMP11724,Aarav Gupta,Male,22,104,Associate,Contract,2021-10-25,Jaipur,Hybrid
EMP11725,Varun Malhotra,Male,53,104,Manager,Permanent,2022-05-03,Bengaluru,Hybrid
EMP11726,Shreya Singh,Male,46,101,Associate,Permanent,2024-05-31,Jaipur,Hybrid
EMP11727,Nikhil Agarwal,Female,22,107,Specialist,Permanent,2025-11-16,Gurugram,Hybrid
EMP11728,Yash Verma,Female,22,106,Manager,Permanent,2019-09-28,Delhi,Office
EMP11729,Simran Bansal,Female,26,103,Senior Analyst,Permanent,2022-04-01,Delhi,Hybrid
EMP11730,Aditya Gupta,Male,41,101,Analyst,Intern,2020-04-04,Delhi,Office
EMP11731,Diya Jain,Female,42,106,Senior Manager,Permanent,2019-04-15,Chennai,Office
EMP11732,Aditya Das,Male,51,108,Associate,Permanent,2023-09-07,Jaipur,Office
EMP11733,Raj Jain,Female,45,102,Senior Analyst,Permanent,2025-01-18,Bengaluru,Hybrid
EMP11734,Riya Sethi,Female,53,102,Associate,Permanent,2025-07-26,Bengaluru,Remote
EMP11735,Rohan Bansal,Female,52,101,Senior Analyst,Permanent,2020-03-09,Delhi,
EMP11736,Riya Singh,Male,38,104,Analyst,Contract,2019-05-20,Chennai,Office
EMP11737,Aarav Iyer,Male,21,101,Manager,Permanent,2023-02-03,Gurugram,Hybrid
EMP11738,Nisha Das,Female,48,102,Manager,Permanent,2019-03-28,Delhi,Remote
EMP11739,Tanya Gupta,Female,42,106,Senior Analyst,Permanent,2023-09-08,Pune,Office
EMP11740,Raj Reddy,Female,46,104,Senior Manager,Permanent,2025-02-08,Gurugram,Remote
EMP11741,Meera Saxena,Female,26,103,Analyst,Permanent,2025-08-12,Kolkata,Hybrid
EMP11742,Aditya Saxena,Male,35,103,Associate,Permanent,2019-05-09,Hyderabad,Office
EMP11743,Riya Mishra,Female,44,104,Senior Analyst,Permanent,2022-06-23,Delhi,Office
EMP11744,Vikram Mehta,Female,25,101,Associate,Permanent,2023-05-21,Chennai,Remote
EMP11745,Kavya Verma,Female,28,101,Analyst,Permanent,2020-10-31,Bengaluru,Office
EMP11746,Aman Patel,Male,27,107,Senior Analyst,Permanent,2019-05-29,Mumbai,Hybrid
EMP11747,Sana Verma,Male,23,101,Manager,Contract,2021-09-11,Mumbai,Hybrid
EMP11748,Varun Chopra,Female,58,106,Analyst,Permanent,2021-05-01,Delhi,Hybrid
EMP11749,Nikhil Patel,Female,34,108,Associate,Intern,2022-12-27,Noida,Office
EMP11750,Ananya Khan,Male,29,102,Senior Analyst,Permanent,2020-09-19,Delhi,Remote
EMP11751,Priya Iyer,Female,41,103,Analyst,Permanent,2023-02-01,Bengaluru,Remote
EMP11752,Nikhil Patel,Male,31,104,Executive,Permanent,2025-10-29,Gurugram,Office
EMP11753,Meera Malhotra,Female,51,107,Manager,Permanent,2024-08-06,Pune,Office
EMP11754,Ishaan Agarwal,Male,53,108,Manager,Permanent,2021-06-02,Chennai,Hybrid
EMP11755,Arjun Mehta,Male,58,106,Senior Analyst,Permanent,2025-05-30,Noida,Office
EMP11756,Kavya Iyer,Male,33,101,Analyst,Permanent,2023-11-24,Mumbai,Hybrid
EMP11757,Ishaan Singh,Female,32,106,Specialist,Permanent,2019-09-07,Noida,Hybrid
EMP11758,Varun Das,Female,51,103,Analyst,Permanent,2021-08-05,Delhi,Hybrid
EMP11759,Mohit Patel,Female,50,103,Manager,Permanent,2021-09-01,Hyderabad,Hybrid
EMP11760,Sana Patel,Female,42,101,Associate,Permanent,2022-08-18,Gurugram,Office
EMP11761,Meera Gupta,Non-Binary,40,101,Associate,Intern,2021-09-10,Mumbai,Office
EMP11762,Ananya Malhotra,Female,50,107,Analyst,Permanent,2021-06-07,Kolkata,Office
EMP11763,Vikram Bansal,Non-Binary,25,103,Senior Manager,Permanent,2024-10-18,Pune,Hybrid
EMP11764,Arjun Kapoor,Male,42,102,Analyst,Contract,2026-04-26,Gurugram,Office
EMP11765,Meera Iyer,Male,35,103,Specialist,Contract,2021-05-24,Gurugram,Hybrid
EMP11766,Sneha Malhotra,Female,23,107,Associate,Intern,2022-08-19,Pune,Hybrid
EMP11767,Vikram Sethi,Female,26,106,Senior Analyst,Permanent,2020-04-15,Pune,Office
EMP11768,Karan Saxena,Female,27,102,Analyst,Permanent,2024-06-10,Kolkata,Hybrid
EMP11769,Arjun Das,Female,30,101,Senior Analyst,Permanent,2019-04-01,Kolkata,Office
EMP11770,Rahul Bansal,Male,47,102,Senior Analyst,Permanent,2020-06-13,Bengaluru,Office
EMP11771,Diya Sharma,Male,56,108,Manager,Permanent,2020-10-22,Pune,Hybrid
EMP11772,Kavya Kapoor,Male,55,104,Specialist,Permanent,2021-01-08,Bengaluru,Office
EMP11773,Kabir Chopra,Male,26,104,Senior Manager,Intern,2021-05-21,Noida,Office
EMP11774,Varun Bansal,Female,37,105,Senior Analyst,Permanent,2023-08-14,Hyderabad,Hybrid
EMP11775,Simran Sethi,Female,44,103,Associate,Permanent,2019-07-11,Pune,Office
EMP11776,Nisha Saxena,Female,36,107,Analyst,Permanent,2024-06-09,Hyderabad,Office
EMP11777,Nikhil Singh,Female,51,104,Executive,Permanent,2024-12-25,Noida,Office
EMP11778,Sana Iyer,Male,45,101,Manager,Contract,2019-12-11,Gurugram,Office
EMP11779,Shreya Jain,Male,22,101,Manager,Permanent,2021-10-05,Noida,Office
EMP11780,Sneha Patel,Male,56,104,Executive,Permanent,2025-12-25,Jaipur,Hybrid
EMP11781,Kabir Gupta,Female,47,108,Manager,Permanent,2019-07-22,Gurugram,Hybrid
EMP11782,Sneha Sharma,Female,37,102,Manager,Contract,2020-07-26,Chennai,Office
EMP11783,Sana Sharma,Male,36,107,Specialist,Contract,2019-07-11,Kolkata,Hybrid
EMP11784,PRIYA MISHRA,Female,41,107,Executive,Permanent,2024-08-14,Kolkata,Hybrid
EMP11785,Ishaan Khan,Male,56,102,Analyst,Permanent,2024-03-28,Chennai,Office
EMP11786,Kabir Patel,Female,44,101,Analyst,Permanent,2023-09-13,Chennai,Remote
EMP11787,Vikram Verma,Female,32,101,Manager,Permanent,2019-11-07,Pune,Remote
EMP11788,Riya Kapoor,Female,36,106,Associate,Permanent,2026-02-09,Kolkata,Office
EMP11789,Yash Saxena,Male,27,101,Specialist,Permanent,2024-10-04,Noida,Office
EMP11790,Simran Reddy,Female,31,103,Executive,Permanent,2020-03-18,Chennai,Office
EMP11791,Aditya Mishra,Female,32,103,Executive,Permanent,2022-06-14,Pune,Hybrid
EMP11792,Pooja Sharma,Female,44,106,Associate,Permanent,2021-05-19,Jaipur,Office
EMP11793,Mohit Iyer,Female,56,101,Associate,Permanent,2020-08-07,Noida,Office
EMP11794,Nisha Reddy,Female,50,103,Specialist,Permanent,2023-05-14,Noida,Hybrid
EMP11795,Simran Mehta,Female,31,103,Associate,Contract,2023-03-18,Noida,Remote
EMP11796,Priya Das,Female,24,104,Senior Analyst,Permanent,2019-12-26,Noida,Hybrid
EMP11797,Yash Arora,Male,43,107,Manager,Permanent,2023-09-20,Pune,Hybrid
EMP11798,Aisha Kapoor,Female,58,101,Associate,Permanent,2024-09-08,Hyderabad,Hybrid
EMP11799,Kavya Gupta,Male,40,107,Analyst,Permanent,2023-12-08,Mumbai,Hybrid
EMP11800,Rahul Kapoor,Female,25,106,Analyst,Permanent,2024-07-04,Delhi,Office
EMP11801,Varun Malhotra,Female,22,104,Specialist,Permanent,2024-11-25,Chennai,Office
EMP11802,Raj Chopra,Male,45,106,Associate,Contract,2021-04-23,Bengaluru,Office
EMP11803,Vikram Sethi,Female,58,103,Senior Analyst,Permanent,2023-06-14,Delhi,Hybrid
EMP11804,Aisha Bansal,Female,43,101,Senior Analyst,Intern,2021-06-09,Gurugram,Office
EMP11805,Tanya Reddy,Female,52,106,Executive,Permanent,2024-06-14,Mumbai,Hybrid
EMP11806,Shreya Jain,Male,38,104,Associate,Permanent,2024-06-05,Kolkata,Hybrid
EMP11807,Nikhil Das,Female,54,105,Senior Analyst,Permanent,2021-08-17,Noida,Office
EMP11808,Riya Mishra,Non-Binary,39,102,Specialist,Permanent,2023-01-08,Pune,Office
EMP11809,Priya Gupta,Male,43,108,Senior Manager,Permanent,2023-01-01,Chennai,Office
EMP11810,Kabir Mishra,Male,26,104,Associate,Permanent,2021-01-01,Jaipur,Remote
EMP11811,Pooja Mishra,Female,56,101,Analyst,Intern,2020-08-28,Pune,Hybrid
EMP11812,Shreya Chopra,Male,49,103,Senior Analyst,Permanent,2025-11-09,Hyderabad,Office
EMP11813,Aman Arora,Male,37,106,Senior Manager,Contract,2020-09-06,Kolkata,Hybrid
EMP11814,Aarav Reddy,Female,48,107,Senior Analyst,Permanent,2024-06-27,Noida,Hybrid
EMP11815,Simran Mehta,Female,26,103,Executive,Permanent,2023-09-16,Jaipur,Hybrid
EMP11816,Aditya Reddy,Male,52,107,Senior Manager,Permanent,2020-11-04,Mumbai,Office
EMP11817,Ishaan Verma,Female,44,102,Analyst,Permanent,2022-06-24,Noida,Office
EMP11818,Diya Chopra,Female,36,103,Executive,Permanent,2026-02-03,Kolkata,Remote
EMP11819,Tanya Singh,Male,52,107,Manager,Contract,2023-05-07,Jaipur,Hybrid
EMP11820,Rohan Bansal,Male,48,107,Senior Manager,Permanent,2023-05-31,Gurugram,Remote
EMP11821,Vikram Arora,Female,25,106,Analyst,Permanent,2021-06-15,Hyderabad,Office
EMP11822,Ishaan Das,Female,50,107,Senior Manager,Permanent,2023-01-02,Noida,Office
EMP11823,Sana Agarwal,Female,44,101,Senior Manager,Contract,2019-10-05,Delhi,Hybrid
EMP11824,Kavya Khan,Female,53,107,Senior Manager,Permanent,2020-07-05,Noida,Office
EMP11825,Priya Das,Male,57,102,Senior Analyst,Permanent,2023-06-25,Noida,Office
EMP11826,Arjun Reddy,Female,47,101,Senior Manager,Permanent,2024-11-28,Delhi,Hybrid
EMP11827,Sneha Das,Male,35,102,Executive,Permanent,2025-08-29,Noida,Hybrid
EMP11828,Aisha Mehta,Male,35,103,Senior Analyst,Permanent,2021-01-30,Mumbai,Hybrid
EMP11829,Raj Mehta,Female,40,102,Manager,Permanent,2022-12-20,Chennai,Office
EMP11830,Riya Iyer,Male,43,102,Manager,Permanent,2020-02-09,Kolkata,Office
EMP11831,Sana Sharma,Female,32,101,Executive,Permanent,2022-09-20,Mumbai,Office
EMP11832,Aditya Malhotra,Female,28,102,Analyst,Permanent,2022-05-17,Hyderabad,Remote
EMP11833,Karan Arora,Female,49,104,Associate,Permanent,2019-01-22,Hyderabad,Office
EMP11834,Diya Kapoor,Non-Binary,42,103,Associate,Contract,2020-11-08,Bengaluru,Office
EMP11835,Karan Verma,Female,32,102,Analyst,Contract,2026-04-12,Kolkata,Office
EMP11836,Shreya Mehta,Female,46,106,Associate,Permanent,2024-07-21,Kolkata,Office
EMP11837,Varun Reddy,Female,55,107,Senior Manager,Permanent,2022-05-16,Mumbai,Hybrid
EMP11838,Diya Bansal,Female,30,106,Associate,Permanent,2024-08-17,Hyderabad,Remote
EMP11839,Karan Das,Male,44,102,Executive,Permanent,2023-12-14,Gurugram,Office
EMP11840,Kavya Mishra,Male,51,106,Associate,Permanent,2020-06-12,Bengaluru,Office
EMP11841,Arjun Singh,Male,22,101,Executive,Permanent,2024-07-30,Delhi,Hybrid
EMP11842,Ishaan Reddy,Male,54,101,Specialist,Permanent,2026-04-03,Chennai,Hybrid
EMP11843,Varun Agarwal,Female,35,102,Specialist,Permanent,2023-08-04,Noida,Office
EMP11844,Karan Singh,Female,27,107,Executive,Permanent,2020-10-18,Noida,Hybrid
EMP11845,Vikram Iyer,Male,54,102,Analyst,Permanent,2019-06-15,Kolkata,Remote
EMP11846,Aisha Patel,Female,50,101,Senior Manager,Permanent,2021-04-28,Chennai,Hybrid
EMP11847,Nisha Singh,Male,22,101,Senior Manager,Permanent,2020-05-10,Gurugram,Office
EMP11848,Vikram Verma,Female,39,107,Specialist,Permanent,2020-08-12,Kolkata,Office
EMP11849,Nikhil Sharma,Female,47,105,Executive,Permanent,2020-03-04,Bengaluru,Office
EMP11850,Pooja Agarwal,Male,36,102,Executive,Permanent,2019-06-12,Pune,Remote
EMP11851,Mohit Khan,Female,34,104,Executive,Permanent,2025-08-10,Chennai,Office
EMP11852,Rohan Kapoor,Male,27,104,Executive,Permanent,2022-06-16,Hyderabad,Office
EMP11853,Aman Mishra,Male,52,105,Senior Analyst,Permanent,2019-03-13,Pune,Hybrid
EMP11854,Priya Das,Female,35,102,Manager,Permanent,2020-10-16,Gurugram,Hybrid
EMP11855,Rohan Verma,Male,32,107,Executive,Permanent,2019-09-26,Mumbai,Hybrid
EMP11856,Vikram Kapoor,Female,31,102,Specialist,Permanent,2023-11-12,Gurugram,Hybrid
EMP11857,MEERA IYER,Male,30,106,Senior Manager,Permanent,2025-09-28,Chennai,Hybrid
EMP11858,Rohan Jain,Female,47,101,Senior Analyst,Permanent,2022-06-22,Jaipur,Hybrid
EMP11859,Aarav Sharma,Male,53,103,Senior Analyst,Contract,2021-10-12,Kolkata,Hybrid
EMP11860,Pooja Singh,Female,30,102,Manager,Contract,2026-06-15,Chennai,Office
EMP11861,Aarav Mishra,Female,33,104,Associate,Contract,2021-12-19,Jaipur,Office
EMP11862,Tanya Bansal,Male,31,101,Specialist,Permanent,2019-01-06,Bengaluru,Hybrid
EMP11863,Rahul Singh,Male,24,107,Senior Manager,Permanent,2021-09-08,Noida,Office
EMP11864,Rohan Das,Male,28,102,Analyst,Permanent,2026-03-02,Mumbai,Office
EMP11865,Kabir Patel,Female,54,106,Manager,Permanent,2020-02-11,Bengaluru,Remote
EMP11866,Priya Chopra,Female,30,107,Executive,Permanent,2024-05-07,Kolkata,Hybrid
EMP11867,Kabir Mishra,Female,54,104,Analyst,Permanent,2024-09-04,Jaipur,Hybrid
EMP11868,Rohan Patel,Female,49,106,Senior Analyst,Permanent,2021-09-12,Chennai,Office
EMP11869,Vikram Mehta,Female,21,106,Associate,Permanent,2020-01-25,Pune,Office
EMP11870,Nikhil Patel,Female,40,102,Executive,Permanent,2020-12-10,Hyderabad,Office
EMP11871,Kabir Saxena,Female,33,107,Analyst,Contract,2026-03-03,Kolkata,Hybrid
EMP11872,Rahul Mishra,Male,38,102,Executive,Contract,2023-01-11,Noida,Hybrid
EMP11873,Mohit Singh,Male,49,104,Analyst,Contract,2021-01-23,Jaipur,Hybrid
EMP11874,Simran Mehta,Female,50,106,Senior Manager,Contract,2025-01-02,Gurugram,Hybrid
EMP11875,Ishaan Reddy,Female,40,103,Analyst,Permanent,2022-11-12,Bengaluru,Office
EMP11876,Aman Bansal,Female,39,102,Associate,Permanent,2022-06-26,Chennai,Office
EMP11877,Karan Khan,Female,55,103,Analyst,Permanent,2020-06-09,Noida,Office
EMP11878,Riya Sharma,Non-Binary,44,107,Executive,Permanent,2023-01-25,Gurugram,Office
EMP11879,Shreya Verma,Male,40,108,Executive,Permanent,2024-08-22,Hyderabad,Office
EMP11880,Raj Iyer,Female,57,104,Specialist,Permanent,2025-08-28,Bengaluru,Hybrid
EMP11881,Aditya Gupta,Female,57,106,Executive,Contract,2020-07-09,Mumbai,Office
EMP11882,Kavya Chopra,Male,52,108,Executive,Permanent,2019-01-19,Gurugram,Hybrid
EMP11883,Karan Khan,Male,58,101,Analyst,Contract,2020-07-28,Bengaluru,Hybrid
EMP11884,Raj Mishra,Male,39,102,Manager,Permanent,2021-09-30,Kolkata,Office
EMP11885,Sana Reddy,Female,35,106,Senior Manager,Permanent,2025-10-02,Mumbai,Office
EMP11886,Tanya Iyer,Male,30,107,Manager,Contract,2025-10-02,Delhi,Remote
EMP11887,Nisha Mehta,Non-Binary,22,107,Manager,Permanent,2024-04-22,Hyderabad,Hybrid
EMP11888,Simran Sharma,Female,30,103,Senior Analyst,Permanent,2024-04-23,Jaipur,Office
EMP11889,Mohit Reddy,Male,33,101,Executive,Permanent,2023-06-24,Mumbai,Hybrid
EMP11890,Ishaan Khan,Male,58,103,Specialist,Permanent,2023-08-26,Kolkata,Hybrid
EMP11891,Pooja Reddy,Male,26,102,Specialist,Permanent,2024-12-09,Jaipur,Office
EMP11892,Karan Mehta,Male,44,102,Analyst,Permanent,2020-03-07,Delhi,Office
EMP11893,Rahul Kapoor,Male,49,107,Associate,Permanent,2024-09-22,Delhi,Office
EMP11894,Diya Gupta,Female,33,101,Senior Manager,Permanent,2024-03-10,Mumbai,Hybrid
EMP11895,Nisha Mishra,Male,21,107,Associate,Permanent,2024-04-27,Pune,Hybrid
EMP11896,Varun Mishra,Female,33,103,Associate,Permanent,2022-09-02,Bengaluru,Office
EMP11897,Priya Malhotra,Female,23,105,Analyst,Contract,2025-08-25,Chennai,Hybrid
EMP11898,Aarav Gupta,Male,48,101,Senior Analyst,Permanent,2019-05-25,Gurugram,Hybrid
EMP11899,Nikhil Saxena,Male,57,102,Analyst,Permanent,2025-08-07,Chennai,Hybrid
EMP11900,Raj Das,Female,57,101,Associate,Permanent,2021-12-09,Pune,Remote
EMP11901,Rahul Jain,Female,53,108,Executive,Permanent,2021-12-24,Jaipur,Office
EMP11902,Karan Malhotra,Male,30,107,Analyst,Permanent,2025-07-30,hyderabad,Office
EMP11903,Raj Mishra,Male,30,103,Executive,Permanent,2021-03-10,Kolkata,Hybrid
EMP11904,Aarav Jain,Female,45,102,Specialist,Permanent,2022-02-25,Noida,Hybrid
EMP11905,Rohan Reddy,Male,22,108,Executive,Permanent,2025-09-11,Gurugram,Office
EMP11906,Nikhil Gupta,Female,31,102,Executive,Permanent,2024-05-10,Chennai,Hybrid
EMP11907,Meera Bansal,Female,31,101,Manager,Permanent,2020-04-07,Gurugram,Hybrid
EMP11908,Aman Reddy,Male,42,104,Senior Analyst,Permanent,2023-11-10,Mumbai,Hybrid
EMP11909,Sneha Patel,Female,53,108,Associate,Permanent,2024-08-07,Kolkata,Hybrid
EMP11910,Kabir Sethi,Female,35,101,Specialist,Permanent,2021-03-18,Bengaluru,Hybrid
EMP11911,Priya Arora,Male,32,102,Senior Analyst,Permanent,2019-07-06,Jaipur,Hybrid
EMP11912,Nisha Bansal,Male,40,108,Senior Analyst,Permanent,2023-10-10,Hyderabad,Hybrid
EMP11913,Varun Sethi,Male,30,101,Senior Analyst,Permanent,2021-01-01,Kolkata,Office
EMP11914,Mohit Sharma,Female,57,101,Executive,Permanent,2024-04-19,Hyderabad,Hybrid
EMP11915,Ananya Jain,Female,33,104,Manager,Permanent,2022-04-28,Gurugram,Office
EMP11916,Riya Kapoor,Female,50,107,Analyst,Permanent,2022-11-12,jaipur,Office
EMP11917,Aman Bansal,Female,26,103,Manager,Permanent,2020-03-04,Bengaluru,Hybrid
EMP11918,Rahul Reddy,Female,21,108,Senior Manager,Permanent,2022-07-31,Chennai,Hybrid
EMP11919,Aarav Jain,Female,23,106,Analyst,Permanent,2025-04-03,Jaipur,Hybrid
EMP11920,Meera Gupta,Male,54,101,Associate,Permanent,2022-05-02,Bengaluru,Hybrid
EMP11921,Varun Bansal,Male,31,108,Senior Analyst,Permanent,2022-08-03,Gurugram,Hybrid
EMP11922,Nikhil Mehta,Male,36,103,Senior Analyst,Permanent,2021-02-09,Hyderabad,Hybrid
EMP11923,Neha Chopra,Male,45,102,Analyst,Permanent,2021-01-27,Jaipur,Hybrid
EMP11924,Sneha Das,Female,32,104,Manager,Permanent,2019-05-16,Mumbai,Hybrid
EMP11925,Diya Malhotra,Female,30,102,Executive,Permanent,2021-03-02,Hyderabad,Hybrid
EMP11926,Yash Malhotra,Male,37,101,Associate,Contract,2019-06-20,Jaipur,Hybrid
EMP11927,Yash Kapoor,Female,31,101,Manager,Permanent,2025-01-15,Mumbai,Office
EMP11928,Ishaan Kapoor,Female,37,103,Executive,Intern,2025-02-26,Jaipur,Hybrid
EMP11929,Shreya Kapoor,Non-Binary,54,107,Executive,Permanent,2023-04-30,Kolkata,Office
EMP11930,Rahul Verma,Female,24,104,Senior Manager,Permanent,2021-08-19,Gurugram,Hybrid
EMP11931,Ananya Gupta,Male,36,108,Analyst,Permanent,2026-03-15,Hyderabad,Office
EMP11932,Karan Sharma,Male,26,102,Manager,Permanent,2021-05-25,Chennai,Hybrid
EMP11933,Aisha Arora,Male,22,102,Analyst,Permanent,2025-08-15,Pune,Office
EMP11934,Karan Bansal,Female,22,101,Executive,Permanent,2019-04-13,Hyderabad,Hybrid
EMP11935,Sneha Das,Non-Binary,22,101,Associate,Permanent,2021-09-28,Mumbai,Office
EMP11936,Vikram Mehta,Female,43,102,Associate,Permanent,2022-02-22,Chennai,Hybrid
EMP11937,Kabir Mishra,Female,45,107,Senior Analyst,Permanent,2023-01-21,Jaipur,Office
EMP11938,Nisha Das,Male,28,108,Senior Analyst,Permanent,2020-10-19,Noida,Office
EMP11939,Aisha Reddy,Male,58,108,Associate,Permanent,2022-05-05,Bengaluru,Remote
EMP11940,Vikram Patel,Male,48,102,Specialist,Permanent,2020-02-27,Delhi,Office
EMP11941,Pooja Chopra,Non-Binary,53,107,Senior Analyst,Permanent,2026-03-04,Bengaluru,Office
EMP11942,Mohit Mehta,Female,25,102,Senior Analyst,Contract,2019-06-20,Hyderabad,Remote
EMP11943,Ananya Reddy,Female,47,101,Analyst,Permanent,2025-01-29,Hyderabad,Hybrid
EMP11944,Neha Sharma,Female,39,107,Specialist,Permanent,2026-06-03,Delhi,Hybrid
EMP11945,Varun Malhotra,Female,43,105,Senior Analyst,Permanent,2020-03-28,Bengaluru,Office
EMP11946,Priya Singh,Female,42,101,Associate,Permanent,2025-07-25,Pune,Office
EMP11947,Rahul Iyer,Female,51,103,Analyst,Permanent,2024-05-29,Mumbai,Hybrid
EMP11948,Diya Patel,Female,52,102,Specialist,Permanent,2023-07-16,Mumbai,Hybrid
EMP11949,Kavya Jain,Female,29,106,Analyst,Permanent,2025-12-16,Hyderabad,Hybrid
EMP11950,Karan Bansal,Male,58,103,Senior Analyst,Intern,2026-04-21,Pune,Office
EMP11951,Diya Arora,Male,36,108,Associate,Permanent,2024-08-15,Bengaluru,Office
EMP11952,Ishaan Agarwal,Male,34,101,Senior Manager,Permanent,2019-10-15,Pune,Hybrid
EMP11953,Rahul Mishra,Female,40,102,Associate,Permanent,2023-06-30,Mumbai,Remote
EMP11954,Simran Mehta,Male,36,103,Associate,Contract,2022-12-18,Kolkata,Remote
EMP11955,Arjun Das,Female,36,103,Analyst,Permanent,2024-03-28,Jaipur,Office
EMP11956,Shreya Singh,Male,53,102,Manager,Permanent,2020-08-30,Mumbai,Remote
EMP11957,Aman Kapoor,Male,52,106,Analyst,Permanent,2020-04-01,Chennai,Hybrid
EMP11958,Rohan Mishra,Female,32,107,Analyst,Contract,2023-10-31,Jaipur,Office
EMP11959,Arjun Verma,Male,36,108,Senior Analyst,Permanent,2022-05-10,Hyderabad,Hybrid
EMP11960,Aman Sharma,Male,33,107,Analyst,Permanent,2022-05-20,Noida,Hybrid
EMP11961,Rohan Arora,Female,38,107,Associate,Contract,2021-10-26,Noida,Office
EMP11962,Sneha Reddy,Female,37,104,Executive,Contract,2026-04-25,Chennai,Remote
EMP11963,Yash Bansal,Female,37,107,Specialist,Contract,2025-08-20,Hyderabad,Remote
EMP11964,Meera Jain,Male,53,102,Specialist,Permanent,2020-03-22,Chennai,Office
EMP11965,Mohit Das,Female,52,103,Manager,Permanent,2021-04-14,Delhi,Hybrid
EMP11966,Riya Singh,Female,25,102,Associate,Contract,2021-03-21,Noida,Hybrid
EMP11967,Aisha Malhotra,Male,38,103,Associate,Permanent,2022-11-25,Mumbai,Hybrid
EMP11968,Vikram Singh,Male,31,102,Senior Analyst,Permanent,2022-11-12,Hyderabad,Hybrid
EMP11969,Yash Bansal,Non-Binary,37,108,Senior Manager,Contract,2021-08-16,Mumbai,Remote
EMP11970,Rahul Chopra,Female,44,102,Senior Manager,Contract,2023-01-15,Chennai,Hybrid
EMP11971,Nikhil Jain,Female,39,101,Specialist,Permanent,2021-03-19,Pune,Hybrid
EMP11972,Aarav Agarwal,Male,30,104,Executive,Permanent,2021-09-05,Gurugram,Office
EMP11973,Rahul Iyer,Male,50,101,Manager,Permanent,2025-09-29,Jaipur,Hybrid
EMP11974,Priya Das,Female,35,101,Senior Analyst,Permanent,2020-12-26,Chennai,Hybrid
EMP11975,Diya Saxena,Female,47,102,Specialist,Contract,2025-11-06,Pune,Office
EMP11976,Neha Reddy,Female,46,103,Analyst,Permanent,2022-05-01,Hyderabad,Hybrid
EMP11977,Nisha Sethi,Male,36,103,Executive,Permanent,2025-01-06,Gurugram,Hybrid
EMP11978,Riya Iyer,Male,28,107,Analyst,Permanent,2024-03-18,Mumbai,Office
EMP11979,Simran Verma,Male,53,106,Associate,Permanent,2021-02-17,Noida,Hybrid
EMP11980,Sana Bansal,Male,23,103,Executive,Permanent,2021-08-30,Bengaluru,Hybrid
EMP11981,Sana Iyer,Male,42,102,Senior Analyst,Permanent,2023-03-19,Kolkata,Hybrid
EMP11982,Riya Gupta,Female,33,102,Manager,Contract,2022-11-17,Gurugram,Remote
EMP11983,Diya Bansal,Female,45,107,Manager,Permanent,2024-10-24,Jaipur,Hybrid
EMP11984,Neha Bansal,Female,51,101,Associate,Permanent,2020-08-21,Mumbai,Office
EMP11985,Tanya Jain,Female,36,101,Associate,Permanent,2019-08-13,Kolkata,Office
EMP11986,Sana Mishra,Female,38,107,Senior Analyst,Permanent,2023-04-03,Mumbai,Office
EMP11987,Sneha Sethi,Male,54,103,Analyst,Permanent,2024-11-30,Pune,Remote
EMP11988,Yash Das,Male,50,101,Specialist,Permanent,2025-04-17,Chennai,Office
EMP11989,Simran Agarwal,Female,38,102,Senior Analyst,Permanent,2021-04-20,Noida,Remote
EMP11990,Diya Sharma,Male,24,108,Analyst,Contract,2023-12-20,Noida,Hybrid
EMP11991,Yash Kapoor,Male,43,107,Executive,Permanent,2020-12-14,Mumbai,Remote
EMP11992,Yash Gupta,Female,37,106,Associate,Permanent,2022-01-11,Jaipur,Hybrid
EMP11993,Diya Mishra,Male,51,103,Manager,Contract,2019-05-05,Gurugram,Hybrid
EMP11994,Ananya Gupta,Female,23,104,Senior Analyst,Permanent,2021-12-28,Hyderabad,Remote
EMP11995,Nikhil Khan,Male,25,108,Senior Analyst,Contract,2022-07-03,Delhi,Remote
EMP11996,Nisha Mishra,Female,48,108,Analyst,Permanent,2023-10-17,Chennai,Office
EMP11997,Nisha Gupta,Female,58,102,Analyst,Permanent,2019-01-30,Gurugram,Office
EMP11998,Kabir Iyer,Female,44,107,Executive,Permanent,2025-05-17,Noida,Office
EMP11999,Aditya Mishra,Male,27,101,Specialist,Permanent,2024-07-10,Mumbai,Office
EMP12000,Kavya Kapoor,Female,41,102,Executive,Permanent,2025-08-12,Mumbai,Office
EMP12001,Simran Verma,Female,45,106,Executive,Permanent,2020-05-09,Noida,Hybrid
EMP12002,Pooja Mehta,Male,25,103,Senior Analyst,Permanent,2023-05-29,Delhi,Hybrid
EMP12003,Aisha Chopra,Female,30,108,Associate,Permanent,2020-12-18,Pune,Office
EMP12004,Mohit Arora,Female,58,101,Analyst,Permanent,2021-10-13,Hyderabad,Hybrid
EMP12005,Mohit Patel,Female,53,104,Analyst,Permanent,2022-08-30,Mumbai,Hybrid
EMP12006,Nikhil Sethi,Male,28,108,Manager,Permanent,2020-08-28,Noida,Hybrid
EMP12007,Tanya Patel,Female,58,108,Analyst,Permanent,2020-01-10,Noida,Remote
EMP12008,Priya Iyer,Female,48,101,Senior Manager,Permanent,2026-05-10,Hyderabad,Hybrid
EMP12009,Sana Das,Non-Binary,25,103,Manager,Permanent,2024-05-14,Bengaluru,Office
EMP12010,Pooja Patel,Male,29,105,Associate,Permanent,2021-11-14,Mumbai,Office
EMP12011,Raj Chopra,Female,33,101,Executive,Contract,2022-09-19,Hyderabad,Hybrid
EMP12012,Nikhil Kapoor,Female,26,108,Specialist,Permanent,2019-04-26,Gurugram,Remote
EMP12013,Simran Saxena,Male,57,108,Executive,Permanent,2024-09-26,Pune,Office
EMP12014,Rohan Jain,Non-Binary,44,101,Executive,Permanent,2023-12-07,Noida,Office
EMP12015,Meera Sharma,Female,52,101,Senior Manager,Permanent,2024-11-16,Delhi,Remote
EMP12016,POOJA VERMA,Female,32,101,Analyst,Permanent,2023-01-22,Pune,Office
EMP12017,Meera Arora,Male,34,108,Associate,Permanent,2023-03-27,Chennai,Hybrid
EMP12018,Aarav Arora,Female,45,101,Analyst,Permanent,2023-06-09,Hyderabad,Remote
EMP12019,Meera Sharma,Male,47,103,Specialist,Permanent,2025-09-18,Bengaluru,Office
EMP12020,Aman Saxena,Female,34,103,Senior Manager,Permanent,2020-11-15,Kolkata,Office
EMP12021,Kavya Sharma,Female,52,105,Executive,Intern,2025-12-25,Chennai,Hybrid
EMP12022,Rahul Malhotra,Male,53,101,Manager,Contract,2023-01-11,Bengaluru,Office
EMP12023,Sneha Patel,Female,33,102,Senior Manager,Permanent,2023-05-19,Bengaluru,Office
EMP12024,Riya Kapoor,Female,56,108,Analyst,Permanent,2025-04-24,Noida,Hybrid
EMP12025,Tanya Mishra,Male,47,108,Associate,Permanent,2024-12-08,Bengaluru,Remote
EMP12026,Kavya Jain,Male,36,107,Analyst,Permanent,2021-03-20,Gurugram,Hybrid
EMP12027,Rohan Kapoor,Female,38,101,Associate,Permanent,2021-09-04,Chennai,Remote
EMP12028,Nisha Iyer,Female,28,102,Analyst,Permanent,2024-10-02,Mumbai,Hybrid
EMP12029,Meera Patel,Female,36,105,Executive,Intern,2022-09-16,Mumbai,Hybrid
EMP12030,Rohan Malhotra,Male,56,102,Senior Analyst,Permanent,2021-02-22,Gurugram,Office
EMP12031,Diya Verma,Female,42,108,Manager,Contract,2019-08-29,Mumbai,Office
EMP12032,Ananya Sethi,Male,32,105,Executive,Permanent,2023-11-14,Kolkata,Office
EMP12033,Simran Jain,Male,55,101,Associate,Permanent,2023-04-03,Kolkata,Hybrid
EMP12034,Vikram Malhotra,Male,30,108,Senior Analyst,Permanent,2020-04-27,Pune,Hybrid
EMP12035,Aarav Verma,Male,29,108,Analyst,Permanent,2021-10-09,Delhi,Hybrid
EMP12036,Nikhil Sharma,Female,51,101,Specialist,Permanent,2019-07-06,Noida,Office
EMP12037,Ananya Saxena,Male,52,104,Associate,Permanent,2024-02-25,Mumbai,Hybrid
EMP12038,Arjun Sethi,Male,48,102,Specialist,Permanent,2026-05-27,Delhi,Office
EMP12039,Kavya Gupta,Female,42,103,Associate,Permanent,2025-04-28,Noida,Remote
EMP12040,Aarav Arora,Female,50,101,Specialist,Permanent,2021-08-10,Jaipur,Office
EMP12041,Neha Agarwal,Male,45,104,Associate,Permanent,2022-10-19,Mumbai,Hybrid
EMP12042,Aman Arora,Male,27,108,Senior Analyst,Permanent,2020-05-05,Pune,Office
EMP12043,Simran Khan,Male,29,103,Associate,Permanent,2020-03-06,Pune,Remote
EMP12044,Aditya Verma,Male,35,101,Specialist,Permanent,2019-08-27,Delhi,Hybrid
EMP12045,Kabir Mishra,Male,51,105,Senior Analyst,Permanent,2025-06-09,Gurugram,Office
EMP12046,Nikhil Arora,Female,30,102,Executive,Permanent,2025-06-03,Noida,Hybrid
EMP12047,Ishaan Jain,Male,21,107,Senior Manager,Permanent,2019-03-17,Bengaluru,Hybrid
EMP12048,Shreya Sharma,Female,23,103,Manager,Permanent,2022-09-18,Gurugram,Hybrid
EMP12049,Nisha Kapoor,Female,39,101,Senior Analyst,Permanent,2024-04-07,Bengaluru,Hybrid
EMP12050,Nisha Sethi,Male,22,101,Specialist,Permanent,2023-11-17,Jaipur,Hybrid
EMP12051,Yash Khan,Female,24,107,Specialist,Permanent,2026-05-13,Jaipur,Office
EMP12052,Simran Singh,Female,22,102,Senior Analyst,Permanent,2021-04-06,Chennai,Office
EMP12053,Varun Malhotra,Male,53,107,Senior Analyst,Permanent,2025-05-19,Hyderabad,Hybrid
EMP12054,Riya Saxena,Female,46,102,Specialist,Permanent,2020-08-13,Pune,Office
EMP12055,Diya Khan,Male,35,102,Analyst,Permanent,2024-10-20,Chennai,Hybrid
EMP12056,Pooja Singh,Male,29,103,Analyst,Permanent,2024-03-17,Mumbai,Hybrid
EMP12057,Vikram Saxena,Male,44,108,Manager,Permanent,2024-03-25,Jaipur,Hybrid
EMP12058,Rahul Khan,Male,45,108,Associate,Contract,2020-07-28,Jaipur,Hybrid
EMP12059,Ananya Kapoor,Male,36,102,Associate,Permanent,2021-06-10,Bengaluru,Hybrid
EMP12060,Neha Sharma,Female,45,102,Senior Analyst,Permanent,2024-08-21,Noida,Hybrid
EMP12061,Aman Jain,Female,41,101,Analyst,Permanent,2019-05-21,Kolkata,Remote
EMP12062,Ananya Mishra,Male,33,103,Senior Analyst,Permanent,2023-11-25,Jaipur,Hybrid
EMP12063,Aarav Khan,Female,31,103,Specialist,Contract,2019-01-17,Kolkata,Hybrid
EMP12064,Aman Arora,Male,57,108,Associate,Contract,2021-12-22,Kolkata,Office
EMP12065,Arjun Chopra,Male,44,108,Senior Analyst,Permanent,2019-09-10,Gurugram,Remote
EMP12066,Kavya Mehta,Female,39,103,Specialist,Contract,2020-04-09,Hyderabad,Hybrid
EMP12067,Aditya Iyer,Female,34,103,Associate,Permanent,2020-01-11,Pune,Hybrid
EMP12068,Raj Khan,Male,40,107,Specialist,Permanent,2024-01-02,Delhi,Hybrid
EMP12069,Rahul Verma,Female,44,107,Manager,Contract,2020-06-03,Chennai,Hybrid
EMP12070,Aman Singh,Male,24,101,Analyst,Permanent,2024-02-04,Noida,Remote
EMP12071,Vikram Kapoor,Male,30,102,Associate,Permanent,2019-03-31,Pune,Hybrid
EMP12072,Nikhil Chopra,Female,58,103,Senior Analyst,Permanent,2020-12-20,Hyderabad,Hybrid
EMP12073,Yash Malhotra,Male,24,102,Specialist,Contract,2020-09-21,Delhi,Remote
EMP12074,Tanya Mishra,Female,41,101,Executive,Permanent,2024-02-28,Pune,Office
EMP12075,Yash Verma,Female,21,101,Executive,Contract,2019-03-17,Mumbai,Remote
EMP12076,Sneha Khan,Female,39,105,Analyst,Permanent,2021-07-14,Hyderabad,Remote
EMP12077,Tanya Sethi,Female,37,102,Associate,Permanent,2025-09-13,Chennai,Hybrid
EMP12078,Meera Patel,Female,51,101,Associate,Permanent,2023-12-11,Hyderabad,Office
EMP12079,Ishaan Das,Male,57,102,Specialist,Permanent,2021-08-27,Noida,Office
EMP12080,Nikhil Chopra,Male,51,107,Specialist,Permanent,2021-12-30,Pune,Hybrid
EMP12081,Yash Sethi,Male,49,107,Analyst,Permanent,2024-07-21,Mumbai,Office
EMP12082,Mohit Iyer,Male,38,103,Manager,Permanent,2022-11-05,Chennai,Office
EMP12083,Diya Gupta,Male,46,103,Analyst,Contract,2019-07-14,Chennai,Office
EMP12084,Arjun Sethi,Female,38,108,Associate,Permanent,2019-08-16,Mumbai,Office
EMP12085,Shreya Jain,Female,51,102,Executive,Contract,2022-12-30,Chennai,Remote
EMP12086,Rahul Sethi,Female,38,102,Specialist,Permanent,2020-04-05,Delhi,Hybrid
EMP12087,Nisha Reddy,Male,40,102,Executive,Permanent,2020-09-09,Bengaluru,Hybrid
EMP12088,Yash Mehta,Female,21,101,Associate,Permanent,2019-03-05,Delhi,Office
EMP12089,Karan Chopra,Male,50,103,Specialist,Permanent,2025-01-21,Kolkata,Office
EMP12090,Kavya Bansal,Female,41,108,Associate,Permanent,2024-09-05,Gurugram,Hybrid
EMP12091,Varun Patel,Female,32,105,Manager,Permanent,2019-10-12,Bengaluru,Hybrid
EMP12092,Ishaan Reddy,Female,43,103,Senior Analyst,Permanent,2023-08-11,Hyderabad,Remote
EMP12093,Nisha Patel,Male,23,108,Senior Analyst,Permanent,2025-05-17,Noida,Hybrid
EMP12094,Karan Saxena,Female,25,101,Senior Manager,Permanent,2021-04-17,Pune,Remote
EMP12095,Rohan Bansal,Non-Binary,24,102,Manager,Permanent,2021-04-10,Gurugram,Office
EMP12096,Ananya Reddy,Male,26,104,Analyst,Contract,2022-04-02,Gurugram,Remote
EMP12097,Aisha Verma,Male,36,105,Executive,Permanent,2019-08-12,Noida,Hybrid
EMP12098,Mohit Khan,Female,47,101,Analyst,Permanent,2021-02-22,Jaipur,Office
EMP12099,Ananya Arora,Male,21,103,Analyst,Permanent,2021-08-07,Jaipur,Hybrid
EMP12100,Ananya Khan,Male,51,105,Analyst,Permanent,2019-02-14,Kolkata,Remote
EMP12101,Sana Mishra,Male,49,106,Executive,Permanent,2023-12-16,Hyderabad,Hybrid
EMP12102,Pooja Iyer,Male,56,105,Analyst,Permanent,2020-04-15,Kolkata,Hybrid
EMP12103,Kabir Khan,Male,55,102,Executive,Permanent,2024-09-12,Pune,Office
EMP12104,Kavya Iyer,Male,32,101,Senior Analyst,Permanent,2026-05-24,Gurugram,Office
EMP12105,Aarav Malhotra,Female,33,103,Analyst,Permanent,2021-04-09,Hyderabad,Office
EMP12106,Raj Gupta,Male,48,101,Associate,Permanent,2024-03-24,Hyderabad,Hybrid
EMP12107,Aman Khan,Male,33,108,Executive,Permanent,2025-03-18,Pune,Hybrid
EMP12108,Nikhil Agarwal,Male,42,103,Specialist,Permanent,2024-03-06,Pune,Hybrid
EMP12109,Aman Khan,Male,52,102,Analyst,Contract,2026-01-25,Kolkata,Office
EMP12110,Kabir Reddy,Non-Binary,49,107,Senior Analyst,Permanent,2020-11-22,Delhi,Office
EMP12111,Yash Gupta,Male,27,103,Executive,Permanent,2022-10-22,Mumbai,Office
EMP12112,Aditya Malhotra,Male,29,102,Specialist,Permanent,2021-07-20,Chennai,Hybrid
EMP12113,Ananya Singh,Male,42,107,Analyst,Permanent,2021-04-20,Jaipur,Hybrid
EMP12114,Nikhil Mishra,Male,27,107,Specialist,Permanent,2024-04-22,Jaipur,Office
EMP12115,Ishaan Reddy,Male,31,106,Manager,Permanent,2023-04-23,Jaipur,Remote
EMP12116,Priya Mehta,Female,22,101,Analyst,Permanent,2026-03-14,Chennai,Hybrid
EMP12117,Yash Patel,Female,36,104,Manager,Permanent,2025-04-05,Bengaluru,Office
EMP12118,Yash Singh,Female,30,107,Specialist,Permanent,2025-10-24,Kolkata,Office
EMP12119,Rahul Sethi,Male,58,101,Analyst,Permanent,2019-05-28,Bengaluru,Hybrid
EMP12120,Sneha Singh,Female,24,102,Analyst,Permanent,2021-10-29,Noida,Office
EMP12121,Aman Mehta,Male,50,107,Analyst,Permanent,2022-08-04,Chennai,Office
EMP12122,Riya Reddy,Female,54,101,Analyst,Permanent,2020-01-23,Pune,Remote
EMP12123,Varun Mehta,Male,45,106,Associate,Contract,2024-02-17,Chennai,Hybrid
EMP12124,Karan Sethi,Female,54,103,Associate,Contract,2021-07-04,Pune,Hybrid
EMP12125,Sneha Bansal,Male,53,103,Analyst,Intern,2024-02-22,Chennai,Hybrid
EMP12126,Neha Chopra,Male,58,101,Senior Analyst,Permanent,2026-05-09,Bengaluru,Office
EMP12127,Nisha Agarwal,Male,44,107,Senior Analyst,Permanent,2019-10-05,Pune,Office
EMP12128,Karan Kapoor,Male,32,102,Manager,Permanent,2024-05-31,Kolkata,Hybrid
EMP12129,Nikhil Malhotra,Non-Binary,31,104,Executive,Permanent,2024-02-03,Bengaluru,Hybrid
EMP12130,Nisha Patel,Female,44,106,Associate,Permanent,2023-12-31,Mumbai,Hybrid
EMP12131,Rahul Sethi,Female,34,106,Senior Analyst,Permanent,2026-03-21,Hyderabad,Hybrid
EMP12132,Riya Sharma,Male,46,108,Analyst,Permanent,2024-01-08,Delhi,Hybrid
EMP12133,Meera Iyer,Female,48,104,Analyst,Permanent,2026-05-20,Delhi,Office
EMP12134,Pooja Verma,Male,57,103,Associate,Contract,2020-09-09,Mumbai,Hybrid
EMP12135,Aarav Saxena,Male,57,108,Specialist,Permanent,2023-06-19,Jaipur,Office
EMP12136,Ishaan Bansal,Female,44,105,Manager,Permanent,2024-12-22,Delhi,Office
EMP12137,Nisha Jain,Male,23,102,Specialist,Contract,2020-08-02,Chennai,Hybrid
EMP12138,Pooja Patel,Female,57,101,Analyst,Permanent,2022-03-16,Kolkata,Office
EMP12139,Raj Das,Female,46,107,Executive,Permanent,2020-05-04,Noida,Office
EMP12140,Ananya Khan,Female,38,103,Specialist,Permanent,2025-11-30,Hyderabad,Hybrid
EMP12141,Rahul Verma,Male,42,106,Manager,Permanent,2022-03-28,Noida,Office
EMP12142,Kabir Chopra,Female,26,103,Manager,Permanent,2020-01-19,Kolkata,Office
EMP12143,Kavya Kapoor,Female,44,101,Analyst,Contract,2019-06-12,Mumbai,Hybrid
EMP12144,Aman Saxena,Male,22,105,Specialist,Contract,2025-10-24,Gurugram,Remote
EMP12145,Priya Mishra,Female,21,101,Analyst,Permanent,2024-02-20,Kolkata,Office
EMP12146,Raj Malhotra,Male,37,103,Senior Manager,Permanent,2022-04-27,Gurugram,Remote
EMP12147,Yash Bansal,Male,51,104,Specialist,Permanent,2025-09-28,Hyderabad,Office
EMP12148,Diya Arora,Female,41,103,Specialist,Permanent,2022-09-24,Kolkata,Office
EMP12149,Shreya Singh,Female,36,106,Associate,Permanent,2023-06-19,Kolkata,Hybrid
EMP12150,Sana Saxena,Female,42,107,Executive,Permanent,2022-04-19,Delhi,Hybrid
EMP12151,Yash Das,Female,31,107,Specialist,Permanent,2019-10-15,Bengaluru,Office
EMP12152,Aditya Khan,Female,54,101,Analyst,Permanent,2024-02-01,Pune,Hybrid
EMP12153,Rahul Agarwal,Male,26,101,Analyst,Contract,2019-07-06,Bengaluru,Hybrid
EMP12154,Raj Singh,Female,30,104,Senior Manager,Contract,2024-03-22,Jaipur,Hybrid
EMP12155,Yash Iyer,Non-Binary,39,108,Associate,Permanent,2022-03-07,Delhi,Hybrid
EMP12156,Sana Mishra,Male,45,107,Analyst,Permanent,2019-05-10,Delhi,Remote
EMP12157,Meera Reddy,Female,29,107,Associate,Contract,2025-02-19,Delhi,Hybrid
EMP12158,Neha Patel,Female,52,102,Manager,Permanent,2025-06-21,Kolkata,Hybrid
EMP12159,Arjun Bansal,Female,41,103,Executive,Permanent,2024-03-02,Chennai,Hybrid
EMP12160,Tanya Kapoor,Male,44,103,Analyst,Permanent,2019-05-24,Noida,Remote
EMP12161,Aisha Mishra,Female,24,101,Manager,Permanent,2019-01-16,Hyderabad,Remote
EMP12162,Nisha Iyer,Non-Binary,34,101,Senior Manager,Intern,2025-10-06,Kolkata,Hybrid
EMP12163,Pooja Gupta,Male,49,108,Executive,Permanent,2019-09-02,Jaipur,Hybrid
EMP12164,Rohan Saxena,Female,40,102,Associate,Permanent,2021-07-15,Bengaluru,Hybrid
EMP12165,Arjun Verma,Female,37,102,Executive,Permanent,2024-12-16,Pune,Hybrid
EMP12166,Aditya Arora,Male,42,101,Associate,Permanent,2021-06-25,Kolkata,Hybrid
EMP12167,Yash Khan,Female,53,108,Senior Analyst,Permanent,2021-06-05,Chennai,Remote
EMP12168,Riya Jain,Male,39,104,Senior Analyst,Permanent,2019-12-07,Gurugram,Hybrid
EMP12169,Riya Reddy,Female,53,106,Specialist,Permanent,2024-08-13,Bengaluru,Hybrid
EMP12170,Nisha Verma,Female,52,108,Associate,Permanent,2022-12-04,Noida,Remote
EMP12171,Vikram Patel,Male,34,102,Senior Analyst,Contract,2019-11-02,Jaipur,Office
EMP12172,Vikram Mishra,Female,54,105,Senior Analyst,Contract,2021-06-26,Kolkata,Hybrid
EMP12173,Ishaan Patel,Male,57,101,Analyst,Contract,2026-04-08,Kolkata,Remote
EMP12174,Yash Reddy,Female,42,101,Associate,Intern,2022-10-03,Jaipur,Office
EMP12175,Kavya Gupta,Female,51,107,Senior Analyst,Contract,2019-11-17,Mumbai,Hybrid
EMP12176,Nisha Agarwal,Female,40,107,Analyst,Contract,2020-07-12,Pune,Hybrid
EMP12177,Varun Das,Female,54,102,Associate,Permanent,2022-04-19,Gurugram,Office
EMP12178,Ananya Agarwal,Male,42,103,Senior Analyst,Permanent,2026-04-19,Bengaluru,Hybrid
EMP12179,Rahul Chopra,Female,33,104,Senior Analyst,Permanent,2022-11-10,Jaipur,Hybrid
EMP12180,Neha Chopra,Male,41,101,Analyst,Permanent,2023-06-30,Kolkata,Office
EMP12181,Sana Sharma,Male,32,102,Executive,Permanent,2022-02-05,Mumbai,Office
EMP12182,Diya Chopra,Male,36,102,Executive,Permanent,2026-01-22,Kolkata,Office
EMP12183,Shreya Sethi,Male,55,102,Senior Analyst,Permanent,2025-09-23,Kolkata,Office
EMP12184,Arjun Sethi,Female,24,107,Associate,Permanent,2021-03-28,Delhi,Hybrid
EMP12185,Raj Kapoor,Male,43,102,Specialist,Permanent,2022-04-09,jaipur,Remote
EMP12186,Varun Chopra,Male,57,101,Associate,Permanent,2025-12-15,Noida,Hybrid
EMP12187,Nisha Gupta,Female,47,103,Specialist,Permanent,2019-01-12,Gurugram,Office
EMP12188,Yash Khan,Female,50,107,Associate,Permanent,2019-07-14,Jaipur,Office
EMP12189,Karan Verma,Female,52,102,Senior Analyst,Intern,2025-12-12,Mumbai,Hybrid
EMP12190,Aarav Bansal,Female,58,101,Executive,Permanent,2025-02-07,Gurugram,Office
EMP12191,Meera Sethi,Female,23,102,Executive,Permanent,2020-10-17,Hyderabad,Hybrid
EMP12192,Aarav Bansal,Female,30,106,Executive,Permanent,2024-04-05,Jaipur,Hybrid
EMP12193,Yash Patel,Female,32,104,Analyst,Permanent,2024-09-08,Jaipur,Office
EMP12194,Ishaan Patel,Female,51,107,Senior Analyst,Permanent,2023-06-08,Chennai,Remote
EMP12195,Nisha Jain,Female,35,108,Associate,Permanent,2022-01-24,Chennai,Office
EMP12196,Vikram Iyer,Male,52,107,Executive,Permanent,2021-02-16,Noida,Office
EMP12197,Tanya Sharma,Male,21,105,Manager,Permanent,2020-03-19,Bengaluru,Remote
EMP12198,Priya Reddy,Non-Binary,39,103,Executive,Contract,2019-10-25,Delhi,Office
EMP12199,Kabir Mehta,Female,37,101,Executive,Permanent,2021-03-18,Delhi,Hybrid
EMP12200,Meera Malhotra,Male,27,108,Executive,Permanent,2023-10-27,Kolkata,Hybrid
EMP12201,Kabir Khan,Female,49,103,Executive,Intern,2021-04-24,Hyderabad,Office
EMP12202,Sana Sharma,Male,43,101,Senior Analyst,Permanent,2021-10-12,Gurugram,Hybrid
EMP12203,Riya Jain,Female,42,106,Associate,Permanent,2022-10-16,Pune,Remote
EMP12204,Mohit Singh,Male,47,102,Executive,Permanent,2022-10-29,Delhi,Hybrid
EMP12205,Meera Mishra,Male,53,104,Analyst,Permanent,2020-07-07,Jaipur,Office
EMP12206,Riya Reddy,Female,51,104,Associate,Contract,2025-06-08,Gurugram,Hybrid
EMP12207,Sneha Bansal,Non-Binary,57,103,Analyst,Permanent,2020-02-25,Hyderabad,Hybrid
EMP12208,Mohit Iyer,Male,30,107,Senior Analyst,Permanent,2022-06-23,Chennai,Hybrid
EMP12209,Aditya Mehta,Female,33,102,Executive,Permanent,2022-06-14,Jaipur,Office
EMP12210,Pooja Sethi,Male,25,103,Senior Analyst,Permanent,2019-07-04,Chennai,Hybrid
EMP12211,Raj Sharma,Female,38,104,Specialist,Permanent,2020-04-12,Delhi,Remote
EMP12212,Kavya Reddy,Male,36,106,Manager,Permanent,2025-08-07,Mumbai,Hybrid
EMP12213,Neha Arora,Female,40,107,Executive,Permanent,2022-07-30,Bengaluru,Hybrid
EMP12214,Yash Mehta,Female,50,103,Associate,Permanent,2023-04-26,Delhi,Hybrid
EMP12215,Rahul Chopra,Male,21,105,Specialist,Permanent,2019-12-02,Pune,Office
EMP12216,Sana Saxena,Female,38,101,Executive,Permanent,2025-01-18,Jaipur,Remote
EMP12217,Pooja Jain,Female,33,108,Associate,Permanent,2023-02-06,Delhi,Remote
EMP12218,Sana Jain,Female,45,103,Senior Manager,Permanent,2024-08-21,Bengaluru,Office
EMP12219,Sneha Sharma,Male,57,106,Specialist,Contract,2022-12-18,Chennai,Office
EMP12220,Kabir Kapoor,Female,47,101,Executive,Permanent,2020-08-10,Noida,Hybrid
EMP12221,Neha Mishra,Male,31,102,Executive,Contract,2024-02-25,Noida,Hybrid
EMP12222,Aditya Mishra,Male,53,103,Senior Analyst,Permanent,2019-07-20,Chennai,Hybrid
EMP12223,Varun Iyer,Female,37,107,Manager,Permanent,2020-06-05,Jaipur,Hybrid
EMP12224,Rohan Kapoor,Male,38,104,Specialist,Contract,2024-03-02,Kolkata,Remote
EMP12225,Arjun Agarwal,Female,30,108,Analyst,Permanent,2025-12-27,Mumbai,Office
EMP12226,Raj Iyer,Female,24,103,Specialist,Permanent,2023-09-08,Pune,Office
EMP12227,Simran Patel,Female,22,103,Associate,Permanent,2021-02-26,Noida,Remote
EMP12228,Ishaan Verma,Female,56,101,Senior Analyst,Permanent,2019-03-01,Kolkata,Office
EMP12229,Nikhil Malhotra,Male,21,107,Senior Analyst,Permanent,2020-07-31,Noida,Remote
EMP12230,Meera Reddy,Female,49,102,Associate,Permanent,2019-11-17,Noida,Office
EMP12231,Rohan Verma,Male,24,107,Senior Analyst,Permanent,2022-12-29,Kolkata,Hybrid
EMP12232,Raj Mehta,Male,21,108,Senior Analyst,Permanent,2024-07-30,Pune,Office
EMP12233,Aditya Patel,Male,31,108,Specialist,Contract,2021-07-11,Chennai,Hybrid
EMP12234,Yash Singh,Female,33,104,Manager,Intern,2022-11-10,Noida,Hybrid
EMP12235,Neha Verma,Non-Binary,31,106,Senior Manager,Permanent,2023-08-22,Delhi,Hybrid
EMP12236,Nisha Bansal,Female,50,107,Analyst,Intern,2020-07-22,Bengaluru,Office
EMP12237,Rohan Saxena,Male,40,101,Analyst,Permanent,2022-01-06,Hyderabad,Remote
EMP12238,Yash Jain,Female,44,105,Manager,Permanent,2020-06-10,Noida,Office
EMP12239,Nisha Malhotra,Male,58,101,Associate,Permanent,2026-01-15,Gurugram,Hybrid
EMP12240,Arjun Mehta,Female,33,103,Specialist,Permanent,2026-04-14,Delhi,Remote
EMP12241,Nisha Iyer,Male,52,101,Manager,Contract,2024-12-12,Kolkata,Office
EMP12242,Kabir Iyer,Male,44,101,Analyst,Permanent,2021-05-20,Kolkata,Office
EMP12243,Karan Kapoor,Male,42,103,Senior Analyst,Permanent,2019-10-07,Kolkata,Hybrid
EMP12244,Kavya Kapoor,Female,21,103,Associate,Permanent,2026-04-23,Delhi,Hybrid
EMP12245,Rahul Gupta,Female,43,105,Senior Manager,Permanent,2024-03-07,Hyderabad,Hybrid
EMP12246,ARJUN REDDY,Female,21,101,Analyst,Permanent,2023-10-18,Kolkata,Hybrid
EMP12247,Vikram Chopra,Female,58,103,Senior Analyst,Permanent,2020-11-04,Noida,Hybrid
EMP12248,Mohit Mishra,Non-Binary,58,101,Senior Manager,Permanent,2022-02-25,Hyderabad,Office
EMP12249,Vikram Verma,Female,28,104,Analyst,Permanent,2025-06-19,Noida,Remote
EMP12250,Ishaan Kapoor,Female,29,105,Analyst,Permanent,2019-11-28,Delhi,Office
EMP12251,Rohan Sharma,Female,23,104,Manager,Permanent,2022-03-19,Mumbai,Remote
EMP12252,Rohan Kapoor,Female,27,106,Specialist,Permanent,2024-08-01,Jaipur,Hybrid
EMP12253,Nisha Malhotra,Female,23,102,Senior Manager,Permanent,2023-01-17,Gurugram,Hybrid
EMP12254,Diya Sethi,Female,48,107,Specialist,Permanent,2019-02-05,Kolkata,Hybrid
EMP12255,Vikram Bansal,Female,43,103,Senior Analyst,Permanent,2023-09-05,Hyderabad,Office
EMP12256,Sneha Kapoor,Female,48,103,Senior Analyst,Contract,2022-12-14,Bengaluru,Hybrid
EMP12257,Riya Khan,Female,30,105,Executive,Permanent,2025-03-03,Kolkata,Office
EMP12258,Yash Mishra,Female,58,101,Senior Analyst,Permanent,2026-05-10,Pune,Office
EMP12259,Riya Iyer,Female,40,105,Specialist,Permanent,2022-10-11,Kolkata,Office
EMP12260,Karan Patel,Female,55,105,Senior Analyst,Contract,2020-03-15,Chennai,Hybrid
EMP12261,Sana Khan,Female,58,102,Analyst,Contract,2022-01-24,Chennai,Hybrid
EMP12262,Ananya Sethi,Male,57,101,Senior Manager,Permanent,2019-06-13,Hyderabad,Remote
EMP12263,Shreya Khan,Male,33,101,Analyst,Permanent,2019-05-28,Jaipur,Office
EMP12264,Pooja Patel,Male,57,108,Associate,Contract,2025-05-30,Bengaluru,Office
EMP12265,Yash Khan,Male,25,106,Associate,Permanent,2019-07-14,Chennai,Hybrid
EMP12266,Riya Reddy,Male,55,101,Analyst,Contract,2020-10-24,Delhi,Office
EMP12267,Ishaan Saxena,Female,24,102,Senior Manager,Permanent,2020-04-24,Hyderabad,Office
EMP12268,Riya Saxena,Female,37,105,Associate,Permanent,2019-05-03,Mumbai,Office
EMP12269,Simran Mehta,Male,38,107,Manager,Permanent,2022-11-24,Bengaluru,Office
EMP12270,Meera Iyer,Male,24,101,Manager,Contract,2021-08-22,Delhi,Office
EMP12271,Tanya Reddy,Female,24,102,Manager,Permanent,2026-06-01,Noida,Office
EMP12272,Simran Sethi,Female,31,107,Associate,Permanent,2023-11-14,Gurugram,Hybrid
EMP12273,Yash Reddy,Male,24,101,Executive,Permanent,2023-01-25,Gurugram,Office
EMP12274,Diya Das,Female,49,102,Senior Analyst,Permanent,2024-07-07,Chennai,Hybrid
EMP12275,Arjun Mishra,Female,25,108,Specialist,Contract,2020-12-10,Bengaluru,Remote
EMP12276,Neha Sethi,Female,50,105,Analyst,Permanent,2025-09-09,Delhi,Remote
EMP12277,Diya Sethi,Female,21,102,Senior Manager,Permanent,2021-06-30,Kolkata,Office
EMP12278,Sneha Malhotra,Female,51,101,Manager,Permanent,2022-09-22,Hyderabad,Office
EMP12279,Aditya Jain,Non-Binary,50,101,Analyst,Permanent,2025-06-22,Pune,Hybrid
EMP12280,Tanya Mehta,Male,36,102,Associate,Permanent,2023-10-01,Gurugram,Hybrid
EMP12281,Aditya Singh,Male,30,107,Associate,Contract,2023-12-29,Hyderabad,Hybrid
EMP12282,Sana Chopra,Female,52,103,Executive,Permanent,2023-04-29,Gurugram,Hybrid
EMP12283,Pooja Mishra,Female,25,106,Associate,Permanent,2020-11-11,Chennai,Hybrid
EMP12284,Karan Mehta,Male,21,108,Analyst,Permanent,2022-08-26,Bengaluru,Office
EMP12285,Nikhil Mishra,Male,41,103,Senior Analyst,Permanent,2025-12-17,Delhi,Hybrid
EMP12286,Nisha Mehta,Female,36,101,Associate,Permanent,2020-07-09,Pune,Hybrid
EMP12287,Priya Verma,Female,31,104,Senior Analyst,Intern,2020-09-01,Noida,Hybrid
EMP12288,Mohit Verma,Male,56,108,Specialist,Permanent,2024-11-26,Noida,Hybrid
EMP12289,Nisha Khan,Female,51,107,Senior Analyst,Permanent,2020-01-07,Bengaluru,Office
EMP12290,Meera Saxena,Male,58,101,Analyst,Permanent,2020-09-07,Hyderabad,Hybrid
EMP12291,Meera Mehta,Female,49,106,Specialist,Contract,2024-03-29,Gurugram,Hybrid
EMP12292,Sneha Verma,Female,27,104,Specialist,Permanent,2025-03-03,Jaipur,Office
EMP12293,Aarav Iyer,Female,49,108,Associate,Contract,2021-04-26,Mumbai,Hybrid
EMP12294,Aarav Sethi,Female,57,101,Analyst,Contract,2019-02-12,Hyderabad,Remote
EMP12295,Mohit Arora,Non-Binary,53,104,Senior Analyst,Permanent,2021-05-14,Chennai,Remote
EMP12296,Aman Sharma,Female,35,107,Manager,Permanent,2022-06-22,Kolkata,Hybrid
EMP12297,Sneha Arora,Male,35,103,Associate,Permanent,2022-10-10,Jaipur,Hybrid
EMP12298,Ishaan Das,Male,35,103,Analyst,Permanent,2021-02-23,Hyderabad,Hybrid
EMP12299,Simran Agarwal,Male,31,101,Manager,Permanent,2020-04-20,Hyderabad,Hybrid
EMP12300,Aditya Iyer,Female,24,102,Executive,Permanent,2019-03-24,Kolkata,Remote
EMP12301,Aarav Kapoor,Male,56,102,Specialist,Permanent,2022-02-07,Chennai,Hybrid
EMP12302,Kabir Iyer,Male,57,108,Associate,Permanent,2025-02-15,Chennai,Hybrid
EMP12303,Shreya Malhotra,Female,37,102,Specialist,Intern,2021-03-10,Delhi,Remote
EMP12304,Diya Verma,Female,54,103,Analyst,Permanent,2021-07-24,Delhi,Hybrid
EMP12305,Sana Chopra,Female,43,106,Specialist,Permanent,2025-04-17,Delhi,Office
EMP12306,Arjun Khan,Female,30,101,Analyst,Permanent,2025-05-27,Kolkata,Hybrid
EMP12307,Shreya Iyer,Male,24,103,Senior Analyst,Contract,2023-07-27,Mumbai,Office
EMP12308,Neha Gupta,Male,50,106,Analyst,Permanent,2019-11-22,Delhi,Office
EMP12309,Ananya Agarwal,Female,39,107,Analyst,Permanent,2023-03-15,Noida,Hybrid
EMP12310,Diya Saxena,Male,47,105,Associate,Permanent,2024-06-08,Kolkata,Office
EMP12311,Varun Iyer,Female,38,106,Associate,Permanent,2024-05-18,Kolkata,
EMP12312,Aman Patel,Female,45,101,Senior Analyst,Permanent,2021-04-16,Noida,Hybrid
EMP12313,Simran Das,Female,54,108,Manager,Permanent,2020-05-22,Pune,Hybrid
EMP12314,Raj Khan,Female,56,101,Manager,Permanent,2024-10-20,Gurugram,Hybrid
EMP12315,Nisha Saxena,Female,57,107,Specialist,Contract,2022-06-24,Pune,Hybrid
EMP12316,Rahul Mishra,Male,47,102,Manager,Intern,2020-10-02,Gurugram,Remote
EMP12317,Nisha Agarwal,Female,32,108,Senior Manager,Permanent,2024-02-22,Chennai,Hybrid
EMP12318,Aditya Saxena,Female,50,106,Senior Analyst,Permanent,2020-08-30,Hyderabad,Office
EMP12319,Arjun Singh,Male,29,106,Senior Analyst,Permanent,2024-05-12,Mumbai,Hybrid
EMP12320,Neha Reddy,Female,45,102,Senior Manager,Permanent,2020-07-19,Bengaluru,Hybrid
EMP12321,Pooja Malhotra,Male,37,103,Analyst,Permanent,2022-09-29,Jaipur,Hybrid
EMP12322,Karan Khan,Female,48,105,Senior Analyst,Permanent,2024-10-02,Gurugram,Hybrid
EMP12323,Priya Reddy,Male,26,107,Specialist,Permanent,2023-10-20,Gurugram,Office
EMP12324,Vikram Iyer,Male,31,101,Specialist,Permanent,2026-01-19,Mumbai,Office
EMP12325,Rohan Iyer,Female,53,108,Executive,Permanent,2026-04-12,Pune,Office
EMP12326,Kabir Reddy,Female,42,107,Senior Analyst,Intern,2023-05-01,Kolkata,Office
EMP12327,Karan Chopra,Male,47,102,Specialist,Permanent,2024-06-09,Noida,Hybrid
EMP12328,Karan Das,Female,30,107,Senior Analyst,Permanent,2025-02-18,Hyderabad,Hybrid
EMP12329,Pooja Arora,Male,54,104,Senior Analyst,Permanent,2024-10-06,Hyderabad,Hybrid
EMP12330,Aman Mehta,Male,38,103,Specialist,Permanent,2019-05-09,Kolkata,Office
EMP12331,Kavya Saxena,Male,47,102,Executive,Permanent,2024-02-16,Jaipur,Office
EMP12332,Aarav Singh,Female,52,104,Associate,Intern,2020-12-06,Delhi,Hybrid
EMP12333,Simran Singh,Male,54,106,Manager,Permanent,2021-05-01,Jaipur,Remote
EMP12334,Aman Iyer,Male,33,103,Analyst,Permanent,2019-01-08,Bengaluru,Hybrid
EMP12335,Rohan Khan,Female,27,105,Associate,Permanent,2024-09-07,Pune,Office
EMP12336,Rahul Patel,Male,36,106,Associate,Contract,2022-02-09,Jaipur,Hybrid
EMP12337,Aarav Malhotra,Female,50,106,Specialist,Permanent,2024-12-18,Mumbai,
EMP12338,Kabir Gupta,Female,47,101,Senior Manager,Intern,2025-02-13,Mumbai,Office
EMP12339,Meera Reddy,Male,33,107,Analyst,Permanent,2023-08-26,Chennai,Office
EMP12340,Neha Sharma,Male,29,103,Specialist,Permanent,2023-02-07,Gurugram,Office
EMP12341,Varun Bansal,Male,27,102,Executive,Permanent,2025-03-09,Pune,Office
EMP12342,Riya Das,Male,53,102,Analyst,Permanent,2023-07-03,Kolkata,Hybrid
EMP12343,Aarav Mehta,Male,23,103,Executive,Permanent,2019-10-03,Jaipur,Hybrid
EMP12344,Neha Bansal,Female,57,107,Executive,Permanent,2023-08-30,Hyderabad,Hybrid
EMP12345,Raj Arora,Female,35,103,Specialist,Permanent,2023-12-01,Delhi,Remote
EMP12346,Sana Verma,Female,37,106,Associate,Contract,2019-08-31,Hyderabad,Hybrid
EMP12347,Arjun Sethi,Male,28,101,Specialist,Permanent,2026-06-25,Chennai,Hybrid
EMP12348,Sneha Bansal,Female,22,103,Associate,Permanent,2019-06-20,Hyderabad,Office
EMP12349,Aman Agarwal,Female,56,108,Associate,Permanent,2020-10-14,Delhi,Office
EMP12350,Shreya Reddy,Female,30,107,Executive,Permanent,2024-04-16,Mumbai,Office
EMP12351,Priya Bansal,Male,33,102,Analyst,Permanent,2025-02-13,Chennai,Remote
EMP12352,Nikhil Sharma,Female,29,103,Analyst,Permanent,2022-01-14,Jaipur,Remote
EMP12353,Priya Bansal,Female,25,102,Analyst,Permanent,2023-02-08,Pune,Remote
EMP12354,Aditya Verma,Female,37,103,Associate,Permanent,2024-09-30,Mumbai,Hybrid
EMP12355,Shreya Sharma,Female,33,107,Specialist,Permanent,2024-11-28,Pune,Office
EMP12356,Riya Patel,Male,27,107,Executive,Permanent,2024-05-26,Noida,Office
EMP12357,Priya Iyer,Male,28,102,Analyst,Permanent,2021-12-02,Bengaluru,Office
EMP12358,Diya Iyer,Male,27,108,Executive,Contract,2025-03-08,Gurugram,Hybrid
EMP12359,Mohit Saxena,Male,26,105,Manager,Permanent,2024-07-28,Pune,Hybrid
EMP12360,Tanya Khan,Female,43,103,Analyst,Permanent,2021-05-07,Mumbai,Office
EMP12361,Rohan Gupta,Male,36,103,Senior Analyst,Permanent,2026-04-28,Hyderabad,Hybrid
EMP12362,Sneha Kapoor,Female,21,105,Specialist,Permanent,2021-11-15,Pune,Hybrid
EMP12363,Simran Saxena,Male,43,104,Specialist,Permanent,2019-10-26,Jaipur,Office
EMP12364,Pooja Saxena,Male,25,103,Analyst,Permanent,2021-07-12,Noida,Office
EMP12365,Ananya Chopra,Male,31,103,Senior Analyst,Permanent,2019-05-17,Delhi,Hybrid
EMP12366,Nisha Malhotra,Non-Binary,55,101,Analyst,Permanent,2021-11-09,Gurugram,Hybrid
EMP12367,Simran Reddy,Male,28,107,Senior Analyst,Contract,2025-10-23,Delhi,Remote
EMP12368,Aman Arora,Female,28,104,Manager,Permanent,2019-07-30,Chennai,Office
EMP12369,Arjun Malhotra,Female,49,101,Manager,Intern,2023-04-24,Pune,Hybrid
EMP12370,Raj Arora,Male,32,107,Associate,Permanent,2025-10-18,Chennai,Office
EMP12371,Meera Bansal,Female,27,108,Senior Analyst,Permanent,2021-02-18,Noida,Office
EMP12372,Nisha Singh,Male,50,108,Manager,Permanent,2022-05-15,Chennai,Hybrid
EMP12373,Varun Verma,Female,47,103,Analyst,Contract,2025-10-22,Jaipur,Hybrid
EMP12374,Yash Khan,Male,55,101,Associate,Permanent,2023-12-08,Hyderabad,Hybrid
EMP12375,Riya Reddy,Female,31,104,Specialist,Permanent,2026-06-06,Gurugram,Hybrid
EMP12376,Aarav Saxena,Male,50,101,Specialist,Permanent,2021-12-01,Delhi,Hybrid
EMP12377,Varun Iyer,Male,29,108,Executive,Permanent,2020-02-15,Gurugram,Office
EMP12378,Neha Sethi,Female,28,101,Manager,Permanent,2026-04-11,Delhi,Office
EMP12379,Ananya Reddy,Male,43,102,Analyst,Permanent,2020-03-02,Mumbai,Hybrid
EMP12380,Aarav Das,Female,23,103,Analyst,Contract,2023-01-11,Mumbai,Hybrid
EMP12381,Sana Malhotra,Female,33,103,Associate,Permanent,2021-07-30,Pune,Remote
EMP12382,Ishaan Malhotra,Female,22,107,Senior Analyst,Permanent,2024-03-22,Mumbai,Office
EMP12383,Kabir Patel,Male,45,103,Senior Analyst,Permanent,2021-01-11,Pune,Hybrid
EMP12384,Nisha Sethi,Female,49,101,Associate,Intern,2022-10-24,Gurugram,Hybrid
EMP12385,Kabir Verma,Male,40,102,Senior Manager,Permanent,2022-05-28,Noida,Office
EMP12386,Kabir Singh,Male,32,103,Executive,Permanent,2023-05-20,Delhi,Office
EMP12387,Karan Patel,Male,28,101,Analyst,Permanent,2022-06-09,Chennai,Hybrid
EMP12388,Ananya Malhotra,Female,35,105,Executive,Permanent,2019-11-24,Chennai,Office
EMP12389,Rahul Patel,Male,47,104,Senior Analyst,Permanent,2023-01-06,Pune,Remote
EMP12390,Kabir Verma,Male,22,106,Senior Analyst,Permanent,2024-09-30,Mumbai,Hybrid
EMP12391,Priya Kapoor,Female,28,108,Senior Manager,Intern,2024-05-20,Noida,Office
EMP12392,Aditya Saxena,Female,49,108,Associate,Permanent,2020-01-11,Kolkata,Office
EMP12393,Sneha Bansal,Male,41,108,Analyst,Permanent,2019-09-20,Chennai,Hybrid
EMP12394,Simran Khan,Male,22,102,Specialist,Permanent,2019-09-24,Noida,Office
EMP12395,Aarav Arora,Male,21,101,Associate,Permanent,2025-08-03,Delhi,Hybrid
EMP12396,Ananya Mishra,Male,25,102,Senior Manager,Permanent,2024-04-28,Delhi,Hybrid
EMP12397,Aditya Agarwal,Male,29,107,Specialist,Permanent,2024-03-08,Bengaluru,Hybrid
EMP12398,Diya Iyer,Male,49,108,Analyst,Permanent,2024-03-16,Kolkata,Hybrid
EMP12399,Sana Sethi,Male,22,107,Senior Analyst,Permanent,2026-05-23,Kolkata,Remote
EMP12400,Rahul Saxena,Male,50,101,Specialist,Permanent,2023-07-11,Pune,Hybrid
EMP12401,Shreya Malhotra,Female,31,108,Senior Analyst,Permanent,2022-12-15,Chennai,Hybrid
EMP12402,Aditya Sethi,Male,42,103,Senior Analyst,Permanent,2019-02-15,Kolkata,Hybrid
EMP12403,Arjun Gupta,Male,32,101,Associate,Permanent,2020-08-22,Hyderabad,Hybrid
EMP12404,Ananya Sethi,Female,58,103,Manager,Permanent,2020-12-20,Mumbai,Office
EMP12405,Varun Sethi,Male,34,101,Senior Analyst,Permanent,2024-03-27,Hyderabad,Hybrid
EMP12406,Kavya Kapoor,Male,35,104,Senior Analyst,Permanent,2022-07-16,Noida,Hybrid
EMP12407,Mohit Iyer,Female,36,102,Senior Analyst,Permanent,2020-08-23,Mumbai,Office
EMP12408,Raj Chopra,Female,36,103,Specialist,Permanent,2020-01-16,Bengaluru,Hybrid
EMP12409,Diya Bansal,Male,55,105,Executive,Permanent,2019-04-28,Pune,Office
EMP12410,Simran Arora,Male,25,107,Associate,Permanent,2024-12-03,Delhi,Office
EMP12411,Aditya Arora,Female,44,106,Senior Analyst,Permanent,2019-09-17,Gurugram,Hybrid
EMP12412,Rahul Arora,Male,46,103,Senior Manager,Permanent,2022-01-03,Hyderabad,Hybrid
EMP12413,Mohit Mehta,Male,43,107,Executive,Permanent,2023-02-12,Mumbai,Hybrid
EMP12414,Nisha Chopra,Female,32,108,Associate,Permanent,2025-06-10,Kolkata,Hybrid
EMP12415,Priya Verma,Male,27,101,Specialist,Permanent,2024-08-16,Chennai,Hybrid
EMP12416,Ananya Mishra,Male,26,104,Associate,Contract,2020-01-01,Gurugram,Office
EMP12417,Neha Patel,Non-Binary,31,102,Analyst,Permanent,2023-07-16,Gurugram,Hybrid
EMP12418,Aman Saxena,Female,37,101,Analyst,Permanent,2026-01-14,Chennai,Hybrid
EMP12419,Simran Mishra,Male,57,106,Associate,Permanent,2023-01-01,Kolkata,Hybrid
EMP12420,Rohan Kapoor,Male,33,107,Associate,Permanent,2024-07-17,Kolkata,Hybrid
EMP12421,Kavya Patel,Female,54,101,Specialist,Permanent,2025-10-12,Noida,Remote
EMP12422,Vikram Mishra,Female,24,107,Senior Analyst,Permanent,2021-03-01,Gurugram,Office
EMP12423,Neha Malhotra,Female,37,107,Senior Analyst,Permanent,2021-01-16,Kolkata,Hybrid
EMP12424,Rohan Agarwal,Male,22,108,Specialist,Contract,2025-08-11,Kolkata,Office
EMP12425,Aman Bansal,Male,51,102,Associate,Permanent,2019-11-09,Chennai,Hybrid
EMP12426,Tanya Kapoor,Male,44,108,Senior Analyst,Permanent,2020-06-21,Noida,Hybrid
EMP12427,Varun Gupta,Male,51,102,Associate,Permanent,2021-07-09,Kolkata,Hybrid
EMP12428,Shreya Arora,Male,55,104,Analyst,Permanent,2021-12-13,Gurugram,Office
EMP12429,Priya Iyer,Male,37,101,Analyst,Permanent,2023-01-30,Hyderabad,Hybrid
EMP12430,Neha Patel,Female,51,101,Analyst,Permanent,2025-07-09,Gurugram,Hybrid
EMP12431,Shreya Sethi,Male,39,106,Manager,Permanent,2021-03-08,Noida,Office
EMP12432,Meera Mishra,Female,57,103,Senior Analyst,Contract,2019-12-14,Gurugram,Office
EMP12433,Karan Singh,Female,50,102,Senior Analyst,Permanent,2019-09-30,Kolkata,Hybrid
EMP12434,Nisha Mishra,Male,45,101,Analyst,Intern,2020-12-20,Pune,Office
EMP12435,Vikram Khan,Female,51,106,Senior Analyst,Permanent,2023-11-09,Gurugram,Office
EMP12436,Ishaan Verma,Female,26,101,Associate,Permanent,2025-12-22,Kolkata,Office
EMP12437,Sneha Sharma,Male,45,107,Associate,Permanent,2020-11-15,Noida,Hybrid
EMP12438,Varun Verma,Male,50,101,Specialist,Permanent,2024-10-27,Hyderabad,Hybrid
EMP12439,Nikhil Saxena,Male,31,101,Senior Analyst,Permanent,2020-09-13,Bengaluru,Hybrid
EMP12440,Karan Das,Male,27,103,Specialist,Intern,2024-08-01,Hyderabad,Hybrid
EMP12441,Ishaan Malhotra,Female,48,103,Senior Analyst,Permanent,2021-08-04,Pune,Hybrid
EMP12442,Meera Das,Male,39,102,Senior Analyst,Permanent,2025-08-02,Mumbai,Hybrid
EMP12443,Raj Agarwal,Male,47,102,Associate,Permanent,2026-04-19,Pune,Hybrid
EMP12444,Aditya Das,Male,22,108,Manager,Permanent,2020-05-21,Delhi,Office
EMP12445,Karan Reddy,Female,48,105,Senior Analyst,Intern,2023-05-02,Bengaluru,Hybrid
EMP12446,Mohit Verma,Female,21,101,Manager,Permanent,2026-03-08,Mumbai,Hybrid
EMP12447,Aisha Chopra,Female,49,103,Senior Analyst,Permanent,2019-09-01,Chennai,Office
EMP12448,Aisha Sharma,Male,22,107,Senior Manager,Permanent,2020-05-20,Chennai,Remote
EMP12449,Shreya Chopra,Female,23,102,Analyst,Permanent,2020-02-26,Gurugram,Remote
EMP12450,Mohit Saxena,Male,50,101,Specialist,Permanent,2025-03-14,Delhi,Hybrid
EMP12451,Kavya Agarwal,Female,33,106,Senior Manager,Permanent,2024-02-16,Kolkata,Hybrid
EMP12452,Riya Bansal,Female,32,105,Analyst,Permanent,2022-04-07,Bengaluru,Office
EMP12453,Riya Mishra,Female,21,104,Analyst,Permanent,2019-11-26,Bengaluru,Office
EMP12454,Nikhil Malhotra,Male,30,101,Associate,Permanent,2020-10-11,Noida,Office
EMP12455,Vikram Verma,Male,42,101,Associate,Permanent,2023-01-04,Jaipur,
EMP12456,Nikhil Mishra,Male,33,105,Senior Analyst,Permanent,2020-01-26,Pune,Remote
EMP12457,Shreya Agarwal,Female,21,102,Associate,Permanent,2023-02-28,Noida,Remote
EMP12458,Meera Verma,Male,24,103,Senior Analyst,Contract,2020-01-16,Noida,Remote
EMP12459,Aarav Gupta,Male,35,104,Specialist,Permanent,2021-01-11,Delhi,Office
EMP12460,Arjun Arora,Female,37,102,Analyst,Permanent,2024-07-03,Bengaluru,Hybrid
EMP12461,Arjun Gupta,Male,26,108,Specialist,Contract,2021-03-30,Noida,Hybrid
EMP12462,Sana Agarwal,Female,24,107,Senior Analyst,Permanent,2020-11-03,Hyderabad,Office
EMP12463,Sneha Iyer,Male,53,106,Analyst,Permanent,2026-01-04,Bengaluru,Hybrid
EMP12464,Karan Mehta,Female,31,101,Associate,Permanent,2023-11-07,Hyderabad,Office
EMP12465,Pooja Agarwal,Female,26,101,Senior Analyst,Intern,2022-04-26,Chennai,Hybrid
EMP12466,Shreya Sethi,Male,28,103,Manager,Permanent,2021-07-18,Bengaluru,Office
EMP12467,Rahul Kapoor,Female,28,101,Executive,Permanent,2023-03-20,noida,Remote
EMP12468,Rohan Iyer,Male,24,108,Associate,Contract,2021-07-01,Delhi,Hybrid
EMP12469,Priya Arora,Female,54,101,Senior Analyst,Contract,2020-10-05,Jaipur,Hybrid
EMP12470,Tanya Reddy,Female,57,103,Specialist,Permanent,2020-03-02,Mumbai,Hybrid
EMP12471,Rohan Patel,Male,53,103,Specialist,Contract,2020-05-16,Kolkata,Office
EMP12472,Rahul Khan,Male,32,105,Analyst,Intern,2020-12-30,Delhi,Hybrid
EMP12473,PRIYA ARORA,Female,52,101,Analyst,Permanent,2022-07-07,Pune,Hybrid
EMP12474,Ananya Das,Female,36,103,Executive,Permanent,2024-10-19,Hyderabad,Hybrid
EMP12475,Tanya Gupta,Male,23,102,Senior Analyst,Permanent,2025-11-30,Noida,Remote
EMP12476,Yash Reddy,Female,26,107,Manager,Permanent,2020-04-01,Mumbai,Office
EMP12477,Simran Reddy,Male,34,101,Executive,Permanent,2025-02-14,Gurugram,Office
EMP12478,Pooja Iyer,Female,28,108,Analyst,Permanent,2019-10-18,Gurugram,Hybrid
EMP12479,Kavya Arora,Female,58,107,Senior Manager,Permanent,2021-07-08,Gurugram,Office
EMP12480,Varun Patel,Female,52,102,Senior Analyst,Permanent,2025-05-28,Kolkata,Hybrid
EMP12481,Meera Iyer,Male,21,107,Executive,Permanent,2024-05-23,Delhi,Office
EMP12482,Sneha Bansal,Male,42,101,Senior Analyst,Contract,2021-01-25,Chennai,Office
EMP12483,Nisha Sharma,Female,27,108,Executive,Permanent,2023-07-17,Hyderabad,Hybrid
EMP12484,Simran Reddy,Female,46,104,Senior Analyst,Permanent,2024-01-09,Hyderabad,Remote
EMP12485,Priya Bansal,Female,41,102,Senior Manager,Permanent,2022-07-30,Bengaluru,Office
EMP12486,Rahul Saxena,Male,34,103,Associate,Permanent,2023-04-17,Mumbai,Hybrid
EMP12487,Diya Khan,Male,31,101,Associate,Permanent,2024-02-13,Kolkata,Hybrid
EMP12488,Yash Saxena,Female,25,108,Senior Manager,Permanent,2020-01-12,Kolkata,Office
EMP12489,Kabir Khan,Male,33,101,Associate,Permanent,2022-03-25,Hyderabad,Hybrid
EMP12490,Priya Mehta,Male,43,105,Senior Analyst,Permanent,2020-05-22,Kolkata,Office
EMP12491,Aisha Saxena,Male,49,103,Associate,Permanent,2022-12-07,Kolkata,Hybrid
EMP12492,Aarav Saxena,Female,24,108,Analyst,Permanent,2026-01-19,Hyderabad,Office
EMP12493,Aditya Verma,Female,21,102,Specialist,Contract,2020-07-12,Chennai,Office
EMP12494,Aditya Jain,Female,43,104,Senior Analyst,Permanent,2025-04-26,Mumbai,Hybrid
EMP12495,Arjun Iyer,Male,56,103,Manager,Permanent,2020-02-25,Mumbai,Remote
EMP12496,Kabir Jain,Female,31,106,Executive,Intern,2023-04-02,Delhi,Office
EMP12497,Yash Singh,Male,55,101,Executive,Contract,2019-10-31,Kolkata,Hybrid
EMP12498,Diya Das,Male,46,101,Specialist,Permanent,2021-07-30,Noida,Hybrid
EMP12499,Varun Sethi,Male,49,102,Associate,Permanent,2026-02-02,Pune,Remote
EMP12500,Aman Mehta,Female,39,106,Analyst,Contract,2022-07-25,Mumbai,Office
EMP12501,Aman Kapoor,Male,24,101,Analyst,Permanent,2021-12-25,Hyderabad,Office
EMP12502,Diya Reddy,Female,37,104,Executive,Permanent,2024-11-25,Delhi,Hybrid
EMP12503,Neha Gupta,Male,38,102,Specialist,Permanent,2025-05-04,Noida,Hybrid
EMP12504,Karan Verma,Female,45,107,Senior Analyst,Permanent,2025-03-19,Hyderabad,Remote
EMP12505,Nisha Agarwal,Female,31,108,Specialist,Permanent,2024-01-02,Bengaluru,Hybrid
EMP12506,Kavya Sethi,Female,58,104,Specialist,Permanent,2023-04-03,Noida,Hybrid
EMP12507,Ishaan Das,Male,22,102,Associate,Permanent,2020-11-23,Pune,Office
EMP12508,Aisha Jain,Female,42,102,Analyst,Permanent,2019-09-12,Gurugram,Office
EMP12509,Aisha Mehta,Male,23,101,Analyst,Permanent,2023-01-18,Hyderabad,Remote
EMP12510,Riya Arora,Female,42,102,Senior Manager,Contract,2025-04-19,Mumbai,Remote
EMP12511,Vikram Patel,Female,46,105,Senior Analyst,Permanent,2019-09-14,Jaipur,Office
EMP12512,Riya Mishra,Female,57,104,Analyst,Permanent,2025-08-27,Hyderabad,Hybrid
EMP12513,Kabir Verma,Female,44,108,Associate,Contract,2020-03-17,Chennai,Hybrid
EMP12514,Mohit Agarwal,Male,47,103,Specialist,Permanent,2024-02-25,Delhi,Hybrid
EMP12515,Meera Sethi,Female,27,106,Executive,Permanent,2026-03-31,Bengaluru,Hybrid
EMP12516,Varun Bansal,Female,39,103,Analyst,Permanent,2022-01-18,Chennai,Office
EMP12517,Varun Khan,Male,27,104,Associate,Permanent,2025-09-03,Gurugram,Office
EMP12518,Raj Patel,Male,58,102,Executive,Intern,2020-08-04,Pune,Office
EMP12519,Mohit Agarwal,Female,22,103,Analyst,Contract,2023-10-02,Kolkata,Hybrid
EMP12520,Raj Jain,Female,37,103,Analyst,Permanent,2026-03-30,Pune,Remote
EMP12521,Kabir Jain,Female,51,106,Executive,Contract,2019-01-19,Gurugram,Office
EMP12522,Kabir Das,Male,31,108,Executive,Permanent,2022-01-29,Bengaluru,Remote
EMP12523,Simran Kapoor,Male,30,102,Specialist,Permanent,2026-04-08,Kolkata,Hybrid
EMP12524,Nisha Malhotra,Male,28,101,Associate,Permanent,2022-10-12,Chennai,Office
EMP12525,Neha Mehta,Female,48,103,Associate,Contract,2023-04-15,Pune,Office
EMP12526,Nikhil Sharma,Male,57,104,Analyst,Contract,2024-09-11,Delhi,Hybrid
EMP12527,Shreya Gupta,Female,38,101,Executive,Permanent,2024-06-16,Delhi,Remote
EMP12528,Rohan Singh,Male,22,107,Manager,Permanent,2023-03-28,Chennai,Hybrid
EMP12529,Ananya Sethi,Male,43,108,Associate,Contract,2021-05-11,Pune,Hybrid
EMP12530,Kavya Saxena,Non-Binary,30,108,Analyst,Contract,2019-06-04,Mumbai,Office
EMP12531,Ishaan Khan,Female,55,101,Analyst,Permanent,2021-06-23,Delhi,Remote
EMP12532,Karan Gupta,Female,21,107,Senior Analyst,Contract,2022-06-23,Delhi,Remote
EMP12533,Karan Malhotra,Male,34,106,Executive,Contract,2020-02-09,Kolkata,Hybrid
EMP12534,Sana Singh,Female,22,103,Specialist,Permanent,2021-04-23,Gurugram,Office
EMP12535,Aditya Iyer,Female,44,104,Senior Analyst,Permanent,2023-11-18,Noida,Office
EMP12536,Riya Das,Female,50,107,Manager,Permanent,2023-04-14,Noida,Hybrid
EMP12537,Sneha Singh,Female,48,103,Associate,Contract,2022-03-30,Noida,Office
EMP12538,Kabir Saxena,Male,48,103,Specialist,Permanent,2021-01-16,Hyderabad,Office
EMP12539,Varun Gupta,Female,51,103,Senior Analyst,Permanent,2023-09-22,Hyderabad,Hybrid
EMP12540,Raj Jain,Male,36,104,Associate,Contract,2019-09-28,Bengaluru,Office
EMP12541,Tanya Bansal,Male,52,101,Senior Analyst,Permanent,2021-02-08,Mumbai,Office
EMP12542,Diya Gupta,Male,39,108,Executive,Permanent,2023-09-12,Mumbai,Hybrid
EMP12543,Nisha Khan,Male,23,106,Analyst,Permanent,2023-02-19,Bengaluru,Remote
EMP12544,Riya Bansal,Non-Binary,46,105,Specialist,Permanent,2019-06-21,Delhi,Hybrid
EMP12545,Kabir Jain,Male,45,101,Analyst,Permanent,2019-10-01,Noida,Office
EMP12546,Simran Gupta,Female,26,105,Manager,Permanent,2025-04-25,Hyderabad,Office
EMP12547,Raj Malhotra,Female,47,101,Manager,Permanent,2022-03-04,Kolkata,Office
EMP12548,Riya Mehta,Male,57,101,Senior Analyst,Intern,2023-09-03,Hyderabad,Office
EMP12549,Ananya Verma,Female,34,104,Senior Analyst,Permanent,2023-11-07,Chennai,Office
EMP12550,Nisha Agarwal,Male,23,103,Associate,Permanent,2020-02-26,Jaipur,Hybrid
EMP12551,Karan Singh,Male,52,104,Manager,Permanent,2022-12-15,Hyderabad,Office
EMP12552,Tanya Jain,Male,26,101,Manager,Permanent,2022-04-24,Gurugram,Office
EMP12553,Aisha Gupta,Male,45,103,Senior Analyst,Permanent,2025-08-08,Gurugram,Hybrid
EMP12554,Priya Jain,Female,23,101,Senior Analyst,Permanent,2025-08-22,Hyderabad,Office
EMP12555,Aarav Arora,Female,34,108,Specialist,Contract,2020-08-02,Noida,Office
EMP12556,Sana Sharma,Male,39,104,Manager,Permanent,2021-06-09,Delhi,Office
EMP12557,Varun Mishra,Female,28,106,Executive,Permanent,2020-12-22,Mumbai,Hybrid
EMP12558,Arjun Bansal,Male,36,102,Manager,Permanent,2021-05-30,Bengaluru,Hybrid
EMP12559,Priya Sharma,Male,56,101,Associate,Permanent,2022-01-26,Chennai,Office
EMP12560,Tanya Arora,Female,38,108,Associate,Permanent,2026-04-06,Hyderabad,Hybrid
EMP12561,Rohan Mishra,Female,47,102,Associate,Permanent,2024-06-30,Gurugram,Office
EMP12562,Nikhil Kapoor,Male,32,103,Executive,Permanent,2024-08-31,Delhi,Hybrid
EMP12563,Riya Arora,Male,23,105,Manager,Permanent,2023-01-13,Gurugram,Office
EMP12564,Priya Patel,Female,22,101,Manager,Permanent,2020-01-18,Pune,Office
EMP12565,Neha Saxena,Male,38,107,Senior Analyst,Permanent,2024-12-21,Bengaluru,Office
EMP12566,Aisha Gupta,Male,31,104,Executive,Permanent,2022-12-20,Pune,Hybrid
EMP12567,Nikhil Bansal,Male,22,102,Senior Manager,Permanent,2025-12-25,Gurugram,Hybrid
EMP12568,Shreya Sethi,Male,25,101,Associate,Permanent,2023-05-10,Mumbai,Hybrid
EMP12569,Sana Malhotra,Male,49,101,Specialist,Contract,2023-11-22,Noida,Hybrid
EMP12570,Nikhil Khan,Female,46,107,Associate,Permanent,2019-05-24,Bengaluru,Hybrid
EMP12571,Varun Malhotra,Male,48,106,Senior Analyst,Contract,2024-03-01,mumbai,Hybrid
EMP12572,Tanya Mishra,Female,31,102,Manager,Permanent,2023-08-30,Gurugram,Office
EMP12573,Sana Chopra,Female,54,101,Associate,Permanent,2022-12-06,Hyderabad,Hybrid
EMP12574,Aditya Sethi,Male,48,106,Senior Analyst,Permanent,2019-08-12,Jaipur,
EMP12575,Arjun Khan,Male,36,104,Executive,Contract,2019-08-08,Jaipur,Office
EMP12576,Aarav Das,Female,29,103,Specialist,Permanent,2019-06-28,Jaipur,Office
EMP12577,Vikram Mishra,Female,40,103,Associate,Permanent,2023-07-13,Gurugram,Office
EMP12578,Aman Patel,Female,36,102,Associate,Permanent,2020-03-08,Mumbai,Remote
EMP12579,Vikram Patel,Male,57,106,Associate,Permanent,2019-09-22,Hyderabad,Office
EMP12580,Aarav Khan,Female,22,108,Analyst,Permanent,2021-08-11,Pune,Remote
EMP12581,Aisha Bansal,Female,31,101,Specialist,Permanent,2020-03-04,Delhi,Hybrid
EMP12582,Riya Singh,Male,51,105,Specialist,Intern,2025-09-29,Jaipur,Remote
EMP12583,Aman Reddy,Female,49,103,Senior Analyst,Permanent,2025-02-22,Hyderabad,Hybrid
EMP12584,Varun Patel,Male,41,103,Senior Manager,Permanent,2023-04-27,Noida,Office
EMP12585,Yash Das,Male,57,102,Manager,Permanent,2020-04-24,Jaipur,Remote
EMP12586,Raj Gupta,Male,36,107,Executive,Permanent,2022-09-15,Delhi,Office
EMP12587,Yash Verma,Female,28,103,Senior Manager,Permanent,2021-06-08,Hyderabad,Hybrid
EMP12588,Sana Sharma,Female,49,104,Senior Analyst,Permanent,2021-07-13,Hyderabad,Hybrid
EMP12589,Raj Iyer,Male,30,102,Analyst,Permanent,2024-12-10,Delhi,Office
EMP12590,Kavya Verma,Female,30,101,Senior Analyst,Contract,2024-03-17,Delhi,Hybrid
EMP12591,Diya Khan,Male,52,101,Senior Analyst,Permanent,2022-11-11,Mumbai,Office
EMP12592,Shreya Singh,Male,32,106,Associate,Permanent,2022-09-24,Hyderabad,Office
EMP12593,Karan Mehta,Male,42,101,Associate,Permanent,2021-02-16,Kolkata,Hybrid
EMP12594,Aditya Singh,Male,29,106,Senior Analyst,Permanent,2025-07-23,Gurugram,Remote
EMP12595,Vikram Iyer,Male,53,103,Associate,Permanent,2019-01-29,Kolkata,Office
EMP12596,Kavya Gupta,Female,45,103,Analyst,Permanent,2019-02-04,Jaipur,Hybrid
EMP12597,Rohan Bansal,Female,24,103,Executive,Permanent,2022-11-20,Bengaluru,Hybrid
EMP12598,Neha Singh,Female,22,103,Associate,Permanent,2026-04-24,Kolkata,Office
EMP12599,Nikhil Verma,Male,58,101,Manager,Permanent,2020-08-11,Pune,Hybrid
EMP12600,Shreya Malhotra,Female,22,102,Specialist,Permanent,2021-06-22,Delhi,Hybrid
EMP12601,Priya Mehta,Male,50,106,Manager,Permanent,2026-01-11,Pune,Office
EMP12602,Aditya Singh,Male,56,106,Executive,Contract,2024-12-09,Mumbai,Office
EMP12603,Arjun Agarwal,Male,55,102,Specialist,Contract,2019-12-06,Noida,Hybrid
EMP12604,Tanya Chopra,Female,31,103,Associate,Permanent,2019-06-24,Chennai,Office
EMP12605,Diya Sethi,Male,29,101,Senior Analyst,Contract,2024-04-07,Jaipur,Office
EMP12606,Raj Das,Male,49,102,Analyst,Permanent,2023-09-11,Delhi,Office
EMP12607,Arjun Singh,Female,35,101,Senior Analyst,Permanent,2020-08-19,Kolkata,Hybrid
EMP12608,Riya Mehta,Male,49,107,Executive,Permanent,2020-03-26,Delhi,Hybrid
EMP12609,Sneha Arora,Male,29,102,Analyst,Permanent,2020-07-10,Gurugram,Hybrid
EMP12610,Aarav Sharma,Male,45,102,Specialist,Contract,2022-03-05,Noida,Remote
EMP12611,Raj Gupta,Male,24,102,Analyst,Permanent,2022-09-18,Kolkata,Hybrid
EMP12612,Sneha Saxena,Male,31,101,Executive,Permanent,2024-08-18,Bengaluru,Office
EMP12613,Tanya Arora,Male,25,105,Analyst,Permanent,2025-07-09,Noida,Hybrid
EMP12614,Ishaan Verma,Male,51,101,Senior Analyst,Permanent,2021-10-13,Mumbai,Hybrid
EMP12615,Pooja Sethi,Male,21,101,Analyst,Permanent,2025-07-02,Bengaluru,Hybrid
EMP12616,Kavya Mehta,Female,56,105,Specialist,Permanent,2024-08-24,Kolkata,Office
EMP12617,Tanya Khan,Male,58,102,Specialist,Permanent,2021-04-18,Kolkata,Office
EMP12618,Diya Arora,Male,31,106,Associate,Contract,2023-06-26,Kolkata,Hybrid
EMP12619,Aditya Saxena,Non-Binary,43,104,Associate,Permanent,2019-08-14,Pune,Remote
EMP12620,Rohan Sharma,Female,33,102,Associate,Permanent,2023-12-19,Chennai,Office
EMP12621,Kavya Malhotra,Female,27,105,Associate,Permanent,2024-11-30,Gurugram,Office
EMP12622,Pooja Singh,Female,24,101,Senior Analyst,Permanent,2024-07-13,Kolkata,Office
EMP12623,Rahul Patel,Female,42,104,Executive,Permanent,2022-12-22,Chennai,Remote
EMP12624,Kavya Sethi,Female,33,103,Manager,Permanent,2024-08-10,Jaipur,Remote
EMP12625,Kabir Khan,Male,40,102,Associate,Permanent,2025-05-02,Jaipur,Office
EMP12626,Ananya Verma,Male,42,105,Executive,Permanent,2023-02-23,Hyderabad,Hybrid
EMP12627,Vikram Mehta,Female,26,107,Specialist,Permanent,2022-05-16,Noida,Office
EMP12628,Varun Khan,Male,33,108,Specialist,Permanent,2023-07-04,Delhi,Office
EMP12629,Sana Chopra,Female,38,105,Analyst,Permanent,2023-10-02,Mumbai,Remote
EMP12630,Ishaan Agarwal,Female,29,103,Associate,Permanent,2019-11-02,Mumbai,Hybrid
EMP12631,Neha Iyer,Female,23,102,Analyst,Intern,2024-08-21,Hyderabad,Hybrid
EMP12632,Aisha Singh,Female,32,102,Analyst,Permanent,2023-09-20,Delhi,Office
EMP12633,Raj Patel,Female,46,103,Executive,Intern,2023-08-17,Noida,Office
EMP12634,Diya Sharma,Male,56,103,Specialist,Permanent,2023-02-26,Hyderabad,Office
EMP12635,Pooja Singh,Female,55,108,Senior Analyst,Contract,2022-10-23,Gurugram,Office
EMP12636,Sneha Kapoor,Female,35,103,Analyst,Permanent,2020-02-24,Hyderabad,Hybrid
EMP12637,Priya Das,Male,42,103,Senior Manager,Permanent,2025-01-27,Pune,Hybrid
EMP12638,Rohan Malhotra,Female,35,103,Senior Analyst,Permanent,2019-05-14,Pune,Office
EMP12639,Kavya Singh,Female,38,107,Associate,Permanent,2024-07-23,Pune,Hybrid
EMP12640,Kavya Singh,Female,50,105,Associate,Permanent,2022-12-21,Jaipur,Remote
EMP12641,Yash Agarwal,Female,40,105,Senior Analyst,Permanent,2023-04-03,Jaipur,Office
EMP12642,Riya Kapoor,Female,35,102,Analyst,Permanent,2022-03-10,Gurugram,Hybrid
EMP12643,Vikram Das,Male,42,107,Specialist,Permanent,2024-02-13,Hyderabad,Hybrid
EMP12644,Aisha Agarwal,Non-Binary,37,101,Analyst,Permanent,2023-12-25,Noida,Office
EMP12645,Ishaan Iyer,Male,30,107,Senior Analyst,Permanent,2026-05-29,Hyderabad,Hybrid
EMP12646,Diya Mishra,Female,32,104,Executive,Permanent,2022-09-04,Pune,Remote
EMP12647,Arjun Sethi,Female,56,103,Specialist,Permanent,2023-01-04,Jaipur,Office
EMP12648,Sana Chopra,Female,24,103,Senior Analyst,Permanent,2025-02-04,Mumbai,Office
EMP12649,Ishaan Bansal,Non-Binary,51,106,Associate,Contract,2021-12-15,Noida,Hybrid
EMP12650,Aisha Das,Female,40,101,Manager,Permanent,2022-03-24,Delhi,Office
EMP12651,Kabir Verma,Male,37,107,Senior Analyst,Permanent,2023-08-23,Gurugram,Hybrid
EMP12652,Mohit Sethi,Male,24,103,Manager,Permanent,2019-04-21,Hyderabad,Office
EMP12653,Rohan Mehta,Female,57,102,Senior Analyst,Permanent,2024-12-24,Pune,Hybrid
EMP12654,Kavya Saxena,Male,34,101,Executive,Permanent,2025-03-29,Kolkata,Remote
EMP12655,Diya Iyer,Male,41,103,Analyst,Contract,2020-04-12,Noida,Office
EMP12656,Priya Patel,Male,50,103,Analyst,Permanent,2025-12-03,Jaipur,Office
EMP12657,Aditya Agarwal,Male,58,103,Executive,Contract,2021-03-24,Chennai,Hybrid
EMP12658,Vikram Malhotra,Female,45,106,Analyst,Permanent,2022-06-26,Kolkata,Hybrid
EMP12659,Vikram Sethi,Female,50,103,Associate,Permanent,2021-09-20,Mumbai,Office
EMP12660,Aarav Agarwal,Male,57,108,Executive,Permanent,2024-07-24,Jaipur,Hybrid
EMP12661,Kavya Bansal,Female,28,105,Senior Analyst,Permanent,2019-11-19,Bengaluru,Remote
EMP12662,Priya Kapoor,Male,40,107,Senior Manager,Permanent,2021-06-22,Kolkata,Office
EMP12663,Arjun Das,Female,54,101,Associate,Permanent,2023-03-22,Delhi,Office
EMP12664,Rohan Khan,Female,49,103,Specialist,Permanent,2024-06-22,Delhi,Hybrid
EMP12665,Vikram Reddy,Female,36,102,Analyst,Permanent,2023-12-21,Delhi,Office
EMP12666,Rohan Reddy,Male,25,104,Specialist,Permanent,2026-04-07,Bengaluru,Remote
EMP12667,Vikram Singh,Female,26,107,Executive,Permanent,2025-10-12,Hyderabad,Remote
EMP12668,Vikram Kapoor,Male,25,101,Associate,Contract,2019-05-28,Gurugram,Hybrid
EMP12669,Nikhil Sharma,Male,46,101,Manager,Permanent,2022-02-15,Bengaluru,Remote
EMP12670,Ishaan Verma,Female,53,107,Analyst,Permanent,2021-04-29,Pune,Office
EMP12671,Meera Kapoor,Non-Binary,51,102,Specialist,Intern,2020-01-02,Gurugram,Remote
EMP12672,Aarav Arora,Male,32,106,Analyst,Contract,2021-12-25,Mumbai,Office
EMP12673,Diya Sethi,Non-Binary,52,104,Senior Analyst,Permanent,2024-07-31,Kolkata,Office
EMP12674,Yash Das,Female,25,107,Associate,Permanent,2019-06-24,Delhi,Office
EMP12675,Simran Sethi,Male,29,101,Specialist,Permanent,2024-01-29,Noida,Hybrid
EMP12676,Mohit Mishra,Female,54,101,Senior Analyst,Permanent,2020-08-10,Noida,Hybrid
EMP12677,Aman Chopra,Female,48,104,Analyst,Permanent,2020-05-09,Hyderabad,Office
EMP12678,Tanya Sharma,Female,31,108,Manager,Contract,2022-02-11,Gurugram,Office
EMP12679,Riya Bansal,Female,44,103,Executive,Permanent,2023-11-20,Chennai,Office
EMP12680,Aisha Saxena,Female,57,102,Analyst,Permanent,2022-03-16,Bengaluru,Hybrid
EMP12681,Nisha Jain,Female,38,105,Associate,Contract,2019-02-04,Kolkata,Office
EMP12682,Nikhil Das,Male,26,108,Associate,Permanent,2021-09-25,Jaipur,Hybrid
EMP12683,Aman Gupta,Female,26,107,Specialist,Permanent,2022-08-25,Kolkata,Office
EMP12684,Sneha Bansal,Female,49,108,Associate,Permanent,2026-01-29,Delhi,Office
EMP12685,Pooja Chopra,Female,35,101,Senior Manager,Intern,2021-11-03,Delhi,Hybrid
EMP12686,Ananya Mishra,Female,35,101,Analyst,Permanent,2020-01-09,Pune,Office
EMP12687,Simran Iyer,Female,51,105,Manager,Contract,2026-02-17,Delhi,Office
EMP12688,Rahul Chopra,Non-Binary,39,107,Executive,Permanent,2022-12-22,Noida,Hybrid
EMP12689,Sana Patel,Female,45,102,Analyst,Permanent,2023-10-18,Gurugram,Office
EMP12690,Nikhil Malhotra,Female,35,102,Manager,Contract,2025-03-30,Noida,Hybrid
EMP12691,Neha Kapoor,Male,40,107,Executive,Permanent,2020-12-05,Chennai,Hybrid
EMP12692,Ananya Arora,Male,33,101,Senior Manager,Permanent,2020-07-16,Kolkata,Hybrid
EMP12693,Mohit Malhotra,Male,37,103,Senior Analyst,Permanent,2024-02-17,Jaipur,Office
EMP12694,Neha Chopra,Male,41,103,Analyst,Permanent,2024-10-24,Mumbai,Office
EMP12695,Pooja Agarwal,Male,37,104,Analyst,Permanent,2020-03-14,Mumbai,Remote
EMP12696,Aisha Gupta,Female,44,106,Specialist,Permanent,2024-02-27,Pune,Office
EMP12697,Rahul Sethi,Non-Binary,27,102,Specialist,Permanent,2024-06-02,Hyderabad,Office
EMP12698,Pooja Reddy,Female,44,105,Senior Analyst,Permanent,2020-11-29,Gurugram,Remote
EMP12699,Vikram Patel,Male,47,104,Manager,Permanent,2022-08-05,chennai,Hybrid
EMP12700,Sneha Saxena,Male,41,104,Analyst,Permanent,2023-04-13,Hyderabad,Hybrid
EMP12701,Karan Chopra,Male,49,105,Associate,Permanent,2020-11-22,Gurugram,Hybrid
EMP12702,Ishaan Sethi,Male,25,102,Specialist,Permanent,2025-04-19,Gurugram,Hybrid
EMP12703,Aditya Mishra,Male,24,101,Analyst,Permanent,2022-04-15,Noida,Hybrid
EMP12704,Meera Gupta,Male,27,101,Associate,Permanent,2025-09-23,Gurugram,Hybrid
EMP12705,Diya Jain,Female,39,102,Associate,Permanent,2023-06-23,Gurugram,Hybrid
EMP12706,Tanya Verma,Male,25,103,Specialist,Permanent,2023-06-22,Hyderabad,Office
EMP12707,Arjun Malhotra,Male,27,107,Analyst,Intern,2019-05-07,Chennai,Hybrid
EMP12708,Sana Sharma,Male,26,106,Specialist,Permanent,2023-02-15,Mumbai,Office
EMP12709,Rohan Patel,Male,53,107,Manager,Permanent,2022-04-06,Noida,Hybrid
EMP12710,Vikram Chopra,Female,47,102,Senior Analyst,Permanent,2026-03-24,Bengaluru,Remote
EMP12711,Simran Sharma,Female,56,103,Senior Manager,Permanent,2019-10-21,Mumbai,Office
EMP12712,Ishaan Gupta,Male,21,103,Analyst,Permanent,2022-09-28,Delhi,Hybrid
EMP12713,Mohit Kapoor,Male,43,101,Associate,Permanent,2021-10-16,Chennai,Hybrid
EMP12714,Sana Bansal,Male,22,101,Manager,Contract,2025-06-15,Bengaluru,Hybrid
EMP12715,PRIYA BANSAL,Male,49,105,Specialist,Permanent,2026-06-02,Pune,Office
EMP12716,Vikram Das,Female,24,108,Senior Analyst,Permanent,2026-01-19,Chennai,Hybrid
EMP12717,Shreya Patel,Male,54,101,Specialist,Permanent,2026-01-31,Hyderabad,Hybrid
EMP12718,Simran Saxena,Non-Binary,33,101,Specialist,Permanent,2020-02-23,Kolkata,Office
EMP12719,Arjun Saxena,Male,42,107,Manager,Contract,2020-03-19,Noida,Office
EMP12720,Aman Jain,Male,27,102,Analyst,Permanent,2020-11-15,Jaipur,Office
EMP12721,Vikram Chopra,Male,41,107,Manager,Permanent,2025-04-02,Mumbai,Office
EMP12722,Nisha Khan,Female,43,106,Executive,Contract,2023-01-02,Noida,Office
EMP12723,Rahul Saxena,Female,44,108,Senior Manager,Permanent,2025-03-11,Hyderabad,Hybrid
EMP12724,Diya Iyer,Male,23,103,Specialist,Permanent,2019-03-26,Noida,Hybrid
EMP12725,Tanya Patel,Male,30,106,Executive,Permanent,2023-11-03,Mumbai,Hybrid
EMP12726,Diya Mehta,Female,34,103,Analyst,Permanent,2019-03-26,Noida,Hybrid
EMP12727,Diya Kapoor,Male,43,105,Executive,Contract,2024-04-28,Gurugram,Hybrid
EMP12728,Aisha Bansal,Male,49,103,Analyst,Permanent,2024-10-13,Kolkata,Hybrid
EMP12729,Arjun Sethi,Female,29,101,Analyst,Permanent,2023-07-28,Mumbai,Hybrid
EMP12730,Rahul Mehta,Female,31,103,Senior Analyst,Permanent,2020-10-24,Jaipur,Office
EMP12731,Nikhil Khan,Female,56,104,Analyst,Permanent,2020-09-18,Pune,Hybrid
EMP12732,Rahul Verma,Male,29,107,Senior Analyst,Permanent,2019-03-05,Pune,Hybrid
EMP12733,Simran Patel,Non-Binary,48,106,Associate,Contract,2021-07-07,Noida,Remote
EMP12734,Nikhil Saxena,Male,31,106,Analyst,Permanent,2022-10-07,Gurugram,Remote
EMP12735,Raj Sharma,Female,22,101,Analyst,Permanent,2022-03-27,Bengaluru,Hybrid
EMP12736,Raj Arora,Female,53,106,Associate,Contract,2023-06-01,Noida,Office
EMP12737,Simran Bansal,Male,54,103,Analyst,Permanent,2020-05-05,Noida,Hybrid
EMP12738,Aarav Patel,Female,41,107,Specialist,Permanent,2024-02-22,Chennai,Hybrid
EMP12739,Neha Saxena,Male,50,108,Specialist,Permanent,2024-04-24,Hyderabad,Office
EMP12740,Sneha Saxena,Male,36,101,Associate,Permanent,2019-11-09,Kolkata,Hybrid
EMP12741,Varun Verma,Female,55,107,Associate,Permanent,2026-04-16,Kolkata,Hybrid
EMP12742,Yash Sethi,Female,52,101,Analyst,Permanent,2021-07-07,Pune,Office
EMP12743,Tanya Singh,Male,25,103,Executive,Permanent,2024-02-26,Hyderabad,Remote
EMP12744,Sneha Khan,Non-Binary,22,104,Executive,Permanent,2021-03-23,Noida,Hybrid
EMP12745,Varun Patel,Female,38,101,Executive,Permanent,2023-01-29,Gurugram,Office
EMP12746,Meera Sharma,Male,57,106,Associate,Permanent,2022-08-19,Bengaluru,Hybrid
EMP12747,Karan Kapoor,Male,52,101,Associate,Contract,2020-11-10,Hyderabad,Hybrid
EMP12748,Rahul Gupta,Male,36,101,Senior Analyst,Contract,2020-03-10,Pune,Office
EMP12749,Aisha Iyer,Female,38,104,Analyst,Permanent,2020-11-12,Jaipur,Office
EMP12750,Priya Reddy,Female,24,106,Manager,Permanent,2022-03-04,Jaipur,Hybrid
EMP12751,Aman Jain,Female,43,108,Analyst,Permanent,2021-12-09,Jaipur,Remote
EMP12752,Aarav Gupta,Male,58,106,Specialist,Permanent,2022-12-26,Chennai,Office
EMP12753,Mohit Sethi,Male,25,106,Associate,Permanent,2025-07-15,Gurugram,Remote
EMP12754,Pooja Mishra,Female,54,103,Senior Analyst,Permanent,2025-07-22,Jaipur,Hybrid
EMP12755,Vikram Bansal,Male,58,101,Specialist,Permanent,2026-05-17,Kolkata,Office
EMP12756,Karan Reddy,Male,23,101,Associate,Contract,2022-10-02,Delhi,Office
EMP12757,Raj Chopra,Female,42,104,Senior Analyst,Permanent,2020-10-10,Bengaluru,Hybrid
EMP12758,Arjun Agarwal,Female,26,106,Executive,Permanent,2019-09-02,Pune,Hybrid
EMP12759,Riya Chopra,Female,49,103,Senior Analyst,Permanent,2024-11-26,Delhi,Office
EMP12760,Meera Chopra,Male,39,106,Executive,Permanent,2026-01-24,Pune,Hybrid
EMP12761,Meera Sethi,Female,57,104,Analyst,Permanent,2019-10-23,Chennai,Office
EMP12762,Aditya Malhotra,Female,27,101,Associate,Permanent,2024-11-29,Hyderabad,Office
EMP12763,Yash Agarwal,Female,49,101,Specialist,Permanent,2023-06-01,Hyderabad,Remote
EMP12764,Meera Mehta,Female,34,107,Senior Analyst,Permanent,2025-07-18,Bengaluru,Hybrid
EMP12765,Yash Agarwal,Female,24,106,Senior Manager,Permanent,2024-11-18,Noida,Office
EMP12766,Shreya Das,Male,43,107,Senior Analyst,Permanent,2026-04-30,Kolkata,Office
EMP12767,Aditya Verma,Male,26,101,Specialist,Permanent,2023-06-16,Jaipur,Remote
EMP12768,Meera Arora,Male,51,108,Manager,Contract,2019-01-28,Chennai,Remote
EMP12769,Neha Gupta,Female,51,102,Senior Analyst,Permanent,2024-06-08,Kolkata,Hybrid
EMP12770,Nisha Mishra,Male,48,101,Executive,Permanent,2023-04-10,Gurugram,Hybrid
EMP12771,Aarav Agarwal,Female,21,108,Associate,Permanent,2019-02-27,Mumbai,Remote
EMP12772,ROHAN MEHTA,Male,35,102,Senior Analyst,Permanent,2023-03-02,Chennai,Hybrid
EMP12773,Simran Das,Male,35,106,Senior Manager,Permanent,2019-10-24,Noida,Office
EMP12774,Ishaan Mehta,Female,33,101,Analyst,Contract,2024-12-21,Bengaluru,Office
EMP12775,Meera Patel,Female,50,104,Manager,Permanent,2025-04-15,Hyderabad,Remote
EMP12776,Aisha Saxena,Male,32,108,Executive,Permanent,2026-02-10,Kolkata,Hybrid
EMP12777,Meera Arora,Female,52,102,Senior Analyst,Permanent,2021-06-20,Chennai,Remote
EMP12778,Yash Sethi,Female,46,106,Analyst,Permanent,2024-05-18,Jaipur,Hybrid
EMP12779,Aarav Sharma,Male,41,101,Manager,Permanent,2022-01-03,Noida,Remote
EMP12780,Kabir Saxena,Female,41,105,Manager,Contract,2023-08-05,Hyderabad,Hybrid
EMP12781,Ananya Saxena,Female,55,102,Senior Manager,Contract,2022-04-06,Bengaluru,Hybrid
EMP12782,Diya Arora,Female,50,102,Analyst,Permanent,2021-02-09,Jaipur,Office
EMP12783,Aarav Singh,Male,37,102,Analyst,Contract,2023-03-07,Mumbai,Office
EMP12784,Vikram Gupta,Female,29,101,Executive,Permanent,2022-10-10,Kolkata,Hybrid
EMP12785,Yash Chopra,Male,23,108,Analyst,Permanent,2022-06-02,Kolkata,Hybrid
EMP12786,Vikram Das,Female,43,103,Analyst,Contract,2023-04-04,Bengaluru,Office
EMP12787,Mohit Jain,Non-Binary,57,102,Executive,Permanent,2019-05-26,Hyderabad,Hybrid
EMP12788,Tanya Singh,Female,46,103,Executive,Permanent,2024-06-06,Pune,Hybrid
EMP12789,Pooja Das,Male,36,102,Associate,Permanent,2022-06-18,Delhi,Hybrid
EMP12790,Mohit Jain,Female,53,106,Manager,Permanent,2024-03-22,Noida,Hybrid
EMP12791,Priya Khan,Female,48,108,Senior Analyst,Permanent,2025-07-19,Noida,Hybrid
EMP12792,Neha Sethi,Female,23,103,Senior Analyst,Permanent,2023-11-08,Noida,Hybrid
EMP12793,Rahul Mehta,Male,45,107,Senior Analyst,Permanent,2021-11-24,Delhi,Office
EMP12794,Kabir Chopra,Male,40,104,Analyst,Permanent,2024-08-10,Bengaluru,Remote
EMP12795,Sana Chopra,Male,52,101,Senior Analyst,Contract,2024-07-12,Delhi,Office
EMP12796,Meera Saxena,Female,47,106,Analyst,Permanent,2019-06-02,Chennai,Hybrid
EMP12797,Sana Gupta,Male,50,104,Analyst,Permanent,2025-10-12,Chennai,Hybrid
EMP12798,Ishaan Mehta,Male,39,105,Associate,Permanent,2020-05-22,Gurugram,Hybrid
EMP12799,Karan Mehta,Female,36,107,Specialist,Permanent,2020-05-05,Chennai,Office
EMP12800,Neha Bansal,Female,58,103,Executive,Permanent,2019-12-11,Mumbai,Hybrid
EMP12801,Kabir Chopra,Male,32,108,Manager,Permanent,2024-04-19,Gurugram,Remote
EMP12802,NIKHIL DAS,Female,24,106,Specialist,Contract,2023-10-28,Pune,Remote
EMP12803,Shreya Verma,Non-Binary,24,103,Associate,Permanent,2019-08-09,Delhi,Hybrid
EMP12804,Arjun Reddy,Male,57,105,Analyst,Contract,2024-04-22,Mumbai,Hybrid
EMP12805,Rahul Arora,Female,43,102,Associate,Contract,2024-04-26,Bengaluru,Office
EMP12806,Neha Mehta,Female,33,108,Senior Analyst,Permanent,2020-12-23,Gurugram,Remote
EMP12807,Ishaan Verma,Female,23,106,Associate,Permanent,2020-06-11,Chennai,Hybrid
EMP12808,Kavya Malhotra,Female,32,101,Manager,Permanent,2023-03-03,Chennai,Hybrid
EMP12809,Karan Reddy,Female,35,102,Manager,Permanent,2023-07-23,Chennai,Hybrid
EMP12810,Tanya Patel,Male,25,105,Analyst,Permanent,2020-04-25,Gurugram,Office
EMP12811,Rohan Sethi,Male,55,101,Manager,Permanent,2024-02-15,Gurugram,Office
EMP12812,Ananya Verma,Female,35,101,Senior Analyst,Permanent,2023-01-02,Delhi,Office
EMP12813,Vikram Chopra,Non-Binary,57,103,Analyst,Contract,2022-11-26,Mumbai,Hybrid
EMP12814,Tanya Chopra,Male,22,102,Manager,Permanent,2019-12-11,Noida,Office
EMP12815,Shreya Sethi,Female,50,103,Associate,Permanent,2019-02-14,Kolkata,Remote
EMP12816,Pooja Bansal,Female,24,102,Executive,Permanent,2024-08-30,Noida,Hybrid
EMP12817,Tanya Saxena,Male,53,101,Specialist,Contract,2023-07-16,Delhi,Office
EMP12818,Yash Singh,Female,37,106,Associate,Permanent,2024-03-02,Jaipur,Hybrid
EMP12819,Arjun Verma,Female,40,104,Senior Analyst,Permanent,2024-09-26,Jaipur,Office
EMP12820,Meera Verma,Male,43,102,Analyst,Permanent,2023-02-23,Jaipur,Hybrid
EMP12821,ARJUN GUPTA,Female,45,102,Senior Analyst,Permanent,2026-02-11,Bengaluru,Office
EMP12822,Tanya Singh,Female,35,105,Executive,Permanent,2025-05-23,Gurugram,Remote
EMP12823,Aarav Arora,Female,36,101,Associate,Permanent,2021-09-28,Bengaluru,Remote
EMP12824,Aisha Malhotra,Female,23,101,Executive,Permanent,2021-10-30,Gurugram,Office
EMP12825,Aisha Reddy,Male,31,101,Manager,Permanent,2026-02-02,Kolkata,Remote
EMP12826,Aisha Arora,Female,48,107,Associate,Contract,2024-08-02,Gurugram,Hybrid
EMP12827,Raj Jain,Male,25,106,Associate,Intern,2019-10-01,Delhi,Remote
EMP12828,Aditya Saxena,Male,57,106,Associate,Permanent,2021-08-13,Delhi,Hybrid
EMP12829,Nisha Singh,Male,33,106,Senior Manager,Permanent,2026-04-01,Gurugram,Remote
EMP12830,Raj Iyer,Male,28,106,Specialist,Permanent,2023-11-15,Jaipur,Office
EMP12831,Priya Malhotra,Female,33,103,Senior Analyst,Permanent,2020-01-16,Noida,Office
EMP12832,Varun Chopra,Male,49,105,Manager,Permanent,2022-09-14,Delhi,Hybrid
EMP12833,Aditya Verma,Male,34,101,Senior Analyst,Permanent,2020-04-23,Mumbai,Hybrid
EMP12834,Priya Chopra,Male,40,105,Analyst,Permanent,2024-08-24,Pune,Hybrid
EMP12835,Diya Reddy,Male,25,107,Analyst,Permanent,2020-05-30,Kolkata,Office
EMP12836,Kavya Reddy,Female,35,103,Senior Analyst,Permanent,2019-07-10,Kolkata,Hybrid
EMP12837,Aditya Singh,Female,37,102,Associate,Permanent,2022-04-06,Kolkata,Hybrid
EMP12838,Nisha Sharma,Non-Binary,21,102,Executive,Permanent,2026-04-22,Chennai,Hybrid
EMP12839,Ishaan Malhotra,Male,21,105,Senior Manager,Permanent,2022-03-06,Mumbai,Office
EMP12840,Diya Patel,Female,38,106,Executive,Permanent,2025-01-10,Delhi,Hybrid
EMP12841,Yash Singh,Female,46,107,Specialist,Contract,2022-11-12,Jaipur,Hybrid
EMP12842,Raj Reddy,Female,21,102,Associate,Contract,2019-09-29,Hyderabad,Office
EMP12843,Rahul Das,Female,21,107,Analyst,Permanent,2019-05-23,Noida,Hybrid
EMP12844,Simran Singh,Female,41,104,Analyst,Contract,2024-03-27,Noida,Hybrid
EMP12845,Shreya Chopra,Male,47,107,Senior Analyst,Contract,2021-12-28,Bengaluru,Hybrid
EMP12846,ROHAN MALHOTRA,Male,45,104,Analyst,Permanent,2025-04-13,Chennai,Office
EMP12847,Kavya Agarwal,Male,32,104,Senior Manager,Permanent,2021-02-26,Gurugram,Hybrid
EMP12848,Nisha Bansal,Female,31,104,Associate,Permanent,2024-10-27,Gurugram,Hybrid
EMP12849,Simran Singh,Male,22,106,Analyst,Permanent,2023-08-09,Chennai,Office
EMP12850,Arjun Arora,Male,43,108,Associate,Permanent,2020-09-14,Pune,Remote
EMP12851,Tanya Saxena,Male,56,101,Senior Manager,Contract,2026-01-16,Chennai,Office
EMP12852,Yash Khan,Male,39,101,Manager,Permanent,2021-07-26,Gurugram,Hybrid
EMP12853,Neha Arora,Female,39,108,Associate,Permanent,2022-01-23,Gurugram,Hybrid
EMP12854,Riya Saxena,Male,44,104,Executive,Permanent,2020-09-08,Hyderabad,Office
EMP12855,Karan Saxena,Male,24,105,Analyst,Permanent,2021-10-28,Hyderabad,Hybrid
EMP12856,Kavya Patel,Male,37,103,Specialist,Permanent,2019-03-08,Bengaluru,Hybrid
EMP12857,Meera Agarwal,Male,41,101,Manager,Permanent,2019-07-10,Jaipur,Hybrid
EMP12858,Mohit Gupta,Female,26,107,Specialist,Permanent,2020-06-04,Hyderabad,Hybrid
EMP12859,Varun Chopra,Male,21,106,Analyst,Permanent,2021-09-16,Noida,Hybrid
EMP12860,Aarav Arora,Male,41,102,Senior Analyst,Permanent,2022-02-14,Gurugram,Hybrid
EMP12861,Riya Sethi,Female,35,102,Specialist,Permanent,2025-05-03,Chennai,Hybrid
EMP12862,Varun Gupta,Male,47,107,Manager,Permanent,2023-06-23,Gurugram,Hybrid
EMP12863,Arjun Mishra,Female,23,101,Executive,Permanent,2025-12-07,Bengaluru,Remote
EMP12864,Tanya Das,Male,43,107,Manager,Permanent,2022-04-02,Gurugram,Hybrid
EMP12865,Yash Mehta,Male,32,102,Analyst,Permanent,2020-01-11,Gurugram,Office
EMP12866,Rahul Malhotra,Female,25,105,Associate,Permanent,2020-10-14,Pune,Hybrid
EMP12867,Ishaan Iyer,Female,38,108,Analyst,Permanent,2020-07-02,Bengaluru,Hybrid
EMP12868,Ananya Kapoor,Female,57,106,Senior Analyst,Permanent,2022-01-02,Bengaluru,Hybrid
EMP12869,Yash Arora,Male,21,103,Executive,Contract,2019-03-14,Mumbai,Hybrid
EMP12870,Nisha Das,Male,36,106,Specialist,Contract,2025-06-13,Kolkata,Office
EMP12871,Kabir Mishra,Female,37,102,Senior Analyst,Permanent,2019-07-18,Pune,Remote
EMP12872,Vikram Iyer,Female,45,102,Senior Analyst,Permanent,2023-11-17,Bengaluru,Office
EMP12873,Vikram Reddy,Female,35,108,Executive,Permanent,2020-07-25,Mumbai,Hybrid
EMP12874,Arjun Sethi,Male,49,106,Manager,Permanent,2021-03-01,gurugram,Office
EMP12875,Ananya Jain,Male,49,105,Associate,Permanent,2023-06-27,Hyderabad,Office
EMP12876,Vikram Kapoor,Male,29,102,Associate,Permanent,2024-01-06,Noida,Hybrid
EMP12877,Aarav Singh,Female,50,101,Manager,Permanent,2024-01-30,Delhi,Remote
EMP12878,Shreya Gupta,Female,57,101,Specialist,Permanent,2023-02-19,Hyderabad,Hybrid
EMP12879,Varun Sharma,Male,27,104,Executive,Intern,2022-03-20,Noida,Hybrid
EMP12880,Riya Iyer,Female,38,107,Senior Manager,Permanent,2019-06-28,Pune,Hybrid
EMP12881,Arjun Saxena,Non-Binary,33,104,Analyst,Permanent,2025-02-22,Kolkata,Hybrid
EMP12882,Karan Singh,Male,32,107,Executive,Contract,2021-01-04,Gurugram,Hybrid
EMP12883,Varun Reddy,Female,21,101,Senior Analyst,Contract,2024-11-06,Hyderabad,Remote
EMP12884,Aman Sethi,Male,44,103,Manager,Contract,2021-03-09,Jaipur,Remote
EMP12885,Meera Arora,Female,40,102,Senior Analyst,Contract,2021-02-26,Hyderabad,Office
EMP12886,Pooja Jain,Female,35,103,Associate,Permanent,2019-07-28,Chennai,Office
EMP12887,Neha Patel,Male,40,101,Executive,Contract,2020-05-07,Chennai,Hybrid
EMP12888,Aarav Khan,Female,48,108,Manager,Permanent,2026-06-05,Bengaluru,Remote
EMP12889,Sneha Singh,Female,57,102,Associate,Permanent,2023-07-16,Bengaluru,Hybrid
EMP12890,Simran Bansal,Male,21,108,Specialist,Permanent,2021-01-01,Bengaluru,Hybrid
EMP12891,Simran Sethi,Male,58,103,Executive,Permanent,2022-02-03,Delhi,Office
EMP12892,Aisha Mehta,Female,58,108,Associate,Permanent,2023-05-25,Chennai,Hybrid
EMP12893,Varun Saxena,Male,25,104,Associate,Permanent,2020-08-16,Noida,Remote
EMP12894,Vikram Agarwal,Female,35,108,Associate,Permanent,2022-04-30,Noida,Hybrid
EMP12895,Meera Mishra,Female,22,101,Analyst,Permanent,2019-11-21,Hyderabad,Hybrid
EMP12896,Nisha Singh,Male,31,106,Specialist,Permanent,2021-09-05,Kolkata,Hybrid
EMP12897,Varun Arora,Male,50,108,Senior Analyst,Permanent,2023-10-16,Chennai,Hybrid
EMP12898,Varun Patel,Male,30,101,Specialist,Permanent,2024-01-25,Kolkata,Hybrid
EMP12899,Vikram Arora,Male,37,101,Associate,Permanent,2023-01-30,Chennai,Office
EMP12900,Mohit Mehta,Female,41,103,Executive,Contract,2021-06-12,Chennai,Remote
EMP12901,Aisha Mishra,Male,29,108,Senior Analyst,Permanent,2022-10-22,Mumbai,Remote
EMP12902,Vikram Das,Female,32,104,Associate,Permanent,2019-05-24,Bengaluru,Remote
EMP12903,Karan Chopra,Female,30,104,Specialist,Permanent,2020-01-19,Mumbai,Hybrid
EMP12904,Neha Khan,Male,45,101,Analyst,Permanent,2025-03-13,Delhi,Hybrid
EMP12905,Priya Khan,Male,41,101,Specialist,Intern,2025-06-29,Noida,Office
EMP12906,Shreya Chopra,Female,26,107,Executive,Permanent,2019-08-05,Pune,Hybrid
EMP12907,Aman Das,Female,40,101,Senior Analyst,Permanent,2023-02-24,Delhi,Hybrid
EMP12908,Nisha Bansal,Male,43,105,Senior Analyst,Contract,2025-02-08,Bengaluru,Remote
EMP12909,Ananya Agarwal,Female,57,108,Analyst,Permanent,2025-05-06,Pune,Remote
EMP12910,Rahul Agarwal,Male,36,102,Associate,Contract,2023-01-30,Pune,Remote
EMP12911,Aisha Kapoor,Female,37,106,Executive,Contract,2023-06-24,Jaipur,Office
EMP12912,Kavya Saxena,Female,25,101,Analyst,Permanent,2025-11-19,Kolkata,Office
EMP12913,Aditya Gupta,Male,35,105,Associate,Permanent,2025-06-10,Mumbai,Hybrid
EMP12914,Ananya Bansal,Male,29,101,Analyst,Permanent,2022-03-13,Noida,Office
EMP12915,Aarav Patel,Female,22,106,Analyst,Permanent,2019-04-21,Pune,Remote
EMP12916,Aisha Sethi,Female,38,102,Analyst,Permanent,2021-10-10,Bengaluru,Hybrid
EMP12917,Priya Reddy,Female,22,103,Manager,Permanent,2019-08-20,Bengaluru,Hybrid
EMP12918,Kabir Sharma,Female,41,105,Associate,Permanent,2023-09-11,Hyderabad,Office
EMP12919,Priya Sharma,Male,27,101,Analyst,Intern,2023-10-22,Pune,Hybrid
EMP12920,Riya Das,Male,32,106,Associate,Permanent,2026-03-27,Bengaluru,Office
EMP12921,Neha Das,Male,52,102,Manager,Permanent,2023-04-27,Gurugram,Hybrid
EMP12922,Aman Arora,Male,30,106,Analyst,Permanent,2022-07-20,Gurugram,Hybrid
EMP12923,Tanya Malhotra,Male,41,101,Specialist,Permanent,2025-01-29,Pune,Hybrid
EMP12924,Vikram Reddy,Female,42,106,Senior Analyst,Permanent,2021-08-30,Pune,Remote
EMP12925,Diya Iyer,Male,36,101,Specialist,Permanent,2021-10-27,Mumbai,Hybrid
EMP12926,Rahul Agarwal,Male,44,103,Senior Analyst,Permanent,2026-02-06,Jaipur,Office
EMP12927,Vikram Gupta,Female,23,102,Associate,Permanent,2026-02-08,Chennai,Hybrid
EMP12928,Ishaan Saxena,Female,55,106,Analyst,Permanent,2020-06-01,Mumbai,Hybrid
EMP12929,Aisha Saxena,Female,39,102,Associate,Contract,2021-07-02,Kolkata,Hybrid
EMP12930,Riya Kapoor,Female,36,107,Senior Analyst,Permanent,2025-03-12,Kolkata,Hybrid
EMP12931,Yash Gupta,Female,53,107,Analyst,Permanent,2024-12-21,Kolkata,Hybrid
EMP12932,Ananya Das,Female,33,101,Senior Analyst,Permanent,2025-05-21,Pune,Office
EMP12933,Kabir Gupta,Male,42,105,Executive,Contract,2024-04-28,Kolkata,Office
EMP12934,Aman Reddy,Female,44,101,Associate,Permanent,2023-01-02,Hyderabad,Office
EMP12935,Rohan Malhotra,Female,25,103,Analyst,Permanent,2024-02-16,Pune,Remote
EMP12936,Aman Gupta,Female,40,106,Senior Analyst,Permanent,2026-06-26,Mumbai,Hybrid
EMP12937,Pooja Saxena,Female,29,105,Executive,Permanent,2025-07-06,Bengaluru,Hybrid
EMP12938,Varun Patel,Female,33,105,Analyst,Contract,2022-07-31,Pune,Office
EMP12939,Ishaan Agarwal,Female,45,102,Manager,Permanent,2021-06-17,Bengaluru,Hybrid
EMP12940,Kabir Iyer,Male,43,103,Analyst,Permanent,2022-01-03,Chennai,Hybrid
EMP12941,Simran Patel,Female,26,101,Analyst,Permanent,2022-04-04,Noida,Hybrid
EMP12942,Sneha Sharma,Male,36,106,Executive,Permanent,2022-04-27,Chennai,Office
EMP12943,Mohit Mehta,Female,44,103,Senior Manager,Permanent,2024-10-26,Kolkata,Hybrid
EMP12944,Vikram Malhotra,Male,21,106,Specialist,Permanent,2020-11-18,Hyderabad,Hybrid
EMP12945,Kabir Patel,Female,55,102,Associate,Permanent,2024-08-30,Kolkata,Remote
EMP12946,Mohit Agarwal,Female,40,102,Senior Manager,Contract,2020-07-19,Kolkata,Hybrid
EMP12947,Yash Khan,Male,56,102,Senior Analyst,Contract,2022-04-22,Chennai,Hybrid
EMP12948,Ishaan Chopra,Female,39,101,Executive,Permanent,2024-03-09,Hyderabad,Office
EMP12949,Arjun Kapoor,Female,44,102,Senior Analyst,Permanent,2021-04-06,Noida,Office
EMP12950,Yash Saxena,Male,31,107,Senior Analyst,Permanent,2022-09-13,Bengaluru,Hybrid
EMP12951,Rohan Bansal,Male,29,107,Manager,Permanent,2025-02-04,Gurugram,Hybrid
EMP12952,Sana Malhotra,Non-Binary,40,104,Senior Manager,Permanent,2023-12-17,Bengaluru,Hybrid
EMP12953,Kabir Saxena,Male,50,103,Specialist,Permanent,2021-12-18,Noida,Hybrid
EMP12954,Kabir Iyer,Female,26,101,Analyst,Permanent,2022-09-12,Jaipur,Hybrid
EMP12955,Riya Kapoor,Female,58,107,Executive,Permanent,2023-07-03,Gurugram,Hybrid
EMP12956,Arjun Malhotra,Female,58,101,Senior Analyst,Permanent,2026-06-09,Delhi,Hybrid
EMP12957,Kavya Saxena,Female,44,108,Executive,Permanent,2019-07-10,Hyderabad,Hybrid
EMP12958,Vikram Patel,Male,47,103,Senior Analyst,Permanent,2022-05-08,Bengaluru,Office
EMP12959,Rohan Khan,Female,23,102,Senior Analyst,Permanent,2022-08-28,Jaipur,Office
EMP12960,Diya Jain,Female,41,108,Executive,Permanent,2020-12-08,Noida,Hybrid
EMP12961,Aarav Jain,Male,34,101,Associate,Permanent,2020-01-14,Mumbai,Remote
EMP12962,Varun Patel,Male,43,104,Senior Manager,Permanent,2020-01-22,Noida,Hybrid
EMP12963,Sana Khan,Male,42,104,Specialist,Permanent,2025-04-03,Hyderabad,Office
EMP12964,AMAN SHARMA,Male,34,102,Executive,Permanent,2020-09-07,Delhi,Office
EMP12965,Mohit Gupta,Male,33,103,Analyst,Permanent,2023-03-23,Pune,Remote
EMP12966,Karan Saxena,Male,31,105,Specialist,Permanent,2025-05-19,Gurugram,Office
EMP12967,Sneha Agarwal,Female,27,106,Manager,Permanent,2024-08-10,Pune,Office
EMP12968,Varun Gupta,Female,57,101,Associate,Permanent,2023-10-21,Bengaluru,Hybrid
EMP12969,Shreya Verma,Male,41,108,Analyst,Permanent,2020-04-08,Jaipur,Office
EMP12970,Ananya Das,Male,55,101,Analyst,Permanent,2021-08-24,Chennai,Office
EMP12971,Raj Singh,Male,34,102,Senior Analyst,Permanent,2019-06-21,Chennai,Hybrid
EMP12972,Varun Das,Non-Binary,27,102,Executive,Permanent,2022-02-20,Chennai,Remote
EMP12973,Kabir Arora,Female,49,101,Executive,Permanent,2021-04-22,Gurugram,Office
EMP12974,Kavya Iyer,Male,54,101,Associate,Intern,2022-08-14,Gurugram,Hybrid
EMP12975,Nisha Bansal,Female,33,108,Manager,Permanent,2024-03-23,Pune,Hybrid
EMP12976,Shreya Das,Male,30,102,Analyst,Permanent,2020-11-20,Bengaluru,Office
EMP12977,Aman Kapoor,Female,28,101,Specialist,Permanent,2026-03-07,Bengaluru,Hybrid
EMP12978,Ishaan Verma,Female,21,101,Executive,Permanent,2023-02-16,Gurugram,Hybrid
EMP12979,Diya Malhotra,Male,36,106,Senior Analyst,Permanent,2025-01-21,Mumbai,Office
EMP12980,Simran Agarwal,Female,55,107,Associate,Permanent,2024-07-17,Mumbai,Hybrid
EMP12981,Mohit Das,Male,29,102,Manager,Permanent,2023-09-19,Delhi,Office
EMP12982,Vikram Patel,Female,58,101,Analyst,Contract,2020-01-18,Pune,Hybrid
EMP12983,Tanya Singh,Male,46,102,Manager,Permanent,2025-03-06,Pune,Hybrid
EMP12984,Nikhil Agarwal,Female,43,101,Executive,Permanent,2022-11-13,Hyderabad,Office
EMP12985,Varun Kapoor,Male,39,101,Manager,Permanent,2023-05-03,Mumbai,Hybrid
EMP12986,Sneha Verma,Male,44,103,Analyst,Permanent,2025-03-21,Pune,Hybrid
EMP12987,Vikram Chopra,Female,48,102,Senior Analyst,Permanent,2024-08-12,Mumbai,Remote
EMP12988,Aarav Iyer,Female,38,104,Senior Manager,Contract,2020-01-07,delhi,Office
EMP12989,Shreya Khan,Female,56,102,Analyst,Permanent,2023-09-07,Jaipur,Office
EMP12990,Kabir Patel,Male,36,108,Associate,Permanent,2023-01-09,Bengaluru,Hybrid
EMP12991,Meera Chopra,Female,32,108,Executive,Permanent,2020-09-02,Gurugram,Office
EMP12992,Nikhil Kapoor,Male,37,104,Executive,Permanent,2019-04-26,Hyderabad,Remote
EMP12993,Riya Sharma,Male,44,102,Senior Analyst,Permanent,2020-03-22,Bengaluru,Office
EMP12994,Raj Jain,Female,43,103,Analyst,Permanent,2022-10-23,Mumbai,Office
EMP12995,Aditya Kapoor,Male,53,103,Manager,Permanent,2022-09-02,Mumbai,Office
EMP12996,Ishaan Mehta,Female,50,106,Associate,Intern,2020-02-19,Hyderabad,Hybrid
EMP12997,Sana Bansal,Female,24,103,Senior Manager,Contract,2023-12-14,Bengaluru,Office
EMP12998,Aman Khan,Female,27,107,Associate,Contract,2021-11-13,Mumbai,Hybrid
EMP12999,Mohit Gupta,Female,49,108,Executive,Permanent,2026-06-03,Hyderabad,Office
EMP13000,Vikram Agarwal,Non-Binary,28,102,Manager,Permanent,2024-02-17,Pune,Remote
EMP13001,Tanya Agarwal,Female,25,104,Manager,Permanent,2021-12-09,Gurugram,Hybrid
EMP13002,Shreya Mehta,Female,58,101,Senior Manager,Permanent,2020-12-18,Mumbai,Office
EMP13003,Pooja Gupta,Female,41,102,Analyst,Permanent,2022-09-20,Pune,Office
EMP13004,Rohan Iyer,Male,31,103,Specialist,Permanent,2023-05-25,Chennai,Hybrid
EMP13005,Yash Bansal,Male,23,102,Senior Analyst,Permanent,2025-05-07,Hyderabad,Hybrid
EMP13006,Tanya Sharma,Female,36,107,Executive,Permanent,2020-07-15,Delhi,Hybrid
EMP13007,Sana Mehta,Female,34,101,Associate,Permanent,2025-04-13,Hyderabad,Office
EMP13008,Aman Verma,Male,48,103,Specialist,Permanent,2020-01-22,Delhi,Office
EMP13009,Riya Malhotra,Female,21,105,Specialist,Permanent,2020-12-02,Mumbai,Hybrid
EMP13010,Neha Das,Female,46,106,Specialist,Permanent,2026-02-19,Gurugram,Hybrid
EMP13011,Ananya Mehta,Female,56,103,Associate,Permanent,2021-08-30,Jaipur,Office
EMP13012,Pooja Verma,Male,45,107,Associate,Permanent,2022-10-16,Kolkata,Hybrid
EMP13013,Varun Agarwal,Male,21,104,Associate,Contract,2021-09-10,Pune,Hybrid
EMP13014,Simran Arora,Male,48,103,Senior Manager,Permanent,2023-02-20,Noida,Office
EMP13015,Kabir Mehta,Male,52,101,Analyst,Permanent,2019-12-18,Kolkata,Hybrid
EMP13016,Shreya Bansal,Male,45,103,Senior Analyst,Permanent,2023-09-21,Mumbai,Office
EMP13017,Ishaan Gupta,Female,28,107,Specialist,Permanent,2024-05-05,Bengaluru,Hybrid
EMP13018,Rahul Mehta,Female,33,105,Specialist,Permanent,2022-07-03,Bengaluru,Hybrid
EMP13019,Sneha Mishra,Male,57,107,Analyst,Permanent,2024-03-22,Kolkata,Office
EMP13020,Kavya Sharma,Non-Binary,51,103,Associate,Intern,2021-01-22,Delhi,Remote
EMP13021,Raj Patel,Female,47,101,Senior Analyst,Permanent,2021-10-21,Kolkata,Office
EMP13022,Sana Kapoor,Non-Binary,51,101,Associate,Permanent,2020-06-29,Gurugram,Office
EMP13023,Simran Malhotra,Male,23,102,Executive,Permanent,2023-01-09,Mumbai,Hybrid
EMP13024,Tanya Mehta,Male,38,106,Analyst,Contract,2019-03-20,Delhi,Hybrid
EMP13025,Riya Iyer,Male,23,107,Executive,Permanent,2022-06-13,Bengaluru,Office
EMP13026,Karan Jain,Female,39,102,Senior Analyst,Permanent,2025-07-09,Noida,Hybrid
EMP13027,Aditya Chopra,Female,56,103,Associate,Permanent,2021-06-07,Noida,Remote
EMP13028,Priya Singh,Female,44,103,Senior Manager,Permanent,2022-01-10,Delhi,Hybrid
EMP13029,Tanya Reddy,Female,21,103,Executive,Permanent,2025-12-24,Bengaluru,Hybrid
EMP13030,Nisha Sethi,Male,43,102,Analyst,Permanent,2024-06-13,Hyderabad,Office
EMP13031,Ananya Kapoor,Male,53,101,Senior Manager,Permanent,2023-02-09,Jaipur,Remote
EMP13032,Ishaan Jain,Female,50,101,Associate,Permanent,2021-07-09,Mumbai,Office
EMP13033,Yash Arora,Female,36,101,Manager,Contract,2020-07-03,Bengaluru,Remote
EMP13034,Arjun Agarwal,Male,35,101,Analyst,Contract,2024-08-23,Jaipur,Office
EMP13035,Karan Malhotra,Female,42,101,Manager,Permanent,2020-01-27,Mumbai,
EMP13036,Yash Malhotra,Male,52,105,Executive,Permanent,2025-06-15,Bengaluru,Office
EMP13037,Diya Agarwal,Male,52,102,Senior Manager,Permanent,2025-08-30,Noida,Hybrid
EMP13038,Aarav Saxena,Female,24,108,Executive,Permanent,2022-10-12,Mumbai,Hybrid
EMP13039,Kavya Iyer,Male,30,101,Specialist,Intern,2021-08-31,Hyderabad,Hybrid
EMP13040,Raj Kapoor,Male,46,102,Associate,Permanent,2019-12-06,Pune,Remote
EMP13041,Priya Sethi,Male,48,102,Specialist,Intern,2026-03-29,Gurugram,Remote
EMP13042,Aarav Arora,Male,52,101,Associate,Permanent,2021-01-26,Noida,Hybrid
EMP13043,Mohit Bansal,Female,29,107,Manager,Permanent,2021-11-11,Bengaluru,Remote
EMP13044,Varun Malhotra,Female,29,101,Specialist,Permanent,2025-05-27,Bengaluru,Office
EMP13045,Tanya Agarwal,Male,22,108,Manager,Intern,2025-06-11,Kolkata,Hybrid
EMP13046,Kabir Gupta,Male,47,107,Senior Analyst,Contract,2026-05-05,Gurugram,Remote
EMP13047,Nikhil Khan,Female,56,104,Specialist,Permanent,2026-04-26,Delhi,Office
EMP13048,Neha Kapoor,Female,24,104,Senior Analyst,Permanent,2021-07-27,Hyderabad,Office
EMP13049,Raj Chopra,Male,28,105,Associate,Permanent,2021-04-27,Kolkata,Hybrid
EMP13050,Varun Iyer,Male,37,103,Senior Manager,Contract,2020-03-17,Delhi,Office
EMP13051,Aarav Jain,Male,23,105,Associate,Permanent,2025-12-25,Chennai,Hybrid
EMP13052,Karan Mishra,Male,31,101,Executive,Permanent,2019-05-10,Mumbai,Remote
EMP13053,Riya Chopra,Female,23,101,Senior Analyst,Permanent,2020-08-19,Noida,Hybrid
EMP13054,Sneha Patel,Male,57,103,Associate,Permanent,2024-05-12,Delhi,Hybrid
EMP13055,Priya Mehta,Male,31,104,Specialist,Permanent,2023-02-14,Mumbai,Hybrid
EMP13056,Diya Reddy,Female,45,107,Associate,Intern,2021-05-11,Hyderabad,Office
EMP13057,Raj Bansal,Female,29,101,Executive,Permanent,2026-03-25,Hyderabad,Hybrid
EMP13058,Arjun Gupta,Male,33,107,Analyst,Contract,2021-09-25,Pune,Office
EMP13059,Tanya Reddy,Male,24,102,Senior Manager,Permanent,2025-06-30,Bengaluru,Remote
EMP13060,Arjun Jain,Female,38,103,Analyst,Permanent,2025-10-31,Gurugram,Hybrid
EMP13061,Neha Khan,Male,57,102,Analyst,Permanent,2023-04-01,Noida,Office
EMP13062,Vikram Jain,Female,21,103,Executive,Permanent,2023-06-29,Pune,Office
EMP13063,Raj Agarwal,Male,43,101,Senior Analyst,Permanent,2023-02-20,Mumbai,Office
EMP13064,Sneha Jain,Male,32,103,Analyst,Permanent,2023-10-03,Kolkata,Hybrid
EMP13065,Shreya Jain,Female,55,107,Analyst,Permanent,2022-12-20,Chennai,Hybrid
EMP13066,Neha Agarwal,Female,54,103,Manager,Permanent,2024-02-01,Noida,Hybrid
EMP13067,Neha Arora,Female,36,103,Senior Manager,Permanent,2019-09-22,Noida,Hybrid
EMP13068,Nikhil Sethi,Female,37,107,Specialist,Permanent,2026-04-13,Delhi,Office
EMP13069,Ishaan Verma,Female,22,106,Senior Manager,Permanent,2026-06-14,Delhi,Office
EMP13070,Kavya Mehta,Female,27,103,Manager,Contract,2023-01-02,Delhi,Remote
EMP13071,Vikram Jain,Male,35,102,Analyst,Permanent,2019-06-06,Noida,Office
EMP13072,Tanya Sethi,Female,53,107,Analyst,Permanent,2022-12-16,Bengaluru,Hybrid
EMP13073,Ananya Arora,Female,40,104,Associate,Permanent,2025-04-17,Delhi,Remote
EMP13074,Simran Chopra,Male,48,102,Executive,Permanent,2023-06-21,Chennai,Hybrid
EMP13075,Vikram Sethi,Female,40,102,Senior Analyst,Permanent,2026-01-21,Hyderabad,Office
EMP13076,Ananya Verma,Female,33,107,Specialist,Permanent,2025-07-02,Gurugram,Office
EMP13077,Rahul Gupta,Male,32,101,Associate,Permanent,2021-06-13,Jaipur,Hybrid
EMP13078,Mohit Saxena,Male,30,108,Senior Manager,Permanent,2024-11-14,Noida,Remote
EMP13079,Shreya Mehta,Female,38,101,Manager,Permanent,2020-05-27,Chennai,Hybrid
EMP13080,Shreya Jain,Male,44,107,Associate,Permanent,2019-08-04,Kolkata,Hybrid
EMP13081,Sneha Das,Male,54,103,Executive,Permanent,2024-12-12,Jaipur,Office
EMP13082,Priya Sharma,Male,38,103,Analyst,Intern,2023-09-03,Chennai,Office
EMP13083,Nisha Das,Male,27,107,Senior Analyst,Permanent,2024-10-07,Noida,Office
EMP13084,Rohan Gupta,Male,58,103,Analyst,Contract,2023-04-17,Jaipur,Hybrid
EMP13085,Nisha Arora,Male,49,104,Senior Analyst,Permanent,2025-01-17,Gurugram,Remote
EMP13086,Sneha Bansal,Male,50,101,Senior Analyst,Permanent,2025-05-20,Delhi,Office
EMP13087,Meera Singh,Female,26,101,Senior Analyst,Permanent,2024-11-23,Bengaluru,Hybrid
EMP13088,Rahul Das,Male,28,102,Executive,Permanent,2022-02-02,Gurugram,Hybrid
EMP13089,Shreya Bansal,Female,35,106,Specialist,Permanent,2019-08-16,Noida,Hybrid
EMP13090,Aarav Gupta,Female,37,101,Executive,Permanent,2025-06-23,Hyderabad,Hybrid
EMP13091,Shreya Arora,Male,30,101,Executive,Permanent,2023-01-27,Hyderabad,Office
EMP13092,Sana Jain,Female,53,103,Analyst,Permanent,2021-03-12,Kolkata,Hybrid
EMP13093,Varun Sharma,Male,32,105,Associate,Permanent,2023-06-11,Pune,Office
EMP13094,Aisha Iyer,Male,42,106,Analyst,Permanent,2024-03-20,Hyderabad,Hybrid
EMP13095,Neha Das,Male,39,101,Senior Analyst,Permanent,2020-04-16,Noida,Office
EMP13096,Ishaan Khan,Male,39,101,Senior Analyst,Permanent,2021-12-15,Mumbai,Office
EMP13097,Neha Khan,Male,47,108,Analyst,Permanent,2026-04-26,Gurugram,Office
EMP13098,Nikhil Iyer,Male,29,102,Senior Manager,Permanent,2024-08-22,Bengaluru,Office
EMP13099,Aditya Mishra,Male,38,107,Senior Analyst,Permanent,2021-11-07,Mumbai,Hybrid
EMP13100,Diya Kapoor,Male,49,107,Senior Analyst,Permanent,2024-11-30,Bengaluru,Office
EMP13101,Aditya Sharma,Female,41,107,Senior Analyst,Permanent,2019-08-17,Jaipur,Hybrid
EMP13102,Diya Mishra,Female,58,101,Executive,Permanent,2019-06-20,Bengaluru,Remote
EMP13103,Meera Verma,Female,50,107,Senior Analyst,Permanent,2019-10-22,Gurugram,Hybrid
EMP13104,Meera Arora,Male,30,107,Executive,Contract,2019-07-08,Bengaluru,Remote
EMP13105,Yash Saxena,Male,40,105,Senior Analyst,Permanent,2020-03-01,Kolkata,Remote
EMP13106,Arjun Chopra,Male,35,102,Manager,Permanent,2021-09-03,Gurugram,Remote
EMP13107,Shreya Chopra,Male,30,102,Senior Analyst,Permanent,2022-01-07,Chennai,Office
EMP13108,Ishaan Arora,Female,26,101,Senior Manager,Permanent,2026-05-29,Hyderabad,Hybrid
EMP13109,Sneha Mishra,Female,51,103,Manager,Permanent,2021-07-07,Hyderabad,Remote
EMP13110,Kabir Das,Male,58,104,Senior Analyst,Permanent,2020-05-13,Kolkata,Hybrid
EMP13111,Rohan Gupta,Female,36,102,Analyst,Permanent,2023-12-27,Bengaluru,Office
EMP13112,Aman Chopra,Male,31,103,Associate,Permanent,2021-05-15,Kolkata,Hybrid
EMP13113,Diya Agarwal,Male,31,103,Executive,Contract,2021-04-05,Bengaluru,Hybrid
EMP13114,Aditya Khan,Male,50,105,Manager,Contract,2024-02-02,Chennai,Hybrid
EMP13115,Neha Sethi,Female,32,108,Executive,Permanent,2024-10-19,Jaipur,Office
EMP13116,Sana Verma,Female,51,101,Specialist,Permanent,2025-04-14,Hyderabad,Hybrid
EMP13117,Pooja Reddy,Female,33,103,Associate,Permanent,2019-05-26,Gurugram,Office
EMP13118,Meera Sethi,Male,54,101,Analyst,Permanent,2023-06-30,Bengaluru,Office
EMP13119,Aditya Arora,Male,57,105,Specialist,Contract,2022-08-12,Mumbai,Office
EMP13120,Arjun Verma,Male,57,106,Specialist,Permanent,2026-03-14,Mumbai,Office
EMP13121,Shreya Kapoor,Female,57,108,Associate,Contract,2020-04-14,Chennai,Office
EMP13122,Rohan Saxena,Male,40,102,Analyst,Permanent,2019-07-12,Kolkata,Hybrid
EMP13123,Aisha Patel,Male,51,108,Manager,Permanent,2021-12-27,Gurugram,Hybrid
EMP13124,Raj Khan,Female,36,101,Associate,Permanent,2025-12-16,Chennai,Remote
EMP13125,Ananya Reddy,Male,49,105,Senior Analyst,Permanent,2019-02-21,Bengaluru,Remote
EMP13126,Rohan Singh,Male,22,101,Executive,Contract,2025-08-07,Hyderabad,Hybrid
EMP13127,Varun Das,Female,28,107,Manager,Permanent,2023-12-26,Mumbai,Office
EMP13128,Rahul Jain,Female,25,104,Specialist,Permanent,2025-11-26,Kolkata,Remote
EMP13129,Aditya Reddy,Male,38,106,Associate,Permanent,2024-02-13,Delhi,Hybrid
EMP13130,Ananya Sethi,Male,26,107,Specialist,Permanent,2026-01-12,Noida,Hybrid
EMP13131,Aman Mehta,Female,23,101,Analyst,Permanent,2023-11-22,Bengaluru,Hybrid
EMP13132,Aisha Gupta,Male,28,101,Specialist,Permanent,2022-12-25,Bengaluru,Remote
EMP13133,Sneha Saxena,Male,38,107,Senior Manager,Permanent,2024-02-11,Pune,Office
EMP13134,Priya Sethi,Female,23,102,Analyst,Permanent,2026-01-23,Hyderabad,Office
EMP13135,Karan Jain,Male,45,101,Senior Analyst,Contract,2024-06-30,Pune,Hybrid
EMP13136,Raj Mehta,Female,31,103,Senior Analyst,Permanent,2022-12-05,Jaipur,Office
EMP13137,Diya Gupta,Female,34,105,Analyst,Permanent,2021-04-19,Kolkata,Hybrid
EMP13138,Kabir Singh,Male,25,101,Associate,Permanent,2019-08-29,Bengaluru,Office
EMP13139,Nikhil Sharma,Male,41,102,Manager,Permanent,2020-06-19,Delhi,Hybrid
EMP13140,Riya Singh,Male,45,101,Analyst,Permanent,2022-11-08,Delhi,Office
EMP13141,Diya Arora,Female,35,103,Specialist,Intern,2019-03-24,Hyderabad,Remote
EMP13142,Tanya Mishra,Female,45,107,Executive,Permanent,2021-09-08,Kolkata,Hybrid
EMP13143,Yash Arora,Female,48,108,Senior Analyst,Contract,2021-08-08,Mumbai,Office
EMP13144,Karan Iyer,Male,46,105,Executive,Contract,2020-09-02,Pune,Office
EMP13145,Tanya Mishra,Male,36,101,Associate,Permanent,2020-07-27,Mumbai,Remote
EMP13146,Aditya Verma,Male,47,108,Manager,Intern,2025-05-22,Noida,Office
EMP13147,Aarav Malhotra,Male,31,104,Specialist,Permanent,2021-09-15,Gurugram,Hybrid
EMP13148,Shreya Sharma,Female,34,101,Specialist,Permanent,2020-04-03,Jaipur,Remote
EMP13149,Mohit Sharma,Male,37,108,Manager,Intern,2024-12-13,Jaipur,Office
EMP13150,Vikram Verma,Male,30,106,Manager,Permanent,2023-03-03,Jaipur,Office
EMP13151,Rohan Patel,Non-Binary,34,106,Specialist,Permanent,2025-10-08,Jaipur,Office
EMP13152,Aditya Saxena,Male,55,106,Manager,Permanent,2026-02-14,Hyderabad,Hybrid
EMP13153,Arjun Arora,Male,39,102,Specialist,Permanent,2026-04-11,Bengaluru,Hybrid
EMP13154,Aarav Singh,Male,44,102,Analyst,Permanent,2024-06-07,Noida,Office
EMP13155,Sneha Verma,Non-Binary,31,106,Associate,Contract,2023-04-16,Hyderabad,Remote
EMP13156,Vikram Arora,Female,23,102,Manager,Permanent,2024-11-29,Delhi,Hybrid
EMP13157,Mohit Sethi,Male,45,103,Executive,Permanent,2025-09-15,Kolkata,Office
EMP13158,Kavya Malhotra,Female,54,107,Analyst,Contract,2019-05-02,Mumbai,Hybrid
EMP13159,Priya Mishra,Female,41,107,Analyst,Permanent,2019-09-30,Delhi,Hybrid
EMP13160,NEHA SHARMA,Female,29,103,Associate,Permanent,2022-08-10,Gurugram,Hybrid
EMP13161,Sana Agarwal,Female,56,107,Executive,Permanent,2020-02-02,Bengaluru,Office
EMP13162,Mohit Arora,Female,46,107,Associate,Permanent,2025-11-23,Kolkata,Hybrid
EMP13163,Karan Patel,Female,32,105,Executive,Permanent,2021-09-11,Mumbai,Office
EMP13164,Aisha Arora,Male,58,102,Manager,Permanent,2022-05-15,Bengaluru,Hybrid
EMP13165,Vikram Reddy,Male,23,102,Analyst,Contract,2022-02-07,Kolkata,Office
EMP13166,Yash Iyer,Male,26,102,Analyst,Permanent,2022-07-25,Hyderabad,Hybrid
EMP13167,Kavya Khan,Female,48,101,Executive,Permanent,2024-03-25,Chennai,Office
EMP13168,Aarav Agarwal,Male,55,102,Analyst,Permanent,2026-03-01,Kolkata,Office
EMP13169,Neha Patel,Non-Binary,54,102,Associate,Permanent,2023-02-14,Gurugram,Hybrid
EMP13170,Kabir Agarwal,Female,47,103,Analyst,Permanent,2024-03-31,Hyderabad,Hybrid
EMP13171,Ananya Arora,Male,41,108,Specialist,Contract,2021-03-30,Kolkata,Remote
EMP13172,Sana Chopra,Male,53,101,Specialist,Permanent,2024-05-10,Hyderabad,Hybrid
EMP13173,Tanya Agarwal,Female,43,106,Senior Manager,Contract,2025-06-26,Delhi,Hybrid
EMP13174,Diya Saxena,Male,21,106,Associate,Permanent,2019-06-28,Jaipur,Remote
EMP13175,Vikram Chopra,Female,44,101,Associate,Permanent,2021-06-15,Hyderabad,Hybrid
EMP13176,Kavya Reddy,Female,24,108,Senior Manager,Permanent,2025-03-16,Jaipur,Office
EMP13177,Priya Bansal,Female,25,104,Senior Analyst,Contract,2024-05-26,Kolkata,Remote
EMP13178,Mohit Sethi,Female,55,103,Senior Analyst,Permanent,2023-04-01,Noida,Hybrid
EMP13179,Sneha Saxena,Non-Binary,30,106,Executive,Permanent,2020-05-06,Bengaluru,Hybrid
EMP13180,Rohan Chopra,Male,23,102,Executive,Permanent,2019-03-02,Hyderabad,Office
EMP13181,Aman Mehta,Female,50,106,Specialist,Permanent,2021-12-13,Kolkata,Hybrid
EMP13182,Ishaan Saxena,Male,43,101,Senior Analyst,Permanent,2023-08-31,Gurugram,Hybrid
EMP13183,Varun Arora,Male,36,107,Specialist,Contract,2026-01-29,Noida,Remote
EMP13184,Diya Malhotra,Female,31,103,Analyst,Permanent,2019-03-06,Noida,Hybrid
EMP13185,Karan Arora,Female,41,105,Analyst,Contract,2020-08-08,Gurugram,Office
EMP13186,Aman Agarwal,Non-Binary,22,102,Manager,Contract,2023-09-24,Hyderabad,Hybrid
EMP13187,Meera Kapoor,Female,35,106,Senior Analyst,Permanent,2025-01-27,Jaipur,Office
EMP13188,Nikhil Khan,Male,32,107,Analyst,Contract,2020-06-18,Delhi,Hybrid
EMP13189,Rahul Jain,Male,40,103,Associate,Permanent,2024-11-25,Pune,Remote
EMP13190,Varun Mehta,Male,42,105,Associate,Permanent,2024-02-14,Noida,Remote
EMP13191,Shreya Reddy,Male,37,103,Senior Analyst,Permanent,2021-10-01,Delhi,Hybrid
EMP13192,Aman Gupta,Male,35,107,Senior Manager,Permanent,2025-11-04,Pune,Hybrid
EMP13193,Rohan Singh,Male,58,103,Specialist,Permanent,2022-05-14,Kolkata,Hybrid
EMP13194,Kavya Singh,Female,57,107,Associate,Permanent,2026-03-22,Chennai,Remote
EMP13195,Kavya Arora,Female,42,107,Analyst,Permanent,2021-11-05,Mumbai,Remote
EMP13196,Neha Chopra,Female,54,103,Associate,Permanent,2019-11-23,Delhi,Remote
EMP13197,Nisha Patel,Female,51,102,Senior Analyst,Permanent,2020-08-30,Mumbai,Hybrid
EMP13198,Sneha Verma,Female,38,103,Senior Manager,Permanent,2026-05-30,Chennai,Hybrid
EMP13199,Karan Singh,Female,51,107,Analyst,Permanent,2019-01-02,Delhi,Hybrid
EMP11765,Meera  Iyer,Male,35,103,Specialist,Contract,2021-05-24,Gurugram,Hybrid
EMP12493,Aditya  Verma,Female,21,102,Specialist,Contract,2020-07-12,Chennai,Office
EMP11055,Arjun  Saxena,Female,24,102,Specialist,Permanent,2025-04-01,Pune,Remote
EMP11932,Karan  Sharma,Male,26,102,Manager,Permanent,2021-05-25,Chennai,Hybrid
EMP11154,Neha  Saxena,Female,44,101,Analyst,Contract,2019-03-23,Mumbai,Hybrid
EMP10331,Tanya  Saxena,Female,35,103,Senior Analyst,Contract,2022-04-11,Bengaluru,Office
EMP12530,Kavya  Saxena,Non-Binary,30,108,Analyst,Contract,2019-06-04,Mumbai,Office
EMP11620,Nikhil  Mishra,Male,39,103,Specialist,Permanent,2020-07-18,Bengaluru,Hybrid
EMP12521,Kabir  Jain,Female,51,106,Executive,Contract,2019-01-19,Gurugram,Office
EMP11645,Tanya  Bansal,Male,57,105,Executive,Permanent,2019-05-19,Gurugram,Office
EMP10182,Rohan  Das,Male,52,103,Manager,Permanent,2024-07-07,Kolkata,Office
EMP11016,Ananya  Agarwal,Female,35,101,Analyst,Contract,2024-07-18,Jaipur,Hybrid
