Employee_ID,Effective_Date,Annual_Salary,Annual_Bonus,Change_Reason
EMP10000,2021-04-01,72243.0,2167.0,Annual Revision
EMP10000,2022-04-01,77296.0,9276.0,Promotion
EMP10000,2023-04-01,88105.0,10573.0,Annual Revision
EMP10000,2024-04-01,99446.0,4972.0,Promotion
EMP10000,2025-04-01,110087.0,3303.0,Annual Revision
EMP10000,2026-04-01,108990.0,8719.0,Promotion
EMP10001,2021-04-01,69123.0,8295.0,Market Adjustment
EMP10001,2022-04-01,72981.0,3649.0,No Change
EMP10001,2023-04-01,88011.0,7041.0,Promotion
EMP10001,2024-04-01,85577.0,2567.0,Annual Revision
EMP10001,2025-04-01,98518.0,4926.0,Annual Revision
EMP10001,2026-04-01,109065.0,3272.0,Annual Revision
EMP10002,2023-04-01,65693.0,1971.0,Annual Revision
EMP10002,2024-04-01,68856.0,3443.0,Annual Revision
EMP10002,2025-04-01,81005.0,4050.0,Annual Revision
EMP10002,2026-04-01,83611.0,4181.0,Annual Revision
EMP10003,2024-04-01,126622.0,6331.0,Annual Revision
EMP10003,2025-04-01,145918.0,17510.0,Annual Revision
EMP10003,2026-04-01,160261.0,8013.0,Market Adjustment
EMP10004,2022-04-01,31037.0,3724.0,Annual Revision
EMP10004,2023-04-01,34504.0,1035.0,Annual Revision
EMP10004,2024-04-01,38137.0,1907.0,No Change
EMP10004,2025-04-01,39669.0,1190.0,Annual Revision
EMP10004,2026-04-01,44518.0,3561.0,Promotion
EMP10005,2022-04-01,47653.0,3812.0,Market Adjustment
EMP10005,2023-04-01,49833.0,1495.0,Annual Revision
EMP10005,2024-04-01,53649.0,4292.0,Promotion
EMP10005,2025-04-01,57621.0,2881.0,Annual Revision
EMP10005,2026-04-01,64648.0,1939.0,Market Adjustment
EMP10006,2020-04-01,68191.0,5455.0,Promotion
EMP10006,2021-04-01,75324.0,2260.0,Annual Revision
EMP10006,2022-04-01,73146.0,8777.0,Annual Revision
EMP10006,2023-04-01,86676.0,10401.0,Annual Revision
EMP10006,2024-04-01,99193.0,4960.0,Annual Revision
EMP10006,2025-04-01,110901.0,8872.0,Annual Revision
EMP10006,2026-04-01,122245.0,3667.0,Promotion
EMP10007,2024-04-01,45709.0,3657.0,Annual Revision
EMP10007,2025-04-01,46491.0,2325.0,Annual Revision
EMP10007,2026-04-01,57653.0,6918.0,Promotion
EMP10008,2020-04-01,67436.0,2023.0,Annual Revision
EMP10008,2021-04-01,67113.0,8054.0,Market Adjustment
EMP10008,2022-04-01,74524.0,5962.0,No Change
EMP10008,2023-04-01,86922.0,6954.0,Market Adjustment
EMP10008,2024-04-01,103668.0,5183.0,Promotion
EMP10008,2025-04-01,105062.0,3152.0,No Change
EMP10008,2026-04-01,122063.0,6103.0,Promotion
EMP10009,2022-04-01,125550.0,6277.0,Annual Revision
EMP10009,2023-04-01,135335.0,10827.0,Promotion
EMP10009,2024-04-01,148097.0,17772.0,Annual Revision
EMP10009,2025-04-01,163745.0,13100.0,Promotion
EMP10009,2026-04-01,166298.0,8315.0,Annual Revision
EMP10010,2024-04-01,71807.0,5745.0,Annual Revision
EMP10010,2025-04-01,79665.0,6373.0,Market Adjustment
EMP10010,2026-04-01,78505.0,2355.0,Promotion
EMP10011,2019-04-01,70348.0,5628.0,Annual Revision
EMP10011,2020-04-01,75892.0,3795.0,Promotion
EMP10011,2021-04-01,81702.0,2451.0,No Change
EMP10011,2022-04-01,88992.0,7119.0,Annual Revision
EMP10011,2023-04-01,102140.0,8171.0,Annual Revision
EMP10011,2024-04-01,117137.0,5857.0,Annual Revision
EMP10011,2025-04-01,126368.0,3791.0,Annual Revision
EMP10011,2026-04-01,141971.0,11358.0,Annual Revision
EMP10012,2025-04-01,32035.0,1602.0,Annual Revision
EMP10012,2026-04-01,35177.0,2814.0,Promotion
EMP10013,2022-04-01,31568.0,947.0,Annual Revision
EMP10013,2023-04-01,34471.0,1034.0,Market Adjustment
EMP10013,2024-04-01,41591.0,2080.0,Market Adjustment
EMP10013,2025-04-01,44993.0,3599.0,Promotion
EMP10013,2026-04-01,48324.0,3866.0,Annual Revision
EMP10014,2024-04-01,44411.0,3553.0,Promotion
EMP10014,2025-04-01,48812.0,5857.0,No Change
EMP10014,2026-04-01,56908.0,6829.0,Annual Revision
EMP10015,2025-04-01,46046.0,2302.0,Annual Revision
EMP10015,2026-04-01,47984.0,1440.0,Annual Revision
EMP10016,2024-04-01,46127.0,3690.0,Annual Revision
EMP10016,2025-04-01,48394.0,2420.0,Promotion
EMP10016,2026-04-01,52843.0,6341.0,Market Adjustment
EMP10017,2024-04-01,40453.0,3236.0,No Change
EMP10017,2025-04-01,48286.0,3863.0,Annual Revision
EMP10017,2026-04-01,51528.0,2576.0,Annual Revision
EMP10018,2021-04-01,62858.0,5029.0,Annual Revision
EMP10018,2022-04-01,66353.0,1991.0,Promotion
EMP10018,2023-04-01,74154.0,2225.0,Annual Revision
EMP10018,2024-04-01,83398.0,4170.0,Annual Revision
EMP10018,2025-04-01,90496.0,4525.0,Market Adjustment
EMP10018,2026-04-01,97807.0,7825.0,Market Adjustment
EMP10019,2019-04-01,67075.0,5366.0,Promotion
EMP10019,2020-04-01,76876.0,2306.0,Promotion
EMP10019,2021-04-01,82386.0,9886.0,Annual Revision
EMP10019,2022-04-01,89736.0,7179.0,Market Adjustment
EMP10019,2023-04-01,108843.0,5442.0,Promotion
EMP10019,2024-04-01,117807.0,14137.0,Annual Revision
EMP10019,2025-04-01,134871.0,4046.0,Market Adjustment
EMP10019,2026-04-01,144654.0,11572.0,Annual Revision
EMP10020,2020-04-01,60089.0,1803.0,Annual Revision
EMP10020,2021-04-01,67509.0,3375.0,Annual Revision
EMP10020,2022-04-01,71752.0,2153.0,Annual Revision
EMP10020,2023-04-01,87590.0,4380.0,Promotion
EMP10020,2024-04-01,102027.0,3061.0,Promotion
EMP10020,2025-04-01,111171.0,5559.0,Annual Revision
EMP10020,2026-04-01,122920.0,6146.0,Annual Revision
EMP10021,2025-04-01,67341.0,5387.0,Promotion
EMP10021,2026-04-01,64999.0,5200.0,Annual Revision
EMP10022,2024-04-01,66141.0,1984.0,Annual Revision
EMP10022,2025-04-01,80168.0,6413.0,Annual Revision
EMP10022,2026-04-01,85247.0,4262.0,Annual Revision
EMP10023,2024-04-01,31977.0,1599.0,Annual Revision
EMP10023,2025-04-01,34873.0,1744.0,Annual Revision
EMP10023,2026-04-01,39388.0,3151.0,Market Adjustment
EMP10024,2023-04-01,33298.0,2664.0,No Change
EMP10024,2024-04-01,34674.0,1040.0,Annual Revision
EMP10024,2025-04-01,36686.0,1834.0,Promotion
EMP10024,2026-04-01,40751.0,2038.0,Annual Revision
EMP10025,2025-04-01,60211.0,7225.0,Annual Revision
EMP10025,2026-04-01,71062.0,3553.0,Annual Revision
EMP10026,2019-04-01,73999.0,3700.0,Annual Revision
EMP10026,2020-04-01,71462.0,3573.0,Annual Revision
EMP10026,2021-04-01,75730.0,3786.0,Annual Revision
EMP10026,2022-04-01,83779.0,6702.0,Market Adjustment
EMP10026,2023-04-01,91271.0,2738.0,Market Adjustment
EMP10026,2024-04-01,103625.0,8290.0,Annual Revision
EMP10026,2025-04-01,114231.0,3427.0,No Change
EMP10026,2026-04-01,132574.0,6629.0,Annual Revision
EMP10027,2026-04-01,93072.0,7446.0,Promotion
EMP10028,2023-04-01,31227.0,1561.0,Annual Revision
EMP10028,2024-04-01,34176.0,1709.0,Promotion
EMP10028,2025-04-01,39508.0,3161.0,Promotion
EMP10028,2026-04-01,44557.0,2228.0,Market Adjustment
EMP10029,2021-04-01,45978.0,2299.0,No Change
EMP10029,2022-04-01,47026.0,3762.0,Promotion
EMP10029,2023-04-01,57932.0,2897.0,Annual Revision
EMP10029,2024-04-01,61393.0,4911.0,Annual Revision
EMP10029,2025-04-01,67795.0,2034.0,Annual Revision
EMP10029,2026-04-01,75231.0,9028.0,Annual Revision
EMP10030,2024-04-01,68182.0,3409.0,Annual Revision
EMP10030,2025-04-01,74297.0,5944.0,Annual Revision
EMP10030,2026-04-01,81212.0,4061.0,Annual Revision
EMP10031,2025-04-01,43031.0,1291.0,Annual Revision
EMP10031,2026-04-01,47008.0,2350.0,Annual Revision
EMP10032,2025-04-01,46527.0,5583.0,Promotion
EMP10032,2026-04-01,49023.0,5883.0,No Change
EMP10033,2021-04-01,45141.0,1354.0,Annual Revision
EMP10033,2022-04-01,44099.0,2205.0,Annual Revision
EMP10033,2023-04-01,47656.0,2383.0,No Change
EMP10033,2024-04-01,52904.0,2645.0,Promotion
EMP10033,2025-04-01,55932.0,2797.0,Annual Revision
EMP10033,2026-04-01,61925.0,4954.0,Annual Revision
EMP10034,2019-04-01,32560.0,1628.0,Annual Revision
EMP10034,2020-04-01,35833.0,1792.0,Market Adjustment
EMP10034,2021-04-01,34683.0,2775.0,Market Adjustment
EMP10034,2022-04-01,35942.0,1078.0,Market Adjustment
EMP10034,2023-04-01,44959.0,3597.0,No Change
EMP10034,2024-04-01,49817.0,5978.0,Market Adjustment
EMP10034,2025-04-01,52537.0,2627.0,Annual Revision
EMP10034,2026-04-01,61951.0,1859.0,Promotion
EMP10035,2019-04-01,91970.0,2759.0,Market Adjustment
EMP10035,2020-04-01,98165.0,4908.0,Annual Revision
EMP10035,2021-04-01,98535.0,2956.0,Annual Revision
EMP10035,2022-04-01,112774.0,9022.0,No Change
EMP10035,2023-04-01,135485.0,10839.0,Annual Revision
EMP10035,2024-04-01,150047.0,12004.0,Annual Revision
EMP10035,2025-04-01,164201.0,19704.0,Market Adjustment
EMP10035,2026-04-01,191708.0,15337.0,Market Adjustment
EMP10036,2025-04-01,32951.0,3954.0,Annual Revision
EMP10036,2026-04-01,35586.0,2847.0,Annual Revision
EMP10037,2026-04-01,63533.0,1906.0,Annual Revision
EMP10038,2023-04-01,45757.0,3661.0,Annual Revision
EMP10038,2024-04-01,48056.0,2403.0,Annual Revision
EMP10038,2025-04-01,56297.0,1689.0,Market Adjustment
EMP10038,2026-04-01,62082.0,7450.0,Annual Revision
EMP10039,2024-04-01,64422.0,1933.0,Market Adjustment
EMP10039,2025-04-01,68705.0,2061.0,Annual Revision
EMP10039,2026-04-01,78193.0,2346.0,Annual Revision
EMP10040,2024-04-01,40087.0,2004.0,No Change
EMP10040,2025-04-01,49281.0,1478.0,Annual Revision
EMP10040,2026-04-01,54993.0,2750.0,Annual Revision
EMP10041,2022-04-01,90554.0,4528.0,No Change
EMP10041,2023-04-01,95118.0,4756.0,Market Adjustment
EMP10041,2024-04-01,108626.0,3259.0,Annual Revision
EMP10041,2025-04-01,122800.0,3684.0,Market Adjustment
EMP10041,2026-04-01,126037.0,6302.0,Market Adjustment
EMP10042,2019-04-01,41065.0,2053.0,No Change
EMP10042,2020-04-01,45960.0,2298.0,Annual Revision
EMP10042,2021-04-01,45361.0,2268.0,Annual Revision
EMP10042,2022-04-01,49585.0,2479.0,Promotion
EMP10042,2023-04-01,60824.0,3041.0,No Change
EMP10042,2024-04-01,62471.0,4998.0,Annual Revision
EMP10042,2025-04-01,71930.0,3596.0,Promotion
EMP10042,2026-04-01,69085.0,3454.0,Annual Revision
EMP10043,2025-04-01,40817.0,3265.0,Annual Revision
EMP10043,2026-04-01,48946.0,2447.0,Annual Revision
EMP10044,2024-04-01,28245.0,2260.0,Annual Revision
EMP10044,2025-04-01,34798.0,2784.0,Annual Revision
EMP10044,2026-04-01,40910.0,4909.0,No Change
EMP10045,2026-04-01,43386.0,3471.0,Annual Revision
EMP10046,2019-04-01,42724.0,3418.0,Annual Revision
EMP10046,2020-04-01,44819.0,2241.0,Promotion
EMP10046,2021-04-01,46160.0,2308.0,Annual Revision
EMP10046,2022-04-01,50331.0,1510.0,Annual Revision
EMP10046,2023-04-01,59333.0,2967.0,Promotion
EMP10046,2024-04-01,61881.0,4951.0,Market Adjustment
EMP10046,2025-04-01,67217.0,2016.0,Promotion
EMP10046,2026-04-01,80514.0,6441.0,Annual Revision
EMP10047,2021-04-01,44059.0,3525.0,Annual Revision
EMP10047,2022-04-01,47762.0,2388.0,Market Adjustment
EMP10047,2023-04-01,54448.0,4356.0,Promotion
EMP10047,2024-04-01,58824.0,7059.0,Market Adjustment
EMP10047,2025-04-01,60339.0,3017.0,Market Adjustment
EMP10047,2026-04-01,66586.0,1998.0,Promotion
EMP10048,2022-04-01,32789.0,2623.0,Promotion
EMP10048,2023-04-01,35509.0,1065.0,Annual Revision
EMP10048,2024-04-01,35217.0,2817.0,Annual Revision
EMP10048,2025-04-01,41452.0,1244.0,No Change
EMP10048,2026-04-01,45304.0,5437.0,Market Adjustment
EMP10049,2025-04-01,89979.0,4499.0,Promotion
EMP10049,2026-04-01,94702.0,4735.0,Annual Revision
EMP10050,2021-04-01,32321.0,2586.0,Market Adjustment
EMP10050,2022-04-01,34370.0,2750.0,Market Adjustment
EMP10050,2023-04-01,36432.0,2915.0,Annual Revision
EMP10050,2024-04-01,42395.0,2120.0,Promotion
EMP10050,2025-04-01,47690.0,1431.0,Annual Revision
EMP10050,2026-04-01,50929.0,4074.0,No Change
EMP10051,2023-04-01,32764.0,1638.0,Market Adjustment
EMP10051,2024-04-01,34832.0,1045.0,Annual Revision
EMP10051,2025-04-01,38282.0,3063.0,Market Adjustment
EMP10051,2026-04-01,39789.0,1989.0,Market Adjustment
EMP10052,2022-04-01,45026.0,3602.0,Market Adjustment
EMP10052,2023-04-01,51523.0,4122.0,Annual Revision
EMP10052,2024-04-01,52962.0,1589.0,Annual Revision
EMP10052,2025-04-01,57467.0,4597.0,Promotion
EMP10052,2026-04-01,65486.0,5239.0,Annual Revision
EMP10053,2022-04-01,43774.0,2189.0,Market Adjustment
EMP10053,2023-04-01,45832.0,3667.0,Market Adjustment
EMP10053,2024-04-01,48781.0,1463.0,Annual Revision
EMP10053,2025-04-01,53842.0,2692.0,Annual Revision
EMP10053,2026-04-01,59211.0,2961.0,Market Adjustment
EMP10054,2021-04-01,45192.0,1356.0,Annual Revision
EMP10054,2022-04-01,48042.0,1441.0,Market Adjustment
EMP10054,2023-04-01,50153.0,2508.0,Market Adjustment
EMP10054,2024-04-01,55690.0,1671.0,Annual Revision
EMP10054,2025-04-01,64521.0,3226.0,Market Adjustment
EMP10054,2026-04-01,63816.0,3191.0,Annual Revision
EMP10055,2019-04-01,71567.0,3578.0,No Change
EMP10055,2020-04-01,75472.0,2264.0,Annual Revision
EMP10055,2021-04-01,76925.0,6154.0,No Change
EMP10055,2022-04-01,84440.0,2533.0,Annual Revision
EMP10055,2023-04-01,101011.0,12121.0,Annual Revision
EMP10055,2024-04-01,105135.0,8411.0,Annual Revision
EMP10055,2025-04-01,113893.0,9111.0,Annual Revision
EMP10055,2026-04-01,129384.0,3882.0,Annual Revision
EMP10056,2020-04-01,32038.0,1602.0,No Change
EMP10056,2021-04-01,34068.0,1703.0,Promotion
EMP10056,2022-04-01,39399.0,1182.0,Market Adjustment
EMP10056,2023-04-01,43782.0,1313.0,Promotion
EMP10056,2024-04-01,46884.0,5626.0,Annual Revision
EMP10056,2025-04-01,53783.0,4303.0,Promotion
EMP10056,2026-04-01,59270.0,4742.0,No Change
EMP10057,2021-04-01,41786.0,3343.0,Annual Revision
EMP10057,2022-04-01,44406.0,2220.0,Promotion
EMP10057,2023-04-01,52844.0,4227.0,Annual Revision
EMP10057,2024-04-01,57078.0,4566.0,Annual Revision
EMP10057,2025-04-01,64505.0,5160.0,Annual Revision
EMP10057,2026-04-01,70451.0,3523.0,Annual Revision
EMP10058,2023-04-01,92584.0,4629.0,Promotion
EMP10058,2024-04-01,103088.0,3093.0,Annual Revision
EMP10058,2025-04-01,108275.0,5414.0,Market Adjustment
EMP10058,2026-04-01,108667.0,3260.0,Market Adjustment
EMP10059,2019-04-01,70278.0,5622.0,Annual Revision
EMP10059,2020-04-01,75622.0,6050.0,Annual Revision
EMP10059,2021-04-01,78038.0,2341.0,Annual Revision
EMP10059,2022-04-01,83033.0,9964.0,Annual Revision
EMP10059,2023-04-01,93321.0,11199.0,Market Adjustment
EMP10059,2024-04-01,104913.0,3147.0,Promotion
EMP10059,2025-04-01,114241.0,3427.0,No Change
EMP10059,2026-04-01,131392.0,15767.0,Annual Revision
EMP10060,2019-04-01,127937.0,3838.0,Annual Revision
EMP10060,2020-04-01,133309.0,10665.0,Annual Revision
EMP10060,2021-04-01,136004.0,10880.0,No Change
EMP10060,2022-04-01,139883.0,6994.0,Annual Revision
EMP10060,2023-04-01,179742.0,21569.0,Market Adjustment
EMP10060,2024-04-01,194353.0,9718.0,Annual Revision
EMP10060,2025-04-01,212047.0,10602.0,Annual Revision
EMP10060,2026-04-01,215628.0,17250.0,Annual Revision
EMP10061,2019-04-01,122476.0,3674.0,Annual Revision
EMP10061,2020-04-01,130041.0,15605.0,Promotion
EMP10061,2021-04-01,150322.0,4510.0,Market Adjustment
EMP10061,2022-04-01,161982.0,12959.0,No Change
EMP10061,2023-04-01,193820.0,9691.0,Annual Revision
EMP10061,2024-04-01,201342.0,6040.0,Market Adjustment
EMP10061,2025-04-01,233695.0,11685.0,Annual Revision
EMP10061,2026-04-01,264693.0,13235.0,Promotion
EMP10062,2021-04-01,32485.0,975.0,Market Adjustment
EMP10062,2022-04-01,32426.0,1621.0,Annual Revision
EMP10062,2023-04-01,39552.0,3164.0,Market Adjustment
EMP10062,2024-04-01,42926.0,1288.0,Annual Revision
EMP10062,2025-04-01,44155.0,1325.0,Market Adjustment
EMP10062,2026-04-01,50745.0,2537.0,No Change
EMP10063,2023-04-01,43142.0,2157.0,Promotion
EMP10063,2024-04-01,46639.0,5597.0,Promotion
EMP10063,2025-04-01,52012.0,4161.0,Market Adjustment
EMP10063,2026-04-01,57207.0,1716.0,Promotion
EMP10064,2023-04-01,42024.0,2101.0,Annual Revision
EMP10064,2024-04-01,48175.0,3854.0,Market Adjustment
EMP10064,2025-04-01,49192.0,2460.0,Promotion
EMP10064,2026-04-01,56121.0,2806.0,Promotion
EMP10065,2024-04-01,41856.0,3348.0,Market Adjustment
EMP10065,2025-04-01,45752.0,2288.0,Market Adjustment
EMP10065,2026-04-01,51534.0,2577.0,Market Adjustment
EMP10066,2022-04-01,31880.0,2550.0,Annual Revision
EMP10066,2023-04-01,34925.0,2794.0,Market Adjustment
EMP10066,2024-04-01,37244.0,1862.0,Annual Revision
EMP10066,2025-04-01,42702.0,2135.0,Annual Revision
EMP10066,2026-04-01,45728.0,3658.0,No Change
EMP10067,2025-04-01,42138.0,5057.0,Market Adjustment
EMP10067,2026-04-01,45702.0,3656.0,No Change
EMP10068,2021-04-01,31586.0,3790.0,Annual Revision
EMP10068,2022-04-01,34187.0,2735.0,Promotion
EMP10068,2023-04-01,37388.0,2991.0,Annual Revision
EMP10068,2024-04-01,43223.0,2161.0,Market Adjustment
EMP10068,2025-04-01,51177.0,2559.0,Annual Revision
EMP10068,2026-04-01,52811.0,1584.0,Annual Revision
EMP10069,2022-04-01,70056.0,8407.0,Market Adjustment
EMP10069,2023-04-01,77522.0,3876.0,Annual Revision
EMP10069,2024-04-01,86399.0,6912.0,No Change
EMP10069,2025-04-01,100672.0,12081.0,Annual Revision
EMP10069,2026-04-01,107635.0,8611.0,Promotion
EMP10070,2024-04-01,32617.0,979.0,Annual Revision
EMP10070,2025-04-01,34766.0,1738.0,Annual Revision
EMP10070,2026-04-01,36063.0,2885.0,No Change
EMP10071,2021-04-01,63503.0,3175.0,Market Adjustment
EMP10071,2022-04-01,69006.0,5520.0,Annual Revision
EMP10071,2023-04-01,76668.0,9200.0,No Change
EMP10071,2024-04-01,89740.0,7179.0,Annual Revision
EMP10071,2025-04-01,96434.0,2893.0,No Change
EMP10071,2026-04-01,110972.0,5549.0,Annual Revision
EMP10072,2025-04-01,117567.0,3527.0,Annual Revision
EMP10072,2026-04-01,137656.0,6883.0,Annual Revision
EMP10073,2025-04-01,66906.0,3345.0,Annual Revision
EMP10073,2026-04-01,73053.0,5844.0,Market Adjustment
EMP10074,2025-04-01,45082.0,1352.0,Market Adjustment
EMP10074,2026-04-01,48340.0,3867.0,Annual Revision
EMP10075,2024-04-01,98669.0,2960.0,Annual Revision
EMP10075,2025-04-01,97518.0,4876.0,Market Adjustment
EMP10075,2026-04-01,114631.0,5732.0,Promotion
EMP10076,2022-04-01,68149.0,8178.0,Market Adjustment
EMP10076,2023-04-01,68642.0,5491.0,Annual Revision
EMP10076,2024-04-01,77244.0,3862.0,Annual Revision
EMP10076,2025-04-01,86901.0,2607.0,Annual Revision
EMP10076,2026-04-01,97829.0,4891.0,Annual Revision
EMP10077,2023-04-01,33559.0,4027.0,Annual Revision
EMP10077,2024-04-01,35320.0,1060.0,Market Adjustment
EMP10077,2025-04-01,42227.0,3378.0,Promotion
EMP10077,2026-04-01,41319.0,2066.0,Annual Revision
EMP10078,2019-04-01,32609.0,3913.0,Annual Revision
EMP10078,2020-04-01,31664.0,2533.0,Annual Revision
EMP10078,2021-04-01,37522.0,1126.0,Promotion
EMP10078,2022-04-01,41308.0,3305.0,Market Adjustment
EMP10078,2023-04-01,52276.0,6273.0,Market Adjustment
EMP10078,2024-04-01,53514.0,6422.0,No Change
EMP10078,2025-04-01,60059.0,3003.0,Annual Revision
EMP10078,2026-04-01,68300.0,8196.0,Annual Revision
EMP10079,2021-04-01,67573.0,5406.0,Annual Revision
EMP10079,2022-04-01,75556.0,2267.0,Annual Revision
EMP10079,2023-04-01,86388.0,6911.0,Promotion
EMP10079,2024-04-01,93173.0,7454.0,Promotion
EMP10079,2025-04-01,113618.0,9089.0,Market Adjustment
EMP10079,2026-04-01,119387.0,9551.0,Annual Revision
EMP10080,2026-04-01,42002.0,1260.0,Annual Revision
EMP10081,2022-04-01,41875.0,2094.0,Annual Revision
EMP10081,2023-04-01,43858.0,2193.0,Promotion
EMP10081,2024-04-01,50874.0,1526.0,Market Adjustment
EMP10081,2025-04-01,52687.0,2634.0,No Change
EMP10081,2026-04-01,58741.0,2937.0,Annual Revision
EMP10082,2026-04-01,67657.0,5413.0,Annual Revision
EMP10083,2020-04-01,42002.0,1260.0,Promotion
EMP10083,2021-04-01,48348.0,5802.0,Annual Revision
EMP10083,2022-04-01,49999.0,4000.0,Promotion
EMP10083,2023-04-01,52729.0,4218.0,Market Adjustment
EMP10083,2024-04-01,55669.0,2783.0,Market Adjustment
EMP10083,2025-04-01,62721.0,5018.0,Annual Revision
EMP10083,2026-04-01,75895.0,3795.0,Annual Revision
EMP10084,2026-04-01,31080.0,1554.0,Market Adjustment
EMP10085,2025-04-01,64035.0,3202.0,Annual Revision
EMP10085,2026-04-01,68337.0,5467.0,Promotion
EMP10086,2024-04-01,46269.0,1388.0,Promotion
EMP10086,2025-04-01,49724.0,2486.0,Annual Revision
EMP10086,2026-04-01,53612.0,6433.0,Annual Revision
EMP10087,2024-04-01,62338.0,3117.0,Annual Revision
EMP10087,2025-04-01,68420.0,5474.0,Promotion
EMP10087,2026-04-01,75335.0,3767.0,Annual Revision
EMP10088,2024-04-01,44292.0,1329.0,Promotion
EMP10088,2025-04-01,52067.0,4165.0,Annual Revision
EMP10088,2026-04-01,56064.0,4485.0,Promotion
EMP10089,2022-04-01,44409.0,2220.0,Annual Revision
EMP10089,2023-04-01,51179.0,4094.0,Annual Revision
EMP10089,2024-04-01,54682.0,1640.0,Annual Revision
EMP10089,2025-04-01,58960.0,4717.0,Annual Revision
EMP10089,2026-04-01,61224.0,7347.0,Annual Revision
EMP10090,2024-04-01,41431.0,3315.0,Annual Revision
EMP10090,2025-04-01,43222.0,2161.0,Promotion
EMP10090,2026-04-01,50090.0,4007.0,Annual Revision
EMP10091,2019-04-01,71028.0,5682.0,No Change
EMP10091,2020-04-01,71022.0,3551.0,Market Adjustment
EMP10091,2021-04-01,75530.0,6042.0,Annual Revision
EMP10091,2022-04-01,83971.0,4199.0,Annual Revision
EMP10091,2023-04-01,100008.0,5000.0,Market Adjustment
EMP10091,2024-04-01,103351.0,3101.0,Annual Revision
EMP10091,2025-04-01,118995.0,14279.0,Annual Revision
EMP10091,2026-04-01,134127.0,6706.0,Market Adjustment
EMP10092,2024-04-01,31589.0,1579.0,No Change
EMP10092,2025-04-01,33298.0,2664.0,Annual Revision
EMP10092,2026-04-01,38813.0,1164.0,Market Adjustment
EMP10093,2023-04-01,33366.0,1668.0,Market Adjustment
EMP10093,2024-04-01,34830.0,4180.0,Annual Revision
EMP10093,2025-04-01,40800.0,1224.0,Market Adjustment
EMP10093,2026-04-01,44660.0,2233.0,Annual Revision
EMP10094,2025-04-01,31642.0,2531.0,Annual Revision
EMP10094,2026-04-01,33722.0,1012.0,Annual Revision
EMP10095,2025-04-01,31829.0,2546.0,Annual Revision
EMP10095,2026-04-01,32200.0,966.0,No Change
EMP10096,2023-04-01,92446.0,2773.0,Annual Revision
EMP10096,2024-04-01,100436.0,3013.0,Market Adjustment
EMP10096,2025-04-01,106614.0,8529.0,Annual Revision
EMP10096,2026-04-01,110578.0,3317.0,Market Adjustment
EMP10097,2020-04-01,44553.0,1337.0,Annual Revision
EMP10097,2021-04-01,48136.0,3851.0,Promotion
EMP10097,2022-04-01,48986.0,2449.0,No Change
EMP10097,2023-04-01,59306.0,2965.0,Market Adjustment
EMP10097,2024-04-01,61340.0,4907.0,No Change
EMP10097,2025-04-01,68956.0,3448.0,Annual Revision
EMP10097,2026-04-01,80256.0,2408.0,Annual Revision
EMP10098,2021-04-01,44154.0,2208.0,Annual Revision
EMP10098,2022-04-01,46589.0,3727.0,Market Adjustment
EMP10098,2023-04-01,52486.0,1575.0,Market Adjustment
EMP10098,2024-04-01,58710.0,4697.0,Annual Revision
EMP10098,2025-04-01,62454.0,4996.0,Annual Revision
EMP10098,2026-04-01,69144.0,5532.0,Annual Revision
EMP10099,2022-04-01,43013.0,2151.0,Annual Revision
EMP10099,2023-04-01,48245.0,5789.0,Annual Revision
EMP10099,2024-04-01,51241.0,2562.0,Annual Revision
EMP10099,2025-04-01,60502.0,4840.0,Annual Revision
EMP10099,2026-04-01,62468.0,7496.0,Promotion
EMP10100,2021-04-01,127475.0,10198.0,Annual Revision
EMP10100,2022-04-01,137528.0,11002.0,Promotion
EMP10100,2023-04-01,147246.0,4417.0,No Change
EMP10100,2024-04-01,159590.0,4788.0,Annual Revision
EMP10100,2025-04-01,183081.0,5492.0,Annual Revision
EMP10100,2026-04-01,200504.0,24060.0,Market Adjustment
EMP10101,2024-04-01,71389.0,3569.0,No Change
EMP10101,2025-04-01,78293.0,3915.0,Market Adjustment
EMP10101,2026-04-01,84090.0,6727.0,Promotion
EMP10102,2020-04-01,90248.0,2707.0,Annual Revision
EMP10102,2021-04-01,101349.0,12162.0,Market Adjustment
EMP10102,2022-04-01,108129.0,3244.0,Annual Revision
EMP10102,2023-04-01,128711.0,15445.0,Annual Revision
EMP10102,2024-04-01,132846.0,6642.0,Annual Revision
EMP10102,2025-04-01,160372.0,4811.0,Market Adjustment
EMP10102,2026-04-01,172377.0,8619.0,Annual Revision
EMP10103,2021-04-01,46060.0,1382.0,Annual Revision
EMP10103,2022-04-01,49907.0,1497.0,Market Adjustment
EMP10103,2023-04-01,52016.0,1560.0,Annual Revision
EMP10103,2024-04-01,59687.0,4775.0,Annual Revision
EMP10103,2025-04-01,67842.0,2035.0,Annual Revision
EMP10103,2026-04-01,69767.0,3488.0,Annual Revision
EMP10104,2023-04-01,41338.0,4961.0,Annual Revision
EMP10104,2024-04-01,45378.0,1361.0,Market Adjustment
EMP10104,2025-04-01,51375.0,1541.0,Promotion
EMP10104,2026-04-01,51079.0,4086.0,Annual Revision
EMP10105,2021-04-01,67881.0,2036.0,Annual Revision
EMP10105,2022-04-01,75643.0,2269.0,Promotion
EMP10105,2023-04-01,80089.0,2403.0,Annual Revision
EMP10105,2024-04-01,94561.0,11347.0,Annual Revision
EMP10105,2025-04-01,103501.0,5175.0,Promotion
EMP10105,2026-04-01,122609.0,14713.0,Promotion
EMP10106,2025-04-01,47491.0,1425.0,Annual Revision
EMP10106,2026-04-01,47963.0,2398.0,Market Adjustment
EMP10107,2020-04-01,45829.0,1375.0,Annual Revision
EMP10107,2021-04-01,42815.0,2141.0,Annual Revision
EMP10107,2022-04-01,47514.0,5702.0,Annual Revision
EMP10107,2023-04-01,55609.0,4449.0,Promotion
EMP10107,2024-04-01,59028.0,2951.0,Annual Revision
EMP10107,2025-04-01,57941.0,4635.0,Annual Revision
EMP10107,2026-04-01,65185.0,1956.0,No Change
EMP10108,2026-04-01,92288.0,11075.0,Annual Revision
EMP10109,2023-04-01,43272.0,3462.0,Market Adjustment
EMP10109,2024-04-01,50113.0,1503.0,Market Adjustment
EMP10109,2025-04-01,54900.0,1647.0,Promotion
EMP10109,2026-04-01,60535.0,4843.0,Annual Revision
EMP10110,2021-04-01,62604.0,7512.0,Promotion
EMP10110,2022-04-01,64255.0,1928.0,Market Adjustment
EMP10110,2023-04-01,76050.0,6084.0,Promotion
EMP10110,2024-04-01,83986.0,2520.0,Market Adjustment
EMP10110,2025-04-01,90474.0,4524.0,Annual Revision
EMP10110,2026-04-01,107520.0,8602.0,Annual Revision
EMP10111,2020-04-01,85286.0,6823.0,Annual Revision
EMP10111,2021-04-01,95111.0,7609.0,Market Adjustment
EMP10111,2022-04-01,98368.0,4918.0,Market Adjustment
EMP10111,2023-04-01,116243.0,9299.0,Annual Revision
EMP10111,2024-04-01,126044.0,3781.0,Annual Revision
EMP10111,2025-04-01,129458.0,6473.0,Promotion
EMP10111,2026-04-01,159354.0,4781.0,Promotion
EMP10112,2020-04-01,45182.0,3615.0,Annual Revision
EMP10112,2021-04-01,46880.0,1406.0,Promotion
EMP10112,2022-04-01,51778.0,6213.0,Market Adjustment
EMP10112,2023-04-01,59040.0,1771.0,Annual Revision
EMP10112,2024-04-01,67495.0,2025.0,Annual Revision
EMP10112,2025-04-01,67744.0,2032.0,Annual Revision
EMP10112,2026-04-01,74166.0,3708.0,Annual Revision
EMP10113,2022-04-01,70371.0,3519.0,Promotion
EMP10113,2023-04-01,81552.0,4078.0,No Change
EMP10113,2024-04-01,84984.0,2550.0,No Change
EMP10113,2025-04-01,94099.0,2823.0,Promotion
EMP10113,2026-04-01,100421.0,5021.0,Annual Revision
EMP10114,2023-04-01,42557.0,2128.0,Annual Revision
EMP10114,2024-04-01,45461.0,1364.0,Annual Revision
EMP10114,2025-04-01,50862.0,4069.0,Annual Revision
EMP10114,2026-04-01,54845.0,1645.0,Annual Revision
EMP10115,2022-04-01,30419.0,913.0,Promotion
EMP10115,2023-04-01,33736.0,1687.0,Market Adjustment
EMP10115,2024-04-01,37922.0,4551.0,Market Adjustment
EMP10115,2025-04-01,42830.0,1285.0,No Change
EMP10115,2026-04-01,45890.0,2295.0,Market Adjustment
EMP10116,2025-04-01,31120.0,1556.0,No Change
EMP10116,2026-04-01,34350.0,1717.0,Annual Revision
EMP10117,2020-04-01,32355.0,1618.0,Promotion
EMP10117,2021-04-01,34644.0,1732.0,Annual Revision
EMP10117,2022-04-01,36847.0,1842.0,No Change
EMP10117,2023-04-01,40663.0,3253.0,Annual Revision
EMP10117,2024-04-01,46532.0,2327.0,No Change
EMP10117,2025-04-01,50893.0,2545.0,Annual Revision
EMP10117,2026-04-01,55064.0,1652.0,Promotion
EMP10118,2024-04-01,30711.0,921.0,No Change
EMP10118,2025-04-01,35028.0,1751.0,Annual Revision
EMP10118,2026-04-01,40234.0,2012.0,Annual Revision
EMP10119,2020-04-01,70499.0,5640.0,Annual Revision
EMP10119,2021-04-01,69798.0,2094.0,Promotion
EMP10119,2022-04-01,73121.0,3656.0,Promotion
EMP10119,2023-04-01,82460.0,4123.0,Annual Revision
EMP10119,2024-04-01,92014.0,4601.0,Annual Revision
EMP10119,2025-04-01,105559.0,3167.0,Annual Revision
EMP10119,2026-04-01,106716.0,5336.0,Annual Revision
EMP10120,2020-04-01,88905.0,10669.0,No Change
EMP10120,2021-04-01,96773.0,2903.0,Annual Revision
EMP10120,2022-04-01,101974.0,5099.0,Annual Revision
EMP10120,2023-04-01,113797.0,5690.0,Promotion
EMP10120,2024-04-01,125121.0,6256.0,Annual Revision
EMP10120,2025-04-01,141179.0,11294.0,Annual Revision
EMP10120,2026-04-01,153845.0,12308.0,Annual Revision
EMP10121,2025-04-01,76168.0,6093.0,Promotion
EMP10121,2026-04-01,76409.0,3820.0,Market Adjustment
EMP10122,2023-04-01,60231.0,3012.0,Promotion
EMP10122,2024-04-01,68772.0,2063.0,No Change
EMP10122,2025-04-01,77468.0,9296.0,Promotion
EMP10122,2026-04-01,82365.0,4118.0,No Change
EMP10123,2024-04-01,85134.0,6811.0,Annual Revision
EMP10123,2025-04-01,98617.0,11834.0,No Change
EMP10123,2026-04-01,106028.0,3181.0,Annual Revision
EMP10124,2019-04-01,32204.0,966.0,Market Adjustment
EMP10124,2020-04-01,35796.0,1790.0,Annual Revision
EMP10124,2021-04-01,38899.0,1945.0,Market Adjustment
EMP10124,2022-04-01,41835.0,2092.0,Annual Revision
EMP10124,2023-04-01,45296.0,1359.0,Promotion
EMP10124,2024-04-01,54306.0,1629.0,Annual Revision
EMP10124,2025-04-01,61295.0,3065.0,Annual Revision
EMP10124,2026-04-01,66154.0,5292.0,Promotion
EMP10125,2020-04-01,31175.0,2494.0,Promotion
EMP10125,2021-04-01,32585.0,978.0,Market Adjustment
EMP10125,2022-04-01,36509.0,1825.0,Promotion
EMP10125,2023-04-01,40292.0,1209.0,Promotion
EMP10125,2024-04-01,42796.0,2140.0,Annual Revision
EMP10125,2025-04-01,51266.0,1538.0,Market Adjustment
EMP10125,2026-04-01,54632.0,4371.0,Promotion
EMP10126,2024-04-01,43153.0,1295.0,Annual Revision
EMP10126,2025-04-01,48390.0,3871.0,Promotion
EMP10126,2026-04-01,53058.0,4245.0,Market Adjustment
EMP10127,2023-04-01,40396.0,3232.0,No Change
EMP10127,2024-04-01,45618.0,2281.0,Annual Revision
EMP10127,2025-04-01,47477.0,1424.0,Annual Revision
EMP10127,2026-04-01,53522.0,1606.0,Promotion
EMP10128,2024-04-01,40868.0,3269.0,Promotion
EMP10128,2025-04-01,44392.0,3551.0,Market Adjustment
EMP10128,2026-04-01,47784.0,3823.0,Annual Revision
EMP10129,2021-04-01,46209.0,2310.0,Promotion
EMP10129,2022-04-01,48866.0,1466.0,Market Adjustment
EMP10129,2023-04-01,53358.0,2668.0,Promotion
EMP10129,2024-04-01,58517.0,4681.0,No Change
EMP10129,2025-04-01,62172.0,4974.0,Market Adjustment
EMP10129,2026-04-01,71810.0,5745.0,Annual Revision
EMP10130,2019-04-01,74503.0,3725.0,No Change
EMP10130,2020-04-01,73339.0,8801.0,Promotion
EMP10130,2021-04-01,78280.0,3914.0,Promotion
EMP10130,2022-04-01,85215.0,2556.0,Annual Revision
EMP10130,2023-04-01,96881.0,11626.0,Annual Revision
EMP10130,2024-04-01,107994.0,3240.0,Promotion
EMP10130,2025-04-01,125409.0,10033.0,Annual Revision
EMP10130,2026-04-01,124688.0,6234.0,No Change
EMP10131,2019-04-01,42787.0,2139.0,Annual Revision
EMP10131,2020-04-01,44299.0,1329.0,Annual Revision
EMP10131,2021-04-01,50433.0,1513.0,Market Adjustment
EMP10131,2022-04-01,53326.0,2666.0,Annual Revision
EMP10131,2023-04-01,58840.0,1765.0,Annual Revision
EMP10131,2024-04-01,73196.0,5856.0,Annual Revision
EMP10131,2025-04-01,80876.0,2426.0,Annual Revision
EMP10131,2026-04-01,89169.0,7134.0,Market Adjustment
EMP10132,2026-04-01,32548.0,976.0,Annual Revision
EMP10133,2024-04-01,44143.0,2207.0,Annual Revision
EMP10133,2025-04-01,48799.0,2440.0,Annual Revision
EMP10133,2026-04-01,54365.0,2718.0,Annual Revision
EMP10134,2019-04-01,42181.0,3375.0,No Change
EMP10134,2020-04-01,43799.0,2190.0,Annual Revision
EMP10134,2021-04-01,46663.0,1400.0,Annual Revision
EMP10134,2022-04-01,49154.0,3932.0,Promotion
EMP10134,2023-04-01,59872.0,2994.0,Annual Revision
EMP10134,2024-04-01,65283.0,5223.0,Annual Revision
EMP10134,2025-04-01,67175.0,3359.0,Annual Revision
EMP10134,2026-04-01,74754.0,5980.0,Market Adjustment
EMP10135,2025-04-01,61196.0,3060.0,Market Adjustment
EMP10135,2026-04-01,71639.0,8597.0,Annual Revision
EMP10136,2021-04-01,44047.0,3524.0,Annual Revision
EMP10136,2022-04-01,42872.0,2144.0,No Change
EMP10136,2023-04-01,50865.0,1526.0,No Change
EMP10136,2024-04-01,56044.0,1681.0,No Change
EMP10136,2025-04-01,59162.0,4733.0,Annual Revision
EMP10136,2026-04-01,62847.0,3142.0,Annual Revision
EMP10137,2021-04-01,88177.0,7054.0,Annual Revision
EMP10137,2022-04-01,91846.0,4592.0,No Change
EMP10137,2023-04-01,106619.0,12794.0,Annual Revision
EMP10137,2024-04-01,120468.0,6023.0,Annual Revision
EMP10137,2025-04-01,128507.0,3855.0,Promotion
EMP10137,2026-04-01,144969.0,4349.0,Market Adjustment
EMP10138,2025-04-01,68406.0,3420.0,Annual Revision
EMP10138,2026-04-01,75693.0,3785.0,Annual Revision
EMP10139,2022-04-01,29649.0,2372.0,Market Adjustment
EMP10139,2023-04-01,36070.0,2886.0,Annual Revision
EMP10139,2024-04-01,39712.0,1191.0,Annual Revision
EMP10139,2025-04-01,42575.0,2129.0,Annual Revision
EMP10139,2026-04-01,47832.0,2392.0,Annual Revision
EMP10140,2025-04-01,70433.0,3522.0,Annual Revision
EMP10140,2026-04-01,71191.0,3560.0,Annual Revision
EMP10141,2021-04-01,70406.0,5632.0,Annual Revision
EMP10141,2022-04-01,76085.0,6087.0,No Change
EMP10141,2023-04-01,91285.0,4564.0,Annual Revision
EMP10141,2024-04-01,96450.0,7716.0,Annual Revision
EMP10141,2025-04-01,106642.0,8531.0,Annual Revision
EMP10141,2026-04-01,115361.0,5768.0,Promotion
EMP10142,2021-04-01,70632.0,2119.0,No Change
EMP10142,2022-04-01,74435.0,3722.0,Annual Revision
EMP10142,2023-04-01,81045.0,6484.0,Market Adjustment
EMP10142,2024-04-01,89894.0,7192.0,No Change
EMP10142,2025-04-01,99944.0,4997.0,Promotion
EMP10142,2026-04-01,107537.0,5377.0,Market Adjustment
EMP10143,2023-04-01,88838.0,7107.0,Annual Revision
EMP10143,2024-04-01,97917.0,4896.0,Annual Revision
EMP10143,2025-04-01,110088.0,5504.0,No Change
EMP10143,2026-04-01,113656.0,5683.0,Promotion
EMP10144,2025-04-01,32009.0,960.0,Promotion
EMP10144,2026-04-01,34935.0,2795.0,Market Adjustment
EMP10145,2022-04-01,30845.0,1542.0,Annual Revision
EMP10145,2023-04-01,33978.0,2718.0,Annual Revision
EMP10145,2024-04-01,35960.0,1079.0,Promotion
EMP10145,2025-04-01,41360.0,2068.0,Annual Revision
EMP10145,2026-04-01,47255.0,3780.0,Market Adjustment
EMP10146,2025-04-01,40539.0,2027.0,Annual Revision
EMP10146,2026-04-01,42779.0,1283.0,Annual Revision
EMP10147,2019-04-01,32191.0,2575.0,Annual Revision
EMP10147,2020-04-01,34700.0,4164.0,Annual Revision
EMP10147,2021-04-01,37650.0,3012.0,Annual Revision
EMP10147,2022-04-01,37341.0,1120.0,Promotion
EMP10147,2023-04-01,44221.0,3538.0,Annual Revision
EMP10147,2024-04-01,48857.0,3909.0,Annual Revision
EMP10147,2025-04-01,54334.0,1630.0,Annual Revision
EMP10147,2026-04-01,56879.0,4550.0,Annual Revision
EMP10148,2023-04-01,42132.0,1264.0,Annual Revision
EMP10148,2024-04-01,43642.0,3491.0,Annual Revision
EMP10148,2025-04-01,48903.0,5868.0,Promotion
EMP10148,2026-04-01,50399.0,1512.0,Market Adjustment
EMP10149,2020-04-01,32127.0,1606.0,No Change
EMP10149,2021-04-01,33720.0,1012.0,No Change
EMP10149,2022-04-01,36185.0,1809.0,Annual Revision
EMP10149,2023-04-01,43828.0,1315.0,Market Adjustment
EMP10149,2024-04-01,47974.0,3838.0,Promotion
EMP10149,2025-04-01,57153.0,2858.0,No Change
EMP10149,2026-04-01,56631.0,6796.0,Annual Revision
EMP10150,2024-04-01,42934.0,2147.0,Promotion
EMP10150,2025-04-01,49375.0,1481.0,No Change
EMP10150,2026-04-01,52343.0,1570.0,Market Adjustment
EMP10151,2025-04-01,66746.0,5340.0,Annual Revision
EMP10151,2026-04-01,71484.0,8578.0,Annual Revision
EMP10152,2019-04-01,31163.0,1558.0,Market Adjustment
EMP10152,2020-04-01,35375.0,2830.0,Market Adjustment
EMP10152,2021-04-01,39550.0,1978.0,Market Adjustment
EMP10152,2022-04-01,44273.0,3542.0,Promotion
EMP10152,2023-04-01,47081.0,1412.0,Annual Revision
EMP10152,2024-04-01,55215.0,1656.0,Promotion
EMP10152,2025-04-01,61623.0,1849.0,Annual Revision
EMP10152,2026-04-01,65830.0,1975.0,Annual Revision
EMP10153,2019-04-01,65974.0,7917.0,Promotion
EMP10153,2020-04-01,73211.0,2196.0,Annual Revision
EMP10153,2021-04-01,77243.0,3862.0,Annual Revision
EMP10153,2022-04-01,82256.0,2468.0,Promotion
EMP10153,2023-04-01,101267.0,3038.0,Promotion
EMP10153,2024-04-01,115937.0,3478.0,Annual Revision
EMP10153,2025-04-01,119587.0,5979.0,Market Adjustment
EMP10153,2026-04-01,132538.0,6627.0,Annual Revision
EMP10154,2024-04-01,41060.0,3285.0,No Change
EMP10154,2025-04-01,44964.0,2248.0,Promotion
EMP10154,2026-04-01,51998.0,4160.0,No Change
EMP10155,2022-04-01,42946.0,3436.0,Market Adjustment
EMP10155,2023-04-01,43694.0,3496.0,Market Adjustment
EMP10155,2024-04-01,48969.0,3917.0,Promotion
EMP10155,2025-04-01,53848.0,2692.0,Market Adjustment
EMP10155,2026-04-01,59870.0,4790.0,Annual Revision
EMP10156,2025-04-01,44172.0,2209.0,Market Adjustment
EMP10156,2026-04-01,45191.0,1356.0,Market Adjustment
EMP10157,2020-04-01,33139.0,,Promotion
EMP10157,2021-04-01,34715.0,1736.0,Annual Revision
EMP10157,2022-04-01,36451.0,1823.0,Annual Revision
EMP10157,2023-04-01,41529.0,2076.0,No Change
EMP10157,2024-04-01,43058.0,3445.0,Annual Revision
EMP10157,2025-04-01,46701.0,1401.0,Annual Revision
EMP10157,2026-04-01,54490.0,4359.0,Market Adjustment
EMP10158,2022-04-01,32218.0,1611.0,No Change
EMP10158,2023-04-01,36455.0,2916.0,Annual Revision
EMP10158,2024-04-01,40207.0,3217.0,Annual Revision
EMP10158,2025-04-01,41959.0,1259.0,Annual Revision
EMP10158,2026-04-01,48432.0,1453.0,Promotion
EMP10159,2019-04-01,67875.0,5430.0,Market Adjustment
EMP10159,2020-04-01,77523.0,6202.0,Annual Revision
EMP10159,2021-04-01,76309.0,2289.0,Annual Revision
EMP10159,2022-04-01,81706.0,2451.0,Annual Revision
EMP10159,2023-04-01,93283.0,2798.0,Market Adjustment
EMP10159,2024-04-01,107228.0,5361.0,Market Adjustment
EMP10159,2025-04-01,122212.0,14665.0,Annual Revision
EMP10159,2026-04-01,119026.0,3571.0,No Change
EMP10160,2019-04-01,42981.0,1289.0,Annual Revision
EMP10160,2020-04-01,42838.0,2142.0,Annual Revision
EMP10160,2021-04-01,47655.0,3812.0,Annual Revision
EMP10160,2022-04-01,51154.0,4092.0,Annual Revision
EMP10160,2023-04-01,58348.0,4668.0,Annual Revision
EMP10160,2024-04-01,68728.0,5498.0,Promotion
EMP10160,2025-04-01,68802.0,5504.0,Market Adjustment
EMP10160,2026-04-01,76263.0,2288.0,Market Adjustment
EMP10161,2025-04-01,87598.0,4380.0,No Change
EMP10161,2026-04-01,101562.0,3047.0,Annual Revision
EMP10162,2019-04-01,83290.0,9995.0,No Change
EMP10162,2020-04-01,98070.0,2942.0,Annual Revision
EMP10162,2021-04-01,102043.0,5102.0,No Change
EMP10162,2022-04-01,104606.0,12553.0,Market Adjustment
EMP10162,2023-04-01,123270.0,6164.0,Promotion
EMP10162,2024-04-01,147146.0,4414.0,Market Adjustment
EMP10162,2025-04-01,144536.0,7227.0,Annual Revision
EMP10162,2026-04-01,167453.0,8373.0,Market Adjustment
EMP10163,2020-04-01,65216.0,5217.0,Promotion
EMP10163,2021-04-01,70139.0,5611.0,Annual Revision
EMP10163,2022-04-01,80828.0,9699.0,Market Adjustment
EMP10163,2023-04-01,82605.0,2478.0,Market Adjustment
EMP10163,2024-04-01,94539.0,4727.0,Annual Revision
EMP10163,2025-04-01,112373.0,8990.0,Annual Revision
EMP10163,2026-04-01,117187.0,9375.0,No Change
EMP10164,2026-04-01,87755.0,7020.0,Annual Revision
EMP10165,2020-04-01,43300.0,2165.0,Annual Revision
EMP10165,2021-04-01,47509.0,1425.0,Promotion
EMP10165,2022-04-01,49113.0,3929.0,Annual Revision
EMP10165,2023-04-01,63481.0,5078.0,Market Adjustment
EMP10165,2024-04-01,67062.0,3353.0,No Change
EMP10165,2025-04-01,68976.0,5518.0,No Change
EMP10165,2026-04-01,73859.0,3693.0,Annual Revision
EMP10166,2021-04-01,67069.0,3353.0,Annual Revision
EMP10166,2022-04-01,73311.0,2199.0,No Change
EMP10166,2023-04-01,84659.0,4233.0,Annual Revision
EMP10166,2024-04-01,91755.0,7340.0,Annual Revision
EMP10166,2025-04-01,94542.0,11345.0,Promotion
EMP10166,2026-04-01,110582.0,5529.0,Annual Revision
EMP10167,2019-04-01,40414.0,2021.0,Annual Revision
EMP10167,2020-04-01,43127.0,1294.0,Annual Revision
EMP10167,2021-04-01,50608.0,1518.0,Promotion
EMP10167,2022-04-01,53677.0,4294.0,Market Adjustment
EMP10167,2023-04-01,64069.0,5126.0,Annual Revision
EMP10167,2024-04-01,69724.0,2092.0,Promotion
EMP10167,2025-04-01,80267.0,9632.0,Promotion
EMP10167,2026-04-01,87738.0,7019.0,Annual Revision
EMP10168,2023-04-01,43216.0,1296.0,Annual Revision
EMP10168,2024-04-01,48261.0,5791.0,Annual Revision
EMP10168,2025-04-01,47020.0,2351.0,Annual Revision
EMP10168,2026-04-01,55429.0,4434.0,Promotion
EMP10169,2024-04-01,46301.0,1389.0,Market Adjustment
EMP10169,2025-04-01,49932.0,2497.0,Annual Revision
EMP10169,2026-04-01,55411.0,4433.0,Annual Revision
EMP10170,2023-04-01,40977.0,3278.0,Annual Revision
EMP10170,2024-04-01,47227.0,5667.0,Annual Revision
EMP10170,2025-04-01,49712.0,1491.0,Annual Revision
EMP10170,2026-04-01,56153.0,4492.0,Promotion
EMP10171,2019-04-01,119744.0,14369.0,Promotion
EMP10171,2020-04-01,137792.0,4134.0,Annual Revision
EMP10171,2021-04-01,137823.0,4135.0,Annual Revision
EMP10171,2022-04-01,149904.0,11992.0,Promotion
EMP10171,2023-04-01,171942.0,5158.0,Annual Revision
EMP10171,2024-04-01,203560.0,16285.0,Promotion
EMP10171,2025-04-01,210949.0,10547.0,Annual Revision
EMP10171,2026-04-01,234105.0,11705.0,Annual Revision
EMP10172,2023-04-01,87070.0,2612.0,Promotion
EMP10172,2024-04-01,94595.0,2838.0,Market Adjustment
EMP10172,2025-04-01,106046.0,8484.0,Annual Revision
EMP10172,2026-04-01,117091.0,9367.0,Annual Revision
EMP10173,2020-04-01,94584.0,7567.0,No Change
EMP10173,2021-04-01,95578.0,7646.0,Market Adjustment
EMP10173,2022-04-01,101028.0,8082.0,Annual Revision
EMP10173,2023-04-01,119669.0,9573.0,Promotion
EMP10173,2024-04-01,127796.0,6390.0,Annual Revision
EMP10173,2025-04-01,144801.0,11584.0,No Change
EMP10173,2026-04-01,155137.0,7757.0,No Change
EMP10174,2025-04-01,63836.0,5107.0,Promotion
EMP10174,2026-04-01,71975.0,5758.0,Promotion
EMP10175,2019-04-01,73036.0,2191.0,Annual Revision
EMP10175,2020-04-01,74069.0,8888.0,Market Adjustment
EMP10175,2021-04-01,76390.0,3820.0,Annual Revision
EMP10175,2022-04-01,84500.0,2535.0,Annual Revision
EMP10175,2023-04-01,99780.0,4989.0,Promotion
EMP10175,2024-04-01,108297.0,5415.0,Annual Revision
EMP10175,2025-04-01,119195.0,5960.0,Promotion
EMP10175,2026-04-01,130293.0,15635.0,Annual Revision
EMP10176,2019-04-01,32680.0,2614.0,Annual Revision
EMP10176,2020-04-01,33145.0,3977.0,Annual Revision
EMP10176,2021-04-01,37914.0,1137.0,Promotion
EMP10176,2022-04-01,39606.0,1188.0,Annual Revision
EMP10176,2023-04-01,45517.0,3641.0,Promotion
EMP10176,2024-04-01,47581.0,2379.0,Promotion
EMP10176,2025-04-01,53969.0,4317.0,Annual Revision
EMP10176,2026-04-01,57971.0,6956.0,Annual Revision
EMP10177,2020-04-01,63536.0,7624.0,Annual Revision
EMP10177,2021-04-01,72209.0,5777.0,Annual Revision
EMP10177,2022-04-01,76333.0,9160.0,Annual Revision
EMP10177,2023-04-01,80440.0,4022.0,Annual Revision
EMP10177,2024-04-01,85809.0,2574.0,Promotion
EMP10177,2025-04-01,96033.0,4802.0,Annual Revision
EMP10177,2026-04-01,110081.0,3302.0,Market Adjustment
EMP10178,2025-04-01,41800.0,5016.0,Annual Revision
EMP10178,2026-04-01,46780.0,3742.0,No Change
EMP10179,2021-04-01,71749.0,8610.0,No Change
EMP10179,2022-04-01,75287.0,2259.0,Annual Revision
EMP10179,2023-04-01,88723.0,7098.0,Market Adjustment
EMP10179,2024-04-01,96084.0,4804.0,Market Adjustment
EMP10179,2025-04-01,108345.0,8668.0,Annual Revision
EMP10179,2026-04-01,107420.0,8594.0,Annual Revision
EMP10180,2021-04-01,44045.0,2202.0,No Change
EMP10180,2022-04-01,45099.0,2255.0,No Change
EMP10180,2023-04-01,50418.0,4033.0,Annual Revision
EMP10180,2024-04-01,59964.0,1799.0,Annual Revision
EMP10180,2025-04-01,59771.0,4782.0,Promotion
EMP10180,2026-04-01,61597.0,4928.0,Annual Revision
EMP10181,2020-04-01,72653.0,,Annual Revision
EMP10181,2021-04-01,76127.0,3806.0,Annual Revision
EMP10181,2022-04-01,90312.0,10837.0,Annual Revision
EMP10181,2023-04-01,98417.0,7873.0,Market Adjustment
EMP10181,2024-04-01,105596.0,8448.0,No Change
EMP10181,2025-04-01,117468.0,9397.0,Market Adjustment
EMP10181,2026-04-01,131827.0,3955.0,Market Adjustment
EMP10182,2024-04-01,84982.0,6799.0,Promotion
EMP10182,2025-04-01,96146.0,7692.0,No Change
EMP10182,2026-04-01,108356.0,13003.0,Annual Revision
EMP10183,2022-04-01,89529.0,4476.0,Annual Revision
EMP10183,2023-04-01,93144.0,7452.0,Annual Revision
EMP10183,2024-04-01,110491.0,3315.0,Annual Revision
EMP10183,2025-04-01,117206.0,3516.0,Promotion
EMP10183,2026-04-01,139146.0,4174.0,Annual Revision
EMP10184,2022-04-01,40463.0,2023.0,Annual Revision
EMP10184,2023-04-01,44763.0,2238.0,Annual Revision
EMP10184,2024-04-01,48518.0,1456.0,Annual Revision
EMP10184,2025-04-01,58031.0,2902.0,Annual Revision
EMP10184,2026-04-01,57639.0,4611.0,Annual Revision
EMP10185,2021-04-01,128124.0,6406.0,Promotion
EMP10185,2022-04-01,128308.0,15397.0,Market Adjustment
EMP10185,2023-04-01,142757.0,11421.0,Annual Revision
EMP10185,2024-04-01,159146.0,4774.0,Promotion
EMP10185,2025-04-01,164204.0,8210.0,Annual Revision
EMP10185,2026-04-01,198413.0,15873.0,Promotion
EMP10186,2019-04-01,45804.0,3664.0,Annual Revision
EMP10186,2020-04-01,47191.0,2360.0,Annual Revision
EMP10186,2021-04-01,49791.0,5975.0,No Change
EMP10186,2022-04-01,54410.0,1632.0,Promotion
EMP10186,2023-04-01,63125.0,1894.0,Annual Revision
EMP10186,2024-04-01,73092.0,5847.0,Annual Revision
EMP10186,2025-04-01,79091.0,3955.0,Annual Revision
EMP10186,2026-04-01,83143.0,9977.0,Annual Revision
EMP10187,2024-04-01,60329.0,1810.0,Annual Revision
EMP10187,2025-04-01,73501.0,5880.0,Annual Revision
EMP10187,2026-04-01,82573.0,2477.0,Annual Revision
EMP10188,2022-04-01,45091.0,1353.0,Annual Revision
EMP10188,2023-04-01,47302.0,5676.0,Promotion
EMP10188,2024-04-01,54824.0,4386.0,Market Adjustment
EMP10188,2025-04-01,60296.0,3015.0,No Change
EMP10188,2026-04-01,66311.0,1989.0,Annual Revision
EMP10189,2024-04-01,40822.0,3266.0,Annual Revision
EMP10189,2025-04-01,48272.0,2414.0,Annual Revision
EMP10189,2026-04-01,51061.0,4085.0,Annual Revision
EMP10190,2024-04-01,96183.0,11542.0,Market Adjustment
EMP10190,2025-04-01,97368.0,2921.0,Market Adjustment
EMP10190,2026-04-01,104793.0,8383.0,Promotion
EMP10191,2022-04-01,32447.0,973.0,Annual Revision
EMP10191,2023-04-01,34546.0,1727.0,Annual Revision
EMP10191,2024-04-01,40303.0,2015.0,Market Adjustment
EMP10191,2025-04-01,40333.0,2017.0,Market Adjustment
EMP10191,2026-04-01,45000.0,1350.0,Promotion
EMP10192,2019-04-01,29854.0,2388.0,No Change
EMP10192,2020-04-01,35682.0,1070.0,Market Adjustment
EMP10192,2021-04-01,36171.0,1809.0,Annual Revision
EMP10192,2022-04-01,39054.0,1953.0,Annual Revision
EMP10192,2023-04-01,43745.0,2187.0,Annual Revision
EMP10192,2024-04-01,49055.0,2453.0,Promotion
EMP10192,2025-04-01,52676.0,2634.0,Promotion
EMP10192,2026-04-01,59127.0,7095.0,Annual Revision
EMP10193,2023-04-01,94538.0,4727.0,Annual Revision
EMP10193,2024-04-01,93431.0,4672.0,No Change
EMP10193,2025-04-01,105805.0,3174.0,Market Adjustment
EMP10193,2026-04-01,119614.0,9569.0,No Change
EMP10194,2021-04-01,93340.0,2800.0,Annual Revision
EMP10194,2022-04-01,98392.0,4920.0,Annual Revision
EMP10194,2023-04-01,110668.0,5533.0,Promotion
EMP10194,2024-04-01,124752.0,6238.0,Market Adjustment
EMP10194,2025-04-01,131519.0,3946.0,No Change
EMP10194,2026-04-01,133773.0,10702.0,No Change
EMP10195,2023-04-01,83229.0,4161.0,Promotion
EMP10195,2024-04-01,102591.0,3078.0,Annual Revision
EMP10195,2025-04-01,113698.0,5685.0,Market Adjustment
EMP10195,2026-04-01,124586.0,6229.0,Annual Revision
EMP10196,2025-04-01,32210.0,1611.0,No Change
EMP10196,2026-04-01,35521.0,1066.0,Annual Revision
EMP10197,2019-04-01,91242.0,7299.0,Promotion
EMP10197,2020-04-01,93157.0,4658.0,Promotion
EMP10197,2021-04-01,95392.0,7631.0,No Change
EMP10197,2022-04-01,113260.0,3398.0,No Change
EMP10197,2023-04-01,137086.0,6854.0,No Change
EMP10197,2024-04-01,157454.0,18894.0,Annual Revision
EMP10197,2025-04-01,158691.0,12695.0,Annual Revision
EMP10197,2026-04-01,195265.0,15621.0,Promotion
EMP10198,2025-04-01,47800.0,3824.0,Market Adjustment
EMP10198,2026-04-01,47787.0,1434.0,Promotion
EMP10199,2020-04-01,45177.0,3614.0,Annual Revision
EMP10199,2021-04-01,46775.0,3742.0,Annual Revision
EMP10199,2022-04-01,50523.0,1516.0,No Change
EMP10199,2023-04-01,61544.0,4924.0,Annual Revision
EMP10199,2024-04-01,61101.0,3055.0,Market Adjustment
EMP10199,2025-04-01,69108.0,5529.0,No Change
EMP10199,2026-04-01,74290.0,2229.0,Annual Revision
EMP10200,2023-04-01,84553.0,6764.0,Promotion
EMP10200,2024-04-01,99166.0,7933.0,Annual Revision
EMP10200,2025-04-01,115534.0,5777.0,Market Adjustment
EMP10200,2026-04-01,125586.0,10047.0,Annual Revision
EMP10201,2021-04-01,89655.0,2690.0,Annual Revision
EMP10201,2022-04-01,90619.0,7250.0,Annual Revision
EMP10201,2023-04-01,108189.0,5409.0,Annual Revision
EMP10201,2024-04-01,120674.0,14481.0,Annual Revision
EMP10201,2025-04-01,119842.0,3595.0,Annual Revision
EMP10201,2026-04-01,133418.0,10673.0,Annual Revision
EMP10202,2025-04-01,48173.0,3854.0,Annual Revision
EMP10202,2026-04-01,49089.0,3927.0,Promotion
EMP10203,2024-04-01,42369.0,2118.0,Market Adjustment
EMP10203,2025-04-01,46093.0,1383.0,Annual Revision
EMP10203,2026-04-01,52280.0,2614.0,Annual Revision
EMP10204,2024-04-01,33605.0,2688.0,Annual Revision
EMP10204,2025-04-01,34887.0,1047.0,Market Adjustment
EMP10204,2026-04-01,38527.0,1926.0,Annual Revision
EMP10205,2025-04-01,31279.0,2502.0,Market Adjustment
EMP10205,2026-04-01,32494.0,3899.0,Annual Revision
EMP10206,2022-04-01,30477.0,1524.0,Market Adjustment
EMP10206,2023-04-01,34104.0,1705.0,Promotion
EMP10206,2024-04-01,36988.0,2959.0,Annual Revision
EMP10206,2025-04-01,41095.0,2055.0,Promotion
EMP10206,2026-04-01,48202.0,2410.0,Promotion
EMP10207,2025-04-01,84723.0,2542.0,Annual Revision
EMP10207,2026-04-01,99778.0,7982.0,Annual Revision
EMP10208,2022-04-01,64511.0,7741.0,Annual Revision
EMP10208,2023-04-01,74382.0,5951.0,No Change
EMP10208,2024-04-01,79898.0,2397.0,Annual Revision
EMP10208,2025-04-01,80126.0,4006.0,Annual Revision
EMP10208,2026-04-01,89000.0,7120.0,Market Adjustment
EMP10209,2021-04-01,32828.0,985.0,Market Adjustment
EMP10209,2022-04-01,33784.0,2703.0,Market Adjustment
EMP10209,2023-04-01,38480.0,1154.0,Annual Revision
EMP10209,2024-04-01,40461.0,3237.0,Annual Revision
EMP10209,2025-04-01,43263.0,2163.0,Annual Revision
EMP10209,2026-04-01,48737.0,3899.0,Promotion
EMP10210,2020-04-01,69289.0,3464.0,Annual Revision
EMP10210,2021-04-01,78231.0,3912.0,Annual Revision
EMP10210,2022-04-01,84263.0,2528.0,No Change
EMP10210,2023-04-01,94001.0,7520.0,Annual Revision
EMP10210,2024-04-01,105786.0,8463.0,Annual Revision
EMP10210,2025-04-01,123447.0,3703.0,No Change
EMP10210,2026-04-01,126027.0,10082.0,Promotion
EMP10211,2023-04-01,43954.0,1319.0,Annual Revision
EMP10211,2024-04-01,46668.0,3733.0,Annual Revision
EMP10211,2025-04-01,52981.0,2649.0,Annual Revision
EMP10211,2026-04-01,59245.0,1777.0,Market Adjustment
EMP10212,2021-04-01,88645.0,7092.0,Annual Revision
EMP10212,2022-04-01,104270.0,5214.0,Market Adjustment
EMP10212,2023-04-01,103957.0,8317.0,No Change
EMP10212,2024-04-01,124312.0,3729.0,Promotion
EMP10212,2025-04-01,134451.0,6723.0,Promotion
EMP10212,2026-04-01,147282.0,11783.0,No Change
EMP10213,2023-04-01,30568.0,2445.0,Market Adjustment
EMP10213,2024-04-01,36607.0,1098.0,Market Adjustment
EMP10213,2025-04-01,37713.0,3017.0,Annual Revision
EMP10213,2026-04-01,43046.0,2152.0,No Change
EMP10214,2025-04-01,69354.0,2081.0,Promotion
EMP10214,2026-04-01,76988.0,2310.0,Annual Revision
EMP10215,2023-04-01,68258.0,2048.0,Annual Revision
EMP10215,2024-04-01,76814.0,3841.0,Annual Revision
EMP10215,2025-04-01,90311.0,2709.0,Annual Revision
EMP10215,2026-04-01,94957.0,2849.0,Annual Revision
EMP10216,2020-04-01,66396.0,3320.0,Market Adjustment
EMP10216,2021-04-01,70200.0,3510.0,Market Adjustment
EMP10216,2022-04-01,70926.0,2128.0,Annual Revision
EMP10216,2023-04-01,85872.0,4294.0,Promotion
EMP10216,2024-04-01,93337.0,4667.0,Annual Revision
EMP10216,2025-04-01,98916.0,4946.0,Market Adjustment
EMP10216,2026-04-01,109550.0,8764.0,Market Adjustment
EMP10217,2023-04-01,82589.0,6607.0,Promotion
EMP10217,2024-04-01,92984.0,7439.0,Annual Revision
EMP10217,2025-04-01,103951.0,5198.0,Annual Revision
EMP10217,2026-04-01,124100.0,9928.0,Annual Revision
EMP10218,2021-04-01,32093.0,2567.0,Market Adjustment
EMP10218,2022-04-01,34154.0,2732.0,Annual Revision
EMP10218,2023-04-01,38756.0,1163.0,No Change
EMP10218,2024-04-01,41245.0,1237.0,Annual Revision
EMP10218,2025-04-01,42861.0,3429.0,Annual Revision
EMP10218,2026-04-01,47484.0,2374.0,Promotion
EMP10219,2022-04-01,67337.0,2020.0,Promotion
EMP10219,2023-04-01,78631.0,3932.0,Annual Revision
EMP10219,2024-04-01,84898.0,4245.0,Promotion
EMP10219,2025-04-01,93785.0,4689.0,Annual Revision
EMP10219,2026-04-01,98133.0,4907.0,Annual Revision
EMP10220,2024-04-01,69213.0,3461.0,Market Adjustment
EMP10220,2025-04-01,79841.0,2395.0,Annual Revision
EMP10220,2026-04-01,88304.0,4415.0,Annual Revision
EMP10221,2025-04-01,43172.0,2159.0,Annual Revision
EMP10221,2026-04-01,45743.0,5489.0,Annual Revision
EMP10222,2019-04-01,30854.0,926.0,Annual Revision
EMP10222,2020-04-01,32913.0,2633.0,Market Adjustment
EMP10222,2021-04-01,37050.0,2964.0,Annual Revision
EMP10222,2022-04-01,39081.0,1954.0,No Change
EMP10222,2023-04-01,45184.0,1356.0,Market Adjustment
EMP10222,2024-04-01,50278.0,1508.0,Promotion
EMP10222,2025-04-01,51243.0,1537.0,Annual Revision
EMP10222,2026-04-01,56721.0,1702.0,No Change
EMP10223,2026-04-01,41714.0,1251.0,Annual Revision
EMP10224,2023-04-01,84371.0,2531.0,Promotion
EMP10224,2024-04-01,92850.0,2786.0,Annual Revision
EMP10224,2025-04-01,101157.0,8093.0,Annual Revision
EMP10224,2026-04-01,125819.0,3775.0,Annual Revision
EMP10225,2023-04-01,31914.0,2553.0,Promotion
EMP10225,2024-04-01,36481.0,1824.0,Market Adjustment
EMP10225,2025-04-01,39324.0,1180.0,Annual Revision
EMP10225,2026-04-01,47024.0,3762.0,No Change
EMP10226,2023-04-01,64069.0,3203.0,No Change
EMP10226,2024-04-01,69807.0,3490.0,Annual Revision
EMP10226,2025-04-01,79336.0,9520.0,Annual Revision
EMP10226,2026-04-01,87901.0,4395.0,Annual Revision
EMP10227,2023-04-01,71202.0,3560.0,Annual Revision
EMP10227,2024-04-01,75618.0,9074.0,Market Adjustment
EMP10227,2025-04-01,84724.0,4236.0,Market Adjustment
EMP10227,2026-04-01,90143.0,7211.0,No Change
EMP10228,2020-04-01,65548.0,3277.0,Promotion
EMP10228,2021-04-01,68610.0,3430.0,Annual Revision
EMP10228,2022-04-01,76606.0,3830.0,Market Adjustment
EMP10228,2023-04-01,81086.0,4054.0,Annual Revision
EMP10228,2024-04-01,90133.0,7211.0,Annual Revision
EMP10228,2025-04-01,99513.0,2985.0,Promotion
EMP10228,2026-04-01,106869.0,8550.0,Annual Revision
EMP10229,2019-04-01,31683.0,2535.0,Market Adjustment
EMP10229,2020-04-01,33230.0,2658.0,Market Adjustment
EMP10229,2021-04-01,36914.0,1846.0,Promotion
EMP10229,2022-04-01,37367.0,2989.0,No Change
EMP10229,2023-04-01,44020.0,2201.0,Market Adjustment
EMP10229,2024-04-01,47454.0,1424.0,Annual Revision
EMP10229,2025-04-01,54496.0,2725.0,Annual Revision
EMP10229,2026-04-01,61277.0,3064.0,Annual Revision
EMP10230,2025-04-01,31454.0,1573.0,Annual Revision
EMP10230,2026-04-01,36539.0,1827.0,Annual Revision
EMP10231,2021-04-01,33382.0,2671.0,Annual Revision
EMP10231,2022-04-01,33213.0,996.0,Market Adjustment
EMP10231,2023-04-01,36722.0,1836.0,Annual Revision
EMP10231,2024-04-01,39615.0,3169.0,Market Adjustment
EMP10231,2025-04-01,44765.0,3581.0,Annual Revision
EMP10231,2026-04-01,46267.0,2313.0,Annual Revision
EMP10232,2019-04-01,64107.0,3205.0,Promotion
EMP10232,2020-04-01,70475.0,2114.0,Annual Revision
EMP10232,2021-04-01,74346.0,3717.0,Market Adjustment
EMP10232,2022-04-01,76343.0,6107.0,No Change
EMP10232,2023-04-01,96846.0,4842.0,Annual Revision
EMP10232,2024-04-01,100447.0,8036.0,Market Adjustment
EMP10232,2025-04-01,116063.0,3482.0,Annual Revision
EMP10232,2026-04-01,121653.0,3650.0,Promotion
EMP10233,2025-04-01,70370.0,5630.0,Promotion
EMP10233,2026-04-01,82970.0,6638.0,Promotion
EMP10234,2021-04-01,31670.0,2534.0,Market Adjustment
EMP10234,2022-04-01,35421.0,1771.0,Promotion
EMP10234,2023-04-01,38307.0,1915.0,Annual Revision
EMP10234,2024-04-01,45238.0,3619.0,Market Adjustment
EMP10234,2025-04-01,45777.0,3662.0,Annual Revision
EMP10234,2026-04-01,54253.0,6510.0,Market Adjustment
EMP10235,2021-04-01,41612.0,2081.0,Market Adjustment
EMP10235,2022-04-01,45111.0,2256.0,Annual Revision
EMP10235,2023-04-01,49246.0,3940.0,No Change
EMP10235,2024-04-01,52798.0,2640.0,Annual Revision
EMP10235,2025-04-01,57870.0,2893.0,Annual Revision
EMP10235,2026-04-01,64502.0,1935.0,Market Adjustment
EMP10236,2025-04-01,64965.0,1949.0,Annual Revision
EMP10236,2026-04-01,76554.0,3828.0,Annual Revision
EMP10237,2022-04-01,41466.0,1244.0,Annual Revision
EMP10237,2023-04-01,43364.0,3469.0,Promotion
EMP10237,2024-04-01,49806.0,1494.0,Annual Revision
EMP10237,2025-04-01,50236.0,2512.0,Promotion
EMP10237,2026-04-01,58307.0,1749.0,Annual Revision
EMP10238,2023-04-01,128129.0,6406.0,Annual Revision
EMP10238,2024-04-01,141481.0,4244.0,Annual Revision
EMP10238,2025-04-01,167828.0,13426.0,Annual Revision
EMP10238,2026-04-01,168944.0,13516.0,Annual Revision
EMP10239,2023-04-01,71801.0,3590.0,Market Adjustment
EMP10239,2024-04-01,74300.0,3715.0,Annual Revision
EMP10239,2025-04-01,77944.0,6236.0,No Change
EMP10239,2026-04-01,87773.0,2633.0,Annual Revision
EMP10240,2021-04-01,43798.0,3504.0,Market Adjustment
EMP10240,2022-04-01,45739.0,1372.0,Annual Revision
EMP10240,2023-04-01,49310.0,2465.0,Promotion
EMP10240,2024-04-01,53374.0,4270.0,No Change
EMP10240,2025-04-01,61806.0,3090.0,Annual Revision
EMP10240,2026-04-01,66356.0,3318.0,Market Adjustment
EMP10241,2024-04-01,31227.0,937.0,Annual Revision
EMP10241,2025-04-01,37290.0,2983.0,Annual Revision
EMP10241,2026-04-01,40471.0,3238.0,Market Adjustment
EMP10242,2021-04-01,44756.0,2238.0,No Change
EMP10242,2022-04-01,50123.0,4010.0,Annual Revision
EMP10242,2023-04-01,52567.0,4205.0,Annual Revision
EMP10242,2024-04-01,63770.0,1913.0,Annual Revision
EMP10242,2025-04-01,61892.0,3095.0,Annual Revision
EMP10242,2026-04-01,74850.0,5988.0,Annual Revision
EMP10243,2019-04-01,32690.0,2615.0,Annual Revision
EMP10243,2020-04-01,32482.0,974.0,Promotion
EMP10243,2021-04-01,35859.0,2869.0,Annual Revision
EMP10243,2022-04-01,37403.0,1870.0,Annual Revision
EMP10243,2023-04-01,44288.0,2214.0,Annual Revision
EMP10243,2024-04-01,51959.0,2598.0,Annual Revision
EMP10243,2025-04-01,56913.0,2846.0,Market Adjustment
EMP10243,2026-04-01,58112.0,2906.0,Promotion
EMP10244,2022-04-01,89981.0,4499.0,Market Adjustment
EMP10244,2023-04-01,96168.0,2885.0,Annual Revision
EMP10244,2024-04-01,106337.0,3190.0,Annual Revision
EMP10244,2025-04-01,107244.0,12869.0,Promotion
EMP10244,2026-04-01,128187.0,3846.0,Annual Revision
EMP10245,2023-04-01,67535.0,3377.0,Market Adjustment
EMP10245,2024-04-01,79002.0,3950.0,Market Adjustment
EMP10245,2025-04-01,82348.0,4117.0,Annual Revision
EMP10245,2026-04-01,90223.0,4511.0,Annual Revision
EMP10246,2023-04-01,63435.0,7612.0,Annual Revision
EMP10246,2024-04-01,69716.0,5577.0,Annual Revision
EMP10246,2025-04-01,84563.0,4228.0,Annual Revision
EMP10246,2026-04-01,92326.0,11079.0,Annual Revision
EMP10247,2021-04-01,44090.0,3527.0,Annual Revision
EMP10247,2022-04-01,50787.0,2539.0,No Change
EMP10247,2023-04-01,54321.0,1630.0,Annual Revision
EMP10247,2024-04-01,62497.0,3125.0,Annual Revision
EMP10247,2025-04-01,70382.0,3519.0,Market Adjustment
EMP10247,2026-04-01,74320.0,3716.0,Annual Revision
EMP10248,2022-04-01,67672.0,5414.0,Market Adjustment
EMP10248,2023-04-01,83834.0,2515.0,Promotion
EMP10248,2024-04-01,90783.0,4539.0,No Change
EMP10248,2025-04-01,91203.0,10944.0,Market Adjustment
EMP10248,2026-04-01,99657.0,4983.0,Promotion
EMP10249,2024-04-01,90383.0,2711.0,Promotion
EMP10249,2025-04-01,94446.0,7556.0,Annual Revision
EMP10249,2026-04-01,101425.0,5071.0,Annual Revision
EMP10250,2023-04-01,70777.0,2123.0,Promotion
EMP10250,2024-04-01,76069.0,6086.0,Annual Revision
EMP10250,2025-04-01,87161.0,4358.0,Annual Revision
EMP10250,2026-04-01,87637.0,4382.0,Annual Revision
EMP10251,2025-04-01,33021.0,991.0,Annual Revision
EMP10251,2026-04-01,33207.0,996.0,Promotion
EMP10252,2025-04-01,66420.0,5314.0,Market Adjustment
EMP10252,2026-04-01,73500.0,5880.0,Market Adjustment
EMP10253,2022-04-01,65884.0,5271.0,Annual Revision
EMP10253,2023-04-01,76265.0,3813.0,Annual Revision
EMP10253,2024-04-01,75833.0,3792.0,Annual Revision
EMP10253,2025-04-01,88759.0,7101.0,Promotion
EMP10253,2026-04-01,100634.0,5032.0,Market Adjustment
EMP10254,2021-04-01,33098.0,993.0,Promotion
EMP10254,2022-04-01,34191.0,1026.0,Annual Revision
EMP10254,2023-04-01,40409.0,2020.0,Annual Revision
EMP10254,2024-04-01,44304.0,1329.0,Promotion
EMP10254,2025-04-01,51253.0,6150.0,Promotion
EMP10254,2026-04-01,55557.0,4445.0,No Change
EMP10255,2023-04-01,71066.0,3553.0,Annual Revision
EMP10255,2024-04-01,70623.0,2119.0,Annual Revision
EMP10255,2025-04-01,74747.0,3737.0,No Change
EMP10255,2026-04-01,81301.0,2439.0,Annual Revision
EMP10256,2024-04-01,132342.0,6617.0,Annual Revision
EMP10256,2025-04-01,131091.0,15731.0,Market Adjustment
EMP10256,2026-04-01,148069.0,11846.0,Annual Revision
EMP10257,2025-04-01,65006.0,3250.0,Market Adjustment
EMP10257,2026-04-01,73191.0,3660.0,Market Adjustment
EMP10258,2025-04-01,30905.0,1545.0,Annual Revision
EMP10258,2026-04-01,36815.0,1841.0,Market Adjustment
EMP10259,2021-04-01,88173.0,7054.0,Annual Revision
EMP10259,2022-04-01,94224.0,11307.0,Annual Revision
EMP10259,2023-04-01,111749.0,5587.0,Annual Revision
EMP10259,2024-04-01,117472.0,3524.0,Annual Revision
EMP10259,2025-04-01,127513.0,6376.0,Promotion
EMP10259,2026-04-01,133637.0,6682.0,Promotion
EMP10260,2024-04-01,88730.0,4436.0,Annual Revision
EMP10260,2025-04-01,93939.0,7515.0,No Change
EMP10260,2026-04-01,113894.0,5695.0,Promotion
EMP10261,2022-04-01,73541.0,3677.0,Promotion
EMP10261,2023-04-01,75586.0,9070.0,Annual Revision
EMP10261,2024-04-01,76917.0,2308.0,Annual Revision
EMP10261,2025-04-01,88055.0,7044.0,Annual Revision
EMP10261,2026-04-01,96432.0,7715.0,Annual Revision
EMP10262,2020-04-01,69675.0,3484.0,Annual Revision
EMP10262,2021-04-01,73193.0,5855.0,Market Adjustment
EMP10262,2022-04-01,81609.0,6529.0,Annual Revision
EMP10262,2023-04-01,104311.0,3129.0,Annual Revision
EMP10262,2024-04-01,106585.0,8527.0,Market Adjustment
EMP10262,2025-04-01,118872.0,9510.0,Annual Revision
EMP10262,2026-04-01,137215.0,6861.0,Market Adjustment
EMP10263,2020-04-01,70072.0,5606.0,Annual Revision
EMP10263,2021-04-01,77654.0,6212.0,Promotion
EMP10263,2022-04-01,74727.0,5978.0,Promotion
EMP10263,2023-04-01,99453.0,2984.0,Promotion
EMP10263,2024-04-01,100838.0,3025.0,Promotion
EMP10263,2025-04-01,118418.0,9473.0,Annual Revision
EMP10263,2026-04-01,128830.0,15460.0,Annual Revision
EMP10264,2026-04-01,63362.0,3168.0,Market Adjustment
EMP10265,2023-04-01,41500.0,4980.0,Annual Revision
EMP10265,2024-04-01,46934.0,1408.0,No Change
EMP10265,2025-04-01,51852.0,4148.0,Annual Revision
EMP10265,2026-04-01,54779.0,2739.0,Annual Revision
EMP10266,2019-04-01,65460.0,3273.0,Annual Revision
EMP10266,2020-04-01,68970.0,2069.0,Annual Revision
EMP10266,2021-04-01,78180.0,2345.0,Annual Revision
EMP10266,2022-04-01,85229.0,6818.0,Annual Revision
EMP10266,2023-04-01,104727.0,5236.0,Annual Revision
EMP10266,2024-04-01,109664.0,5483.0,Annual Revision
EMP10266,2025-04-01,118430.0,5922.0,Annual Revision
EMP10266,2026-04-01,135837.0,6792.0,Annual Revision
EMP10267,2024-04-01,44868.0,1346.0,Promotion
EMP10267,2025-04-01,46875.0,1406.0,Annual Revision
EMP10267,2026-04-01,51909.0,1557.0,Annual Revision
EMP10268,2023-04-01,43048.0,3444.0,Promotion
EMP10268,2024-04-01,49241.0,3939.0,Promotion
EMP10268,2025-04-01,54085.0,1623.0,Annual Revision
EMP10268,2026-04-01,56491.0,4519.0,Market Adjustment
EMP10269,2020-04-01,131070.0,10486.0,Annual Revision
EMP10269,2021-04-01,134630.0,16156.0,Promotion
EMP10269,2022-04-01,133483.0,10679.0,Annual Revision
EMP10269,2023-04-01,168497.0,13480.0,Promotion
EMP10269,2024-04-01,186901.0,14952.0,No Change
EMP10269,2025-04-01,199370.0,5981.0,No Change
EMP10269,2026-04-01,212966.0,10648.0,Market Adjustment
EMP10270,2023-04-01,64789.0,5183.0,No Change
EMP10270,2024-04-01,74462.0,5957.0,Annual Revision
EMP10270,2025-04-01,78942.0,6315.0,Annual Revision
EMP10270,2026-04-01,83403.0,2502.0,Annual Revision
EMP10271,2026-04-01,32520.0,2602.0,Market Adjustment
EMP10272,2021-04-01,69145.0,5532.0,Annual Revision
EMP10272,2022-04-01,73008.0,5841.0,Annual Revision
EMP10272,2023-04-01,83170.0,6654.0,Annual Revision
EMP10272,2024-04-01,99394.0,4970.0,Market Adjustment
EMP10272,2025-04-01,105055.0,8404.0,Annual Revision
EMP10272,2026-04-01,111762.0,13411.0,No Change
EMP10273,2024-04-01,67183.0,2015.0,Annual Revision
EMP10273,2025-04-01,70743.0,3537.0,Annual Revision
EMP10273,2026-04-01,76748.0,3837.0,Annual Revision
EMP10274,2022-04-01,72642.0,2179.0,Annual Revision
EMP10274,2023-04-01,77023.0,3851.0,Market Adjustment
EMP10274,2024-04-01,86813.0,2604.0,Annual Revision
EMP10274,2025-04-01,91137.0,4557.0,Annual Revision
EMP10274,2026-04-01,98112.0,4906.0,Annual Revision
EMP10275,2025-04-01,42779.0,1283.0,No Change
EMP10275,2026-04-01,44004.0,5280.0,Market Adjustment
EMP10276,2019-04-01,71359.0,8563.0,Promotion
EMP10276,2020-04-01,72130.0,3607.0,Annual Revision
EMP10276,2021-04-01,77673.0,2330.0,Promotion
EMP10276,2022-04-01,83663.0,4183.0,Market Adjustment
EMP10276,2023-04-01,98225.0,7858.0,No Change
EMP10276,2024-04-01,99952.0,4998.0,Annual Revision
EMP10276,2025-04-01,122644.0,9811.0,Promotion
EMP10276,2026-04-01,119656.0,9572.0,Annual Revision
EMP10277,2026-04-01,68125.0,5450.0,Annual Revision
EMP10278,2024-04-01,31963.0,1598.0,No Change
EMP10278,2025-04-01,34365.0,1031.0,Promotion
EMP10278,2026-04-01,39430.0,1183.0,Promotion
EMP10279,2025-04-01,43284.0,3463.0,Market Adjustment
EMP10279,2026-04-01,45713.0,2286.0,Annual Revision
EMP10280,2020-04-01,31453.0,1573.0,Annual Revision
EMP10280,2021-04-01,36225.0,2898.0,Annual Revision
EMP10280,2022-04-01,37631.0,4516.0,No Change
EMP10280,2023-04-01,42766.0,2138.0,Market Adjustment
EMP10280,2024-04-01,49176.0,2459.0,Annual Revision
EMP10280,2025-04-01,54524.0,4362.0,Annual Revision
EMP10280,2026-04-01,60706.0,3035.0,Annual Revision
EMP10281,2025-04-01,66408.0,3320.0,Annual Revision
EMP10281,2026-04-01,71745.0,8609.0,Annual Revision
EMP10282,2024-04-01,88185.0,4409.0,Market Adjustment
EMP10282,2025-04-01,101466.0,5073.0,No Change
EMP10282,2026-04-01,108163.0,3245.0,Annual Revision
EMP10283,2021-04-01,31090.0,1555.0,Promotion
EMP10283,2022-04-01,35174.0,2814.0,Annual Revision
EMP10283,2023-04-01,38931.0,3114.0,Annual Revision
EMP10283,2024-04-01,40607.0,3249.0,Annual Revision
EMP10283,2025-04-01,48481.0,2424.0,Annual Revision
EMP10283,2026-04-01,55440.0,2772.0,Annual Revision
EMP10284,2024-04-01,42397.0,2120.0,Promotion
EMP10284,2025-04-01,44781.0,2239.0,Promotion
EMP10284,2026-04-01,51353.0,1541.0,Annual Revision
EMP10285,2026-04-01,42757.0,3421.0,No Change
EMP10286,2021-04-01,68005.0,2040.0,Market Adjustment
EMP10286,2022-04-01,76164.0,9140.0,Annual Revision
EMP10286,2023-04-01,83507.0,10021.0,Annual Revision
EMP10286,2024-04-01,89867.0,7189.0,Promotion
EMP10286,2025-04-01,102587.0,5129.0,Promotion
EMP10286,2026-04-01,109679.0,3290.0,Annual Revision
EMP10287,2025-04-01,72507.0,5801.0,Annual Revision
EMP10287,2026-04-01,79024.0,9483.0,Annual Revision
EMP10288,2019-04-01,84061.0,10087.0,Annual Revision
EMP10288,2020-04-01,93635.0,4682.0,Promotion
EMP10288,2021-04-01,109605.0,3288.0,Annual Revision
EMP10288,2022-04-01,106634.0,8531.0,Annual Revision
EMP10288,2023-04-01,128431.0,6422.0,Annual Revision
EMP10288,2024-04-01,147215.0,7361.0,Annual Revision
EMP10288,2025-04-01,150975.0,12078.0,Promotion
EMP10288,2026-04-01,160923.0,8046.0,Annual Revision
EMP10289,2019-04-01,70824.0,3541.0,Market Adjustment
EMP10289,2020-04-01,70879.0,3544.0,Annual Revision
EMP10289,2021-04-01,78320.0,6266.0,No Change
EMP10289,2022-04-01,78958.0,6317.0,Market Adjustment
EMP10289,2023-04-01,93724.0,4686.0,Annual Revision
EMP10289,2024-04-01,111916.0,3357.0,Annual Revision
EMP10289,2025-04-01,115412.0,9233.0,Annual Revision
EMP10289,2026-04-01,124450.0,9956.0,Annual Revision
EMP10290,2022-04-01,45035.0,2252.0,Annual Revision
EMP10290,2023-04-01,49120.0,3930.0,Market Adjustment
EMP10290,2024-04-01,53681.0,1610.0,Annual Revision
EMP10290,2025-04-01,62088.0,4967.0,Promotion
EMP10290,2026-04-01,60489.0,4839.0,Annual Revision
EMP10291,2021-04-01,41219.0,3298.0,Annual Revision
EMP10291,2022-04-01,43617.0,3489.0,No Change
EMP10291,2023-04-01,50350.0,4028.0,Annual Revision
EMP10291,2024-04-01,50094.0,4008.0,Market Adjustment
EMP10291,2025-04-01,60629.0,4850.0,Promotion
EMP10291,2026-04-01,64429.0,1933.0,Annual Revision
EMP10292,2020-04-01,117755.0,9420.0,Promotion
EMP10292,2021-04-01,133518.0,10681.0,Annual Revision
EMP10292,2022-04-01,138408.0,4152.0,Annual Revision
EMP10292,2023-04-01,165951.0,19914.0,Market Adjustment
EMP10292,2024-04-01,174731.0,8737.0,Annual Revision
EMP10292,2025-04-01,181456.0,5444.0,Annual Revision
EMP10292,2026-04-01,201472.0,16118.0,Market Adjustment
EMP10293,2023-04-01,40224.0,1207.0,Annual Revision
EMP10293,2024-04-01,44335.0,1330.0,Market Adjustment
EMP10293,2025-04-01,49506.0,2475.0,Promotion
EMP10293,2026-04-01,51834.0,6220.0,Annual Revision
EMP10294,2020-04-01,68282.0,2048.0,Annual Revision
EMP10294,2021-04-01,76507.0,3825.0,Market Adjustment
EMP10294,2022-04-01,81500.0,6520.0,Market Adjustment
EMP10294,2023-04-01,98974.0,7918.0,Annual Revision
EMP10294,2024-04-01,104805.0,5240.0,Promotion
EMP10294,2025-04-01,112727.0,3382.0,Annual Revision
EMP10294,2026-04-01,130268.0,10421.0,Annual Revision
EMP10295,2021-04-01,42260.0,1268.0,Annual Revision
EMP10295,2022-04-01,47307.0,1419.0,Promotion
EMP10295,2023-04-01,51091.0,4087.0,No Change
EMP10295,2024-04-01,57036.0,2852.0,Market Adjustment
EMP10295,2025-04-01,63555.0,1907.0,Annual Revision
EMP10295,2026-04-01,73428.0,5874.0,Annual Revision
EMP10296,2023-04-01,130028.0,10402.0,Annual Revision
EMP10296,2024-04-01,135812.0,4074.0,Annual Revision
EMP10296,2025-04-01,140180.0,7009.0,Promotion
EMP10296,2026-04-01,163364.0,19604.0,Annual Revision
EMP10297,2023-04-01,32517.0,2601.0,Promotion
EMP10297,2024-04-01,34769.0,1738.0,Promotion
EMP10297,2025-04-01,39280.0,3142.0,Market Adjustment
EMP10297,2026-04-01,44079.0,3526.0,No Change
EMP10298,2020-04-01,94251.0,2828.0,Promotion
EMP10298,2021-04-01,90119.0,10814.0,Market Adjustment
EMP10298,2022-04-01,104085.0,5204.0,No Change
EMP10298,2023-04-01,116587.0,9327.0,Annual Revision
EMP10298,2024-04-01,122234.0,9779.0,Market Adjustment
EMP10298,2025-04-01,142675.0,11414.0,Market Adjustment
EMP10298,2026-04-01,149983.0,17998.0,Market Adjustment
EMP10299,2023-04-01,41400.0,4968.0,Market Adjustment
EMP10299,2024-04-01,48057.0,2403.0,Annual Revision
EMP10299,2025-04-01,52126.0,1564.0,Annual Revision
EMP10299,2026-04-01,55318.0,1660.0,Annual Revision
EMP10300,2023-04-01,71046.0,3552.0,Market Adjustment
EMP10300,2024-04-01,77658.0,2330.0,Annual Revision
EMP10300,2025-04-01,83227.0,6658.0,Market Adjustment
EMP10300,2026-04-01,87358.0,2621.0,Promotion
EMP10301,2022-04-01,32880.0,986.0,Annual Revision
EMP10301,2023-04-01,33376.0,1669.0,Annual Revision
EMP10301,2024-04-01,38604.0,1158.0,Annual Revision
EMP10301,2025-04-01,40606.0,1218.0,Annual Revision
EMP10301,2026-04-01,45605.0,1368.0,Annual Revision
EMP10302,2021-04-01,72523.0,5802.0,Promotion
EMP10302,2022-04-01,78579.0,2357.0,Annual Revision
EMP10302,2023-04-01,83474.0,6678.0,Promotion
EMP10302,2024-04-01,93823.0,4691.0,Annual Revision
EMP10302,2025-04-01,97513.0,7801.0,Promotion
EMP10302,2026-04-01,105050.0,5253.0,Annual Revision
EMP10303,2022-04-01,92989.0,7439.0,Annual Revision
EMP10303,2023-04-01,94785.0,4739.0,Annual Revision
EMP10303,2024-04-01,109901.0,8792.0,Promotion
EMP10303,2025-04-01,120178.0,3605.0,Promotion
EMP10303,2026-04-01,133865.0,10709.0,Annual Revision
EMP10304,2023-04-01,32002.0,2560.0,Annual Revision
EMP10304,2024-04-01,34819.0,4178.0,Annual Revision
EMP10304,2025-04-01,40176.0,3214.0,Promotion
EMP10304,2026-04-01,43649.0,2182.0,Market Adjustment
EMP10305,2022-04-01,94269.0,7541.0,Annual Revision
EMP10305,2023-04-01,93661.0,4683.0,Annual Revision
EMP10305,2024-04-01,113618.0,5681.0,Promotion
EMP10305,2025-04-01,120964.0,6048.0,Annual Revision
EMP10305,2026-04-01,142043.0,7102.0,Promotion
EMP10306,2026-04-01,133684.0,6684.0,Annual Revision
EMP10307,2021-04-01,31011.0,1551.0,Market Adjustment
EMP10307,2022-04-01,37813.0,1891.0,Promotion
EMP10307,2023-04-01,38222.0,3058.0,Annual Revision
EMP10307,2024-04-01,45075.0,1352.0,Annual Revision
EMP10307,2025-04-01,47904.0,2395.0,Market Adjustment
EMP10307,2026-04-01,55042.0,4403.0,Promotion
EMP10308,2023-04-01,63821.0,3191.0,No Change
EMP10308,2024-04-01,73556.0,5884.0,Annual Revision
EMP10308,2025-04-01,78567.0,9428.0,Annual Revision
EMP10308,2026-04-01,80987.0,6479.0,Annual Revision
EMP10309,2022-04-01,48040.0,1441.0,Promotion
EMP10309,2023-04-01,50576.0,4046.0,Annual Revision
EMP10309,2024-04-01,54463.0,2723.0,Annual Revision
EMP10309,2025-04-01,55907.0,4473.0,No Change
EMP10309,2026-04-01,64010.0,3200.0,Annual Revision
EMP10310,2023-04-01,68534.0,8224.0,Annual Revision
EMP10310,2024-04-01,83651.0,4183.0,Annual Revision
EMP10310,2025-04-01,81761.0,6541.0,Annual Revision
EMP10310,2026-04-01,98365.0,7869.0,Annual Revision
EMP10311,2023-04-01,39713.0,3177.0,Annual Revision
EMP10311,2024-04-01,44055.0,1322.0,Annual Revision
EMP10311,2025-04-01,50687.0,4055.0,Annual Revision
EMP10311,2026-04-01,54297.0,1629.0,Annual Revision
EMP10312,2024-04-01,33786.0,1689.0,Market Adjustment
EMP10312,2025-04-01,33688.0,2695.0,Annual Revision
EMP10312,2026-04-01,39953.0,1998.0,Annual Revision
EMP10313,2019-04-01,31975.0,1599.0,Annual Revision
EMP10313,2020-04-01,35012.0,1751.0,No Change
EMP10313,2021-04-01,34373.0,1031.0,No Change
EMP10313,2022-04-01,38029.0,1901.0,Market Adjustment
EMP10313,2023-04-01,44851.0,3588.0,Promotion
EMP10313,2024-04-01,49273.0,3942.0,Annual Revision
EMP10313,2025-04-01,50846.0,1525.0,Market Adjustment
EMP10313,2026-04-01,58336.0,2917.0,Annual Revision
EMP10314,2022-04-01,74474.0,2234.0,Annual Revision
EMP10314,2023-04-01,79282.0,3964.0,Promotion
EMP10314,2024-04-01,89551.0,2687.0,Promotion
EMP10314,2025-04-01,89862.0,2696.0,Promotion
EMP10314,2026-04-01,99798.0,4990.0,Annual Revision
EMP10315,2021-04-01,31310.0,2505.0,Annual Revision
EMP10315,2022-04-01,33931.0,1697.0,Market Adjustment
EMP10315,2023-04-01,36116.0,1806.0,Promotion
EMP10315,2024-04-01,41829.0,3346.0,Promotion
EMP10315,2025-04-01,44993.0,2250.0,Annual Revision
EMP10315,2026-04-01,49812.0,2491.0,Market Adjustment
EMP10316,2021-04-01,95640.0,4782.0,No Change
EMP10316,2022-04-01,93073.0,7446.0,Annual Revision
EMP10316,2023-04-01,100675.0,,Annual Revision
EMP10316,2024-04-01,122752.0,9820.0,Promotion
EMP10316,2025-04-01,132606.0,6630.0,Promotion
EMP10316,2026-04-01,133526.0,16023.0,Market Adjustment
EMP10317,2023-04-01,93138.0,4657.0,Annual Revision
EMP10317,2024-04-01,98827.0,11859.0,Promotion
EMP10317,2025-04-01,108747.0,5437.0,Annual Revision
EMP10317,2026-04-01,114256.0,13711.0,Annual Revision
EMP10318,2021-04-01,39823.0,1991.0,Promotion
EMP10318,2022-04-01,41794.0,3343.0,Annual Revision
EMP10318,2023-04-01,48833.0,5860.0,Annual Revision
EMP10318,2024-04-01,56881.0,4551.0,Annual Revision
EMP10318,2025-04-01,57081.0,2854.0,Promotion
EMP10318,2026-04-01,67242.0,3362.0,No Change
EMP10319,2025-04-01,128569.0,6428.0,Promotion
EMP10319,2026-04-01,126765.0,10141.0,Market Adjustment
EMP10320,2020-04-01,31406.0,1570.0,Annual Revision
EMP10320,2021-04-01,33750.0,2700.0,Annual Revision
EMP10320,2022-04-01,33912.0,1696.0,Market Adjustment
EMP10320,2023-04-01,38967.0,4676.0,Market Adjustment
EMP10320,2024-04-01,47061.0,3765.0,Annual Revision
EMP10320,2025-04-01,50728.0,1522.0,Promotion
EMP10320,2026-04-01,53384.0,4271.0,No Change
EMP10321,2022-04-01,32328.0,1616.0,Market Adjustment
EMP10321,2023-04-01,33065.0,992.0,Promotion
EMP10321,2024-04-01,38271.0,1148.0,Annual Revision
EMP10321,2025-04-01,43992.0,2200.0,Annual Revision
EMP10321,2026-04-01,45014.0,5402.0,Promotion
EMP10322,2024-04-01,41930.0,2096.0,Annual Revision
EMP10322,2025-04-01,47698.0,2385.0,Annual Revision
EMP10322,2026-04-01,48967.0,3917.0,No Change
EMP10323,2020-04-01,31788.0,1589.0,Annual Revision
EMP10323,2021-04-01,34798.0,1044.0,Annual Revision
EMP10323,2022-04-01,36687.0,1101.0,Promotion
EMP10323,2023-04-01,43354.0,2168.0,Annual Revision
EMP10323,2024-04-01,44672.0,2234.0,Promotion
EMP10323,2025-04-01,50727.0,2536.0,Annual Revision
EMP10323,2026-04-01,53203.0,6384.0,Promotion
EMP10324,2019-04-01,31467.0,1573.0,Annual Revision
EMP10324,2020-04-01,31842.0,3821.0,Annual Revision
EMP10324,2021-04-01,35973.0,1079.0,Market Adjustment
EMP10324,2022-04-01,40087.0,1203.0,Annual Revision
EMP10324,2023-04-01,42626.0,2131.0,Market Adjustment
EMP10324,2024-04-01,48172.0,1445.0,Market Adjustment
EMP10324,2025-04-01,51228.0,6147.0,Promotion
EMP10324,2026-04-01,56519.0,4522.0,Market Adjustment
EMP10325,2023-04-01,70883.0,5671.0,Annual Revision
EMP10325,2024-04-01,78258.0,2348.0,Market Adjustment
EMP10325,2025-04-01,86999.0,6960.0,Annual Revision
EMP10325,2026-04-01,92721.0,2782.0,Promotion
EMP10326,2021-04-01,123663.0,6183.0,Promotion
EMP10326,2022-04-01,132568.0,3977.0,Promotion
EMP10326,2023-04-01,149280.0,7464.0,Promotion
EMP10326,2024-04-01,164112.0,13129.0,Market Adjustment
EMP10326,2025-04-01,176831.0,5305.0,No Change
EMP10326,2026-04-01,178645.0,8932.0,Annual Revision
EMP10327,2024-04-01,68841.0,3442.0,Annual Revision
EMP10327,2025-04-01,73846.0,5908.0,No Change
EMP10327,2026-04-01,82925.0,4146.0,Annual Revision
EMP10328,2024-04-01,42773.0,1283.0,Annual Revision
EMP10328,2025-04-01,46559.0,2328.0,Annual Revision
EMP10328,2026-04-01,51634.0,4131.0,Promotion
EMP10329,2026-04-01,31319.0,1566.0,Promotion
EMP10330,2024-04-01,41833.0,2092.0,Annual Revision
EMP10330,2025-04-01,47093.0,2355.0,Annual Revision
EMP10330,2026-04-01,48738.0,3899.0,Annual Revision
EMP10331,2022-04-01,63332.0,1900.0,Annual Revision
EMP10331,2023-04-01,69608.0,8353.0,No Change
EMP10331,2024-04-01,78580.0,3929.0,Promotion
EMP10331,2025-04-01,83099.0,9972.0,Market Adjustment
EMP10331,2026-04-01,87091.0,2613.0,Annual Revision
EMP10332,2023-04-01,44924.0,5391.0,Market Adjustment
EMP10332,2024-04-01,44621.0,1339.0,Annual Revision
EMP10332,2025-04-01,53434.0,2672.0,Annual Revision
EMP10332,2026-04-01,56196.0,1686.0,Market Adjustment
EMP10333,2019-04-01,126370.0,15164.0,Promotion
EMP10333,2020-04-01,139934.0,11195.0,Promotion
EMP10333,2021-04-01,135221.0,10818.0,Annual Revision
EMP10333,2022-04-01,152235.0,12179.0,Annual Revision
EMP10333,2023-04-01,187359.0,5621.0,Annual Revision
EMP10333,2024-04-01,202250.0,16180.0,Annual Revision
EMP10333,2025-04-01,218639.0,6559.0,Annual Revision
EMP10333,2026-04-01,223137.0,6694.0,Promotion
EMP10334,2023-04-01,33973.0,2718.0,No Change
EMP10334,2024-04-01,35604.0,1780.0,Annual Revision
EMP10334,2025-04-01,39591.0,1188.0,Annual Revision
EMP10334,2026-04-01,42029.0,1261.0,No Change
EMP10335,2021-04-01,47653.0,2383.0,No Change
EMP10335,2022-04-01,45752.0,1373.0,Market Adjustment
EMP10335,2023-04-01,52895.0,2645.0,Annual Revision
EMP10335,2024-04-01,61111.0,3056.0,Promotion
EMP10335,2025-04-01,67107.0,5369.0,Annual Revision
EMP10335,2026-04-01,65306.0,1959.0,Market Adjustment
EMP10336,2024-04-01,67713.0,5417.0,Annual Revision
EMP10336,2025-04-01,73531.0,2206.0,Annual Revision
EMP10336,2026-04-01,80213.0,6417.0,Market Adjustment
EMP10337,2025-04-01,66658.0,5333.0,Market Adjustment
EMP10337,2026-04-01,73202.0,3660.0,No Change
EMP10338,2021-04-01,70141.0,3507.0,Market Adjustment
EMP10338,2022-04-01,74322.0,3716.0,Promotion
EMP10338,2023-04-01,80044.0,4002.0,Annual Revision
EMP10338,2024-04-01,96613.0,4831.0,Annual Revision
EMP10338,2025-04-01,105918.0,5296.0,Annual Revision
EMP10338,2026-04-01,123809.0,9905.0,Annual Revision
EMP10339,2025-04-01,31847.0,1592.0,Annual Revision
EMP10339,2026-04-01,36212.0,1811.0,Market Adjustment
EMP10340,2021-04-01,30052.0,902.0,Annual Revision
EMP10340,2022-04-01,34219.0,1711.0,No Change
EMP10340,2023-04-01,38262.0,1148.0,Annual Revision
EMP10340,2024-04-01,45036.0,2252.0,No Change
EMP10340,2025-04-01,52294.0,4184.0,Annual Revision
EMP10340,2026-04-01,53862.0,4309.0,Annual Revision
EMP10341,2020-04-01,72806.0,3640.0,Market Adjustment
EMP10341,2021-04-01,76717.0,3836.0,Annual Revision
EMP10341,2022-04-01,80552.0,4028.0,Annual Revision
EMP10341,2023-04-01,92763.0,4638.0,Annual Revision
EMP10341,2024-04-01,97921.0,11750.0,Market Adjustment
EMP10341,2025-04-01,108196.0,12983.0,Annual Revision
EMP10341,2026-04-01,117892.0,5895.0,Annual Revision
EMP10342,2025-04-01,62862.0,1886.0,Annual Revision
EMP10342,2026-04-01,71304.0,8557.0,Annual Revision
EMP10343,2021-04-01,31853.0,1593.0,Promotion
EMP10343,2022-04-01,33088.0,993.0,Market Adjustment
EMP10343,2023-04-01,38567.0,1928.0,Annual Revision
EMP10343,2024-04-01,39927.0,1996.0,Annual Revision
EMP10343,2025-04-01,44347.0,3548.0,Market Adjustment
EMP10343,2026-04-01,47352.0,3788.0,Annual Revision
EMP10344,2023-04-01,69834.0,2095.0,Annual Revision
EMP10344,2024-04-01,74994.0,2250.0,Annual Revision
EMP10344,2025-04-01,81904.0,2457.0,Annual Revision
EMP10344,2026-04-01,94901.0,7592.0,Promotion
EMP10345,2021-04-01,46204.0,1386.0,Promotion
EMP10345,2022-04-01,52086.0,4167.0,Market Adjustment
EMP10345,2023-04-01,55033.0,1651.0,Promotion
EMP10345,2024-04-01,64387.0,3219.0,Promotion
EMP10345,2025-04-01,68563.0,2057.0,Annual Revision
EMP10345,2026-04-01,70267.0,3513.0,Promotion
EMP10346,2019-04-01,31134.0,1557.0,Market Adjustment
EMP10346,2020-04-01,35064.0,1753.0,Annual Revision
EMP10346,2021-04-01,35553.0,1778.0,Promotion
EMP10346,2022-04-01,41401.0,3312.0,Annual Revision
EMP10346,2023-04-01,51615.0,2581.0,Market Adjustment
EMP10346,2024-04-01,51290.0,1539.0,Annual Revision
EMP10346,2025-04-01,63423.0,5074.0,Promotion
EMP10346,2026-04-01,62361.0,3118.0,Promotion
EMP10347,2019-04-01,32495.0,2600.0,Annual Revision
EMP10347,2020-04-01,33511.0,1676.0,Market Adjustment
EMP10347,2021-04-01,36431.0,2914.0,Annual Revision
EMP10347,2022-04-01,37922.0,1896.0,Annual Revision
EMP10347,2023-04-01,43329.0,2166.0,Annual Revision
EMP10347,2024-04-01,49436.0,2472.0,No Change
EMP10347,2025-04-01,59507.0,4761.0,Annual Revision
EMP10347,2026-04-01,59908.0,7189.0,Market Adjustment
EMP10348,2025-04-01,126056.0,3782.0,No Change
EMP10348,2026-04-01,144977.0,11598.0,Annual Revision
EMP10349,2023-04-01,64461.0,5157.0,Promotion
EMP10349,2024-04-01,67536.0,5403.0,Market Adjustment
EMP10349,2025-04-01,74137.0,5931.0,Promotion
EMP10349,2026-04-01,81595.0,4080.0,Market Adjustment
EMP10350,2024-04-01,41702.0,1251.0,Annual Revision
EMP10350,2025-04-01,48488.0,5819.0,Annual Revision
EMP10350,2026-04-01,48983.0,3919.0,Annual Revision
EMP10351,2019-04-01,70038.0,2101.0,Annual Revision
EMP10351,2020-04-01,73565.0,2207.0,Annual Revision
EMP10351,2021-04-01,79631.0,6370.0,Annual Revision
EMP10351,2022-04-01,76916.0,6153.0,Promotion
EMP10351,2023-04-01,98664.0,7893.0,No Change
EMP10351,2024-04-01,111733.0,13408.0,No Change
EMP10351,2025-04-01,112692.0,9015.0,Annual Revision
EMP10351,2026-04-01,138152.0,6908.0,No Change
EMP10352,2024-04-01,96750.0,2903.0,No Change
EMP10352,2025-04-01,100149.0,5007.0,Annual Revision
EMP10352,2026-04-01,112678.0,5634.0,Annual Revision
EMP10353,2023-04-01,70632.0,3532.0,No Change
EMP10353,2024-04-01,76742.0,6139.0,Annual Revision
EMP10353,2025-04-01,80882.0,6471.0,No Change
EMP10353,2026-04-01,86244.0,2587.0,Market Adjustment
EMP10354,2026-04-01,45171.0,5420.0,Annual Revision
EMP10355,2021-04-01,64967.0,7796.0,Annual Revision
EMP10355,2022-04-01,68932.0,2068.0,Market Adjustment
EMP10355,2023-04-01,77480.0,6198.0,Market Adjustment
EMP10355,2024-04-01,93793.0,11255.0,Annual Revision
EMP10355,2025-04-01,96183.0,7695.0,Annual Revision
EMP10355,2026-04-01,113953.0,5698.0,Market Adjustment
EMP10356,2024-04-01,89435.0,4472.0,Market Adjustment
EMP10356,2025-04-01,104432.0,5222.0,Market Adjustment
EMP10356,2026-04-01,108008.0,3240.0,Annual Revision
EMP10357,2020-04-01,44546.0,1336.0,Annual Revision
EMP10357,2021-04-01,46742.0,5609.0,Annual Revision
EMP10357,2022-04-01,51116.0,2556.0,Annual Revision
EMP10357,2023-04-01,58997.0,2950.0,No Change
EMP10357,2024-04-01,65719.0,3286.0,Market Adjustment
EMP10357,2025-04-01,69843.0,2095.0,Market Adjustment
EMP10357,2026-04-01,73109.0,2193.0,Annual Revision
EMP10358,2023-04-01,62199.0,3110.0,Promotion
EMP10358,2024-04-01,70993.0,5679.0,Annual Revision
EMP10358,2025-04-01,75255.0,6020.0,Market Adjustment
EMP10358,2026-04-01,87205.0,6976.0,Annual Revision
EMP10359,2024-04-01,33624.0,1681.0,Promotion
EMP10359,2025-04-01,35880.0,1794.0,Annual Revision
EMP10359,2026-04-01,38591.0,1158.0,No Change
EMP10360,2020-04-01,30351.0,3642.0,Market Adjustment
EMP10360,2021-04-01,31519.0,1576.0,No Change
EMP10360,2022-04-01,35255.0,1058.0,Annual Revision
EMP10360,2023-04-01,41874.0,1256.0,Annual Revision
EMP10360,2024-04-01,44480.0,2224.0,Annual Revision
EMP10360,2025-04-01,50454.0,4036.0,Annual Revision
EMP10360,2026-04-01,53220.0,2661.0,Promotion
EMP10361,2020-04-01,39752.0,1988.0,No Change
EMP10361,2021-04-01,45456.0,2273.0,Annual Revision
EMP10361,2022-04-01,47142.0,2357.0,Annual Revision
EMP10361,2023-04-01,56992.0,4559.0,No Change
EMP10361,2024-04-01,66335.0,3317.0,Promotion
EMP10361,2025-04-01,69219.0,5538.0,No Change
EMP10361,2026-04-01,80533.0,2416.0,Market Adjustment
EMP10362,2020-04-01,42033.0,2102.0,Annual Revision
EMP10362,2021-04-01,48674.0,3894.0,Annual Revision
EMP10362,2022-04-01,48355.0,1451.0,Promotion
EMP10362,2023-04-01,50817.0,1524.0,Annual Revision
EMP10362,2024-04-01,63596.0,3180.0,Promotion
EMP10362,2025-04-01,69226.0,5538.0,No Change
EMP10362,2026-04-01,73540.0,5883.0,No Change
EMP10363,2024-04-01,30139.0,1507.0,Annual Revision
EMP10363,2025-04-01,34338.0,4121.0,Annual Revision
EMP10363,2026-04-01,36349.0,2908.0,Annual Revision
EMP10364,2026-04-01,45958.0,2298.0,Annual Revision
EMP10365,2024-04-01,69686.0,3484.0,Annual Revision
EMP10365,2025-04-01,76187.0,3809.0,Annual Revision
EMP10365,2026-04-01,79583.0,6367.0,Annual Revision
EMP10366,2021-04-01,45468.0,3637.0,Annual Revision
EMP10366,2022-04-01,49395.0,2470.0,Promotion
EMP10366,2023-04-01,56998.0,1710.0,Market Adjustment
EMP10366,2024-04-01,58969.0,4717.0,Annual Revision
EMP10366,2025-04-01,66300.0,3315.0,Annual Revision
EMP10366,2026-04-01,75383.0,2261.0,Annual Revision
EMP10367,2020-04-01,43006.0,5161.0,No Change
EMP10367,2021-04-01,43972.0,2199.0,Market Adjustment
EMP10367,2022-04-01,46423.0,1393.0,Annual Revision
EMP10367,2023-04-01,53281.0,4262.0,Promotion
EMP10367,2024-04-01,57028.0,2851.0,Promotion
EMP10367,2025-04-01,61675.0,4934.0,Annual Revision
EMP10367,2026-04-01,68916.0,2067.0,Market Adjustment
EMP10368,2019-04-01,32360.0,,Annual Revision
EMP10368,2020-04-01,33366.0,1001.0,Annual Revision
EMP10368,2021-04-01,36293.0,2903.0,Market Adjustment
EMP10368,2022-04-01,38690.0,3095.0,Annual Revision
EMP10368,2023-04-01,42813.0,5138.0,Promotion
EMP10368,2024-04-01,49517.0,5942.0,Annual Revision
EMP10368,2025-04-01,56574.0,2829.0,Market Adjustment
EMP10368,2026-04-01,56141.0,4491.0,Annual Revision
EMP10369,2025-04-01,69904.0,8389.0,Promotion
EMP10369,2026-04-01,77412.0,6193.0,Promotion
EMP10370,2021-04-01,86824.0,2605.0,Annual Revision
EMP10370,2022-04-01,101211.0,5061.0,Market Adjustment
EMP10370,2023-04-01,111892.0,3357.0,Annual Revision
EMP10370,2024-04-01,119857.0,9589.0,Annual Revision
EMP10370,2025-04-01,135135.0,10811.0,Annual Revision
EMP10370,2026-04-01,152235.0,7612.0,Promotion
EMP10371,2022-04-01,44674.0,5361.0,Promotion
EMP10371,2023-04-01,51641.0,1549.0,Annual Revision
EMP10371,2024-04-01,53751.0,2688.0,Annual Revision
EMP10371,2025-04-01,56681.0,4534.0,Market Adjustment
EMP10371,2026-04-01,59593.0,4767.0,No Change
EMP10372,2025-04-01,46945.0,2347.0,Annual Revision
EMP10372,2026-04-01,50058.0,4005.0,Promotion
EMP10373,2019-04-01,42664.0,3413.0,Annual Revision
EMP10373,2020-04-01,47839.0,2392.0,Market Adjustment
EMP10373,2021-04-01,50015.0,1500.0,No Change
EMP10373,2022-04-01,52232.0,1567.0,Annual Revision
EMP10373,2023-04-01,61778.0,3089.0,Annual Revision
EMP10373,2024-04-01,69082.0,8290.0,Market Adjustment
EMP10373,2025-04-01,77571.0,3879.0,Annual Revision
EMP10373,2026-04-01,82414.0,6593.0,Market Adjustment
EMP10374,2025-04-01,67039.0,2011.0,Market Adjustment
EMP10374,2026-04-01,72354.0,2171.0,Annual Revision
EMP10375,2024-04-01,95799.0,11496.0,Annual Revision
EMP10375,2025-04-01,98257.0,4913.0,Market Adjustment
EMP10375,2026-04-01,106871.0,3206.0,No Change
EMP10376,2024-04-01,31343.0,940.0,Market Adjustment
EMP10376,2025-04-01,34808.0,1044.0,Annual Revision
EMP10376,2026-04-01,37908.0,4549.0,Market Adjustment
EMP10377,2023-04-01,32880.0,986.0,Market Adjustment
EMP10377,2024-04-01,35975.0,1079.0,Market Adjustment
EMP10377,2025-04-01,43133.0,2157.0,Promotion
EMP10377,2026-04-01,44069.0,2203.0,No Change
EMP10378,2023-04-01,122816.0,3684.0,Annual Revision
EMP10378,2024-04-01,135009.0,6750.0,Annual Revision
EMP10378,2025-04-01,139080.0,6954.0,No Change
EMP10378,2026-04-01,166793.0,13343.0,Promotion
EMP10379,2025-04-01,68933.0,3447.0,No Change
EMP10379,2026-04-01,71954.0,8634.0,Annual Revision
EMP10380,2023-04-01,62423.0,3121.0,Annual Revision
EMP10380,2024-04-01,68404.0,5472.0,Annual Revision
EMP10380,2025-04-01,82507.0,4125.0,Promotion
EMP10380,2026-04-01,82354.0,2471.0,Market Adjustment
EMP10381,2022-04-01,127575.0,6379.0,Annual Revision
EMP10381,2023-04-01,135426.0,4063.0,Annual Revision
EMP10381,2024-04-01,148017.0,7401.0,Promotion
EMP10381,2025-04-01,151035.0,12083.0,Promotion
EMP10381,2026-04-01,161805.0,4854.0,Annual Revision
EMP10382,2023-04-01,45527.0,3642.0,Promotion
EMP10382,2024-04-01,48465.0,5816.0,Promotion
EMP10382,2025-04-01,58300.0,4664.0,Annual Revision
EMP10382,2026-04-01,59690.0,1791.0,Promotion
EMP10383,2023-04-01,69118.0,2074.0,Annual Revision
EMP10383,2024-04-01,67301.0,3365.0,Annual Revision
EMP10383,2025-04-01,79996.0,9600.0,Annual Revision
EMP10383,2026-04-01,93076.0,4654.0,Annual Revision
EMP10384,2020-04-01,122701.0,9816.0,Annual Revision
EMP10384,2021-04-01,141955.0,11356.0,Annual Revision
EMP10384,2022-04-01,156246.0,4687.0,No Change
EMP10384,2023-04-01,160368.0,4811.0,No Change
EMP10384,2024-04-01,172906.0,8645.0,Market Adjustment
EMP10384,2025-04-01,201619.0,24194.0,No Change
EMP10384,2026-04-01,207159.0,16573.0,Annual Revision
EMP10385,2019-04-01,72074.0,3604.0,Annual Revision
EMP10385,2020-04-01,74496.0,5960.0,Annual Revision
EMP10385,2021-04-01,80244.0,4012.0,No Change
EMP10385,2022-04-01,82982.0,4149.0,Annual Revision
EMP10385,2023-04-01,100156.0,3005.0,Annual Revision
EMP10385,2024-04-01,98893.0,7911.0,Promotion
EMP10385,2025-04-01,113903.0,13668.0,Promotion
EMP10385,2026-04-01,129658.0,10373.0,No Change
EMP10386,2024-04-01,93163.0,,Annual Revision
EMP10386,2025-04-01,94776.0,2843.0,Market Adjustment
EMP10386,2026-04-01,100632.0,8051.0,Annual Revision
EMP10387,2026-04-01,90075.0,10809.0,Annual Revision
EMP10388,2024-04-01,89656.0,7173.0,Market Adjustment
EMP10388,2025-04-01,104118.0,5206.0,Annual Revision
EMP10388,2026-04-01,104736.0,5237.0,Annual Revision
EMP10389,2023-04-01,31214.0,1561.0,Annual Revision
EMP10389,2024-04-01,36074.0,1804.0,No Change
EMP10389,2025-04-01,37941.0,1897.0,Market Adjustment
EMP10389,2026-04-01,40250.0,3220.0,Annual Revision
EMP10390,2020-04-01,88010.0,4400.0,Annual Revision
EMP10390,2021-04-01,96811.0,7745.0,Annual Revision
EMP10390,2022-04-01,104127.0,5206.0,Market Adjustment
EMP10390,2023-04-01,113465.0,5673.0,Promotion
EMP10390,2024-04-01,131802.0,10544.0,Annual Revision
EMP10390,2025-04-01,145317.0,17438.0,Promotion
EMP10390,2026-04-01,147254.0,11780.0,Annual Revision
EMP10391,2026-04-01,70981.0,2129.0,Market Adjustment
EMP10392,2025-04-01,40375.0,3230.0,Promotion
EMP10392,2026-04-01,49047.0,1471.0,Annual Revision
EMP10393,2020-04-01,69812.0,3491.0,Annual Revision
EMP10393,2021-04-01,74015.0,2220.0,Annual Revision
EMP10393,2022-04-01,79245.0,3962.0,No Change
EMP10393,2023-04-01,87300.0,4365.0,Annual Revision
EMP10393,2024-04-01,103000.0,8240.0,Promotion
EMP10393,2025-04-01,101823.0,3055.0,Annual Revision
EMP10393,2026-04-01,122508.0,9801.0,Annual Revision
EMP10394,2021-04-01,127607.0,3828.0,Market Adjustment
EMP10394,2022-04-01,140089.0,4203.0,Annual Revision
EMP10394,2023-04-01,145875.0,7294.0,Promotion
EMP10394,2024-04-01,153664.0,18440.0,Annual Revision
EMP10394,2025-04-01,181682.0,9084.0,Market Adjustment
EMP10394,2026-04-01,189797.0,5694.0,Market Adjustment
EMP10395,2026-04-01,33016.0,990.0,Promotion
EMP10396,2019-04-01,66658.0,5333.0,No Change
EMP10396,2020-04-01,67699.0,3385.0,Annual Revision
EMP10396,2021-04-01,70582.0,5647.0,Market Adjustment
EMP10396,2022-04-01,76814.0,3841.0,Annual Revision
EMP10396,2023-04-01,90518.0,4526.0,Promotion
EMP10396,2024-04-01,100435.0,8035.0,Annual Revision
EMP10396,2025-04-01,108202.0,8656.0,Promotion
EMP10396,2026-04-01,114134.0,9131.0,Annual Revision
EMP10397,2020-04-01,117427.0,9394.0,Promotion
EMP10397,2021-04-01,135915.0,4077.0,Annual Revision
EMP10397,2022-04-01,145678.0,4370.0,Annual Revision
EMP10397,2023-04-01,165416.0,8271.0,Market Adjustment
EMP10397,2024-04-01,171470.0,20576.0,No Change
EMP10397,2025-04-01,185278.0,9264.0,Market Adjustment
EMP10397,2026-04-01,198271.0,15862.0,Annual Revision
EMP10398,2025-04-01,69097.0,8292.0,Annual Revision
EMP10398,2026-04-01,77385.0,3869.0,Market Adjustment
EMP10399,2019-04-01,68432.0,3422.0,Annual Revision
EMP10399,2020-04-01,71154.0,5692.0,Market Adjustment
EMP10399,2021-04-01,82234.0,4112.0,Annual Revision
EMP10399,2022-04-01,79977.0,9597.0,Promotion
EMP10399,2023-04-01,95622.0,2869.0,Annual Revision
EMP10399,2024-04-01,107340.0,5367.0,Annual Revision
EMP10399,2025-04-01,112744.0,13529.0,Promotion
EMP10399,2026-04-01,123493.0,14819.0,No Change
EMP10400,2019-04-01,43300.0,3464.0,Annual Revision
EMP10400,2020-04-01,46749.0,2337.0,Annual Revision
EMP10400,2021-04-01,50369.0,2518.0,Annual Revision
EMP10400,2022-04-01,52915.0,6350.0,Market Adjustment
EMP10400,2023-04-01,67403.0,8088.0,Annual Revision
EMP10400,2024-04-01,70262.0,3513.0,Market Adjustment
EMP10400,2025-04-01,80064.0,9608.0,Annual Revision
EMP10400,2026-04-01,87419.0,4371.0,Promotion
EMP10401,2023-04-01,69098.0,3455.0,Annual Revision
EMP10401,2024-04-01,80870.0,4043.0,Market Adjustment
EMP10401,2025-04-01,84439.0,4222.0,Annual Revision
EMP10401,2026-04-01,99553.0,7964.0,Market Adjustment
EMP10402,2021-04-01,129309.0,10345.0,No Change
EMP10402,2022-04-01,128616.0,10289.0,Promotion
EMP10402,2023-04-01,151277.0,7564.0,Promotion
EMP10402,2024-04-01,161103.0,19332.0,Promotion
EMP10402,2025-04-01,175588.0,14047.0,Annual Revision
EMP10402,2026-04-01,187866.0,15029.0,Market Adjustment
EMP10403,2020-04-01,62410.0,1872.0,Market Adjustment
EMP10403,2021-04-01,68775.0,5502.0,Annual Revision
EMP10403,2022-04-01,71571.0,5726.0,Market Adjustment
EMP10403,2023-04-01,86079.0,6886.0,Annual Revision
EMP10403,2024-04-01,95505.0,7640.0,No Change
EMP10403,2025-04-01,101638.0,5082.0,No Change
EMP10403,2026-04-01,108103.0,8648.0,No Change
EMP10404,2020-04-01,63680.0,3184.0,Market Adjustment
EMP10404,2021-04-01,72879.0,8746.0,Annual Revision
EMP10404,2022-04-01,76093.0,2283.0,Annual Revision
EMP10404,2023-04-01,83234.0,4162.0,Annual Revision
EMP10404,2024-04-01,94584.0,11350.0,Promotion
EMP10404,2025-04-01,97171.0,4859.0,Annual Revision
EMP10404,2026-04-01,106886.0,3207.0,Market Adjustment
EMP10405,2019-04-01,42782.0,1283.0,Annual Revision
EMP10405,2020-04-01,45149.0,3612.0,Annual Revision
EMP10405,2021-04-01,46685.0,5602.0,Market Adjustment
EMP10405,2022-04-01,51283.0,2564.0,Market Adjustment
EMP10405,2023-04-01,59661.0,2983.0,Annual Revision
EMP10405,2024-04-01,61704.0,1851.0,No Change
EMP10405,2025-04-01,75281.0,3764.0,No Change
EMP10405,2026-04-01,78990.0,3950.0,Annual Revision
EMP10406,2020-04-01,64141.0,5131.0,Annual Revision
EMP10406,2021-04-01,67392.0,2022.0,Market Adjustment
EMP10406,2022-04-01,74670.0,3733.0,Annual Revision
EMP10406,2023-04-01,84991.0,6799.0,Promotion
EMP10406,2024-04-01,92187.0,2766.0,Annual Revision
EMP10406,2025-04-01,99699.0,2991.0,Market Adjustment
EMP10406,2026-04-01,108766.0,5438.0,No Change
EMP10407,2025-04-01,65892.0,1977.0,Annual Revision
EMP10407,2026-04-01,72188.0,2166.0,No Change
EMP10408,2026-04-01,135087.0,10807.0,Promotion
EMP10409,2022-04-01,41351.0,2068.0,Promotion
EMP10409,2023-04-01,46969.0,1409.0,Promotion
EMP10409,2024-04-01,47689.0,3815.0,Promotion
EMP10409,2025-04-01,56029.0,1681.0,Promotion
EMP10409,2026-04-01,60043.0,3002.0,Annual Revision
EMP10410,2025-04-01,88467.0,4423.0,Market Adjustment
EMP10410,2026-04-01,100011.0,5001.0,Annual Revision
EMP10411,2022-04-01,41818.0,2091.0,Market Adjustment
EMP10411,2023-04-01,46523.0,2326.0,Annual Revision
EMP10411,2024-04-01,52872.0,2644.0,Promotion
EMP10411,2025-04-01,56198.0,6744.0,Annual Revision
EMP10411,2026-04-01,65175.0,1955.0,Market Adjustment
EMP10412,2022-04-01,68100.0,3405.0,No Change
EMP10412,2023-04-01,72640.0,5811.0,No Change
EMP10412,2024-04-01,74311.0,5945.0,Annual Revision
EMP10412,2025-04-01,84240.0,6739.0,Annual Revision
EMP10412,2026-04-01,93616.0,4681.0,Annual Revision
EMP10413,2025-04-01,45345.0,1360.0,Annual Revision
EMP10413,2026-04-01,52474.0,4198.0,Annual Revision
EMP10414,2022-04-01,30988.0,2479.0,Annual Revision
EMP10414,2023-04-01,34001.0,1700.0,Annual Revision
EMP10414,2024-04-01,39969.0,1199.0,No Change
EMP10414,2025-04-01,41434.0,3315.0,Annual Revision
EMP10414,2026-04-01,45031.0,2252.0,Annual Revision
EMP10415,2020-04-01,71300.0,3565.0,Annual Revision
EMP10415,2021-04-01,71839.0,5747.0,Annual Revision
EMP10415,2022-04-01,80305.0,6424.0,Promotion
EMP10415,2023-04-01,90340.0,4517.0,Annual Revision
EMP10415,2024-04-01,100765.0,5038.0,No Change
EMP10415,2025-04-01,113275.0,9062.0,Annual Revision
EMP10415,2026-04-01,117080.0,3512.0,Annual Revision
EMP10416,2023-04-01,90951.0,4548.0,Annual Revision
EMP10416,2024-04-01,94811.0,4741.0,Annual Revision
EMP10416,2025-04-01,117776.0,9422.0,Annual Revision
EMP10416,2026-04-01,123106.0,6155.0,Market Adjustment
EMP10417,2022-04-01,32890.0,2631.0,Annual Revision
EMP10417,2023-04-01,33467.0,1004.0,Market Adjustment
EMP10417,2024-04-01,35438.0,1772.0,Market Adjustment
EMP10417,2025-04-01,41358.0,3309.0,No Change
EMP10417,2026-04-01,45683.0,3655.0,Market Adjustment
EMP10418,2020-04-01,43327.0,2166.0,Annual Revision
EMP10418,2021-04-01,47857.0,3829.0,No Change
EMP10418,2022-04-01,51554.0,4124.0,Market Adjustment
EMP10418,2023-04-01,57971.0,1739.0,Annual Revision
EMP10418,2024-04-01,60938.0,7313.0,Promotion
EMP10418,2025-04-01,70197.0,3510.0,Market Adjustment
EMP10418,2026-04-01,75508.0,9061.0,Annual Revision
EMP10419,2020-04-01,119028.0,9522.0,Promotion
EMP10419,2021-04-01,137655.0,4130.0,Promotion
EMP10419,2022-04-01,143374.0,4301.0,Annual Revision
EMP10419,2023-04-01,161261.0,4838.0,Annual Revision
EMP10419,2024-04-01,174197.0,5226.0,Annual Revision
EMP10419,2025-04-01,194371.0,9719.0,Annual Revision
EMP10419,2026-04-01,205224.0,6157.0,Annual Revision
EMP10420,2024-04-01,31841.0,2547.0,Market Adjustment
EMP10420,2025-04-01,33898.0,1695.0,Market Adjustment
EMP10420,2026-04-01,37436.0,1123.0,Annual Revision
EMP10421,2026-04-01,65140.0,3257.0,Annual Revision
EMP10422,2021-04-01,84235.0,4212.0,Annual Revision
EMP10422,2022-04-01,104220.0,5211.0,Annual Revision
EMP10422,2023-04-01,101530.0,3046.0,Annual Revision
EMP10422,2024-04-01,107960.0,3239.0,No Change
EMP10422,2025-04-01,123471.0,6174.0,Annual Revision
EMP10422,2026-04-01,141074.0,7054.0,Promotion
EMP10423,2020-04-01,123769.0,14852.0,No Change
EMP10423,2021-04-01,131635.0,10531.0,Annual Revision
EMP10423,2022-04-01,147188.0,11775.0,Annual Revision
EMP10423,2023-04-01,166233.0,4987.0,Annual Revision
EMP10423,2024-04-01,175909.0,5277.0,Annual Revision
EMP10423,2025-04-01,193398.0,15472.0,Market Adjustment
EMP10423,2026-04-01,224376.0,11219.0,Annual Revision
EMP10424,2026-04-01,33900.0,4068.0,Annual Revision
EMP10425,2019-04-01,30807.0,2465.0,Annual Revision
EMP10425,2020-04-01,36065.0,1803.0,Annual Revision
EMP10425,2021-04-01,36577.0,4389.0,Annual Revision
EMP10425,2022-04-01,38507.0,1925.0,Market Adjustment
EMP10425,2023-04-01,46981.0,1409.0,Annual Revision
EMP10425,2024-04-01,50928.0,6111.0,Annual Revision
EMP10425,2025-04-01,54269.0,6512.0,Market Adjustment
EMP10425,2026-04-01,58440.0,2922.0,Annual Revision
EMP10426,2019-04-01,66204.0,1986.0,Annual Revision
EMP10426,2020-04-01,67979.0,5438.0,Annual Revision
EMP10426,2021-04-01,72852.0,5828.0,Market Adjustment
EMP10426,2022-04-01,81900.0,6552.0,Market Adjustment
EMP10426,2023-04-01,98159.0,7853.0,Annual Revision
EMP10426,2024-04-01,104567.0,3137.0,Market Adjustment
EMP10426,2025-04-01,123628.0,9890.0,Annual Revision
EMP10426,2026-04-01,136308.0,4089.0,Annual Revision
EMP10427,2023-04-01,90942.0,10913.0,Annual Revision
EMP10427,2024-04-01,96136.0,2884.0,Annual Revision
EMP10427,2025-04-01,111069.0,8886.0,Annual Revision
EMP10427,2026-04-01,120147.0,6007.0,Annual Revision
EMP10428,2023-04-01,63595.0,5088.0,Annual Revision
EMP10428,2024-04-01,68013.0,2040.0,Market Adjustment
EMP10428,2025-04-01,73369.0,3668.0,Annual Revision
EMP10428,2026-04-01,87485.0,4374.0,Annual Revision
EMP10429,2022-04-01,89624.0,7170.0,Annual Revision
EMP10429,2023-04-01,102358.0,8189.0,Annual Revision
EMP10429,2024-04-01,105400.0,5270.0,Annual Revision
EMP10429,2025-04-01,124420.0,6221.0,Annual Revision
EMP10429,2026-04-01,141157.0,11293.0,Annual Revision
EMP10430,2025-04-01,41842.0,2092.0,Annual Revision
EMP10430,2026-04-01,44289.0,1329.0,Annual Revision
EMP10431,2019-04-01,40942.0,1228.0,Market Adjustment
EMP10431,2020-04-01,42664.0,3413.0,Annual Revision
EMP10431,2021-04-01,48395.0,2420.0,Annual Revision
EMP10431,2022-04-01,49317.0,2466.0,Annual Revision
EMP10431,2023-04-01,59577.0,7149.0,Promotion
EMP10431,2024-04-01,68110.0,2043.0,Market Adjustment
EMP10431,2025-04-01,70176.0,5614.0,Promotion
EMP10431,2026-04-01,73444.0,2203.0,Promotion
EMP10432,2022-04-01,42881.0,3430.0,Market Adjustment
EMP10432,2023-04-01,44942.0,2247.0,Annual Revision
EMP10432,2024-04-01,47422.0,5691.0,Annual Revision
EMP10432,2025-04-01,54745.0,1642.0,Annual Revision
EMP10432,2026-04-01,59356.0,2968.0,Annual Revision
EMP10433,2025-04-01,71314.0,5705.0,Promotion
EMP10433,2026-04-01,67876.0,3394.0,No Change
EMP10434,2025-04-01,91332.0,4567.0,Promotion
EMP10434,2026-04-01,90820.0,7266.0,Annual Revision
EMP10435,2020-04-01,43348.0,5202.0,Promotion
EMP10435,2021-04-01,45694.0,1371.0,No Change
EMP10435,2022-04-01,45760.0,1373.0,Annual Revision
EMP10435,2023-04-01,54196.0,2710.0,Annual Revision
EMP10435,2024-04-01,61404.0,4912.0,Annual Revision
EMP10435,2025-04-01,66008.0,1980.0,Annual Revision
EMP10435,2026-04-01,71239.0,5699.0,No Change
EMP10436,2025-04-01,41307.0,2065.0,Promotion
EMP10436,2026-04-01,47498.0,1425.0,Annual Revision
EMP10437,2021-04-01,31917.0,1596.0,Promotion
EMP10437,2022-04-01,34389.0,1719.0,No Change
EMP10437,2023-04-01,38833.0,4660.0,No Change
EMP10437,2024-04-01,43363.0,3469.0,No Change
EMP10437,2025-04-01,47180.0,2359.0,Annual Revision
EMP10437,2026-04-01,54092.0,4327.0,Annual Revision
EMP10438,2021-04-01,69323.0,3466.0,Annual Revision
EMP10438,2022-04-01,74551.0,5964.0,Market Adjustment
EMP10438,2023-04-01,85306.0,10237.0,Annual Revision
EMP10438,2024-04-01,94995.0,4750.0,Promotion
EMP10438,2025-04-01,103692.0,3111.0,Market Adjustment
EMP10438,2026-04-01,110645.0,5532.0,Market Adjustment
EMP10439,2024-04-01,42582.0,5110.0,Annual Revision
EMP10439,2025-04-01,47104.0,1413.0,No Change
EMP10439,2026-04-01,49957.0,1499.0,Annual Revision
EMP10440,2020-04-01,33095.0,1655.0,Annual Revision
EMP10440,2021-04-01,34301.0,1029.0,Annual Revision
EMP10440,2022-04-01,33789.0,2703.0,Promotion
EMP10440,2023-04-01,41670.0,3334.0,No Change
EMP10440,2024-04-01,45997.0,3680.0,Promotion
EMP10440,2025-04-01,49937.0,5992.0,Annual Revision
EMP10440,2026-04-01,56062.0,1682.0,Annual Revision
EMP10441,2021-04-01,29772.0,2382.0,No Change
EMP10441,2022-04-01,33566.0,1678.0,No Change
EMP10441,2023-04-01,36807.0,1840.0,Annual Revision
EMP10441,2024-04-01,41190.0,2060.0,Annual Revision
EMP10441,2025-04-01,44136.0,2207.0,Annual Revision
EMP10441,2026-04-01,48546.0,2427.0,Market Adjustment
EMP10442,2026-04-01,30892.0,1545.0,Market Adjustment
EMP10443,2019-04-01,30995.0,1550.0,No Change
EMP10443,2020-04-01,33268.0,2661.0,Promotion
EMP10443,2021-04-01,35343.0,1060.0,Annual Revision
EMP10443,2022-04-01,39919.0,3194.0,Annual Revision
EMP10443,2023-04-01,49180.0,1475.0,Market Adjustment
EMP10443,2024-04-01,55425.0,6651.0,Annual Revision
EMP10443,2025-04-01,61961.0,1859.0,Annual Revision
EMP10443,2026-04-01,67953.0,2039.0,Annual Revision
EMP10444,2023-04-01,32620.0,3914.0,Annual Revision
EMP10444,2024-04-01,33843.0,1692.0,No Change
EMP10444,2025-04-01,40492.0,1215.0,Annual Revision
EMP10444,2026-04-01,44520.0,1336.0,Annual Revision
EMP10445,2023-04-01,42420.0,1273.0,Promotion
EMP10445,2024-04-01,45641.0,1369.0,Annual Revision
EMP10445,2025-04-01,51844.0,1555.0,Promotion
EMP10445,2026-04-01,51944.0,1558.0,Annual Revision
EMP10446,2026-04-01,41899.0,2095.0,No Change
EMP10447,2019-04-01,124884.0,9991.0,Market Adjustment
EMP10447,2020-04-01,126718.0,10137.0,Market Adjustment
EMP10447,2021-04-01,137974.0,6899.0,Market Adjustment
EMP10447,2022-04-01,149076.0,4472.0,Market Adjustment
EMP10447,2023-04-01,170331.0,5110.0,Promotion
EMP10447,2024-04-01,191141.0,5734.0,Annual Revision
EMP10447,2025-04-01,217409.0,10870.0,Promotion
EMP10447,2026-04-01,236021.0,11801.0,Annual Revision
EMP10448,2025-04-01,45352.0,2268.0,Annual Revision
EMP10448,2026-04-01,50251.0,2513.0,Promotion
EMP10449,2020-04-01,30595.0,2448.0,Market Adjustment
EMP10449,2021-04-01,35570.0,2846.0,Market Adjustment
EMP10449,2022-04-01,37139.0,1114.0,Market Adjustment
EMP10449,2023-04-01,45629.0,2281.0,Annual Revision
EMP10449,2024-04-01,49980.0,1499.0,No Change
EMP10449,2025-04-01,53562.0,4285.0,Promotion
EMP10449,2026-04-01,55741.0,4459.0,Promotion
EMP10450,2023-04-01,47157.0,1415.0,No Change
EMP10450,2024-04-01,47638.0,3811.0,Annual Revision
EMP10450,2025-04-01,51983.0,2599.0,Promotion
EMP10450,2026-04-01,56117.0,4489.0,Annual Revision
EMP10451,2024-04-01,117962.0,14155.0,Annual Revision
EMP10451,2025-04-01,131573.0,6579.0,Annual Revision
EMP10451,2026-04-01,157652.0,4730.0,Market Adjustment
EMP10452,2024-04-01,63073.0,1892.0,Market Adjustment
EMP10452,2025-04-01,69158.0,5533.0,Annual Revision
EMP10452,2026-04-01,80372.0,6430.0,Annual Revision
EMP10453,2025-04-01,61850.0,3093.0,Market Adjustment
EMP10453,2026-04-01,71052.0,5684.0,Annual Revision
EMP10454,2025-04-01,71434.0,5715.0,Market Adjustment
EMP10454,2026-04-01,79675.0,9561.0,Annual Revision
EMP10455,2025-04-01,42065.0,2103.0,Promotion
EMP10455,2026-04-01,43600.0,2180.0,No Change
EMP10456,2023-04-01,128919.0,6446.0,Annual Revision
EMP10456,2024-04-01,138536.0,16624.0,Promotion
EMP10456,2025-04-01,144131.0,7207.0,Market Adjustment
EMP10456,2026-04-01,150677.0,7534.0,Market Adjustment
EMP10457,2023-04-01,45034.0,2252.0,Market Adjustment
EMP10457,2024-04-01,51470.0,6176.0,Annual Revision
EMP10457,2025-04-01,53641.0,1609.0,Annual Revision
EMP10457,2026-04-01,58355.0,4668.0,Annual Revision
EMP10458,2025-04-01,44706.0,3576.0,Annual Revision
EMP10458,2026-04-01,51822.0,6219.0,Annual Revision
EMP10459,2024-04-01,68421.0,3421.0,Promotion
EMP10459,2025-04-01,70673.0,3534.0,Annual Revision
EMP10459,2026-04-01,81122.0,4056.0,Promotion
EMP10460,2024-04-01,43989.0,2199.0,Market Adjustment
EMP10460,2025-04-01,48804.0,3904.0,Market Adjustment
EMP10460,2026-04-01,56169.0,4494.0,Market Adjustment
EMP10461,2022-04-01,64686.0,3234.0,Promotion
EMP10461,2023-04-01,73099.0,5848.0,Promotion
EMP10461,2024-04-01,82663.0,4133.0,Market Adjustment
EMP10461,2025-04-01,83649.0,4182.0,Market Adjustment
EMP10461,2026-04-01,100149.0,5007.0,Promotion
EMP10462,2025-04-01,117524.0,5876.0,Promotion
EMP10462,2026-04-01,141048.0,4231.0,Annual Revision
EMP10463,2023-04-01,31217.0,2497.0,Promotion
EMP10463,2024-04-01,34098.0,1023.0,Market Adjustment
EMP10463,2025-04-01,38237.0,4588.0,Annual Revision
EMP10463,2026-04-01,44022.0,5283.0,Annual Revision
EMP10464,2025-04-01,68365.0,5469.0,Annual Revision
EMP10464,2026-04-01,80732.0,6459.0,Promotion
EMP10465,2026-04-01,43371.0,2169.0,Annual Revision
EMP10466,2025-04-01,46327.0,1390.0,Annual Revision
EMP10466,2026-04-01,51064.0,2553.0,No Change
EMP10467,2025-04-01,86796.0,4340.0,Annual Revision
EMP10467,2026-04-01,97582.0,11710.0,Promotion
EMP10468,2025-04-01,67804.0,5424.0,Annual Revision
EMP10468,2026-04-01,79843.0,2395.0,Annual Revision
EMP10469,2024-04-01,40912.0,3273.0,Annual Revision
EMP10469,2025-04-01,47198.0,2360.0,Annual Revision
EMP10469,2026-04-01,49559.0,3965.0,No Change
EMP10470,2023-04-01,65211.0,3261.0,Annual Revision
EMP10470,2024-04-01,65333.0,3267.0,Promotion
EMP10470,2025-04-01,78442.0,3922.0,Market Adjustment
EMP10470,2026-04-01,83580.0,4179.0,Promotion
EMP10471,2024-04-01,33663.0,2693.0,Annual Revision
EMP10471,2025-04-01,33902.0,2712.0,Annual Revision
EMP10471,2026-04-01,38440.0,3075.0,Promotion
EMP10472,2021-04-01,47837.0,2392.0,Annual Revision
EMP10472,2022-04-01,47994.0,1440.0,Annual Revision
EMP10472,2023-04-01,55886.0,2794.0,Annual Revision
EMP10472,2024-04-01,59054.0,2953.0,Annual Revision
EMP10472,2025-04-01,67621.0,5410.0,No Change
EMP10472,2026-04-01,77741.0,3887.0,Promotion
EMP10473,2023-04-01,70380.0,5630.0,Annual Revision
EMP10473,2024-04-01,76114.0,3806.0,Annual Revision
EMP10473,2025-04-01,80214.0,6417.0,Annual Revision
EMP10473,2026-04-01,91275.0,7302.0,Annual Revision
EMP10474,2022-04-01,42130.0,3370.0,Annual Revision
EMP10474,2023-04-01,47306.0,1419.0,Market Adjustment
EMP10474,2024-04-01,49517.0,1486.0,Annual Revision
EMP10474,2025-04-01,55501.0,4440.0,Annual Revision
EMP10474,2026-04-01,61761.0,4941.0,Annual Revision
EMP10475,2026-04-01,31859.0,956.0,Annual Revision
EMP10476,2020-04-01,44865.0,3589.0,Annual Revision
EMP10476,2021-04-01,47221.0,1417.0,Market Adjustment
EMP10476,2022-04-01,53773.0,1613.0,No Change
EMP10476,2023-04-01,57003.0,1710.0,Annual Revision
EMP10476,2024-04-01,61536.0,4923.0,Annual Revision
EMP10476,2025-04-01,66160.0,7939.0,Market Adjustment
EMP10476,2026-04-01,71215.0,2136.0,Market Adjustment
EMP10477,2020-04-01,32644.0,2612.0,Promotion
EMP10477,2021-04-01,34554.0,1037.0,Annual Revision
EMP10477,2022-04-01,36948.0,1847.0,Promotion
EMP10477,2023-04-01,41908.0,1257.0,Annual Revision
EMP10477,2024-04-01,45690.0,3655.0,Annual Revision
EMP10477,2025-04-01,50978.0,6117.0,Annual Revision
EMP10477,2026-04-01,57072.0,1712.0,Annual Revision
EMP10478,2025-04-01,64652.0,7758.0,Annual Revision
EMP10478,2026-04-01,70786.0,3539.0,Market Adjustment
EMP10479,2025-04-01,43467.0,2173.0,No Change
EMP10479,2026-04-01,43366.0,1301.0,Market Adjustment
EMP10480,2024-04-01,73251.0,2198.0,Annual Revision
EMP10480,2025-04-01,77706.0,3885.0,Market Adjustment
EMP10480,2026-04-01,84063.0,6725.0,No Change
EMP10481,2023-04-01,42055.0,3364.0,Annual Revision
EMP10481,2024-04-01,45743.0,1372.0,Annual Revision
EMP10481,2025-04-01,46353.0,1391.0,Market Adjustment
EMP10481,2026-04-01,53696.0,2685.0,Annual Revision
EMP10482,2021-04-01,70549.0,3527.0,No Change
EMP10482,2022-04-01,73924.0,2218.0,Annual Revision
EMP10482,2023-04-01,86779.0,4339.0,Annual Revision
EMP10482,2024-04-01,90019.0,7202.0,Annual Revision
EMP10482,2025-04-01,99271.0,4964.0,Annual Revision
EMP10482,2026-04-01,110858.0,5543.0,Annual Revision
EMP10483,2023-04-01,42019.0,3362.0,Annual Revision
EMP10483,2024-04-01,45675.0,2284.0,Annual Revision
EMP10483,2025-04-01,48237.0,1447.0,Annual Revision
EMP10483,2026-04-01,53428.0,2671.0,Annual Revision
EMP10484,2023-04-01,69992.0,5599.0,Promotion
EMP10484,2024-04-01,76168.0,2285.0,Promotion
EMP10484,2025-04-01,81680.0,6534.0,Promotion
EMP10484,2026-04-01,86252.0,4313.0,Annual Revision
EMP10485,2025-04-01,71549.0,5724.0,Annual Revision
EMP10485,2026-04-01,78452.0,6276.0,Annual Revision
EMP10486,2020-04-01,67284.0,3364.0,Annual Revision
EMP10486,2021-04-01,69750.0,2092.0,Market Adjustment
EMP10486,2022-04-01,72475.0,2174.0,Annual Revision
EMP10486,2023-04-01,89297.0,4465.0,Annual Revision
EMP10486,2024-04-01,93101.0,4655.0,No Change
EMP10486,2025-04-01,117176.0,3515.0,Promotion
EMP10486,2026-04-01,118250.0,9460.0,Annual Revision
EMP10487,2024-04-01,32667.0,2613.0,Annual Revision
EMP10487,2025-04-01,36144.0,1807.0,Annual Revision
EMP10487,2026-04-01,36793.0,2943.0,Annual Revision
EMP10488,2022-04-01,33829.0,1015.0,Annual Revision
EMP10488,2023-04-01,33857.0,1693.0,Annual Revision
EMP10488,2024-04-01,39015.0,1170.0,Annual Revision
EMP10488,2025-04-01,39372.0,3150.0,Promotion
EMP10488,2026-04-01,46842.0,2342.0,Market Adjustment
EMP10489,2026-04-01,31542.0,3785.0,Annual Revision
EMP10490,2024-04-01,46734.0,3739.0,Annual Revision
EMP10490,2025-04-01,50544.0,4044.0,Annual Revision
EMP10490,2026-04-01,53594.0,1608.0,Promotion
EMP10491,2025-04-01,31486.0,945.0,Market Adjustment
EMP10491,2026-04-01,33575.0,2686.0,Promotion
EMP10492,2022-04-01,32810.0,984.0,Annual Revision
EMP10492,2023-04-01,35945.0,2876.0,Annual Revision
EMP10492,2024-04-01,36564.0,1828.0,Annual Revision
EMP10492,2025-04-01,39814.0,3185.0,Market Adjustment
EMP10492,2026-04-01,46931.0,3754.0,Annual Revision
EMP10493,2022-04-01,64820.0,1945.0,Market Adjustment
EMP10493,2023-04-01,66751.0,5340.0,Annual Revision
EMP10493,2024-04-01,76061.0,9127.0,No Change
EMP10493,2025-04-01,84012.0,10081.0,No Change
EMP10493,2026-04-01,90128.0,2704.0,Annual Revision
EMP10494,2019-04-01,44622.0,2231.0,Promotion
EMP10494,2020-04-01,47035.0,1411.0,Market Adjustment
EMP10494,2021-04-01,52277.0,2614.0,Promotion
EMP10494,2022-04-01,53706.0,6445.0,Annual Revision
EMP10494,2023-04-01,61584.0,3079.0,No Change
EMP10494,2024-04-01,65886.0,7906.0,Annual Revision
EMP10494,2025-04-01,71577.0,3579.0,Promotion
EMP10494,2026-04-01,83486.0,4174.0,Annual Revision
EMP10495,2023-04-01,32346.0,970.0,Promotion
EMP10495,2024-04-01,35594.0,1068.0,Promotion
EMP10495,2025-04-01,36741.0,2939.0,No Change
EMP10495,2026-04-01,43773.0,5253.0,Annual Revision
EMP10496,2025-04-01,43527.0,3482.0,No Change
EMP10496,2026-04-01,47988.0,3839.0,Annual Revision
EMP10497,2024-04-01,127401.0,10192.0,No Change
EMP10497,2025-04-01,138281.0,4148.0,Market Adjustment
EMP10497,2026-04-01,151968.0,7598.0,Annual Revision
EMP10498,2025-04-01,42224.0,1267.0,Annual Revision
EMP10498,2026-04-01,45843.0,2292.0,Promotion
EMP10499,2021-04-01,65876.0,3294.0,Annual Revision
EMP10499,2022-04-01,77040.0,3852.0,Annual Revision
EMP10499,2023-04-01,86763.0,2603.0,Annual Revision
EMP10499,2024-04-01,94588.0,2838.0,Annual Revision
EMP10499,2025-04-01,106415.0,5321.0,Promotion
EMP10499,2026-04-01,121964.0,3659.0,Market Adjustment
EMP10500,2021-04-01,31173.0,935.0,No Change
EMP10500,2022-04-01,33586.0,1008.0,No Change
EMP10500,2023-04-01,37518.0,1126.0,No Change
EMP10500,2024-04-01,44595.0,3568.0,Market Adjustment
EMP10500,2025-04-01,50041.0,2502.0,Annual Revision
EMP10500,2026-04-01,56949.0,2847.0,Annual Revision
EMP10501,2024-04-01,30710.0,1535.0,No Change
EMP10501,2025-04-01,37650.0,4518.0,Promotion
EMP10501,2026-04-01,38291.0,3063.0,Market Adjustment
EMP10502,2025-04-01,31968.0,2557.0,Annual Revision
EMP10502,2026-04-01,37221.0,4466.0,No Change
EMP10503,2022-04-01,61949.0,3097.0,Annual Revision
EMP10503,2023-04-01,74853.0,2246.0,Annual Revision
EMP10503,2024-04-01,81769.0,4088.0,Annual Revision
EMP10503,2025-04-01,83681.0,6694.0,Annual Revision
EMP10503,2026-04-01,90373.0,2711.0,Annual Revision
EMP10504,2022-04-01,70563.0,3528.0,Annual Revision
EMP10504,2023-04-01,74376.0,2231.0,Annual Revision
EMP10504,2024-04-01,84707.0,4235.0,Annual Revision
EMP10504,2025-04-01,90577.0,7246.0,Annual Revision
EMP10504,2026-04-01,104601.0,3138.0,Annual Revision
EMP10505,2020-04-01,45785.0,3663.0,Market Adjustment
EMP10505,2021-04-01,46995.0,3760.0,Promotion
EMP10505,2022-04-01,53288.0,2664.0,No Change
EMP10505,2023-04-01,62350.0,1871.0,Market Adjustment
EMP10505,2024-04-01,70840.0,2125.0,Market Adjustment
EMP10505,2025-04-01,77950.0,6236.0,Annual Revision
EMP10505,2026-04-01,84905.0,6792.0,Promotion
EMP10506,2021-04-01,94949.0,7596.0,No Change
EMP10506,2022-04-01,92349.0,7388.0,Promotion
EMP10506,2023-04-01,102382.0,3071.0,Market Adjustment
EMP10506,2024-04-01,119089.0,5954.0,Market Adjustment
EMP10506,2025-04-01,137421.0,4123.0,Market Adjustment
EMP10506,2026-04-01,145221.0,11618.0,No Change
EMP10507,2021-04-01,92530.0,4627.0,Market Adjustment
EMP10507,2022-04-01,100429.0,3013.0,Annual Revision
EMP10507,2023-04-01,107897.0,8632.0,Annual Revision
EMP10507,2024-04-01,124921.0,6246.0,Annual Revision
EMP10507,2025-04-01,133042.0,10643.0,Annual Revision
EMP10507,2026-04-01,147580.0,17710.0,No Change
EMP10508,2024-04-01,38620.0,1159.0,Annual Revision
EMP10508,2025-04-01,47568.0,1427.0,No Change
EMP10508,2026-04-01,53195.0,4256.0,Annual Revision
EMP10509,2022-04-01,43389.0,3471.0,Annual Revision
EMP10509,2023-04-01,47645.0,2382.0,Promotion
EMP10509,2024-04-01,48292.0,2415.0,Annual Revision
EMP10509,2025-04-01,55837.0,,Promotion
EMP10509,2026-04-01,59484.0,2974.0,No Change
EMP10510,2020-04-01,70233.0,3512.0,Annual Revision
EMP10510,2021-04-01,74687.0,3734.0,Annual Revision
EMP10510,2022-04-01,84488.0,2535.0,No Change
EMP10510,2023-04-01,88115.0,7049.0,Annual Revision
EMP10510,2024-04-01,97147.0,4857.0,Market Adjustment
EMP10510,2025-04-01,104758.0,5238.0,Annual Revision
EMP10510,2026-04-01,121952.0,3659.0,Annual Revision
EMP10511,2024-04-01,63198.0,3160.0,Annual Revision
EMP10511,2025-04-01,81550.0,2447.0,No Change
EMP10511,2026-04-01,88448.0,,Market Adjustment
EMP10512,2019-04-01,40654.0,1220.0,Annual Revision
EMP10512,2020-04-01,45186.0,5422.0,Annual Revision
EMP10512,2021-04-01,47063.0,2353.0,No Change
EMP10512,2022-04-01,53073.0,1592.0,Annual Revision
EMP10512,2023-04-01,67350.0,3367.0,Annual Revision
EMP10512,2024-04-01,74146.0,3707.0,Annual Revision
EMP10512,2025-04-01,75372.0,3769.0,Annual Revision
EMP10512,2026-04-01,85130.0,4257.0,Promotion
EMP10513,2025-04-01,120107.0,9609.0,Annual Revision
EMP10513,2026-04-01,138015.0,6901.0,Promotion
EMP10514,2021-04-01,31156.0,935.0,Annual Revision
EMP10514,2022-04-01,32874.0,986.0,Promotion
EMP10514,2023-04-01,36724.0,4407.0,Annual Revision
EMP10514,2024-04-01,41579.0,2079.0,Annual Revision
EMP10514,2025-04-01,51030.0,4082.0,No Change
EMP10514,2026-04-01,53294.0,4263.0,No Change
EMP10515,2022-04-01,89127.0,7130.0,Annual Revision
EMP10515,2023-04-01,98809.0,2964.0,Annual Revision
EMP10515,2024-04-01,108263.0,3248.0,Annual Revision
EMP10515,2025-04-01,118762.0,5938.0,Promotion
EMP10515,2026-04-01,130890.0,10471.0,Promotion
EMP10516,2020-04-01,64857.0,7783.0,Annual Revision
EMP10516,2021-04-01,71429.0,8571.0,Annual Revision
EMP10516,2022-04-01,77063.0,2312.0,Annual Revision
EMP10516,2023-04-01,96176.0,4809.0,Annual Revision
EMP10516,2024-04-01,94049.0,7524.0,Annual Revision
EMP10516,2025-04-01,104537.0,5227.0,Promotion
EMP10516,2026-04-01,120187.0,9615.0,Market Adjustment
EMP10517,2025-04-01,66781.0,5342.0,Promotion
EMP10517,2026-04-01,69786.0,5583.0,Market Adjustment
EMP10518,2019-04-01,91042.0,2731.0,Annual Revision
EMP10518,2020-04-01,96338.0,4817.0,No Change
EMP10518,2021-04-01,108753.0,5438.0,Annual Revision
EMP10518,2022-04-01,102232.0,12268.0,Annual Revision
EMP10518,2023-04-01,124339.0,14921.0,Market Adjustment
EMP10518,2024-04-01,130788.0,15695.0,Annual Revision
EMP10518,2025-04-01,147990.0,17759.0,Annual Revision
EMP10518,2026-04-01,159310.0,19117.0,Promotion
EMP10519,2025-04-01,42593.0,1278.0,Promotion
EMP10519,2026-04-01,45582.0,2279.0,Annual Revision
EMP10520,2024-04-01,42203.0,1266.0,Annual Revision
EMP10520,2025-04-01,47056.0,2353.0,Annual Revision
EMP10520,2026-04-01,49247.0,2462.0,Market Adjustment
EMP10521,2020-04-01,87592.0,7007.0,Annual Revision
EMP10521,2021-04-01,92624.0,4631.0,Annual Revision
EMP10521,2022-04-01,103382.0,5169.0,Annual Revision
EMP10521,2023-04-01,109208.0,13105.0,Market Adjustment
EMP10521,2024-04-01,132145.0,10572.0,Annual Revision
EMP10521,2025-04-01,135197.0,6760.0,Market Adjustment
EMP10521,2026-04-01,151717.0,18206.0,Annual Revision
EMP10522,2023-04-01,67648.0,3382.0,Annual Revision
EMP10522,2024-04-01,76595.0,6128.0,Promotion
EMP10522,2025-04-01,83521.0,4176.0,Annual Revision
EMP10522,2026-04-01,90221.0,2707.0,Promotion
EMP10523,2021-04-01,46518.0,3721.0,Promotion
EMP10523,2022-04-01,48022.0,2401.0,No Change
EMP10523,2023-04-01,54571.0,4366.0,Annual Revision
EMP10523,2024-04-01,57887.0,2894.0,Annual Revision
EMP10523,2025-04-01,62181.0,3109.0,Promotion
EMP10523,2026-04-01,66119.0,7934.0,Annual Revision
EMP10524,2026-04-01,45758.0,3661.0,Annual Revision
EMP10525,2019-04-01,60853.0,3043.0,Annual Revision
EMP10525,2020-04-01,71324.0,8559.0,Annual Revision
EMP10525,2021-04-01,71141.0,3557.0,Market Adjustment
EMP10525,2022-04-01,73450.0,5876.0,Annual Revision
EMP10525,2023-04-01,94159.0,2825.0,Annual Revision
EMP10525,2024-04-01,97304.0,4865.0,Annual Revision
EMP10525,2025-04-01,112143.0,5607.0,Promotion
EMP10525,2026-04-01,115709.0,5785.0,Market Adjustment
EMP10526,2024-04-01,87070.0,6966.0,Market Adjustment
EMP10526,2025-04-01,101014.0,8081.0,Annual Revision
EMP10526,2026-04-01,107520.0,3226.0,Annual Revision
EMP10527,2024-04-01,92332.0,2770.0,No Change
EMP10527,2025-04-01,98996.0,4950.0,Market Adjustment
EMP10527,2026-04-01,110202.0,8816.0,Annual Revision
EMP10528,2019-04-01,122367.0,9789.0,Annual Revision
EMP10528,2020-04-01,133595.0,6680.0,Annual Revision
EMP10528,2021-04-01,129455.0,10356.0,Annual Revision
EMP10528,2022-04-01,155220.0,12418.0,Annual Revision
EMP10528,2023-04-01,175514.0,14041.0,Annual Revision
EMP10528,2024-04-01,201578.0,6047.0,Annual Revision
EMP10528,2025-04-01,211266.0,16901.0,Promotion
EMP10528,2026-04-01,231875.0,18550.0,Annual Revision
EMP10529,2019-04-01,70318.0,3516.0,Annual Revision
EMP10529,2020-04-01,77440.0,3872.0,Market Adjustment
EMP10529,2021-04-01,85391.0,4270.0,Market Adjustment
EMP10529,2022-04-01,88931.0,10672.0,Promotion
EMP10529,2023-04-01,105647.0,5282.0,Annual Revision
EMP10529,2024-04-01,113619.0,5681.0,Annual Revision
EMP10529,2025-04-01,141914.0,4257.0,Annual Revision
EMP10529,2026-04-01,139092.0,11127.0,Promotion
EMP10530,2025-04-01,41461.0,2073.0,Annual Revision
EMP10530,2026-04-01,45254.0,2263.0,Annual Revision
EMP10531,2024-04-01,63993.0,1920.0,Annual Revision
EMP10531,2025-04-01,73255.0,2198.0,No Change
EMP10531,2026-04-01,78048.0,2341.0,Promotion
EMP10532,2023-04-01,67088.0,2013.0,No Change
EMP10532,2024-04-01,71171.0,2135.0,No Change
EMP10532,2025-04-01,80681.0,6454.0,Market Adjustment
EMP10532,2026-04-01,82715.0,6617.0,Annual Revision
EMP10533,2025-04-01,65441.0,3272.0,Annual Revision
EMP10533,2026-04-01,75859.0,3793.0,Annual Revision
EMP10534,2023-04-01,65243.0,3262.0,Annual Revision
EMP10534,2024-04-01,72549.0,2176.0,No Change
EMP10534,2025-04-01,72395.0,2172.0,Annual Revision
EMP10534,2026-04-01,82745.0,2482.0,Annual Revision
EMP10535,2025-04-01,128884.0,15466.0,Annual Revision
EMP10535,2026-04-01,136087.0,4083.0,Market Adjustment
EMP10536,2023-04-01,32827.0,1641.0,Annual Revision
EMP10536,2024-04-01,35055.0,1753.0,Promotion
EMP10536,2025-04-01,37079.0,1112.0,Annual Revision
EMP10536,2026-04-01,37815.0,1891.0,Promotion
EMP10537,2021-04-01,69333.0,2080.0,Annual Revision
EMP10537,2022-04-01,72746.0,2182.0,Promotion
EMP10537,2023-04-01,80508.0,2415.0,Annual Revision
EMP10537,2024-04-01,91276.0,7302.0,Annual Revision
EMP10537,2025-04-01,93016.0,4651.0,Promotion
EMP10537,2026-04-01,111112.0,5556.0,Annual Revision
EMP10538,2025-04-01,71881.0,3594.0,Annual Revision
EMP10538,2026-04-01,81709.0,4085.0,Market Adjustment
EMP10539,2025-04-01,33962.0,1019.0,Annual Revision
EMP10539,2026-04-01,33759.0,2701.0,No Change
EMP10540,2021-04-01,70319.0,3516.0,Promotion
EMP10540,2022-04-01,79269.0,2378.0,No Change
EMP10540,2023-04-01,80313.0,4016.0,Annual Revision
EMP10540,2024-04-01,89525.0,2686.0,Annual Revision
EMP10540,2025-04-01,106102.0,8488.0,Annual Revision
EMP10540,2026-04-01,105975.0,12717.0,Market Adjustment
EMP10541,2023-04-01,43908.0,3513.0,Promotion
EMP10541,2024-04-01,46187.0,2309.0,Promotion
EMP10541,2025-04-01,51328.0,2566.0,Annual Revision
EMP10541,2026-04-01,56474.0,1694.0,Annual Revision
EMP10542,2026-04-01,68283.0,8194.0,Annual Revision
EMP10543,2019-04-01,32878.0,1644.0,No Change
EMP10543,2020-04-01,33039.0,991.0,Market Adjustment
EMP10543,2021-04-01,35645.0,2852.0,Promotion
EMP10543,2022-04-01,37212.0,4465.0,No Change
EMP10543,2023-04-01,46449.0,5574.0,Annual Revision
EMP10543,2024-04-01,46476.0,3718.0,Annual Revision
EMP10543,2025-04-01,52728.0,1582.0,Annual Revision
EMP10543,2026-04-01,57467.0,1724.0,Market Adjustment
EMP10544,2023-04-01,32699.0,1635.0,Annual Revision
EMP10544,2024-04-01,35210.0,1760.0,Annual Revision
EMP10544,2025-04-01,38842.0,3107.0,Promotion
EMP10544,2026-04-01,40630.0,1219.0,No Change
EMP10545,2022-04-01,40372.0,3230.0,Annual Revision
EMP10545,2023-04-01,47429.0,3794.0,Market Adjustment
EMP10545,2024-04-01,50423.0,1513.0,Promotion
EMP10545,2025-04-01,52380.0,2619.0,Annual Revision
EMP10545,2026-04-01,56365.0,2818.0,Annual Revision
EMP10546,2019-04-01,61776.0,3089.0,No Change
EMP10546,2020-04-01,68832.0,5507.0,Market Adjustment
EMP10546,2021-04-01,74584.0,5967.0,Promotion
EMP10546,2022-04-01,76160.0,9139.0,Annual Revision
EMP10546,2023-04-01,96520.0,7722.0,Annual Revision
EMP10546,2024-04-01,101977.0,3059.0,Annual Revision
EMP10546,2025-04-01,113686.0,5684.0,Market Adjustment
EMP10546,2026-04-01,113141.0,9051.0,No Change
EMP10547,2023-04-01,71404.0,5712.0,Promotion
EMP10547,2024-04-01,79566.0,3978.0,Market Adjustment
EMP10547,2025-04-01,81834.0,6547.0,Annual Revision
EMP10547,2026-04-01,100025.0,8002.0,Annual Revision
EMP10548,2020-04-01,44253.0,1328.0,Annual Revision
EMP10548,2021-04-01,45980.0,3678.0,Annual Revision
EMP10548,2022-04-01,46424.0,3714.0,Promotion
EMP10548,2023-04-01,54747.0,4380.0,Annual Revision
EMP10548,2024-04-01,56485.0,1695.0,Promotion
EMP10548,2025-04-01,61882.0,4951.0,No Change
EMP10548,2026-04-01,69543.0,3477.0,Annual Revision
EMP10549,2026-04-01,44086.0,1323.0,Market Adjustment
EMP10550,2023-04-01,128961.0,6448.0,Market Adjustment
EMP10550,2024-04-01,132847.0,15942.0,Annual Revision
EMP10550,2025-04-01,152510.0,4575.0,Annual Revision
EMP10550,2026-04-01,166269.0,4988.0,Annual Revision
EMP10551,2024-04-01,40846.0,3268.0,Annual Revision
EMP10551,2025-04-01,48195.0,5783.0,Annual Revision
EMP10551,2026-04-01,50157.0,2508.0,Promotion
EMP10552,2020-04-01,43305.0,2165.0,Annual Revision
EMP10552,2021-04-01,45719.0,2286.0,Market Adjustment
EMP10552,2022-04-01,46812.0,3745.0,Market Adjustment
EMP10552,2023-04-01,53108.0,2655.0,Annual Revision
EMP10552,2024-04-01,61312.0,4905.0,Promotion
EMP10552,2025-04-01,64578.0,1937.0,Annual Revision
EMP10552,2026-04-01,70218.0,2107.0,Annual Revision
EMP10553,2026-04-01,43314.0,2166.0,Market Adjustment
EMP10554,2019-04-01,70802.0,3540.0,Annual Revision
EMP10554,2020-04-01,76646.0,2299.0,Annual Revision
EMP10554,2021-04-01,78278.0,3914.0,Market Adjustment
EMP10554,2022-04-01,83432.0,4172.0,Promotion
EMP10554,2023-04-01,93257.0,,Market Adjustment
EMP10554,2024-04-01,104127.0,8330.0,Annual Revision
EMP10554,2025-04-01,117451.0,3524.0,Market Adjustment
EMP10554,2026-04-01,129440.0,15533.0,Annual Revision
EMP10555,2021-04-01,70819.0,5666.0,Promotion
EMP10555,2022-04-01,70204.0,5616.0,No Change
EMP10555,2023-04-01,86357.0,6909.0,Annual Revision
EMP10555,2024-04-01,92618.0,4631.0,Promotion
EMP10555,2025-04-01,101476.0,3044.0,Promotion
EMP10555,2026-04-01,108622.0,8690.0,Market Adjustment
EMP10556,2025-04-01,64382.0,7726.0,Promotion
EMP10556,2026-04-01,81328.0,2440.0,Annual Revision
EMP10557,2020-04-01,70036.0,5603.0,Annual Revision
EMP10557,2021-04-01,69636.0,3482.0,No Change
EMP10557,2022-04-01,77785.0,6223.0,Annual Revision
EMP10557,2023-04-01,94471.0,7558.0,No Change
EMP10557,2024-04-01,99807.0,2994.0,Annual Revision
EMP10557,2025-04-01,104210.0,5210.0,Annual Revision
EMP10557,2026-04-01,111410.0,5571.0,Annual Revision
EMP10558,2023-04-01,43121.0,1294.0,Annual Revision
EMP10558,2024-04-01,44494.0,1335.0,Annual Revision
EMP10558,2025-04-01,48833.0,2442.0,Promotion
EMP10558,2026-04-01,51397.0,2570.0,Annual Revision
EMP10559,2019-04-01,128732.0,10299.0,Promotion
EMP10559,2020-04-01,134711.0,4041.0,Promotion
EMP10559,2021-04-01,136203.0,6810.0,Promotion
EMP10559,2022-04-01,146359.0,11709.0,Market Adjustment
EMP10559,2023-04-01,181756.0,9088.0,Market Adjustment
EMP10559,2024-04-01,200721.0,10036.0,Annual Revision
EMP10559,2025-04-01,216017.0,17281.0,Promotion
EMP10559,2026-04-01,227798.0,11390.0,Market Adjustment
EMP10560,2020-04-01,89477.0,7158.0,Annual Revision
EMP10560,2021-04-01,92617.0,4631.0,Annual Revision
EMP10560,2022-04-01,112663.0,9013.0,No Change
EMP10560,2023-04-01,129776.0,10382.0,Annual Revision
EMP10560,2024-04-01,130034.0,10403.0,Market Adjustment
EMP10560,2025-04-01,145491.0,7275.0,Annual Revision
EMP10560,2026-04-01,161059.0,12885.0,Annual Revision
EMP10561,2019-04-01,41544.0,4985.0,Annual Revision
EMP10561,2020-04-01,45658.0,1370.0,Annual Revision
EMP10561,2021-04-01,45597.0,3648.0,Promotion
EMP10561,2022-04-01,48923.0,1468.0,Promotion
EMP10561,2023-04-01,58759.0,7051.0,Market Adjustment
EMP10561,2024-04-01,66854.0,3343.0,Annual Revision
EMP10561,2025-04-01,69952.0,2099.0,Promotion
EMP10561,2026-04-01,76331.0,6107.0,Market Adjustment
EMP10562,2021-04-01,67615.0,2028.0,Market Adjustment
EMP10562,2022-04-01,69815.0,2094.0,Annual Revision
EMP10562,2023-04-01,75427.0,6034.0,Annual Revision
EMP10562,2024-04-01,85287.0,4264.0,Annual Revision
EMP10562,2025-04-01,90597.0,4530.0,Annual Revision
EMP10562,2026-04-01,102787.0,5139.0,Annual Revision
EMP10563,2024-04-01,90878.0,7270.0,Promotion
EMP10563,2025-04-01,96411.0,11569.0,Annual Revision
EMP10563,2026-04-01,109109.0,13093.0,Annual Revision
EMP10564,2020-04-01,44389.0,1332.0,Annual Revision
EMP10564,2021-04-01,46381.0,5566.0,Annual Revision
EMP10564,2022-04-01,52983.0,1589.0,Annual Revision
EMP10564,2023-04-01,58253.0,4660.0,Promotion
EMP10564,2024-04-01,61548.0,1846.0,Annual Revision
EMP10564,2025-04-01,67471.0,5398.0,Promotion
EMP10564,2026-04-01,75150.0,2254.0,Promotion
EMP10565,2022-04-01,67204.0,2016.0,Market Adjustment
EMP10565,2023-04-01,76501.0,3825.0,Promotion
EMP10565,2024-04-01,83720.0,6698.0,Annual Revision
EMP10565,2025-04-01,90929.0,4546.0,No Change
EMP10565,2026-04-01,95491.0,4775.0,Annual Revision
EMP10566,2025-04-01,65888.0,3294.0,Annual Revision
EMP10566,2026-04-01,71585.0,8590.0,Annual Revision
EMP10567,2024-04-01,43142.0,1294.0,Market Adjustment
EMP10567,2025-04-01,47867.0,3829.0,Annual Revision
EMP10567,2026-04-01,46638.0,5597.0,Annual Revision
EMP10568,2023-04-01,120350.0,6018.0,Market Adjustment
EMP10568,2024-04-01,132811.0,6641.0,Annual Revision
EMP10568,2025-04-01,149904.0,7495.0,Promotion
EMP10568,2026-04-01,159864.0,7993.0,Market Adjustment
EMP10569,2019-04-01,43072.0,1292.0,No Change
EMP10569,2020-04-01,43941.0,2197.0,Promotion
EMP10569,2021-04-01,47691.0,2385.0,Annual Revision
EMP10569,2022-04-01,51946.0,,Promotion
EMP10569,2023-04-01,65036.0,5203.0,Annual Revision
EMP10569,2024-04-01,66235.0,3312.0,Annual Revision
EMP10569,2025-04-01,83972.0,2519.0,Annual Revision
EMP10569,2026-04-01,89319.0,7145.0,Promotion
EMP10570,2024-04-01,92133.0,2764.0,No Change
EMP10570,2025-04-01,100354.0,8028.0,Market Adjustment
EMP10570,2026-04-01,107238.0,3217.0,Market Adjustment
EMP10571,2022-04-01,66486.0,1995.0,No Change
EMP10571,2023-04-01,76339.0,6107.0,Market Adjustment
EMP10571,2024-04-01,85597.0,4280.0,Market Adjustment
EMP10571,2025-04-01,88741.0,10649.0,No Change
EMP10571,2026-04-01,93310.0,2799.0,Annual Revision
EMP10572,2022-04-01,64411.0,5153.0,No Change
EMP10572,2023-04-01,69378.0,5550.0,Annual Revision
EMP10572,2024-04-01,73563.0,5885.0,Market Adjustment
EMP10572,2025-04-01,86871.0,6950.0,Annual Revision
EMP10572,2026-04-01,91460.0,2744.0,Market Adjustment
EMP10573,2019-04-01,127210.0,3816.0,Market Adjustment
EMP10573,2020-04-01,134734.0,16168.0,Annual Revision
EMP10573,2021-04-01,143245.0,4297.0,Market Adjustment
EMP10573,2022-04-01,146811.0,7341.0,Market Adjustment
EMP10573,2023-04-01,176757.0,21211.0,Promotion
EMP10573,2024-04-01,188130.0,15050.0,Promotion
EMP10573,2025-04-01,205996.0,10300.0,Promotion
EMP10573,2026-04-01,228678.0,6860.0,Promotion
EMP10574,2021-04-01,33046.0,1652.0,Annual Revision
EMP10574,2022-04-01,34622.0,,Annual Revision
EMP10574,2023-04-01,39712.0,3177.0,No Change
EMP10574,2024-04-01,43241.0,3459.0,Promotion
EMP10574,2025-04-01,47930.0,3834.0,Annual Revision
EMP10574,2026-04-01,55497.0,1665.0,Annual Revision
EMP10575,2019-04-01,39307.0,1965.0,Annual Revision
EMP10575,2020-04-01,47812.0,2391.0,Annual Revision
EMP10575,2021-04-01,50562.0,1517.0,Annual Revision
EMP10575,2022-04-01,53183.0,2659.0,Annual Revision
EMP10575,2023-04-01,60961.0,1829.0,Annual Revision
EMP10575,2024-04-01,66312.0,1989.0,No Change
EMP10575,2025-04-01,77904.0,6232.0,No Change
EMP10575,2026-04-01,89387.0,4469.0,Annual Revision
EMP10576,2024-04-01,42748.0,1282.0,No Change
EMP10576,2025-04-01,44952.0,2248.0,Market Adjustment
EMP10576,2026-04-01,51636.0,2582.0,No Change
EMP10577,2024-04-01,44135.0,3531.0,Market Adjustment
EMP10577,2025-04-01,47547.0,3804.0,Annual Revision
EMP10577,2026-04-01,56914.0,2846.0,Promotion
EMP10578,2022-04-01,70206.0,5616.0,Annual Revision
EMP10578,2023-04-01,72105.0,2163.0,Promotion
EMP10578,2024-04-01,78707.0,3935.0,No Change
EMP10578,2025-04-01,88762.0,2663.0,Annual Revision
EMP10578,2026-04-01,101601.0,5080.0,No Change
EMP10579,2022-04-01,42788.0,2139.0,Annual Revision
EMP10579,2023-04-01,44885.0,3591.0,Annual Revision
EMP10579,2024-04-01,47608.0,2380.0,Annual Revision
EMP10579,2025-04-01,58463.0,4677.0,Annual Revision
EMP10579,2026-04-01,65085.0,1953.0,Promotion
EMP10580,2025-04-01,123904.0,3717.0,Market Adjustment
EMP10580,2026-04-01,130301.0,10424.0,Promotion
EMP10581,2023-04-01,67020.0,3351.0,No Change
EMP10581,2024-04-01,68044.0,2041.0,Annual Revision
EMP10581,2025-04-01,76867.0,2306.0,Annual Revision
EMP10581,2026-04-01,81667.0,4083.0,Annual Revision
EMP10582,2024-04-01,85143.0,2554.0,Annual Revision
EMP10582,2025-04-01,96644.0,7731.0,Annual Revision
EMP10582,2026-04-01,106341.0,3190.0,No Change
EMP10583,2023-04-01,33004.0,1650.0,Market Adjustment
EMP10583,2024-04-01,35847.0,4302.0,Annual Revision
EMP10583,2025-04-01,38442.0,3075.0,Market Adjustment
EMP10583,2026-04-01,40225.0,2011.0,Annual Revision
EMP10584,2020-04-01,32755.0,983.0,Annual Revision
EMP10584,2021-04-01,35770.0,2862.0,Market Adjustment
EMP10584,2022-04-01,35049.0,2804.0,Market Adjustment
EMP10584,2023-04-01,38121.0,1906.0,Annual Revision
EMP10584,2024-04-01,45510.0,1365.0,Annual Revision
EMP10584,2025-04-01,49505.0,3960.0,Annual Revision
EMP10584,2026-04-01,51704.0,2585.0,Annual Revision
EMP10585,2020-04-01,42036.0,1261.0,No Change
EMP10585,2021-04-01,48787.0,3903.0,No Change
EMP10585,2022-04-01,51529.0,2576.0,Market Adjustment
EMP10585,2023-04-01,61321.0,4906.0,Annual Revision
EMP10585,2024-04-01,62497.0,7500.0,Market Adjustment
EMP10585,2025-04-01,67650.0,3382.0,Promotion
EMP10585,2026-04-01,76229.0,6098.0,Annual Revision
EMP10586,2021-04-01,40716.0,3257.0,Market Adjustment
EMP10586,2022-04-01,44437.0,1333.0,Promotion
EMP10586,2023-04-01,51744.0,4140.0,Promotion
EMP10586,2024-04-01,58439.0,2922.0,Annual Revision
EMP10586,2025-04-01,61654.0,3083.0,Annual Revision
EMP10586,2026-04-01,74858.0,5989.0,Market Adjustment
EMP10587,2020-04-01,95579.0,4779.0,Annual Revision
EMP10587,2021-04-01,95670.0,4784.0,Annual Revision
EMP10587,2022-04-01,102776.0,5139.0,Promotion
EMP10587,2023-04-01,117379.0,5869.0,No Change
EMP10587,2024-04-01,129518.0,3886.0,Market Adjustment
EMP10587,2025-04-01,165231.0,8262.0,Annual Revision
EMP10587,2026-04-01,162889.0,8144.0,Annual Revision
EMP10588,2024-04-01,63468.0,3173.0,Promotion
EMP10588,2025-04-01,64483.0,3224.0,Annual Revision
EMP10588,2026-04-01,80463.0,4023.0,Promotion
EMP10589,2026-04-01,67842.0,3392.0,Annual Revision
EMP10590,2025-04-01,66890.0,8027.0,Annual Revision
EMP10590,2026-04-01,73736.0,2212.0,Market Adjustment
EMP10591,2025-04-01,71579.0,2147.0,Market Adjustment
EMP10591,2026-04-01,73335.0,3667.0,Market Adjustment
EMP10592,2022-04-01,33401.0,4008.0,Annual Revision
EMP10592,2023-04-01,36348.0,1817.0,Annual Revision
EMP10592,2024-04-01,38123.0,3050.0,Annual Revision
EMP10592,2025-04-01,42416.0,5090.0,No Change
EMP10592,2026-04-01,46181.0,1385.0,Promotion
EMP10593,2020-04-01,71426.0,3571.0,Annual Revision
EMP10593,2021-04-01,73696.0,5896.0,Market Adjustment
EMP10593,2022-04-01,78280.0,2348.0,Promotion
EMP10593,2023-04-01,99513.0,4976.0,Market Adjustment
EMP10593,2024-04-01,108493.0,3255.0,Annual Revision
EMP10593,2025-04-01,119222.0,14307.0,No Change
EMP10593,2026-04-01,129657.0,6483.0,No Change
EMP10594,2025-04-01,44145.0,1324.0,Annual Revision
EMP10594,2026-04-01,44157.0,5299.0,Market Adjustment
EMP10595,2024-04-01,90588.0,2718.0,Annual Revision
EMP10595,2025-04-01,99030.0,7922.0,Annual Revision
EMP10595,2026-04-01,110584.0,8847.0,Annual Revision
EMP10596,2025-04-01,43833.0,2192.0,Promotion
EMP10596,2026-04-01,49781.0,2489.0,Annual Revision
EMP10597,2025-04-01,32461.0,2597.0,Annual Revision
EMP10597,2026-04-01,35193.0,1056.0,Annual Revision
EMP10598,2020-04-01,41984.0,3359.0,Annual Revision
EMP10598,2021-04-01,41523.0,1246.0,Market Adjustment
EMP10598,2022-04-01,47053.0,2353.0,Annual Revision
EMP10598,2023-04-01,55307.0,2765.0,Promotion
EMP10598,2024-04-01,59882.0,4791.0,Market Adjustment
EMP10598,2025-04-01,63300.0,3165.0,No Change
EMP10598,2026-04-01,73141.0,2194.0,Promotion
EMP10599,2020-04-01,64639.0,5171.0,Annual Revision
EMP10599,2021-04-01,70586.0,8470.0,Promotion
EMP10599,2022-04-01,75692.0,3785.0,Promotion
EMP10599,2023-04-01,86646.0,10398.0,Annual Revision
EMP10599,2024-04-01,93874.0,4694.0,Annual Revision
EMP10599,2025-04-01,106244.0,8500.0,No Change
EMP10599,2026-04-01,117070.0,5854.0,Annual Revision
EMP10600,2020-04-01,43724.0,2186.0,Promotion
EMP10600,2021-04-01,46795.0,3744.0,Promotion
EMP10600,2022-04-01,49855.0,3988.0,Market Adjustment
EMP10600,2023-04-01,60710.0,4857.0,Market Adjustment
EMP10600,2024-04-01,63978.0,1919.0,Annual Revision
EMP10600,2025-04-01,68932.0,3447.0,Annual Revision
EMP10600,2026-04-01,72930.0,3646.0,Annual Revision
EMP10601,2024-04-01,62820.0,3141.0,Promotion
EMP10601,2025-04-01,71901.0,3595.0,Annual Revision
EMP10601,2026-04-01,76867.0,9224.0,Promotion
EMP10602,2021-04-01,128098.0,3843.0,Annual Revision
EMP10602,2022-04-01,132021.0,10562.0,Annual Revision
EMP10602,2023-04-01,149828.0,11986.0,Market Adjustment
EMP10602,2024-04-01,163080.0,13046.0,Annual Revision
EMP10602,2025-04-01,176707.0,14137.0,Market Adjustment
EMP10602,2026-04-01,185058.0,5552.0,Annual Revision
EMP10603,2019-04-01,34273.0,4113.0,No Change
EMP10603,2020-04-01,34192.0,1026.0,Promotion
EMP10603,2021-04-01,34946.0,2796.0,Annual Revision
EMP10603,2022-04-01,40163.0,3213.0,No Change
EMP10603,2023-04-01,43826.0,1315.0,Market Adjustment
EMP10603,2024-04-01,51039.0,2552.0,Annual Revision
EMP10603,2025-04-01,53448.0,1603.0,Annual Revision
EMP10603,2026-04-01,60366.0,7244.0,Annual Revision
EMP10604,2022-04-01,87633.0,4382.0,Annual Revision
EMP10604,2023-04-01,102827.0,8226.0,No Change
EMP10604,2024-04-01,117354.0,9388.0,Annual Revision
EMP10604,2025-04-01,120098.0,6005.0,Promotion
EMP10604,2026-04-01,137145.0,16457.0,Market Adjustment
EMP10605,2026-04-01,40704.0,3256.0,Market Adjustment
EMP10606,2019-04-01,30866.0,1543.0,Market Adjustment
EMP10606,2020-04-01,35701.0,1785.0,Market Adjustment
EMP10606,2021-04-01,39185.0,4702.0,Annual Revision
EMP10606,2022-04-01,40020.0,3202.0,Promotion
EMP10606,2023-04-01,51099.0,1533.0,Annual Revision
EMP10606,2024-04-01,55148.0,1654.0,Annual Revision
EMP10606,2025-04-01,63834.0,5107.0,Annual Revision
EMP10606,2026-04-01,64498.0,5160.0,Promotion
EMP10607,2026-04-01,64549.0,5164.0,No Change
EMP10608,2022-04-01,98749.0,4937.0,Annual Revision
EMP10608,2023-04-01,98334.0,7867.0,Annual Revision
EMP10608,2024-04-01,100956.0,3029.0,No Change
EMP10608,2025-04-01,115880.0,9270.0,Promotion
EMP10608,2026-04-01,122304.0,9784.0,Market Adjustment
EMP10609,2019-04-01,76105.0,6088.0,Annual Revision
EMP10609,2020-04-01,71420.0,5714.0,Annual Revision
EMP10609,2021-04-01,78774.0,6302.0,No Change
EMP10609,2022-04-01,83690.0,4185.0,Annual Revision
EMP10609,2023-04-01,94023.0,7522.0,Promotion
EMP10609,2024-04-01,105373.0,12645.0,Market Adjustment
EMP10609,2025-04-01,119408.0,9553.0,Promotion
EMP10609,2026-04-01,127275.0,15273.0,Annual Revision
EMP10610,2020-04-01,33424.0,4011.0,Promotion
EMP10610,2021-04-01,32513.0,3902.0,No Change
EMP10610,2022-04-01,37843.0,3027.0,Market Adjustment
EMP10610,2023-04-01,41469.0,3318.0,Annual Revision
EMP10610,2024-04-01,45303.0,2265.0,Market Adjustment
EMP10610,2025-04-01,49724.0,3978.0,Annual Revision
EMP10610,2026-04-01,54465.0,4357.0,No Change
EMP10611,2023-04-01,89961.0,10795.0,Market Adjustment
EMP10611,2024-04-01,98603.0,7888.0,Annual Revision
EMP10611,2025-04-01,107922.0,3238.0,No Change
EMP10611,2026-04-01,124190.0,9935.0,Annual Revision
EMP10612,2020-04-01,71262.0,3563.0,Promotion
EMP10612,2021-04-01,73077.0,2192.0,Market Adjustment
EMP10612,2022-04-01,75717.0,6057.0,Annual Revision
EMP10612,2023-04-01,95294.0,4765.0,Annual Revision
EMP10612,2024-04-01,95212.0,2856.0,Annual Revision
EMP10612,2025-04-01,104724.0,5236.0,Annual Revision
EMP10612,2026-04-01,114174.0,9134.0,Promotion
EMP10613,2024-04-01,72742.0,5819.0,Market Adjustment
EMP10613,2025-04-01,75367.0,2261.0,Promotion
EMP10613,2026-04-01,82279.0,6582.0,Market Adjustment
EMP10614,2019-04-01,45298.0,3624.0,No Change
EMP10614,2020-04-01,50231.0,4019.0,No Change
EMP10614,2021-04-01,51130.0,2556.0,No Change
EMP10614,2022-04-01,52257.0,2613.0,Annual Revision
EMP10614,2023-04-01,62602.0,5008.0,Market Adjustment
EMP10614,2024-04-01,69162.0,8299.0,Annual Revision
EMP10614,2025-04-01,71921.0,3596.0,Annual Revision
EMP10614,2026-04-01,81507.0,6521.0,Annual Revision
EMP10615,2025-04-01,125382.0,10031.0,Annual Revision
EMP10615,2026-04-01,134131.0,10730.0,Annual Revision
EMP10616,2024-04-01,42870.0,3430.0,Annual Revision
EMP10616,2025-04-01,46457.0,3717.0,Annual Revision
EMP10616,2026-04-01,50811.0,2541.0,Annual Revision
EMP10617,2022-04-01,41460.0,3317.0,No Change
EMP10617,2023-04-01,46074.0,1382.0,Annual Revision
EMP10617,2024-04-01,53000.0,1590.0,Annual Revision
EMP10617,2025-04-01,58362.0,1751.0,Annual Revision
EMP10617,2026-04-01,60000.0,1800.0,Annual Revision
EMP10618,2019-04-01,66282.0,5303.0,Promotion
EMP10618,2020-04-01,69378.0,5550.0,Promotion
EMP10618,2021-04-01,71840.0,2155.0,Annual Revision
EMP10618,2022-04-01,83121.0,4156.0,Promotion
EMP10618,2023-04-01,107162.0,5358.0,Promotion
EMP10618,2024-04-01,107257.0,3218.0,Market Adjustment
EMP10618,2025-04-01,112567.0,9005.0,Annual Revision
EMP10618,2026-04-01,137684.0,4131.0,Annual Revision
EMP10619,2024-04-01,86916.0,10430.0,Market Adjustment
EMP10619,2025-04-01,95934.0,7675.0,Market Adjustment
EMP10619,2026-04-01,108675.0,5434.0,Annual Revision
EMP10620,2025-04-01,30300.0,1515.0,Market Adjustment
EMP10620,2026-04-01,35350.0,1767.0,Annual Revision
EMP10621,2021-04-01,42559.0,5107.0,Annual Revision
EMP10621,2022-04-01,45897.0,3672.0,Annual Revision
EMP10621,2023-04-01,49356.0,2468.0,No Change
EMP10621,2024-04-01,53038.0,2652.0,Annual Revision
EMP10621,2025-04-01,56971.0,1709.0,Market Adjustment
EMP10621,2026-04-01,68018.0,3401.0,Market Adjustment
EMP10622,2024-04-01,41168.0,4940.0,Annual Revision
EMP10622,2025-04-01,45690.0,3655.0,Annual Revision
EMP10622,2026-04-01,52994.0,6359.0,Market Adjustment
EMP10623,2026-04-01,32681.0,2614.0,No Change
EMP10624,2019-04-01,42632.0,3411.0,Promotion
EMP10624,2020-04-01,48220.0,2411.0,Annual Revision
EMP10624,2021-04-01,48962.0,3917.0,Promotion
EMP10624,2022-04-01,50481.0,4038.0,Annual Revision
EMP10624,2023-04-01,56629.0,4530.0,Annual Revision
EMP10624,2024-04-01,63442.0,5075.0,Annual Revision
EMP10624,2025-04-01,70815.0,5665.0,Annual Revision
EMP10624,2026-04-01,75546.0,3777.0,Annual Revision
EMP10625,2025-04-01,66607.0,7993.0,Market Adjustment
EMP10625,2026-04-01,69656.0,5572.0,Annual Revision
EMP10626,2025-04-01,42447.0,2122.0,Promotion
EMP10626,2026-04-01,46130.0,5536.0,Annual Revision
EMP10627,2026-04-01,70295.0,2109.0,Annual Revision
EMP10628,2019-04-01,30566.0,1528.0,Annual Revision
EMP10628,2020-04-01,33154.0,3979.0,Promotion
EMP10628,2021-04-01,34852.0,2788.0,Annual Revision
EMP10628,2022-04-01,37884.0,3031.0,Promotion
EMP10628,2023-04-01,42438.0,1273.0,Market Adjustment
EMP10628,2024-04-01,49914.0,2496.0,Annual Revision
EMP10628,2025-04-01,51697.0,1551.0,Market Adjustment
EMP10628,2026-04-01,56515.0,6782.0,Annual Revision
EMP10629,2020-04-01,89429.0,4471.0,Market Adjustment
EMP10629,2021-04-01,96610.0,7729.0,Market Adjustment
EMP10629,2022-04-01,109506.0,8760.0,Promotion
EMP10629,2023-04-01,116827.0,3505.0,Annual Revision
EMP10629,2024-04-01,124884.0,6244.0,Annual Revision
EMP10629,2025-04-01,128936.0,3868.0,Annual Revision
EMP10629,2026-04-01,144554.0,7228.0,Annual Revision
EMP10630,2021-04-01,42977.0,3438.0,Promotion
EMP10630,2022-04-01,43264.0,1298.0,Market Adjustment
EMP10630,2023-04-01,49995.0,2500.0,No Change
EMP10630,2024-04-01,56147.0,2807.0,Market Adjustment
EMP10630,2025-04-01,53694.0,2685.0,Annual Revision
EMP10630,2026-04-01,62150.0,1865.0,No Change
EMP10631,2019-04-01,40370.0,1211.0,Annual Revision
EMP10631,2020-04-01,42451.0,5094.0,Annual Revision
EMP10631,2021-04-01,47429.0,2371.0,Annual Revision
EMP10631,2022-04-01,54668.0,4373.0,Annual Revision
EMP10631,2023-04-01,62287.0,3114.0,Annual Revision
EMP10631,2024-04-01,71046.0,3552.0,Market Adjustment
EMP10631,2025-04-01,78403.0,2352.0,Annual Revision
EMP10631,2026-04-01,90652.0,7252.0,Market Adjustment
EMP10632,2019-04-01,68015.0,2040.0,Annual Revision
EMP10632,2020-04-01,73072.0,2192.0,Promotion
EMP10632,2021-04-01,80632.0,2419.0,No Change
EMP10632,2022-04-01,90080.0,4504.0,Annual Revision
EMP10632,2023-04-01,113551.0,5678.0,Annual Revision
EMP10632,2024-04-01,122557.0,6128.0,Market Adjustment
EMP10632,2025-04-01,134817.0,4045.0,Annual Revision
EMP10632,2026-04-01,143948.0,7197.0,Annual Revision
EMP10633,2020-04-01,88808.0,7105.0,Annual Revision
EMP10633,2021-04-01,88317.0,10598.0,Annual Revision
EMP10633,2022-04-01,95851.0,7668.0,Annual Revision
EMP10633,2023-04-01,113369.0,5668.0,Annual Revision
EMP10633,2024-04-01,126538.0,10123.0,Annual Revision
EMP10633,2025-04-01,138007.0,6900.0,Annual Revision
EMP10633,2026-04-01,144671.0,4340.0,Annual Revision
EMP10634,2021-04-01,66639.0,5331.0,Promotion
EMP10634,2022-04-01,71174.0,3559.0,Promotion
EMP10634,2023-04-01,85219.0,6818.0,Promotion
EMP10634,2024-04-01,90963.0,4548.0,Promotion
EMP10634,2025-04-01,93493.0,4675.0,No Change
EMP10634,2026-04-01,112742.0,5637.0,Market Adjustment
EMP10635,2020-04-01,45346.0,5442.0,Market Adjustment
EMP10635,2021-04-01,49544.0,2477.0,Market Adjustment
EMP10635,2022-04-01,52681.0,6322.0,Market Adjustment
EMP10635,2023-04-01,62848.0,1885.0,Annual Revision
EMP10635,2024-04-01,69749.0,2092.0,Market Adjustment
EMP10635,2025-04-01,73320.0,5866.0,Annual Revision
EMP10635,2026-04-01,85688.0,,Market Adjustment
EMP10636,2026-04-01,44606.0,2230.0,Annual Revision
EMP10637,2022-04-01,88274.0,4414.0,Annual Revision
EMP10637,2023-04-01,93143.0,2794.0,Annual Revision
EMP10637,2024-04-01,108866.0,5443.0,Market Adjustment
EMP10637,2025-04-01,119274.0,3578.0,Annual Revision
EMP10637,2026-04-01,134312.0,6716.0,Promotion
EMP10638,2022-04-01,60136.0,4811.0,Annual Revision
EMP10638,2023-04-01,74187.0,2226.0,Promotion
EMP10638,2024-04-01,82305.0,2469.0,Annual Revision
EMP10638,2025-04-01,88689.0,2661.0,No Change
EMP10638,2026-04-01,92621.0,7410.0,Market Adjustment
EMP10639,2023-04-01,31993.0,1600.0,Market Adjustment
EMP10639,2024-04-01,35613.0,1068.0,Promotion
EMP10639,2025-04-01,39518.0,1186.0,Annual Revision
EMP10639,2026-04-01,41513.0,3321.0,Annual Revision
EMP10640,2026-04-01,69195.0,2076.0,Annual Revision
EMP10641,2025-04-01,94101.0,7528.0,No Change
EMP10641,2026-04-01,101175.0,5059.0,Annual Revision
EMP10642,2023-04-01,67072.0,2012.0,Annual Revision
EMP10642,2024-04-01,72611.0,2178.0,Promotion
EMP10642,2025-04-01,85268.0,6821.0,No Change
EMP10642,2026-04-01,94083.0,4704.0,Annual Revision
EMP10643,2024-04-01,71514.0,5721.0,Annual Revision
EMP10643,2025-04-01,73926.0,5914.0,Annual Revision
EMP10643,2026-04-01,87136.0,10456.0,Market Adjustment
EMP10644,2019-04-01,129526.0,6476.0,Annual Revision
EMP10644,2020-04-01,128131.0,6407.0,Market Adjustment
EMP10644,2021-04-01,133892.0,6695.0,Annual Revision
EMP10644,2022-04-01,147138.0,17657.0,Annual Revision
EMP10644,2023-04-01,174687.0,8734.0,Market Adjustment
EMP10644,2024-04-01,189063.0,15125.0,Market Adjustment
EMP10644,2025-04-01,214117.0,10706.0,No Change
EMP10644,2026-04-01,228344.0,11417.0,Market Adjustment
EMP10645,2023-04-01,30957.0,929.0,Market Adjustment
EMP10645,2024-04-01,34924.0,1746.0,Annual Revision
EMP10645,2025-04-01,42399.0,1272.0,No Change
EMP10645,2026-04-01,42408.0,2120.0,Annual Revision
EMP10646,2020-04-01,41849.0,2092.0,Annual Revision
EMP10646,2021-04-01,47409.0,2370.0,Annual Revision
EMP10646,2022-04-01,45166.0,2258.0,Promotion
EMP10646,2023-04-01,57646.0,4612.0,Annual Revision
EMP10646,2024-04-01,56945.0,2847.0,Annual Revision
EMP10646,2025-04-01,65691.0,1971.0,Annual Revision
EMP10646,2026-04-01,67120.0,3356.0,Promotion
EMP10647,2023-04-01,89153.0,4458.0,Market Adjustment
EMP10647,2024-04-01,104785.0,12574.0,Annual Revision
EMP10647,2025-04-01,108312.0,3249.0,No Change
EMP10647,2026-04-01,113940.0,3418.0,No Change
EMP10648,2019-04-01,92880.0,4644.0,Annual Revision
EMP10648,2020-04-01,95286.0,7623.0,Annual Revision
EMP10648,2021-04-01,103129.0,12375.0,Market Adjustment
EMP10648,2022-04-01,113479.0,13617.0,Annual Revision
EMP10648,2023-04-01,124272.0,6214.0,Market Adjustment
EMP10648,2024-04-01,130206.0,6510.0,Market Adjustment
EMP10648,2025-04-01,151539.0,12123.0,Promotion
EMP10648,2026-04-01,165440.0,8272.0,Market Adjustment
EMP10649,2024-04-01,128839.0,6442.0,Annual Revision
EMP10649,2025-04-01,141398.0,11312.0,Annual Revision
EMP10649,2026-04-01,142632.0,11411.0,Annual Revision
EMP10650,2024-04-01,123858.0,3716.0,Annual Revision
EMP10650,2025-04-01,141436.0,16972.0,Annual Revision
EMP10650,2026-04-01,150175.0,7509.0,Promotion
EMP10651,2021-04-01,92792.0,7423.0,No Change
EMP10651,2022-04-01,95358.0,11443.0,Annual Revision
EMP10651,2023-04-01,104638.0,5232.0,Annual Revision
EMP10651,2024-04-01,118537.0,14224.0,Annual Revision
EMP10651,2025-04-01,131650.0,15798.0,Market Adjustment
EMP10651,2026-04-01,134140.0,6707.0,Promotion
EMP10652,2023-04-01,67084.0,8050.0,Promotion
EMP10652,2024-04-01,78019.0,9362.0,No Change
EMP10652,2025-04-01,82753.0,2483.0,Market Adjustment
EMP10652,2026-04-01,90476.0,7238.0,Market Adjustment
EMP10653,2020-04-01,89454.0,4473.0,Market Adjustment
EMP10653,2021-04-01,91481.0,7318.0,Market Adjustment
EMP10653,2022-04-01,98845.0,7908.0,Annual Revision
EMP10653,2023-04-01,117289.0,9383.0,Annual Revision
EMP10653,2024-04-01,123658.0,6183.0,Annual Revision
EMP10653,2025-04-01,137858.0,11029.0,Annual Revision
EMP10653,2026-04-01,155651.0,18678.0,Annual Revision
EMP10654,2024-04-01,64151.0,5132.0,Annual Revision
EMP10654,2025-04-01,70552.0,3528.0,Annual Revision
EMP10654,2026-04-01,78839.0,3942.0,No Change
EMP10655,2024-04-01,123339.0,9867.0,Annual Revision
EMP10655,2025-04-01,127470.0,3824.0,Annual Revision
EMP10655,2026-04-01,153669.0,4610.0,Annual Revision
EMP10656,2024-04-01,41353.0,3308.0,Promotion
EMP10656,2025-04-01,46492.0,3719.0,Annual Revision
EMP10656,2026-04-01,50564.0,2528.0,Promotion
EMP10657,2019-04-01,40133.0,3211.0,Annual Revision
EMP10657,2020-04-01,45191.0,5423.0,No Change
EMP10657,2021-04-01,49821.0,2491.0,Promotion
EMP10657,2022-04-01,48792.0,2440.0,Annual Revision
EMP10657,2023-04-01,57397.0,6888.0,Promotion
EMP10657,2024-04-01,62697.0,3135.0,Market Adjustment
EMP10657,2025-04-01,73523.0,3676.0,No Change
EMP10657,2026-04-01,79286.0,6343.0,No Change
EMP10658,2021-04-01,61384.0,7366.0,Market Adjustment
EMP10658,2022-04-01,70352.0,5628.0,Promotion
EMP10658,2023-04-01,82706.0,6616.0,Annual Revision
EMP10658,2024-04-01,83064.0,2492.0,Promotion
EMP10658,2025-04-01,96430.0,4821.0,No Change
EMP10658,2026-04-01,107808.0,8625.0,Promotion
EMP10659,2026-04-01,32764.0,3932.0,Market Adjustment
EMP10660,2022-04-01,40870.0,4904.0,No Change
EMP10660,2023-04-01,46271.0,1388.0,Promotion
EMP10660,2024-04-01,52022.0,2601.0,Annual Revision
EMP10660,2025-04-01,55030.0,2751.0,Annual Revision
EMP10660,2026-04-01,59103.0,1773.0,Promotion
EMP10661,2022-04-01,40458.0,3237.0,Market Adjustment
EMP10661,2023-04-01,46769.0,1403.0,Annual Revision
EMP10661,2024-04-01,48981.0,2449.0,Market Adjustment
EMP10661,2025-04-01,55189.0,1656.0,No Change
EMP10661,2026-04-01,58260.0,2913.0,Market Adjustment
EMP10662,2019-04-01,43389.0,3471.0,Promotion
EMP10662,2020-04-01,46422.0,3714.0,No Change
EMP10662,2021-04-01,49975.0,5997.0,Annual Revision
EMP10662,2022-04-01,55914.0,6710.0,Annual Revision
EMP10662,2023-04-01,67621.0,3381.0,No Change
EMP10662,2024-04-01,66212.0,5297.0,Promotion
EMP10662,2025-04-01,81427.0,2443.0,Market Adjustment
EMP10662,2026-04-01,87587.0,7007.0,Annual Revision
EMP10663,2020-04-01,89385.0,4469.0,Market Adjustment
EMP10663,2021-04-01,100858.0,3026.0,Annual Revision
EMP10663,2022-04-01,103996.0,8320.0,Annual Revision
EMP10663,2023-04-01,122460.0,3674.0,Annual Revision
EMP10663,2024-04-01,131782.0,3953.0,Market Adjustment
EMP10663,2025-04-01,138644.0,11092.0,Promotion
EMP10663,2026-04-01,172127.0,5164.0,Promotion
EMP10664,2024-04-01,45467.0,2273.0,Market Adjustment
EMP10664,2025-04-01,50512.0,4041.0,Annual Revision
EMP10664,2026-04-01,53061.0,4245.0,No Change
EMP10665,2025-04-01,61248.0,3062.0,Annual Revision
EMP10665,2026-04-01,69140.0,2074.0,Market Adjustment
EMP10666,2021-04-01,125096.0,3753.0,Annual Revision
EMP10666,2022-04-01,137471.0,4124.0,Annual Revision
EMP10666,2023-04-01,146155.0,4385.0,Annual Revision
EMP10666,2024-04-01,162186.0,8109.0,Annual Revision
EMP10666,2025-04-01,169018.0,20282.0,Market Adjustment
EMP10666,2026-04-01,192964.0,5789.0,Promotion
EMP10667,2019-04-01,32156.0,2573.0,Annual Revision
EMP10667,2020-04-01,33348.0,1667.0,Annual Revision
EMP10667,2021-04-01,36370.0,1091.0,Annual Revision
EMP10667,2022-04-01,38516.0,3081.0,Annual Revision
EMP10667,2023-04-01,45832.0,3667.0,Annual Revision
EMP10667,2024-04-01,50458.0,2523.0,Annual Revision
EMP10667,2025-04-01,53886.0,2694.0,Annual Revision
EMP10667,2026-04-01,61994.0,1860.0,Annual Revision
EMP10668,2019-04-01,65182.0,3259.0,Market Adjustment
EMP10668,2020-04-01,70369.0,3518.0,Promotion
EMP10668,2021-04-01,74193.0,2226.0,Annual Revision
EMP10668,2022-04-01,77039.0,3852.0,Annual Revision
EMP10668,2023-04-01,88936.0,7115.0,No Change
EMP10668,2024-04-01,97787.0,7823.0,Market Adjustment
EMP10668,2025-04-01,113114.0,9049.0,Annual Revision
EMP10668,2026-04-01,115759.0,3473.0,Promotion
EMP10669,2026-04-01,46476.0,1394.0,Promotion
EMP10670,2024-04-01,60332.0,3017.0,Annual Revision
EMP10670,2025-04-01,69081.0,3454.0,Market Adjustment
EMP10670,2026-04-01,79079.0,6326.0,No Change
EMP10671,2019-04-01,32719.0,1636.0,Annual Revision
EMP10671,2020-04-01,34033.0,2723.0,Annual Revision
EMP10671,2021-04-01,36363.0,2909.0,Promotion
EMP10671,2022-04-01,39924.0,1996.0,Market Adjustment
EMP10671,2023-04-01,47088.0,3767.0,Market Adjustment
EMP10671,2024-04-01,50250.0,4020.0,Annual Revision
EMP10671,2025-04-01,55038.0,1651.0,Annual Revision
EMP10671,2026-04-01,63153.0,3158.0,Annual Revision
EMP10672,2023-04-01,41186.0,3295.0,Market Adjustment
EMP10672,2024-04-01,41037.0,2052.0,Annual Revision
EMP10672,2025-04-01,49455.0,2473.0,Annual Revision
EMP10672,2026-04-01,53778.0,1613.0,Market Adjustment
EMP10673,2024-04-01,43341.0,3467.0,No Change
EMP10673,2025-04-01,45284.0,1359.0,Annual Revision
EMP10673,2026-04-01,51372.0,4110.0,Promotion
EMP10674,2020-04-01,48839.0,5861.0,Annual Revision
EMP10674,2021-04-01,49985.0,2499.0,Annual Revision
EMP10674,2022-04-01,53062.0,6367.0,Annual Revision
EMP10674,2023-04-01,58782.0,1763.0,Promotion
EMP10674,2024-04-01,69103.0,2073.0,Market Adjustment
EMP10674,2025-04-01,73626.0,2209.0,Promotion
EMP10674,2026-04-01,80813.0,9698.0,No Change
EMP10675,2025-04-01,73705.0,3685.0,Annual Revision
EMP10675,2026-04-01,78187.0,2346.0,No Change
EMP10676,2019-04-01,72534.0,2176.0,Market Adjustment
EMP10676,2020-04-01,74204.0,3710.0,Annual Revision
EMP10676,2021-04-01,73529.0,2206.0,Promotion
EMP10676,2022-04-01,80609.0,6449.0,Promotion
EMP10676,2023-04-01,95808.0,7665.0,Market Adjustment
EMP10676,2024-04-01,99891.0,11987.0,Annual Revision
EMP10676,2025-04-01,119139.0,3574.0,Annual Revision
EMP10676,2026-04-01,132194.0,3966.0,Market Adjustment
EMP10677,2020-04-01,70803.0,8496.0,No Change
EMP10677,2021-04-01,71011.0,5681.0,Promotion
EMP10677,2022-04-01,78443.0,2353.0,Annual Revision
EMP10677,2023-04-01,91860.0,7349.0,Annual Revision
EMP10677,2024-04-01,92623.0,7410.0,Annual Revision
EMP10677,2025-04-01,104623.0,3139.0,Annual Revision
EMP10677,2026-04-01,117546.0,9404.0,Annual Revision
EMP10678,2021-04-01,63347.0,5068.0,Annual Revision
EMP10678,2022-04-01,67424.0,5394.0,Annual Revision
EMP10678,2023-04-01,79821.0,2395.0,Market Adjustment
EMP10678,2024-04-01,90063.0,4503.0,Promotion
EMP10678,2025-04-01,96613.0,7729.0,Annual Revision
EMP10678,2026-04-01,103371.0,8270.0,Annual Revision
EMP10679,2019-04-01,71781.0,2153.0,Annual Revision
EMP10679,2020-04-01,77678.0,6214.0,Market Adjustment
EMP10679,2021-04-01,78181.0,3909.0,Promotion
EMP10679,2022-04-01,86924.0,6954.0,No Change
EMP10679,2023-04-01,98961.0,4948.0,Market Adjustment
EMP10679,2024-04-01,107317.0,5366.0,Annual Revision
EMP10679,2025-04-01,123471.0,6174.0,Annual Revision
EMP10679,2026-04-01,135835.0,6792.0,No Change
EMP10680,2025-04-01,30524.0,2442.0,Market Adjustment
EMP10680,2026-04-01,35117.0,1756.0,Promotion
EMP10681,2023-04-01,45393.0,1362.0,Promotion
EMP10681,2024-04-01,48933.0,3915.0,Annual Revision
EMP10681,2025-04-01,51821.0,4146.0,Annual Revision
EMP10681,2026-04-01,58550.0,7026.0,Market Adjustment
EMP10682,2025-04-01,31237.0,2499.0,Annual Revision
EMP10682,2026-04-01,34385.0,2751.0,Annual Revision
EMP10683,2022-04-01,31801.0,2544.0,Market Adjustment
EMP10683,2023-04-01,35153.0,1758.0,No Change
EMP10683,2024-04-01,37557.0,1127.0,Annual Revision
EMP10683,2025-04-01,44972.0,3598.0,Market Adjustment
EMP10683,2026-04-01,51081.0,2554.0,Promotion
EMP10684,2019-04-01,41598.0,2080.0,Promotion
EMP10684,2020-04-01,50122.0,2506.0,Annual Revision
EMP10684,2021-04-01,50603.0,2530.0,Annual Revision
EMP10684,2022-04-01,50860.0,1526.0,Annual Revision
EMP10684,2023-04-01,63552.0,3178.0,Annual Revision
EMP10684,2024-04-01,70862.0,2126.0,No Change
EMP10684,2025-04-01,79429.0,6354.0,Annual Revision
EMP10684,2026-04-01,87721.0,4386.0,Annual Revision
EMP10685,2023-04-01,90205.0,10825.0,Annual Revision
EMP10685,2024-04-01,102412.0,8193.0,Annual Revision
EMP10685,2025-04-01,105346.0,12642.0,No Change
EMP10685,2026-04-01,109613.0,5481.0,No Change
EMP10686,2024-04-01,67321.0,5386.0,Annual Revision
EMP10686,2025-04-01,78567.0,6285.0,Annual Revision
EMP10686,2026-04-01,86050.0,6884.0,Annual Revision
EMP10687,2022-04-01,68267.0,8192.0,Annual Revision
EMP10687,2023-04-01,67903.0,5432.0,Market Adjustment
EMP10687,2024-04-01,79016.0,2370.0,No Change
EMP10687,2025-04-01,88133.0,2644.0,Promotion
EMP10687,2026-04-01,103710.0,8297.0,Market Adjustment
EMP10688,2023-04-01,32924.0,2634.0,Market Adjustment
EMP10688,2024-04-01,36394.0,2912.0,Annual Revision
EMP10688,2025-04-01,36794.0,1840.0,Market Adjustment
EMP10688,2026-04-01,42042.0,1261.0,Promotion
EMP10689,2026-04-01,126651.0,6333.0,Annual Revision
EMP10690,2022-04-01,90225.0,10827.0,Annual Revision
EMP10690,2023-04-01,94803.0,4740.0,Annual Revision
EMP10690,2024-04-01,109731.0,5487.0,Annual Revision
EMP10690,2025-04-01,116824.0,9346.0,Annual Revision
EMP10690,2026-04-01,125179.0,10014.0,Market Adjustment
EMP10691,2025-04-01,89471.0,4474.0,Annual Revision
EMP10691,2026-04-01,94012.0,11281.0,Annual Revision
EMP10692,2021-04-01,64255.0,,Annual Revision
EMP10692,2022-04-01,69171.0,3459.0,Promotion
EMP10692,2023-04-01,78688.0,9443.0,Annual Revision
EMP10692,2024-04-01,84789.0,2544.0,Annual Revision
EMP10692,2025-04-01,86622.0,6930.0,Market Adjustment
EMP10692,2026-04-01,103554.0,5178.0,Promotion
EMP10693,2022-04-01,69828.0,2095.0,Annual Revision
EMP10693,2023-04-01,73713.0,3686.0,Promotion
EMP10693,2024-04-01,82873.0,2486.0,Annual Revision
EMP10693,2025-04-01,90960.0,4548.0,Promotion
EMP10693,2026-04-01,95074.0,7606.0,Market Adjustment
EMP10694,2019-04-01,46931.0,2347.0,Annual Revision
EMP10694,2020-04-01,47650.0,1429.0,Annual Revision
EMP10694,2021-04-01,51716.0,4137.0,Promotion
EMP10694,2022-04-01,55958.0,1679.0,No Change
EMP10694,2023-04-01,59718.0,7166.0,Annual Revision
EMP10694,2024-04-01,67238.0,5379.0,Market Adjustment
EMP10694,2025-04-01,74080.0,3704.0,Annual Revision
EMP10694,2026-04-01,80703.0,4035.0,Annual Revision
EMP10695,2024-04-01,32989.0,3959.0,Annual Revision
EMP10695,2025-04-01,37014.0,1851.0,Annual Revision
EMP10695,2026-04-01,37798.0,4536.0,Annual Revision
EMP10696,2021-04-01,31923.0,2554.0,Promotion
EMP10696,2022-04-01,34627.0,2770.0,Annual Revision
EMP10696,2023-04-01,40769.0,1223.0,No Change
EMP10696,2024-04-01,40742.0,4889.0,No Change
EMP10696,2025-04-01,45369.0,3629.0,Annual Revision
EMP10696,2026-04-01,50800.0,1524.0,Annual Revision
EMP10697,2020-04-01,120145.0,9612.0,Annual Revision
EMP10697,2021-04-01,138095.0,6905.0,Annual Revision
EMP10697,2022-04-01,141956.0,17035.0,Annual Revision
EMP10697,2023-04-01,166021.0,13282.0,Market Adjustment
EMP10697,2024-04-01,172405.0,13792.0,No Change
EMP10697,2025-04-01,203481.0,10174.0,Annual Revision
EMP10697,2026-04-01,200833.0,16067.0,Annual Revision
EMP10698,2022-04-01,131497.0,10520.0,Market Adjustment
EMP10698,2023-04-01,143597.0,4308.0,Annual Revision
EMP10698,2024-04-01,156605.0,7830.0,Annual Revision
EMP10698,2025-04-01,166181.0,4985.0,Annual Revision
EMP10698,2026-04-01,185274.0,5558.0,Promotion
EMP10699,2019-04-01,42731.0,2137.0,Annual Revision
EMP10699,2020-04-01,45122.0,2256.0,Annual Revision
EMP10699,2021-04-01,47061.0,2353.0,Annual Revision
EMP10699,2022-04-01,54279.0,4342.0,Promotion
EMP10699,2023-04-01,62097.0,3105.0,Market Adjustment
EMP10699,2024-04-01,63882.0,3194.0,Annual Revision
EMP10699,2025-04-01,69686.0,3484.0,Annual Revision
EMP10699,2026-04-01,76185.0,3809.0,Annual Revision
EMP10700,2020-04-01,34171.0,2734.0,Annual Revision
EMP10700,2021-04-01,34998.0,1750.0,Annual Revision
EMP10700,2022-04-01,37265.0,2981.0,Annual Revision
EMP10700,2023-04-01,43812.0,3505.0,Annual Revision
EMP10700,2024-04-01,47353.0,2368.0,Market Adjustment
EMP10700,2025-04-01,53191.0,6383.0,No Change
EMP10700,2026-04-01,63082.0,3154.0,Market Adjustment
EMP10701,2023-04-01,45275.0,1358.0,No Change
EMP10701,2024-04-01,52122.0,2606.0,Annual Revision
EMP10701,2025-04-01,52732.0,1582.0,Annual Revision
EMP10701,2026-04-01,58638.0,1759.0,No Change
EMP10702,2025-04-01,46127.0,1384.0,Annual Revision
EMP10702,2026-04-01,49832.0,1495.0,Market Adjustment
EMP10703,2021-04-01,89389.0,4469.0,Annual Revision
EMP10703,2022-04-01,94262.0,7541.0,Market Adjustment
EMP10703,2023-04-01,102704.0,5135.0,Promotion
EMP10703,2024-04-01,114650.0,5732.0,Market Adjustment
EMP10703,2025-04-01,128088.0,10247.0,Annual Revision
EMP10703,2026-04-01,131232.0,10499.0,Promotion
EMP10704,2020-04-01,31609.0,948.0,Annual Revision
EMP10704,2021-04-01,34842.0,1045.0,No Change
EMP10704,2022-04-01,38939.0,1947.0,Promotion
EMP10704,2023-04-01,44417.0,3553.0,Annual Revision
EMP10704,2024-04-01,44992.0,5399.0,Market Adjustment
EMP10704,2025-04-01,53654.0,2683.0,Annual Revision
EMP10704,2026-04-01,59219.0,4738.0,Promotion
EMP10705,2025-04-01,30355.0,911.0,No Change
EMP10705,2026-04-01,35107.0,4213.0,Market Adjustment
EMP10706,2024-04-01,29973.0,1499.0,Annual Revision
EMP10706,2025-04-01,35119.0,2810.0,Annual Revision
EMP10706,2026-04-01,38531.0,1927.0,Annual Revision
EMP10707,2022-04-01,33204.0,996.0,Annual Revision
EMP10707,2023-04-01,36824.0,4419.0,Annual Revision
EMP10707,2024-04-01,39807.0,1990.0,Annual Revision
EMP10707,2025-04-01,45899.0,1377.0,Annual Revision
EMP10707,2026-04-01,46910.0,2346.0,No Change
EMP10708,2020-04-01,121813.0,9745.0,Annual Revision
EMP10708,2021-04-01,130460.0,3914.0,Promotion
EMP10708,2022-04-01,143282.0,4298.0,Market Adjustment
EMP10708,2023-04-01,174385.0,8719.0,Annual Revision
EMP10708,2024-04-01,187167.0,14973.0,Annual Revision
EMP10708,2025-04-01,206977.0,6209.0,Promotion
EMP10708,2026-04-01,249027.0,12451.0,Annual Revision
EMP10709,2019-04-01,43995.0,1320.0,Annual Revision
EMP10709,2020-04-01,44371.0,2219.0,Promotion
EMP10709,2021-04-01,53570.0,4286.0,Annual Revision
EMP10709,2022-04-01,53592.0,6431.0,Market Adjustment
EMP10709,2023-04-01,59949.0,2997.0,Market Adjustment
EMP10709,2024-04-01,67971.0,5438.0,Annual Revision
EMP10709,2025-04-01,81805.0,4090.0,No Change
EMP10709,2026-04-01,91343.0,7307.0,Promotion
EMP10710,2022-04-01,123382.0,9871.0,Annual Revision
EMP10710,2023-04-01,134240.0,6712.0,Market Adjustment
EMP10710,2024-04-01,145387.0,11631.0,Annual Revision
EMP10710,2025-04-01,162660.0,13013.0,Market Adjustment
EMP10710,2026-04-01,170614.0,5118.0,Annual Revision
EMP10711,2022-04-01,69207.0,2076.0,Annual Revision
EMP10711,2023-04-01,70092.0,2103.0,Annual Revision
EMP10711,2024-04-01,77656.0,6213.0,No Change
EMP10711,2025-04-01,85246.0,2557.0,Promotion
EMP10711,2026-04-01,94938.0,7595.0,Annual Revision
EMP10712,2025-04-01,65311.0,3266.0,Annual Revision
EMP10712,2026-04-01,70290.0,8435.0,Annual Revision
EMP10713,2023-04-01,65152.0,5212.0,Annual Revision
EMP10713,2024-04-01,75444.0,6036.0,Annual Revision
EMP10713,2025-04-01,75280.0,2258.0,Annual Revision
EMP10713,2026-04-01,83832.0,4192.0,Market Adjustment
EMP10714,2020-04-01,44689.0,3575.0,Annual Revision
EMP10714,2021-04-01,48104.0,2405.0,Market Adjustment
EMP10714,2022-04-01,50059.0,4005.0,Annual Revision
EMP10714,2023-04-01,57512.0,2876.0,Promotion
EMP10714,2024-04-01,64700.0,3235.0,Annual Revision
EMP10714,2025-04-01,67164.0,5373.0,Promotion
EMP10714,2026-04-01,75442.0,3772.0,Annual Revision
EMP10715,2022-04-01,66681.0,8002.0,Annual Revision
EMP10715,2023-04-01,72260.0,8671.0,Annual Revision
EMP10715,2024-04-01,78102.0,6248.0,Annual Revision
EMP10715,2025-04-01,85138.0,6811.0,Promotion
EMP10715,2026-04-01,91361.0,2741.0,Annual Revision
EMP10716,2024-04-01,68474.0,5478.0,No Change
EMP10716,2025-04-01,75447.0,9054.0,Promotion
EMP10716,2026-04-01,80372.0,2411.0,No Change
EMP10717,2019-04-01,39514.0,1976.0,Market Adjustment
EMP10717,2020-04-01,44462.0,3557.0,Annual Revision
EMP10717,2021-04-01,48737.0,2437.0,No Change
EMP10717,2022-04-01,51155.0,2558.0,No Change
EMP10717,2023-04-01,59583.0,1787.0,Annual Revision
EMP10717,2024-04-01,60466.0,4837.0,Annual Revision
EMP10717,2025-04-01,69981.0,5598.0,Annual Revision
EMP10717,2026-04-01,72354.0,3618.0,Annual Revision
EMP10718,2024-04-01,31610.0,3793.0,Annual Revision
EMP10718,2025-04-01,35912.0,1796.0,Promotion
EMP10718,2026-04-01,38291.0,1915.0,Promotion
EMP10719,2025-04-01,127744.0,3832.0,Annual Revision
EMP10719,2026-04-01,139663.0,16760.0,No Change
EMP10720,2019-04-01,69138.0,3457.0,Promotion
EMP10720,2020-04-01,74827.0,3741.0,Annual Revision
EMP10720,2021-04-01,76720.0,6138.0,Market Adjustment
EMP10720,2022-04-01,95111.0,2853.0,No Change
EMP10720,2023-04-01,109866.0,3296.0,Market Adjustment
EMP10720,2024-04-01,116796.0,3504.0,Market Adjustment
EMP10720,2025-04-01,132432.0,15892.0,Annual Revision
EMP10720,2026-04-01,142453.0,11396.0,No Change
EMP10721,2019-04-01,43450.0,2172.0,Annual Revision
EMP10721,2020-04-01,47035.0,3763.0,Promotion
EMP10721,2021-04-01,49403.0,2470.0,Promotion
EMP10721,2022-04-01,56540.0,2827.0,Annual Revision
EMP10721,2023-04-01,68760.0,5501.0,Market Adjustment
EMP10721,2024-04-01,74865.0,2246.0,Market Adjustment
EMP10721,2025-04-01,74035.0,8884.0,Promotion
EMP10721,2026-04-01,85703.0,4285.0,Annual Revision
EMP10722,2023-04-01,63594.0,5087.0,Promotion
EMP10722,2024-04-01,75383.0,2261.0,Annual Revision
EMP10722,2025-04-01,81686.0,2451.0,No Change
EMP10722,2026-04-01,90799.0,2724.0,Annual Revision
EMP10723,2023-04-01,121005.0,9680.0,No Change
EMP10723,2024-04-01,129080.0,6454.0,Annual Revision
EMP10723,2025-04-01,156569.0,12526.0,No Change
EMP10723,2026-04-01,159260.0,7963.0,Promotion
EMP10724,2022-04-01,31954.0,2556.0,Annual Revision
EMP10724,2023-04-01,34751.0,2780.0,Annual Revision
EMP10724,2024-04-01,34827.0,1045.0,Annual Revision
EMP10724,2025-04-01,40526.0,4863.0,Market Adjustment
EMP10724,2026-04-01,43978.0,3518.0,Promotion
EMP10725,2024-04-01,70713.0,3536.0,Promotion
EMP10725,2025-04-01,80283.0,6423.0,Market Adjustment
EMP10725,2026-04-01,88278.0,7062.0,Market Adjustment
EMP10726,2020-04-01,68831.0,3442.0,Annual Revision
EMP10726,2021-04-01,72876.0,2186.0,Promotion
EMP10726,2022-04-01,79907.0,2397.0,Promotion
EMP10726,2023-04-01,89087.0,4454.0,Promotion
EMP10726,2024-04-01,92698.0,2781.0,Annual Revision
EMP10726,2025-04-01,105747.0,3172.0,Annual Revision
EMP10726,2026-04-01,114024.0,3421.0,Annual Revision
EMP10727,2021-04-01,44291.0,2215.0,Annual Revision
EMP10727,2022-04-01,46842.0,2342.0,Annual Revision
EMP10727,2023-04-01,48347.0,1450.0,Annual Revision
EMP10727,2024-04-01,53774.0,2689.0,Promotion
EMP10727,2025-04-01,60011.0,3001.0,Annual Revision
EMP10727,2026-04-01,63262.0,3163.0,Market Adjustment
EMP10728,2019-04-01,31662.0,1583.0,Market Adjustment
EMP10728,2020-04-01,33290.0,3995.0,Annual Revision
EMP10728,2021-04-01,34403.0,4128.0,No Change
EMP10728,2022-04-01,39183.0,1959.0,Annual Revision
EMP10728,2023-04-01,44592.0,1338.0,Market Adjustment
EMP10728,2024-04-01,51811.0,4145.0,Promotion
EMP10728,2025-04-01,52955.0,6355.0,Market Adjustment
EMP10728,2026-04-01,58274.0,6993.0,Annual Revision
EMP10729,2024-04-01,45511.0,3641.0,Promotion
EMP10729,2025-04-01,53624.0,4290.0,No Change
EMP10729,2026-04-01,57040.0,1711.0,Annual Revision
EMP10730,2025-04-01,66247.0,1987.0,Annual Revision
EMP10730,2026-04-01,72219.0,3611.0,Annual Revision
EMP10731,2019-04-01,32140.0,1607.0,Promotion
EMP10731,2020-04-01,33351.0,1668.0,Annual Revision
EMP10731,2021-04-01,34149.0,2732.0,Annual Revision
EMP10731,2022-04-01,39090.0,1954.0,Promotion
EMP10731,2023-04-01,44231.0,2212.0,Annual Revision
EMP10731,2024-04-01,49995.0,5999.0,Annual Revision
EMP10731,2025-04-01,54039.0,6485.0,No Change
EMP10731,2026-04-01,59744.0,2987.0,Promotion
EMP10732,2023-04-01,83824.0,4191.0,Promotion
EMP10732,2024-04-01,98131.0,7851.0,No Change
EMP10732,2025-04-01,109882.0,8791.0,Annual Revision
EMP10732,2026-04-01,117327.0,5866.0,Market Adjustment
EMP10733,2022-04-01,32934.0,988.0,Promotion
EMP10733,2023-04-01,34508.0,1725.0,Market Adjustment
EMP10733,2024-04-01,38873.0,1944.0,Annual Revision
EMP10733,2025-04-01,41703.0,3336.0,Promotion
EMP10733,2026-04-01,46987.0,3759.0,Promotion
EMP10734,2020-04-01,65195.0,3260.0,Market Adjustment
EMP10734,2021-04-01,69009.0,8281.0,Annual Revision
EMP10734,2022-04-01,76085.0,2283.0,Annual Revision
EMP10734,2023-04-01,88248.0,4412.0,Market Adjustment
EMP10734,2024-04-01,104725.0,8378.0,Annual Revision
EMP10734,2025-04-01,107917.0,5396.0,Promotion
EMP10734,2026-04-01,121307.0,9705.0,Annual Revision
EMP10735,2020-04-01,64581.0,7750.0,Annual Revision
EMP10735,2021-04-01,66357.0,3318.0,No Change
EMP10735,2022-04-01,69180.0,5534.0,Annual Revision
EMP10735,2023-04-01,80447.0,6436.0,Market Adjustment
EMP10735,2024-04-01,91537.0,7323.0,No Change
EMP10735,2025-04-01,98068.0,7845.0,No Change
EMP10735,2026-04-01,113493.0,3405.0,Promotion
EMP10736,2021-04-01,132434.0,6622.0,Annual Revision
EMP10736,2022-04-01,129339.0,3880.0,Market Adjustment
EMP10736,2023-04-01,143481.0,4304.0,Annual Revision
EMP10736,2024-04-01,159700.0,12776.0,Promotion
EMP10736,2025-04-01,176650.0,21198.0,Annual Revision
EMP10736,2026-04-01,186625.0,14930.0,Market Adjustment
EMP10737,2024-04-01,41653.0,1250.0,No Change
EMP10737,2025-04-01,48034.0,2402.0,Annual Revision
EMP10737,2026-04-01,51119.0,6134.0,Annual Revision
EMP10738,2021-04-01,74919.0,2248.0,Annual Revision
EMP10738,2022-04-01,79118.0,9494.0,Promotion
EMP10738,2023-04-01,84178.0,6734.0,Market Adjustment
EMP10738,2024-04-01,97361.0,7789.0,Promotion
EMP10738,2025-04-01,105835.0,3175.0,Annual Revision
EMP10738,2026-04-01,117590.0,3528.0,Annual Revision
EMP10739,2021-04-01,30167.0,2413.0,Promotion
EMP10739,2022-04-01,35093.0,1755.0,Annual Revision
EMP10739,2023-04-01,37157.0,,Annual Revision
EMP10739,2024-04-01,41405.0,1242.0,Promotion
EMP10739,2025-04-01,44346.0,2217.0,Market Adjustment
EMP10739,2026-04-01,49264.0,2463.0,Annual Revision
EMP10740,2022-04-01,41156.0,2058.0,Market Adjustment
EMP10740,2023-04-01,47479.0,3798.0,Market Adjustment
EMP10740,2024-04-01,51695.0,6203.0,Market Adjustment
EMP10740,2025-04-01,52257.0,2613.0,Annual Revision
EMP10740,2026-04-01,60047.0,1801.0,No Change
EMP10741,2025-04-01,64283.0,1929.0,No Change
EMP10741,2026-04-01,70122.0,3506.0,Annual Revision
EMP10742,2025-04-01,43637.0,1309.0,Annual Revision
EMP10742,2026-04-01,47062.0,2353.0,No Change
EMP10743,2023-04-01,130113.0,6506.0,Annual Revision
EMP10743,2024-04-01,127498.0,10200.0,Annual Revision
EMP10743,2025-04-01,154846.0,12388.0,Market Adjustment
EMP10743,2026-04-01,168462.0,13477.0,Promotion
EMP10744,2025-04-01,67948.0,5436.0,Annual Revision
EMP10744,2026-04-01,80186.0,2406.0,Annual Revision
EMP10745,2020-04-01,33675.0,1010.0,No Change
EMP10745,2021-04-01,34513.0,1035.0,Promotion
EMP10745,2022-04-01,35551.0,1778.0,No Change
EMP10745,2023-04-01,41894.0,1257.0,Market Adjustment
EMP10745,2024-04-01,44452.0,2223.0,Annual Revision
EMP10745,2025-04-01,48516.0,3881.0,Promotion
EMP10745,2026-04-01,53378.0,2669.0,Market Adjustment
EMP10746,2021-04-01,46483.0,1394.0,Annual Revision
EMP10746,2022-04-01,48041.0,3843.0,Promotion
EMP10746,2023-04-01,54215.0,1626.0,Annual Revision
EMP10746,2024-04-01,58574.0,2929.0,Promotion
EMP10746,2025-04-01,62860.0,1886.0,Annual Revision
EMP10746,2026-04-01,71321.0,3566.0,Market Adjustment
EMP10747,2020-04-01,45819.0,2291.0,Annual Revision
EMP10747,2021-04-01,48635.0,1459.0,Market Adjustment
EMP10747,2022-04-01,51740.0,4139.0,Annual Revision
EMP10747,2023-04-01,55656.0,4452.0,Annual Revision
EMP10747,2024-04-01,64300.0,3215.0,Annual Revision
EMP10747,2025-04-01,71597.0,5728.0,Market Adjustment
EMP10747,2026-04-01,71524.0,3576.0,No Change
EMP10748,2024-04-01,43589.0,2179.0,Promotion
EMP10748,2025-04-01,50771.0,4062.0,No Change
EMP10748,2026-04-01,54959.0,4397.0,Annual Revision
EMP10749,2023-04-01,91057.0,4553.0,No Change
EMP10749,2024-04-01,96655.0,4833.0,Market Adjustment
EMP10749,2025-04-01,106397.0,8512.0,Promotion
EMP10749,2026-04-01,117391.0,3522.0,Promotion
EMP10750,2020-04-01,43497.0,5220.0,Market Adjustment
EMP10750,2021-04-01,45903.0,3672.0,No Change
EMP10750,2022-04-01,47168.0,2358.0,Market Adjustment
EMP10750,2023-04-01,55380.0,2769.0,Market Adjustment
EMP10750,2024-04-01,62422.0,3121.0,Market Adjustment
EMP10750,2025-04-01,67921.0,3396.0,Market Adjustment
EMP10750,2026-04-01,76144.0,6092.0,Annual Revision
EMP10751,2021-04-01,39907.0,1995.0,Promotion
EMP10751,2022-04-01,46775.0,2339.0,Market Adjustment
EMP10751,2023-04-01,52420.0,1573.0,Promotion
EMP10751,2024-04-01,61385.0,7366.0,Market Adjustment
EMP10751,2025-04-01,61700.0,1851.0,Promotion
EMP10751,2026-04-01,67250.0,2017.0,Annual Revision
EMP10752,2023-04-01,44490.0,3559.0,No Change
EMP10752,2024-04-01,49267.0,1478.0,Annual Revision
EMP10752,2025-04-01,52424.0,1573.0,Market Adjustment
EMP10752,2026-04-01,56505.0,2825.0,Annual Revision
EMP10753,2020-04-01,42047.0,2102.0,Market Adjustment
EMP10753,2021-04-01,46687.0,2334.0,Promotion
EMP10753,2022-04-01,51374.0,2569.0,Promotion
EMP10753,2023-04-01,55415.0,1662.0,Promotion
EMP10753,2024-04-01,62211.0,4977.0,Market Adjustment
EMP10753,2025-04-01,69578.0,5566.0,Annual Revision
EMP10753,2026-04-01,79504.0,3975.0,Annual Revision
EMP10754,2025-04-01,59708.0,7165.0,Promotion
EMP10754,2026-04-01,68200.0,2046.0,Annual Revision
EMP10755,2023-04-01,41716.0,3337.0,Annual Revision
EMP10755,2024-04-01,44662.0,3573.0,Annual Revision
EMP10755,2025-04-01,49308.0,3945.0,Market Adjustment
EMP10755,2026-04-01,50565.0,4045.0,Annual Revision
EMP10756,2021-04-01,42364.0,,Market Adjustment
EMP10756,2022-04-01,46674.0,1400.0,Annual Revision
EMP10756,2023-04-01,50519.0,1516.0,Promotion
EMP10756,2024-04-01,50730.0,2537.0,No Change
EMP10756,2025-04-01,57475.0,6897.0,Annual Revision
EMP10756,2026-04-01,61981.0,3099.0,No Change
EMP10757,2019-04-01,42123.0,2106.0,Promotion
EMP10757,2020-04-01,42727.0,2136.0,Annual Revision
EMP10757,2021-04-01,47999.0,2400.0,Market Adjustment
EMP10757,2022-04-01,48420.0,2421.0,Market Adjustment
EMP10757,2023-04-01,56450.0,2822.0,Market Adjustment
EMP10757,2024-04-01,65753.0,3288.0,Market Adjustment
EMP10757,2025-04-01,72134.0,5771.0,Annual Revision
EMP10757,2026-04-01,75814.0,6065.0,Annual Revision
EMP10758,2021-04-01,62352.0,3118.0,Annual Revision
EMP10758,2022-04-01,67140.0,8057.0,Market Adjustment
EMP10758,2023-04-01,77273.0,6182.0,Market Adjustment
EMP10758,2024-04-01,90074.0,2702.0,Annual Revision
EMP10758,2025-04-01,95426.0,4771.0,Market Adjustment
EMP10758,2026-04-01,110393.0,5520.0,Promotion
EMP10759,2026-04-01,32232.0,3868.0,No Change
EMP10760,2020-04-01,32287.0,2583.0,Annual Revision
EMP10760,2021-04-01,33233.0,3988.0,Promotion
EMP10760,2022-04-01,34158.0,1708.0,Annual Revision
EMP10760,2023-04-01,40896.0,1227.0,Annual Revision
EMP10760,2024-04-01,46638.0,5597.0,Annual Revision
EMP10760,2025-04-01,46210.0,1386.0,No Change
EMP10760,2026-04-01,54869.0,2743.0,Promotion
EMP10761,2020-04-01,32174.0,1609.0,Market Adjustment
EMP10761,2021-04-01,35852.0,1793.0,Promotion
EMP10761,2022-04-01,36434.0,1093.0,Annual Revision
EMP10761,2023-04-01,45844.0,1375.0,Promotion
EMP10761,2024-04-01,49041.0,2452.0,Annual Revision
EMP10761,2025-04-01,56813.0,1704.0,Promotion
EMP10761,2026-04-01,61004.0,4880.0,Annual Revision
EMP10762,2020-04-01,69188.0,5535.0,Annual Revision
EMP10762,2021-04-01,71909.0,5753.0,Annual Revision
EMP10762,2022-04-01,77179.0,2315.0,Annual Revision
EMP10762,2023-04-01,90986.0,7279.0,Annual Revision
EMP10762,2024-04-01,96618.0,7729.0,Market Adjustment
EMP10762,2025-04-01,106577.0,8526.0,Annual Revision
EMP10762,2026-04-01,118982.0,5949.0,Promotion
EMP10763,2022-04-01,34075.0,1022.0,Annual Revision
EMP10763,2023-04-01,34642.0,1732.0,Promotion
EMP10763,2024-04-01,36646.0,1099.0,No Change
EMP10763,2025-04-01,41964.0,2098.0,Annual Revision
EMP10763,2026-04-01,39948.0,1997.0,Market Adjustment
EMP10764,2020-04-01,97873.0,4894.0,Annual Revision
EMP10764,2021-04-01,94854.0,2846.0,Promotion
EMP10764,2022-04-01,93545.0,2806.0,Market Adjustment
EMP10764,2023-04-01,121562.0,9725.0,Market Adjustment
EMP10764,2024-04-01,128506.0,10281.0,Annual Revision
EMP10764,2025-04-01,140798.0,16896.0,No Change
EMP10764,2026-04-01,147409.0,11793.0,Promotion
EMP10765,2020-04-01,76510.0,6121.0,No Change
EMP10765,2021-04-01,73958.0,2219.0,Market Adjustment
EMP10765,2022-04-01,86778.0,6942.0,Promotion
EMP10765,2023-04-01,93722.0,2812.0,Market Adjustment
EMP10765,2024-04-01,112416.0,5621.0,Annual Revision
EMP10765,2025-04-01,117020.0,9362.0,Annual Revision
EMP10765,2026-04-01,129367.0,6468.0,Promotion
EMP10766,2019-04-01,41426.0,2071.0,No Change
EMP10766,2020-04-01,44584.0,5350.0,Annual Revision
EMP10766,2021-04-01,53848.0,2692.0,Market Adjustment
EMP10766,2022-04-01,50716.0,4057.0,Promotion
EMP10766,2023-04-01,63417.0,1903.0,Promotion
EMP10766,2024-04-01,71495.0,2145.0,Annual Revision
EMP10766,2025-04-01,78975.0,2369.0,Annual Revision
EMP10766,2026-04-01,86699.0,6936.0,Annual Revision
EMP10767,2021-04-01,43034.0,1291.0,Annual Revision
EMP10767,2022-04-01,43298.0,3464.0,Annual Revision
EMP10767,2023-04-01,49372.0,3950.0,Annual Revision
EMP10767,2024-04-01,52794.0,2640.0,Annual Revision
EMP10767,2025-04-01,60452.0,4836.0,Annual Revision
EMP10767,2026-04-01,63518.0,3176.0,Annual Revision
EMP10768,2025-04-01,30354.0,1518.0,Annual Revision
EMP10768,2026-04-01,36112.0,4333.0,Market Adjustment
EMP10769,2024-04-01,30722.0,922.0,Annual Revision
EMP10769,2025-04-01,36227.0,1087.0,Annual Revision
EMP10769,2026-04-01,37198.0,2976.0,Market Adjustment
EMP10770,2019-04-01,30813.0,2465.0,Annual Revision
EMP10770,2020-04-01,34059.0,1703.0,Annual Revision
EMP10770,2021-04-01,37095.0,2968.0,Annual Revision
EMP10770,2022-04-01,38353.0,1918.0,Promotion
EMP10770,2023-04-01,46168.0,3693.0,No Change
EMP10770,2024-04-01,47436.0,3795.0,Annual Revision
EMP10770,2025-04-01,53974.0,2699.0,Annual Revision
EMP10770,2026-04-01,62141.0,4971.0,Annual Revision
EMP10771,2022-04-01,43563.0,3485.0,Annual Revision
EMP10771,2023-04-01,48529.0,3882.0,Annual Revision
EMP10771,2024-04-01,55289.0,1659.0,Annual Revision
EMP10771,2025-04-01,56584.0,4527.0,Annual Revision
EMP10771,2026-04-01,67157.0,3358.0,Market Adjustment
EMP10772,2020-04-01,67016.0,2010.0,Annual Revision
EMP10772,2021-04-01,65456.0,7855.0,Market Adjustment
EMP10772,2022-04-01,70610.0,5649.0,Annual Revision
EMP10772,2023-04-01,84754.0,6780.0,Annual Revision
EMP10772,2024-04-01,86001.0,2580.0,Annual Revision
EMP10772,2025-04-01,97893.0,7831.0,Promotion
EMP10772,2026-04-01,104897.0,3147.0,Annual Revision
EMP10773,2026-04-01,33164.0,2653.0,Annual Revision
EMP10774,2024-04-01,120792.0,6040.0,Promotion
EMP10774,2025-04-01,143218.0,7161.0,Market Adjustment
EMP10774,2026-04-01,148611.0,4458.0,Annual Revision
EMP10775,2024-04-01,88811.0,7105.0,Promotion
EMP10775,2025-04-01,98546.0,11826.0,No Change
EMP10775,2026-04-01,107544.0,12905.0,Annual Revision
EMP10776,2021-04-01,93723.0,4686.0,Annual Revision
EMP10776,2022-04-01,96632.0,2899.0,Market Adjustment
EMP10776,2023-04-01,102567.0,8205.0,Market Adjustment
EMP10776,2024-04-01,120374.0,9630.0,Market Adjustment
EMP10776,2025-04-01,119275.0,9542.0,Market Adjustment
EMP10776,2026-04-01,136353.0,10908.0,Promotion
EMP10777,2022-04-01,41166.0,1235.0,Annual Revision
EMP10777,2023-04-01,46883.0,2344.0,Annual Revision
EMP10777,2024-04-01,52634.0,1579.0,Annual Revision
EMP10777,2025-04-01,59691.0,2985.0,Market Adjustment
EMP10777,2026-04-01,63277.0,1898.0,Market Adjustment
EMP10778,2019-04-01,129192.0,6460.0,No Change
EMP10778,2020-04-01,131971.0,3959.0,Promotion
EMP10778,2021-04-01,151896.0,7595.0,Market Adjustment
EMP10778,2022-04-01,153836.0,7692.0,Promotion
EMP10778,2023-04-01,167554.0,5027.0,Promotion
EMP10778,2024-04-01,198653.0,9933.0,Promotion
EMP10778,2025-04-01,214120.0,6424.0,Annual Revision
EMP10778,2026-04-01,216749.0,6502.0,Annual Revision
EMP10779,2019-04-01,43247.0,1297.0,Annual Revision
EMP10779,2020-04-01,43566.0,1307.0,Annual Revision
EMP10779,2021-04-01,47628.0,3810.0,Annual Revision
EMP10779,2022-04-01,49000.0,2450.0,Annual Revision
EMP10779,2023-04-01,60439.0,4835.0,Annual Revision
EMP10779,2024-04-01,64989.0,7799.0,Annual Revision
EMP10779,2025-04-01,67574.0,2027.0,Annual Revision
EMP10779,2026-04-01,79965.0,3998.0,Annual Revision
EMP10780,2020-04-01,74595.0,5968.0,Annual Revision
EMP10780,2021-04-01,78098.0,2343.0,Annual Revision
EMP10780,2022-04-01,79105.0,2373.0,Annual Revision
EMP10780,2023-04-01,89559.0,4478.0,Annual Revision
EMP10780,2024-04-01,96186.0,4809.0,Annual Revision
EMP10780,2025-04-01,103578.0,3107.0,Annual Revision
EMP10780,2026-04-01,118837.0,5942.0,No Change
EMP10781,2025-04-01,41886.0,3351.0,No Change
EMP10781,2026-04-01,45350.0,1361.0,Market Adjustment
EMP10782,2023-04-01,71630.0,2149.0,Promotion
EMP10782,2024-04-01,75874.0,3794.0,Promotion
EMP10782,2025-04-01,78723.0,6298.0,Annual Revision
EMP10782,2026-04-01,91313.0,2739.0,Annual Revision
EMP10783,2026-04-01,42449.0,2122.0,Market Adjustment
EMP10784,2020-04-01,30390.0,912.0,Annual Revision
EMP10784,2021-04-01,35052.0,2804.0,Annual Revision
EMP10784,2022-04-01,35750.0,1788.0,Annual Revision
EMP10784,2023-04-01,41846.0,2092.0,No Change
EMP10784,2024-04-01,44321.0,3546.0,Annual Revision
EMP10784,2025-04-01,49826.0,1495.0,Market Adjustment
EMP10784,2026-04-01,53353.0,1601.0,Market Adjustment
EMP10785,2025-04-01,66632.0,3332.0,Annual Revision
EMP10785,2026-04-01,73148.0,3657.0,Annual Revision
EMP10786,2022-04-01,128968.0,10317.0,Annual Revision
EMP10786,2023-04-01,142616.0,4278.0,Market Adjustment
EMP10786,2024-04-01,142430.0,11394.0,Market Adjustment
EMP10786,2025-04-01,161847.0,12948.0,Promotion
EMP10786,2026-04-01,162228.0,12978.0,Annual Revision
EMP10787,2022-04-01,46348.0,2317.0,Market Adjustment
EMP10787,2023-04-01,49022.0,2451.0,Annual Revision
EMP10787,2024-04-01,54477.0,4358.0,Annual Revision
EMP10787,2025-04-01,61001.0,1830.0,Promotion
EMP10787,2026-04-01,62973.0,3149.0,Annual Revision
EMP10788,2025-04-01,45690.0,2284.0,Promotion
EMP10788,2026-04-01,47387.0,5686.0,Market Adjustment
EMP10789,2019-04-01,66053.0,5284.0,Market Adjustment
EMP10789,2020-04-01,67822.0,5426.0,Annual Revision
EMP10789,2021-04-01,76754.0,9211.0,Annual Revision
EMP10789,2022-04-01,79531.0,6362.0,No Change
EMP10789,2023-04-01,96408.0,2892.0,Annual Revision
EMP10789,2024-04-01,104165.0,5208.0,Promotion
EMP10789,2025-04-01,105668.0,8453.0,Annual Revision
EMP10789,2026-04-01,123355.0,9868.0,Annual Revision
EMP10790,2023-04-01,125458.0,3764.0,Annual Revision
EMP10790,2024-04-01,140129.0,7006.0,Annual Revision
EMP10790,2025-04-01,136730.0,4102.0,Promotion
EMP10790,2026-04-01,168749.0,8437.0,Promotion
EMP10791,2025-04-01,42603.0,2130.0,Market Adjustment
EMP10791,2026-04-01,45544.0,1366.0,Promotion
EMP10792,2019-04-01,34168.0,4100.0,Promotion
EMP10792,2020-04-01,34536.0,1727.0,Market Adjustment
EMP10792,2021-04-01,37414.0,1871.0,Annual Revision
EMP10792,2022-04-01,40885.0,4906.0,Promotion
EMP10792,2023-04-01,48319.0,3866.0,No Change
EMP10792,2024-04-01,55265.0,2763.0,Market Adjustment
EMP10792,2025-04-01,59653.0,2983.0,Annual Revision
EMP10792,2026-04-01,66238.0,3312.0,Annual Revision
EMP10793,2024-04-01,46601.0,3728.0,No Change
EMP10793,2025-04-01,47726.0,1432.0,Annual Revision
EMP10793,2026-04-01,52411.0,4193.0,Market Adjustment
EMP10794,2021-04-01,41422.0,1243.0,Market Adjustment
EMP10794,2022-04-01,45875.0,1376.0,Annual Revision
EMP10794,2023-04-01,52962.0,1589.0,Annual Revision
EMP10794,2024-04-01,56809.0,1704.0,Annual Revision
EMP10794,2025-04-01,63096.0,7572.0,Annual Revision
EMP10794,2026-04-01,72502.0,3625.0,Market Adjustment
EMP10795,2025-04-01,41996.0,3360.0,No Change
EMP10795,2026-04-01,44581.0,1337.0,Annual Revision
EMP10796,2023-04-01,81053.0,2432.0,Annual Revision
EMP10796,2024-04-01,98787.0,11854.0,Market Adjustment
EMP10796,2025-04-01,100424.0,8034.0,No Change
EMP10796,2026-04-01,119734.0,9579.0,Annual Revision
EMP10797,2025-04-01,63415.0,3171.0,Market Adjustment
EMP10797,2026-04-01,72926.0,3646.0,No Change
EMP10798,2019-04-01,71981.0,5759.0,Annual Revision
EMP10798,2020-04-01,79557.0,2387.0,Annual Revision
EMP10798,2021-04-01,79742.0,6379.0,Promotion
EMP10798,2022-04-01,83288.0,4164.0,No Change
EMP10798,2023-04-01,100633.0,12076.0,Promotion
EMP10798,2024-04-01,108123.0,5406.0,Promotion
EMP10798,2025-04-01,117181.0,9374.0,Annual Revision
EMP10798,2026-04-01,130238.0,10419.0,Annual Revision
EMP10799,2020-04-01,70495.0,3525.0,Annual Revision
EMP10799,2021-04-01,71109.0,2133.0,Annual Revision
EMP10799,2022-04-01,80337.0,4017.0,No Change
EMP10799,2023-04-01,87577.0,2627.0,Annual Revision
EMP10799,2024-04-01,92293.0,2769.0,Annual Revision
EMP10799,2025-04-01,108255.0,5413.0,Promotion
EMP10799,2026-04-01,121491.0,6075.0,Annual Revision
EMP10800,2022-04-01,31259.0,3751.0,Market Adjustment
EMP10800,2023-04-01,34463.0,1723.0,Market Adjustment
EMP10800,2024-04-01,39513.0,3161.0,Annual Revision
EMP10800,2025-04-01,40256.0,1208.0,Annual Revision
EMP10800,2026-04-01,42782.0,2139.0,No Change
EMP10801,2025-04-01,46455.0,1394.0,Annual Revision
EMP10801,2026-04-01,46983.0,3759.0,No Change
EMP10802,2023-04-01,66394.0,5311.0,Promotion
EMP10802,2024-04-01,78860.0,2366.0,Annual Revision
EMP10802,2025-04-01,85396.0,4270.0,Promotion
EMP10802,2026-04-01,92805.0,7424.0,Annual Revision
EMP10803,2023-04-01,66546.0,1996.0,No Change
EMP10803,2024-04-01,71016.0,3551.0,No Change
EMP10803,2025-04-01,78848.0,6308.0,Market Adjustment
EMP10803,2026-04-01,86394.0,2592.0,No Change
EMP10804,2019-04-01,93490.0,7479.0,No Change
EMP10804,2020-04-01,98623.0,2959.0,No Change
EMP10804,2021-04-01,96956.0,2909.0,Promotion
EMP10804,2022-04-01,115374.0,5769.0,No Change
EMP10804,2023-04-01,130188.0,6509.0,Annual Revision
EMP10804,2024-04-01,134496.0,16139.0,No Change
EMP10804,2025-04-01,155320.0,7766.0,Annual Revision
EMP10804,2026-04-01,168115.0,8406.0,Market Adjustment
EMP10805,2024-04-01,41947.0,3356.0,Annual Revision
EMP10805,2025-04-01,47268.0,1418.0,Annual Revision
EMP10805,2026-04-01,51002.0,1530.0,Annual Revision
EMP10806,2025-04-01,45203.0,1356.0,Annual Revision
EMP10806,2026-04-01,50230.0,6028.0,Annual Revision
EMP10807,2020-04-01,74122.0,8895.0,Promotion
EMP10807,2021-04-01,76387.0,6111.0,Annual Revision
EMP10807,2022-04-01,77777.0,6222.0,Market Adjustment
EMP10807,2023-04-01,95289.0,4764.0,Promotion
EMP10807,2024-04-01,109453.0,8756.0,No Change
EMP10807,2025-04-01,114338.0,3430.0,Promotion
EMP10807,2026-04-01,134014.0,10721.0,Annual Revision
EMP10808,2022-04-01,45061.0,1352.0,Annual Revision
EMP10808,2023-04-01,50094.0,1503.0,Annual Revision
EMP10808,2024-04-01,56830.0,1705.0,Market Adjustment
EMP10808,2025-04-01,61801.0,4944.0,Promotion
EMP10808,2026-04-01,67334.0,2020.0,Market Adjustment
EMP10809,2022-04-01,71681.0,2150.0,Promotion
EMP10809,2023-04-01,83099.0,9972.0,Annual Revision
EMP10809,2024-04-01,85079.0,10209.0,Promotion
EMP10809,2025-04-01,91377.0,10965.0,Market Adjustment
EMP10809,2026-04-01,103401.0,3102.0,Promotion
EMP10810,2022-04-01,45510.0,1365.0,Market Adjustment
EMP10810,2023-04-01,49271.0,3942.0,Market Adjustment
EMP10810,2024-04-01,52434.0,6292.0,Market Adjustment
EMP10810,2025-04-01,55983.0,6718.0,Annual Revision
EMP10810,2026-04-01,62851.0,3143.0,Annual Revision
EMP10811,2020-04-01,45664.0,2283.0,Market Adjustment
EMP10811,2021-04-01,49820.0,2491.0,Market Adjustment
EMP10811,2022-04-01,54078.0,2704.0,Annual Revision
EMP10811,2023-04-01,61871.0,3094.0,Annual Revision
EMP10811,2024-04-01,73285.0,5863.0,No Change
EMP10811,2025-04-01,71495.0,3575.0,No Change
EMP10811,2026-04-01,82213.0,6577.0,Annual Revision
EMP10812,2024-04-01,67212.0,3361.0,Annual Revision
EMP10812,2025-04-01,70437.0,3522.0,No Change
EMP10812,2026-04-01,76755.0,3838.0,Annual Revision
EMP10813,2023-04-01,93746.0,2812.0,No Change
EMP10813,2024-04-01,100233.0,5012.0,Annual Revision
EMP10813,2025-04-01,105853.0,3176.0,Annual Revision
EMP10813,2026-04-01,114226.0,9138.0,Annual Revision
EMP10814,2020-04-01,120842.0,6042.0,Annual Revision
EMP10814,2021-04-01,131121.0,10490.0,Market Adjustment
EMP10814,2022-04-01,137178.0,16461.0,No Change
EMP10814,2023-04-01,163391.0,4902.0,Annual Revision
EMP10814,2024-04-01,166318.0,4990.0,Annual Revision
EMP10814,2025-04-01,207686.0,10384.0,Annual Revision
EMP10814,2026-04-01,207510.0,10376.0,Market Adjustment
EMP10815,2024-04-01,31977.0,2558.0,Promotion
EMP10815,2025-04-01,34456.0,4135.0,Annual Revision
EMP10815,2026-04-01,39508.0,1185.0,Annual Revision
EMP10816,2023-04-01,124434.0,6222.0,Annual Revision
EMP10816,2024-04-01,130241.0,3907.0,Promotion
EMP10816,2025-04-01,148060.0,17767.0,Annual Revision
EMP10816,2026-04-01,154536.0,4636.0,No Change
EMP10817,2025-04-01,44735.0,2237.0,Market Adjustment
EMP10817,2026-04-01,46727.0,1402.0,No Change
EMP10818,2021-04-01,71807.0,3590.0,Annual Revision
EMP10818,2022-04-01,70243.0,5619.0,Promotion
EMP10818,2023-04-01,85757.0,6861.0,Annual Revision
EMP10818,2024-04-01,89315.0,7145.0,No Change
EMP10818,2025-04-01,95956.0,2879.0,No Change
EMP10818,2026-04-01,107297.0,3219.0,Annual Revision
EMP10819,2024-04-01,40879.0,2044.0,Promotion
EMP10819,2025-04-01,44616.0,2231.0,Annual Revision
EMP10819,2026-04-01,53596.0,4288.0,Annual Revision
EMP10820,2024-04-01,29056.0,2324.0,Annual Revision
EMP10820,2025-04-01,36213.0,1811.0,Promotion
EMP10820,2026-04-01,40273.0,4833.0,Market Adjustment
EMP10821,2019-04-01,65414.0,5233.0,Annual Revision
EMP10821,2020-04-01,68502.0,3425.0,Market Adjustment
EMP10821,2021-04-01,72857.0,3643.0,Annual Revision
EMP10821,2022-04-01,77524.0,3876.0,Annual Revision
EMP10821,2023-04-01,95987.0,4799.0,Annual Revision
EMP10821,2024-04-01,95962.0,4798.0,Annual Revision
EMP10821,2025-04-01,110269.0,13232.0,Promotion
EMP10821,2026-04-01,119577.0,5979.0,Promotion
EMP10822,2023-04-01,72060.0,3603.0,Market Adjustment
EMP10822,2024-04-01,80853.0,4043.0,Annual Revision
EMP10822,2025-04-01,77724.0,2332.0,Annual Revision
EMP10822,2026-04-01,92375.0,2771.0,Market Adjustment
EMP10823,2023-04-01,124739.0,9979.0,Annual Revision
EMP10823,2024-04-01,138197.0,16584.0,No Change
EMP10823,2025-04-01,155999.0,12480.0,Annual Revision
EMP10823,2026-04-01,163051.0,4892.0,Annual Revision
EMP10824,2026-04-01,73801.0,2214.0,Annual Revision
EMP10825,2025-04-01,45348.0,3628.0,Annual Revision
EMP10825,2026-04-01,50320.0,2516.0,Annual Revision
EMP10826,2019-04-01,91940.0,11033.0,Annual Revision
EMP10826,2020-04-01,93177.0,7454.0,No Change
EMP10826,2021-04-01,101406.0,12169.0,Annual Revision
EMP10826,2022-04-01,104272.0,8342.0,Market Adjustment
EMP10826,2023-04-01,126014.0,15122.0,No Change
EMP10826,2024-04-01,134580.0,4037.0,Annual Revision
EMP10826,2025-04-01,150065.0,7503.0,Annual Revision
EMP10826,2026-04-01,167331.0,5020.0,Market Adjustment
EMP10827,2019-04-01,43600.0,1308.0,No Change
EMP10827,2020-04-01,46087.0,5530.0,Annual Revision
EMP10827,2021-04-01,45363.0,5444.0,Annual Revision
EMP10827,2022-04-01,52257.0,4181.0,Promotion
EMP10827,2023-04-01,62725.0,5018.0,Market Adjustment
EMP10827,2024-04-01,73906.0,3695.0,Market Adjustment
EMP10827,2025-04-01,80705.0,4035.0,No Change
EMP10827,2026-04-01,81920.0,2458.0,No Change
EMP10828,2024-04-01,132050.0,6603.0,Annual Revision
EMP10828,2025-04-01,137590.0,4128.0,Promotion
EMP10828,2026-04-01,148171.0,4445.0,Market Adjustment
EMP10829,2019-04-01,39620.0,3170.0,No Change
EMP10829,2020-04-01,46717.0,2336.0,Annual Revision
EMP10829,2021-04-01,47894.0,3831.0,Market Adjustment
EMP10829,2022-04-01,48425.0,1453.0,Annual Revision
EMP10829,2023-04-01,59708.0,2985.0,Annual Revision
EMP10829,2024-04-01,68770.0,3439.0,Annual Revision
EMP10829,2025-04-01,74182.0,2225.0,Annual Revision
EMP10829,2026-04-01,76506.0,2295.0,Annual Revision
EMP10830,2020-04-01,125094.0,15011.0,No Change
EMP10830,2021-04-01,128873.0,3866.0,No Change
EMP10830,2022-04-01,138939.0,4168.0,No Change
EMP10830,2023-04-01,154582.0,7729.0,No Change
EMP10830,2024-04-01,183064.0,5492.0,No Change
EMP10830,2025-04-01,197606.0,15808.0,No Change
EMP10830,2026-04-01,212131.0,16970.0,Annual Revision
EMP10831,2023-04-01,40043.0,2002.0,Annual Revision
EMP10831,2024-04-01,43611.0,2181.0,Market Adjustment
EMP10831,2025-04-01,52550.0,4204.0,Promotion
EMP10831,2026-04-01,55934.0,2797.0,No Change
EMP10832,2025-04-01,42094.0,2105.0,Annual Revision
EMP10832,2026-04-01,43412.0,2171.0,Market Adjustment
EMP10833,2024-04-01,44368.0,3549.0,Promotion
EMP10833,2025-04-01,49772.0,3982.0,Annual Revision
EMP10833,2026-04-01,57394.0,2870.0,Annual Revision
EMP10834,2026-04-01,41363.0,2068.0,Annual Revision
EMP10835,2021-04-01,124471.0,3734.0,Annual Revision
EMP10835,2022-04-01,132506.0,15901.0,Annual Revision
EMP10835,2023-04-01,152084.0,7604.0,No Change
EMP10835,2024-04-01,157711.0,12617.0,Market Adjustment
EMP10835,2025-04-01,178796.0,5364.0,Promotion
EMP10835,2026-04-01,192298.0,9615.0,Annual Revision
EMP10836,2025-04-01,91742.0,7339.0,Annual Revision
EMP10836,2026-04-01,99090.0,2973.0,Promotion
EMP10837,2020-04-01,94087.0,4704.0,Market Adjustment
EMP10837,2021-04-01,95038.0,2851.0,Promotion
EMP10837,2022-04-01,103460.0,8277.0,Annual Revision
EMP10837,2023-04-01,117045.0,3511.0,Annual Revision
EMP10837,2024-04-01,126918.0,6346.0,Market Adjustment
EMP10837,2025-04-01,135091.0,10807.0,Annual Revision
EMP10837,2026-04-01,150357.0,18043.0,Annual Revision
EMP10838,2020-04-01,87857.0,4393.0,Market Adjustment
EMP10838,2021-04-01,96368.0,2891.0,No Change
EMP10838,2022-04-01,101204.0,5060.0,Annual Revision
EMP10838,2023-04-01,116767.0,5838.0,Market Adjustment
EMP10838,2024-04-01,124064.0,3722.0,No Change
EMP10838,2025-04-01,134422.0,6721.0,Annual Revision
EMP10838,2026-04-01,153853.0,12308.0,Annual Revision
EMP10839,2025-04-01,61586.0,1848.0,Annual Revision
EMP10839,2026-04-01,69056.0,2072.0,Market Adjustment
EMP10840,2022-04-01,31214.0,3746.0,Annual Revision
EMP10840,2023-04-01,33079.0,3970.0,Market Adjustment
EMP10840,2024-04-01,39279.0,1178.0,No Change
EMP10840,2025-04-01,37926.0,1896.0,Annual Revision
EMP10840,2026-04-01,43417.0,2171.0,Market Adjustment
EMP10841,2022-04-01,70402.0,3520.0,No Change
EMP10841,2023-04-01,80542.0,4027.0,Market Adjustment
EMP10841,2024-04-01,83189.0,2496.0,Annual Revision
EMP10841,2025-04-01,96337.0,4817.0,Annual Revision
EMP10841,2026-04-01,109950.0,8796.0,Promotion
EMP10842,2023-04-01,44306.0,3544.0,No Change
EMP10842,2024-04-01,48515.0,2426.0,Annual Revision
EMP10842,2025-04-01,51182.0,2559.0,Market Adjustment
EMP10842,2026-04-01,58884.0,1767.0,Annual Revision
EMP10843,2022-04-01,42487.0,3399.0,Market Adjustment
EMP10843,2023-04-01,50463.0,1514.0,Annual Revision
EMP10843,2024-04-01,56426.0,4514.0,Annual Revision
EMP10843,2025-04-01,58570.0,1757.0,Market Adjustment
EMP10843,2026-04-01,60855.0,7303.0,Market Adjustment
EMP10844,2019-04-01,70816.0,5665.0,Annual Revision
EMP10844,2020-04-01,72954.0,5836.0,Annual Revision
EMP10844,2021-04-01,76560.0,6125.0,Annual Revision
EMP10844,2022-04-01,87112.0,6969.0,Promotion
EMP10844,2023-04-01,98701.0,4935.0,Promotion
EMP10844,2024-04-01,113503.0,3405.0,Market Adjustment
EMP10844,2025-04-01,124258.0,3728.0,Annual Revision
EMP10844,2026-04-01,130146.0,3904.0,Market Adjustment
EMP10845,2020-04-01,48209.0,3857.0,Annual Revision
EMP10845,2021-04-01,49003.0,5880.0,Annual Revision
EMP10845,2022-04-01,51542.0,6185.0,Annual Revision
EMP10845,2023-04-01,60064.0,4805.0,Market Adjustment
EMP10845,2024-04-01,66272.0,1988.0,Annual Revision
EMP10845,2025-04-01,65817.0,3291.0,Annual Revision
EMP10845,2026-04-01,75426.0,9051.0,No Change
EMP10846,2020-04-01,89333.0,4467.0,Annual Revision
EMP10846,2021-04-01,88477.0,4424.0,Annual Revision
EMP10846,2022-04-01,104224.0,3127.0,Annual Revision
EMP10846,2023-04-01,123361.0,9869.0,Annual Revision
EMP10846,2024-04-01,125230.0,3757.0,No Change
EMP10846,2025-04-01,141356.0,7068.0,Annual Revision
EMP10846,2026-04-01,148129.0,7406.0,Promotion
EMP10847,2021-04-01,65042.0,3252.0,Market Adjustment
EMP10847,2022-04-01,70918.0,3546.0,Annual Revision
EMP10847,2023-04-01,83620.0,6690.0,Promotion
EMP10847,2024-04-01,88053.0,7044.0,Market Adjustment
EMP10847,2025-04-01,97176.0,7774.0,Annual Revision
EMP10847,2026-04-01,116297.0,9304.0,Promotion
EMP10848,2023-04-01,91241.0,2737.0,Promotion
EMP10848,2024-04-01,105682.0,8455.0,Annual Revision
EMP10848,2025-04-01,112479.0,8998.0,Annual Revision
EMP10848,2026-04-01,122401.0,9792.0,Market Adjustment
EMP10849,2019-04-01,30970.0,929.0,Annual Revision
EMP10849,2020-04-01,34453.0,2756.0,Market Adjustment
EMP10849,2021-04-01,35139.0,,Promotion
EMP10849,2022-04-01,39209.0,3137.0,Annual Revision
EMP10849,2023-04-01,44414.0,2221.0,No Change
EMP10849,2024-04-01,48147.0,3852.0,Market Adjustment
EMP10849,2025-04-01,51148.0,2557.0,Promotion
EMP10849,2026-04-01,59665.0,2983.0,Promotion
EMP10850,2021-04-01,41878.0,2094.0,Annual Revision
EMP10850,2022-04-01,45903.0,3672.0,Annual Revision
EMP10850,2023-04-01,51338.0,4107.0,Annual Revision
EMP10850,2024-04-01,54378.0,4350.0,Annual Revision
EMP10850,2025-04-01,62766.0,3138.0,Promotion
EMP10850,2026-04-01,73129.0,5850.0,Promotion
EMP10851,2025-04-01,45691.0,1371.0,Annual Revision
EMP10851,2026-04-01,49285.0,5914.0,Annual Revision
EMP10852,2025-04-01,40556.0,3244.0,Annual Revision
EMP10852,2026-04-01,49589.0,2479.0,Annual Revision
EMP10853,2020-04-01,44787.0,2239.0,Annual Revision
EMP10853,2021-04-01,46921.0,2346.0,Annual Revision
EMP10853,2022-04-01,54014.0,2701.0,Promotion
EMP10853,2023-04-01,59467.0,2973.0,Annual Revision
EMP10853,2024-04-01,63035.0,1891.0,Annual Revision
EMP10853,2025-04-01,72767.0,3638.0,Promotion
EMP10853,2026-04-01,73809.0,5905.0,Market Adjustment
EMP10854,2021-04-01,64357.0,5149.0,No Change
EMP10854,2022-04-01,76475.0,3824.0,Annual Revision
EMP10854,2023-04-01,82166.0,2465.0,Annual Revision
EMP10854,2024-04-01,90367.0,7229.0,No Change
EMP10854,2025-04-01,93669.0,4683.0,Annual Revision
EMP10854,2026-04-01,111101.0,13332.0,Market Adjustment
EMP10855,2026-04-01,43636.0,2182.0,Annual Revision
EMP10856,2022-04-01,33848.0,2708.0,Annual Revision
EMP10856,2023-04-01,36241.0,2899.0,Market Adjustment
EMP10856,2024-04-01,40314.0,1209.0,No Change
EMP10856,2025-04-01,43714.0,2186.0,Annual Revision
EMP10856,2026-04-01,46465.0,3717.0,Market Adjustment
EMP10857,2024-04-01,70795.0,3540.0,Annual Revision
EMP10857,2025-04-01,79026.0,6322.0,Promotion
EMP10857,2026-04-01,82845.0,9941.0,No Change
EMP10858,2025-04-01,125143.0,3754.0,Promotion
EMP10858,2026-04-01,143146.0,4294.0,Market Adjustment
EMP10859,2021-04-01,46948.0,3756.0,Annual Revision
EMP10859,2022-04-01,50283.0,4023.0,Annual Revision
EMP10859,2023-04-01,52898.0,4232.0,Market Adjustment
EMP10859,2024-04-01,61536.0,3077.0,Annual Revision
EMP10859,2025-04-01,64412.0,3221.0,Annual Revision
EMP10859,2026-04-01,70900.0,5672.0,Market Adjustment
EMP10860,2020-04-01,65948.0,5276.0,Annual Revision
EMP10860,2021-04-01,72537.0,5803.0,Promotion
EMP10860,2022-04-01,75032.0,9004.0,Annual Revision
EMP10860,2023-04-01,88840.0,4442.0,Annual Revision
EMP10860,2024-04-01,100346.0,5017.0,Annual Revision
EMP10860,2025-04-01,109319.0,13118.0,Annual Revision
EMP10860,2026-04-01,118171.0,5909.0,Annual Revision
EMP10861,2020-04-01,44019.0,3522.0,Promotion
EMP10861,2021-04-01,46417.0,3713.0,Market Adjustment
EMP10861,2022-04-01,50670.0,2534.0,Promotion
EMP10861,2023-04-01,61484.0,3074.0,No Change
EMP10861,2024-04-01,66245.0,5300.0,Promotion
EMP10861,2025-04-01,74815.0,5985.0,Annual Revision
EMP10861,2026-04-01,87062.0,4353.0,Annual Revision
EMP10862,2022-04-01,43666.0,1310.0,Annual Revision
EMP10862,2023-04-01,44686.0,3575.0,Market Adjustment
EMP10862,2024-04-01,50446.0,4036.0,Annual Revision
EMP10862,2025-04-01,50296.0,2515.0,Annual Revision
EMP10862,2026-04-01,55963.0,4477.0,Annual Revision
EMP10863,2023-04-01,64396.0,3220.0,Annual Revision
EMP10863,2024-04-01,69342.0,5547.0,Market Adjustment
EMP10863,2025-04-01,78979.0,3949.0,Market Adjustment
EMP10863,2026-04-01,86526.0,4326.0,Annual Revision
EMP10864,2020-04-01,29627.0,1481.0,Annual Revision
EMP10864,2021-04-01,35243.0,1762.0,Annual Revision
EMP10864,2022-04-01,36964.0,2957.0,Annual Revision
EMP10864,2023-04-01,44846.0,1345.0,Annual Revision
EMP10864,2024-04-01,48216.0,3857.0,Annual Revision
EMP10864,2025-04-01,51769.0,4141.0,No Change
EMP10864,2026-04-01,60963.0,3048.0,Annual Revision
EMP10865,2025-04-01,40525.0,2026.0,No Change
EMP10865,2026-04-01,45387.0,3631.0,Annual Revision
EMP10866,2019-04-01,32738.0,1637.0,Promotion
EMP10866,2020-04-01,33829.0,1691.0,Promotion
EMP10866,2021-04-01,34576.0,1729.0,Promotion
EMP10866,2022-04-01,36504.0,2920.0,Annual Revision
EMP10866,2023-04-01,43237.0,3459.0,Market Adjustment
EMP10866,2024-04-01,46436.0,2322.0,Annual Revision
EMP10866,2025-04-01,55503.0,1665.0,No Change
EMP10866,2026-04-01,55449.0,2772.0,Promotion
EMP10867,2024-04-01,68001.0,3400.0,Annual Revision
EMP10867,2025-04-01,67645.0,5412.0,Annual Revision
EMP10867,2026-04-01,73815.0,5905.0,No Change
EMP10868,2019-04-01,32231.0,967.0,No Change
EMP10868,2020-04-01,33297.0,1665.0,Promotion
EMP10868,2021-04-01,35161.0,1055.0,No Change
EMP10868,2022-04-01,39322.0,3146.0,No Change
EMP10868,2023-04-01,45568.0,5468.0,No Change
EMP10868,2024-04-01,47791.0,1434.0,Promotion
EMP10868,2025-04-01,52717.0,2636.0,Annual Revision
EMP10868,2026-04-01,57832.0,4627.0,Promotion
EMP10869,2023-04-01,67180.0,3359.0,Annual Revision
EMP10869,2024-04-01,82255.0,2468.0,Promotion
EMP10869,2025-04-01,84243.0,2527.0,Annual Revision
EMP10869,2026-04-01,91513.0,7321.0,Annual Revision
EMP10870,2019-04-01,46613.0,3729.0,Annual Revision
EMP10870,2020-04-01,47418.0,2371.0,Annual Revision
EMP10870,2021-04-01,51159.0,2558.0,No Change
EMP10870,2022-04-01,53843.0,2692.0,Promotion
EMP10870,2023-04-01,62327.0,4986.0,Annual Revision
EMP10870,2024-04-01,69713.0,5577.0,Annual Revision
EMP10870,2025-04-01,77700.0,3885.0,Market Adjustment
EMP10870,2026-04-01,81898.0,4095.0,Market Adjustment
EMP10871,2021-04-01,42034.0,2102.0,No Change
EMP10871,2022-04-01,46864.0,3749.0,Annual Revision
EMP10871,2023-04-01,51646.0,4132.0,Annual Revision
EMP10871,2024-04-01,58584.0,2929.0,Promotion
EMP10871,2025-04-01,64847.0,1945.0,Market Adjustment
EMP10871,2026-04-01,74454.0,5956.0,Annual Revision
EMP10872,2021-04-01,33658.0,1683.0,No Change
EMP10872,2022-04-01,35597.0,1780.0,Market Adjustment
EMP10872,2023-04-01,38266.0,1913.0,Annual Revision
EMP10872,2024-04-01,42428.0,2121.0,Annual Revision
EMP10872,2025-04-01,46285.0,3703.0,Annual Revision
EMP10872,2026-04-01,45856.0,2293.0,Market Adjustment
EMP10873,2021-04-01,32160.0,1608.0,Market Adjustment
EMP10873,2022-04-01,33051.0,2644.0,Annual Revision
EMP10873,2023-04-01,37517.0,3001.0,Annual Revision
EMP10873,2024-04-01,41569.0,2078.0,Promotion
EMP10873,2025-04-01,44516.0,1335.0,Market Adjustment
EMP10873,2026-04-01,49887.0,5986.0,Market Adjustment
EMP10874,2019-04-01,31699.0,1585.0,Annual Revision
EMP10874,2020-04-01,32092.0,1605.0,Annual Revision
EMP10874,2021-04-01,34897.0,1047.0,No Change
EMP10874,2022-04-01,39182.0,1959.0,Promotion
EMP10874,2023-04-01,45441.0,2272.0,Annual Revision
EMP10874,2024-04-01,46412.0,5569.0,No Change
EMP10874,2025-04-01,52917.0,4233.0,Promotion
EMP10874,2026-04-01,58661.0,2933.0,Promotion
EMP10875,2024-04-01,32635.0,1632.0,Annual Revision
EMP10875,2025-04-01,33865.0,1693.0,Promotion
EMP10875,2026-04-01,37168.0,1115.0,Annual Revision
EMP10876,2024-04-01,73606.0,8833.0,Annual Revision
EMP10876,2025-04-01,78129.0,9375.0,Market Adjustment
EMP10876,2026-04-01,81888.0,6551.0,Promotion
EMP10877,2020-04-01,69958.0,2099.0,No Change
EMP10877,2021-04-01,74696.0,5976.0,Annual Revision
EMP10877,2022-04-01,82989.0,4149.0,Annual Revision
EMP10877,2023-04-01,94389.0,2832.0,Annual Revision
EMP10877,2024-04-01,100503.0,3015.0,Market Adjustment
EMP10877,2025-04-01,112609.0,9009.0,No Change
EMP10877,2026-04-01,134114.0,4023.0,Annual Revision
EMP10878,2025-04-01,43203.0,3456.0,Annual Revision
EMP10878,2026-04-01,51042.0,2552.0,Annual Revision
EMP10879,2019-04-01,90442.0,7235.0,Annual Revision
EMP10879,2020-04-01,97967.0,4898.0,No Change
EMP10879,2021-04-01,99490.0,2985.0,Market Adjustment
EMP10879,2022-04-01,99600.0,2988.0,Annual Revision
EMP10879,2023-04-01,129393.0,6470.0,Annual Revision
EMP10879,2024-04-01,142778.0,11422.0,Market Adjustment
EMP10879,2025-04-01,157385.0,4722.0,Annual Revision
EMP10879,2026-04-01,175047.0,8752.0,Annual Revision
EMP10880,2022-04-01,30563.0,1528.0,Promotion
EMP10880,2023-04-01,35381.0,1061.0,Annual Revision
EMP10880,2024-04-01,39351.0,1968.0,Market Adjustment
EMP10880,2025-04-01,42206.0,2110.0,No Change
EMP10880,2026-04-01,46680.0,2334.0,Market Adjustment
EMP10881,2026-04-01,123336.0,6167.0,Market Adjustment
EMP10882,2021-04-01,44186.0,2209.0,Annual Revision
EMP10882,2022-04-01,49705.0,3976.0,Promotion
EMP10882,2023-04-01,55659.0,4453.0,Promotion
EMP10882,2024-04-01,60933.0,1828.0,Annual Revision
EMP10882,2025-04-01,63936.0,3197.0,Promotion
EMP10882,2026-04-01,71458.0,3573.0,Annual Revision
EMP10883,2020-04-01,46955.0,1409.0,Annual Revision
EMP10883,2021-04-01,48486.0,2424.0,No Change
EMP10883,2022-04-01,51248.0,4100.0,Market Adjustment
EMP10883,2023-04-01,63666.0,3183.0,Promotion
EMP10883,2024-04-01,67139.0,2014.0,Annual Revision
EMP10883,2025-04-01,75110.0,3756.0,Annual Revision
EMP10883,2026-04-01,82682.0,6615.0,Annual Revision
EMP10884,2023-04-01,69753.0,2093.0,Promotion
EMP10884,2024-04-01,69112.0,3456.0,Annual Revision
EMP10884,2025-04-01,89453.0,7156.0,Promotion
EMP10884,2026-04-01,97515.0,4876.0,Annual Revision
EMP10885,2024-04-01,64143.0,1924.0,Annual Revision
EMP10885,2025-04-01,73773.0,3689.0,Annual Revision
EMP10885,2026-04-01,74449.0,8934.0,No Change
EMP10886,2020-04-01,43078.0,2154.0,Annual Revision
EMP10886,2021-04-01,50090.0,2504.0,Annual Revision
EMP10886,2022-04-01,51790.0,2590.0,Annual Revision
EMP10886,2023-04-01,60539.0,1816.0,No Change
EMP10886,2024-04-01,69812.0,2094.0,Annual Revision
EMP10886,2025-04-01,77069.0,6165.0,Promotion
EMP10886,2026-04-01,83306.0,6664.0,Promotion
EMP10887,2023-04-01,62649.0,3132.0,Promotion
EMP10887,2024-04-01,69563.0,2087.0,Market Adjustment
EMP10887,2025-04-01,72101.0,3605.0,No Change
EMP10887,2026-04-01,81075.0,2432.0,Market Adjustment
EMP10888,2022-04-01,94542.0,7563.0,Promotion
EMP10888,2023-04-01,97952.0,7836.0,Promotion
EMP10888,2024-04-01,101239.0,3037.0,Annual Revision
EMP10888,2025-04-01,115825.0,5791.0,Annual Revision
EMP10888,2026-04-01,130544.0,6527.0,No Change
EMP10889,2022-04-01,64162.0,1925.0,Market Adjustment
EMP10889,2023-04-01,70305.0,5624.0,Annual Revision
EMP10889,2024-04-01,80393.0,6431.0,Annual Revision
EMP10889,2025-04-01,88017.0,4401.0,Promotion
EMP10889,2026-04-01,105710.0,5286.0,Promotion
EMP10890,2020-04-01,42500.0,3400.0,Promotion
EMP10890,2021-04-01,44875.0,1346.0,Annual Revision
EMP10890,2022-04-01,48312.0,1449.0,Annual Revision
EMP10890,2023-04-01,55754.0,4460.0,Market Adjustment
EMP10890,2024-04-01,60228.0,4818.0,Promotion
EMP10890,2025-04-01,62008.0,4961.0,Annual Revision
EMP10890,2026-04-01,75881.0,2276.0,Annual Revision
EMP10891,2020-04-01,74731.0,2242.0,Annual Revision
EMP10891,2021-04-01,74731.0,2242.0,Promotion
EMP10891,2022-04-01,84308.0,6745.0,Market Adjustment
EMP10891,2023-04-01,94212.0,4711.0,Market Adjustment
EMP10891,2024-04-01,103187.0,3096.0,Market Adjustment
EMP10891,2025-04-01,112346.0,5617.0,No Change
EMP10891,2026-04-01,128422.0,15411.0,Market Adjustment
EMP10892,2025-04-01,41659.0,3333.0,Promotion
EMP10892,2026-04-01,45581.0,2279.0,Annual Revision
EMP10893,2019-04-01,31345.0,940.0,No Change
EMP10893,2020-04-01,36007.0,1080.0,Promotion
EMP10893,2021-04-01,36817.0,1104.0,Promotion
EMP10893,2022-04-01,38861.0,1943.0,Promotion
EMP10893,2023-04-01,48302.0,3864.0,Annual Revision
EMP10893,2024-04-01,54256.0,4341.0,Annual Revision
EMP10893,2025-04-01,59962.0,2998.0,Market Adjustment
EMP10893,2026-04-01,68012.0,8161.0,Annual Revision
EMP10894,2022-04-01,67237.0,5379.0,No Change
EMP10894,2023-04-01,76427.0,2293.0,Market Adjustment
EMP10894,2024-04-01,78590.0,6287.0,Annual Revision
EMP10894,2025-04-01,91248.0,2737.0,Annual Revision
EMP10894,2026-04-01,97338.0,2920.0,Annual Revision
EMP10895,2021-04-01,90404.0,10849.0,Promotion
EMP10895,2022-04-01,92825.0,11139.0,Annual Revision
EMP10895,2023-04-01,99578.0,7966.0,Annual Revision
EMP10895,2024-04-01,108868.0,5443.0,Annual Revision
EMP10895,2025-04-01,128187.0,6409.0,Promotion
EMP10895,2026-04-01,139661.0,4190.0,Annual Revision
EMP10896,2019-04-01,43606.0,2180.0,Annual Revision
EMP10896,2020-04-01,45551.0,1367.0,No Change
EMP10896,2021-04-01,48806.0,3904.0,Annual Revision
EMP10896,2022-04-01,56163.0,6740.0,Market Adjustment
EMP10896,2023-04-01,61404.0,1842.0,Annual Revision
EMP10896,2024-04-01,75186.0,6015.0,Annual Revision
EMP10896,2025-04-01,78398.0,2352.0,Annual Revision
EMP10896,2026-04-01,86684.0,2601.0,Annual Revision
EMP10897,2025-04-01,46185.0,3695.0,Promotion
EMP10897,2026-04-01,47085.0,1413.0,Market Adjustment
EMP10898,2021-04-01,45049.0,2252.0,Annual Revision
EMP10898,2022-04-01,50872.0,1526.0,Annual Revision
EMP10898,2023-04-01,53093.0,2655.0,Promotion
EMP10898,2024-04-01,59374.0,2969.0,Market Adjustment
EMP10898,2025-04-01,62361.0,3118.0,Promotion
EMP10898,2026-04-01,67890.0,2037.0,Annual Revision
EMP10899,2025-04-01,83042.0,2491.0,Promotion
EMP10899,2026-04-01,99872.0,4994.0,Annual Revision
EMP10900,2025-04-01,47372.0,5685.0,Annual Revision
EMP10900,2026-04-01,49186.0,2459.0,Annual Revision
EMP10901,2023-04-01,71522.0,3576.0,No Change
EMP10901,2024-04-01,77433.0,,No Change
EMP10901,2025-04-01,83883.0,10066.0,Annual Revision
EMP10901,2026-04-01,95118.0,11414.0,Annual Revision
EMP10902,2024-04-01,38913.0,1946.0,Annual Revision
EMP10902,2025-04-01,47160.0,2358.0,Market Adjustment
EMP10902,2026-04-01,48795.0,3904.0,Promotion
EMP10903,2020-04-01,62849.0,5028.0,Annual Revision
EMP10903,2021-04-01,72882.0,2186.0,Annual Revision
EMP10903,2022-04-01,73841.0,3692.0,Annual Revision
EMP10903,2023-04-01,85117.0,6809.0,Promotion
EMP10903,2024-04-01,90713.0,4536.0,Annual Revision
EMP10903,2025-04-01,91294.0,10955.0,Market Adjustment
EMP10903,2026-04-01,106958.0,5348.0,Annual Revision
EMP10904,2019-04-01,120100.0,3603.0,Annual Revision
EMP10904,2020-04-01,127920.0,15350.0,Promotion
EMP10904,2021-04-01,148091.0,7405.0,Promotion
EMP10904,2022-04-01,145407.0,11633.0,Annual Revision
EMP10904,2023-04-01,176851.0,5306.0,Promotion
EMP10904,2024-04-01,194715.0,9736.0,Promotion
EMP10904,2025-04-01,211565.0,10578.0,Annual Revision
EMP10904,2026-04-01,228731.0,6862.0,Annual Revision
EMP10905,2022-04-01,62119.0,3106.0,Annual Revision
EMP10905,2023-04-01,70249.0,2107.0,Promotion
EMP10905,2024-04-01,79587.0,6367.0,Annual Revision
EMP10905,2025-04-01,83780.0,2513.0,Annual Revision
EMP10905,2026-04-01,89527.0,10743.0,Annual Revision
EMP10906,2023-04-01,89351.0,7148.0,Annual Revision
EMP10906,2024-04-01,101111.0,3033.0,Annual Revision
EMP10906,2025-04-01,106145.0,3184.0,Market Adjustment
EMP10906,2026-04-01,110969.0,5548.0,Promotion
EMP10907,2022-04-01,42062.0,3365.0,Market Adjustment
EMP10907,2023-04-01,44607.0,2230.0,Market Adjustment
EMP10907,2024-04-01,52093.0,2605.0,Annual Revision
EMP10907,2025-04-01,57212.0,2861.0,Annual Revision
EMP10907,2026-04-01,55776.0,4462.0,Promotion
EMP10908,2021-04-01,96481.0,2894.0,No Change
EMP10908,2022-04-01,97355.0,4868.0,Market Adjustment
EMP10908,2023-04-01,104084.0,8327.0,Market Adjustment
EMP10908,2024-04-01,116854.0,9348.0,Annual Revision
EMP10908,2025-04-01,120548.0,6027.0,Annual Revision
EMP10908,2026-04-01,135237.0,4057.0,Annual Revision
EMP10909,2021-04-01,41980.0,3358.0,Annual Revision
EMP10909,2022-04-01,43811.0,2191.0,No Change
EMP10909,2023-04-01,48899.0,2445.0,Market Adjustment
EMP10909,2024-04-01,53654.0,4292.0,No Change
EMP10909,2025-04-01,58917.0,2946.0,Annual Revision
EMP10909,2026-04-01,64648.0,3232.0,Annual Revision
EMP10910,2023-04-01,32238.0,3869.0,Annual Revision
EMP10910,2024-04-01,34693.0,1041.0,Annual Revision
EMP10910,2025-04-01,39006.0,4681.0,Annual Revision
EMP10910,2026-04-01,42282.0,1268.0,Promotion
EMP10911,2024-04-01,87906.0,4395.0,Annual Revision
EMP10911,2025-04-01,101002.0,12120.0,Promotion
EMP10911,2026-04-01,109106.0,5455.0,Market Adjustment
EMP10912,2022-04-01,90533.0,2716.0,Promotion
EMP10912,2023-04-01,102499.0,5125.0,Promotion
EMP10912,2024-04-01,107021.0,5351.0,Annual Revision
EMP10912,2025-04-01,115795.0,5790.0,No Change
EMP10912,2026-04-01,132656.0,6633.0,No Change
EMP10913,2019-04-01,69189.0,3459.0,Promotion
EMP10913,2020-04-01,73648.0,3682.0,Market Adjustment
EMP10913,2021-04-01,77058.0,2312.0,Annual Revision
EMP10913,2022-04-01,80848.0,4042.0,Market Adjustment
EMP10913,2023-04-01,102319.0,5116.0,Promotion
EMP10913,2024-04-01,110359.0,8829.0,Promotion
EMP10913,2025-04-01,113589.0,13631.0,Promotion
EMP10913,2026-04-01,127395.0,10192.0,Annual Revision
EMP10914,2025-04-01,91805.0,2754.0,Annual Revision
EMP10914,2026-04-01,98119.0,2944.0,Annual Revision
EMP10915,2021-04-01,45054.0,3604.0,No Change
EMP10915,2022-04-01,46588.0,1398.0,Market Adjustment
EMP10915,2023-04-01,54752.0,2738.0,Annual Revision
EMP10915,2024-04-01,58384.0,4671.0,Annual Revision
EMP10915,2025-04-01,62479.0,1874.0,No Change
EMP10915,2026-04-01,68682.0,2060.0,Market Adjustment
EMP10916,2021-04-01,63151.0,3158.0,Annual Revision
EMP10916,2022-04-01,72072.0,8649.0,Market Adjustment
EMP10916,2023-04-01,78678.0,2360.0,Annual Revision
EMP10916,2024-04-01,92106.0,7368.0,Market Adjustment
EMP10916,2025-04-01,102774.0,8222.0,Annual Revision
EMP10916,2026-04-01,104237.0,8339.0,Market Adjustment
EMP10917,2025-04-01,73431.0,2203.0,No Change
EMP10917,2026-04-01,78704.0,3935.0,Promotion
EMP10918,2025-04-01,65113.0,3256.0,Market Adjustment
EMP10918,2026-04-01,73224.0,5858.0,Promotion
EMP10919,2019-04-01,41343.0,2067.0,No Change
EMP10919,2020-04-01,44091.0,1323.0,Annual Revision
EMP10919,2021-04-01,45962.0,1379.0,Annual Revision
EMP10919,2022-04-01,52066.0,6248.0,Promotion
EMP10919,2023-04-01,56735.0,1702.0,No Change
EMP10919,2024-04-01,68355.0,2051.0,Annual Revision
EMP10919,2025-04-01,65882.0,3294.0,Annual Revision
EMP10919,2026-04-01,72166.0,3608.0,Annual Revision
EMP10920,2021-04-01,66047.0,1981.0,Promotion
EMP10920,2022-04-01,71478.0,8577.0,Market Adjustment
EMP10920,2023-04-01,81051.0,2432.0,Promotion
EMP10920,2024-04-01,90162.0,2705.0,Promotion
EMP10920,2025-04-01,93614.0,4681.0,Promotion
EMP10920,2026-04-01,109297.0,5465.0,Promotion
EMP10921,2022-04-01,44530.0,2227.0,Annual Revision
EMP10921,2023-04-01,45966.0,3677.0,Annual Revision
EMP10921,2024-04-01,51044.0,2552.0,Market Adjustment
EMP10921,2025-04-01,56237.0,6748.0,No Change
EMP10921,2026-04-01,63991.0,1920.0,Annual Revision
EMP10922,2022-04-01,121755.0,3653.0,Annual Revision
EMP10922,2023-04-01,139511.0,4185.0,No Change
EMP10922,2024-04-01,148101.0,4443.0,Annual Revision
EMP10922,2025-04-01,155266.0,4658.0,Annual Revision
EMP10922,2026-04-01,177493.0,14199.0,Annual Revision
EMP10923,2019-04-01,88874.0,2666.0,Annual Revision
EMP10923,2020-04-01,96467.0,7717.0,Annual Revision
EMP10923,2021-04-01,104119.0,5206.0,Annual Revision
EMP10923,2022-04-01,105474.0,8438.0,Annual Revision
EMP10923,2023-04-01,118678.0,3560.0,Annual Revision
EMP10923,2024-04-01,141385.0,7069.0,Annual Revision
EMP10923,2025-04-01,155311.0,7766.0,Market Adjustment
EMP10923,2026-04-01,168601.0,5058.0,Promotion
EMP10924,2023-04-01,39522.0,1976.0,Annual Revision
EMP10924,2024-04-01,45523.0,2276.0,Annual Revision
EMP10924,2025-04-01,52220.0,1567.0,Market Adjustment
EMP10924,2026-04-01,58535.0,2927.0,Annual Revision
EMP10925,2019-04-01,65404.0,7848.0,Annual Revision
EMP10925,2020-04-01,64981.0,1949.0,No Change
EMP10925,2021-04-01,74764.0,3738.0,Promotion
EMP10925,2022-04-01,84515.0,4226.0,No Change
EMP10925,2023-04-01,103595.0,8288.0,Annual Revision
EMP10925,2024-04-01,106765.0,8541.0,Promotion
EMP10925,2025-04-01,119137.0,5957.0,Annual Revision
EMP10925,2026-04-01,143845.0,11508.0,Annual Revision
EMP10926,2023-04-01,31401.0,942.0,Annual Revision
EMP10926,2024-04-01,36533.0,1827.0,Annual Revision
EMP10926,2025-04-01,37565.0,1127.0,Market Adjustment
EMP10926,2026-04-01,42524.0,3402.0,Annual Revision
EMP10927,2022-04-01,43258.0,2163.0,Annual Revision
EMP10927,2023-04-01,51398.0,4112.0,Promotion
EMP10927,2024-04-01,56176.0,4494.0,Annual Revision
EMP10927,2025-04-01,61612.0,4929.0,Annual Revision
EMP10927,2026-04-01,71667.0,2150.0,Annual Revision
EMP10928,2023-04-01,43514.0,1305.0,Promotion
EMP10928,2024-04-01,46476.0,5577.0,No Change
EMP10928,2025-04-01,48256.0,2413.0,Annual Revision
EMP10928,2026-04-01,52362.0,2618.0,Annual Revision
EMP10929,2023-04-01,42372.0,2119.0,Market Adjustment
EMP10929,2024-04-01,45101.0,2255.0,No Change
EMP10929,2025-04-01,50410.0,2520.0,Promotion
EMP10929,2026-04-01,55872.0,1676.0,Promotion
EMP10930,2022-04-01,31893.0,1595.0,Annual Revision
EMP10930,2023-04-01,35513.0,1065.0,Promotion
EMP10930,2024-04-01,37033.0,2963.0,No Change
EMP10930,2025-04-01,42795.0,2140.0,Annual Revision
EMP10930,2026-04-01,47085.0,1413.0,Market Adjustment
EMP10931,2023-04-01,43405.0,1302.0,Annual Revision
EMP10931,2024-04-01,46234.0,3699.0,Annual Revision
EMP10931,2025-04-01,51835.0,2592.0,Market Adjustment
EMP10931,2026-04-01,54602.0,4368.0,Annual Revision
EMP10932,2026-04-01,59824.0,7179.0,Market Adjustment
EMP10933,2019-04-01,94707.0,4735.0,Annual Revision
EMP10933,2020-04-01,91599.0,4580.0,Annual Revision
EMP10933,2021-04-01,104343.0,5217.0,Annual Revision
EMP10933,2022-04-01,105072.0,3152.0,No Change
EMP10933,2023-04-01,123574.0,9886.0,Annual Revision
EMP10933,2024-04-01,133611.0,10689.0,Annual Revision
EMP10933,2025-04-01,145703.0,17484.0,Promotion
EMP10933,2026-04-01,166682.0,13335.0,No Change
EMP10934,2022-04-01,89272.0,4464.0,Annual Revision
EMP10934,2023-04-01,98468.0,7877.0,No Change
EMP10934,2024-04-01,108680.0,5434.0,Annual Revision
EMP10934,2025-04-01,117392.0,5870.0,Promotion
EMP10934,2026-04-01,133814.0,10705.0,No Change
EMP10935,2025-04-01,63738.0,3187.0,Annual Revision
EMP10935,2026-04-01,70869.0,3543.0,Market Adjustment
EMP10936,2026-04-01,42395.0,1272.0,Annual Revision
EMP10937,2025-04-01,41219.0,1237.0,Promotion
EMP10937,2026-04-01,51896.0,1557.0,Annual Revision
EMP10938,2025-04-01,41128.0,2056.0,Market Adjustment
EMP10938,2026-04-01,47492.0,2375.0,Market Adjustment
EMP10939,2024-04-01,83950.0,10074.0,Annual Revision
EMP10939,2025-04-01,94809.0,2844.0,Annual Revision
EMP10939,2026-04-01,104671.0,3140.0,Annual Revision
EMP10940,2021-04-01,31016.0,930.0,Promotion
EMP10940,2022-04-01,34957.0,2797.0,Annual Revision
EMP10940,2023-04-01,37093.0,2967.0,Annual Revision
EMP10940,2024-04-01,44078.0,2204.0,Annual Revision
EMP10940,2025-04-01,48314.0,2416.0,Promotion
EMP10940,2026-04-01,55441.0,1663.0,Annual Revision
EMP10941,2021-04-01,64974.0,3249.0,Annual Revision
EMP10941,2022-04-01,69477.0,8337.0,Promotion
EMP10941,2023-04-01,81455.0,4073.0,Annual Revision
EMP10941,2024-04-01,86964.0,4348.0,Annual Revision
EMP10941,2025-04-01,93305.0,2799.0,Annual Revision
EMP10941,2026-04-01,101203.0,5060.0,No Change
EMP10942,2024-04-01,35554.0,,Market Adjustment
EMP10942,2025-04-01,36058.0,1082.0,Annual Revision
EMP10942,2026-04-01,40186.0,2009.0,Annual Revision
EMP10943,2020-04-01,40002.0,3200.0,Annual Revision
EMP10943,2021-04-01,42508.0,2125.0,Promotion
EMP10943,2022-04-01,47107.0,3769.0,Annual Revision
EMP10943,2023-04-01,58058.0,1742.0,Market Adjustment
EMP10943,2024-04-01,58599.0,4688.0,Promotion
EMP10943,2025-04-01,63082.0,3154.0,Market Adjustment
EMP10943,2026-04-01,70323.0,8439.0,Annual Revision
EMP10944,2023-04-01,66349.0,1990.0,Annual Revision
EMP10944,2024-04-01,71138.0,5691.0,Annual Revision
EMP10944,2025-04-01,75825.0,2275.0,Promotion
EMP10944,2026-04-01,78295.0,2349.0,No Change
EMP10945,2020-04-01,34963.0,1748.0,No Change
EMP10945,2021-04-01,33609.0,2689.0,Market Adjustment
EMP10945,2022-04-01,34004.0,1020.0,No Change
EMP10945,2023-04-01,41168.0,3293.0,Promotion
EMP10945,2024-04-01,44875.0,3590.0,Promotion
EMP10945,2025-04-01,49055.0,3924.0,Annual Revision
EMP10945,2026-04-01,56243.0,2812.0,Annual Revision
EMP10946,2020-04-01,65003.0,3250.0,No Change
EMP10946,2021-04-01,70696.0,2121.0,Annual Revision
EMP10946,2022-04-01,75522.0,6042.0,Annual Revision
EMP10946,2023-04-01,79928.0,6394.0,Annual Revision
EMP10946,2024-04-01,95112.0,7609.0,Annual Revision
EMP10946,2025-04-01,95130.0,7610.0,Annual Revision
EMP10946,2026-04-01,110691.0,8855.0,Market Adjustment
EMP10947,2020-04-01,45306.0,2265.0,Market Adjustment
EMP10947,2021-04-01,47467.0,3797.0,Annual Revision
EMP10947,2022-04-01,54958.0,2748.0,Market Adjustment
EMP10947,2023-04-01,64297.0,3215.0,Annual Revision
EMP10947,2024-04-01,67517.0,3376.0,Annual Revision
EMP10947,2025-04-01,76061.0,6085.0,Annual Revision
EMP10947,2026-04-01,84915.0,4246.0,No Change
EMP10948,2025-04-01,93405.0,4670.0,Annual Revision
EMP10948,2026-04-01,99000.0,7920.0,Market Adjustment
EMP10949,2020-04-01,31373.0,1569.0,Market Adjustment
EMP10949,2021-04-01,35221.0,1761.0,Annual Revision
EMP10949,2022-04-01,36646.0,1099.0,Promotion
EMP10949,2023-04-01,40377.0,4845.0,Market Adjustment
EMP10949,2024-04-01,46515.0,5582.0,Annual Revision
EMP10949,2025-04-01,48865.0,3909.0,Annual Revision
EMP10949,2026-04-01,54199.0,6504.0,Annual Revision
EMP10950,2019-04-01,87646.0,7012.0,Market Adjustment
EMP10950,2020-04-01,91967.0,2759.0,Annual Revision
EMP10950,2021-04-01,100375.0,3011.0,Annual Revision
EMP10950,2022-04-01,116546.0,9324.0,Annual Revision
EMP10950,2023-04-01,141349.0,16962.0,Annual Revision
EMP10950,2024-04-01,145805.0,17497.0,Annual Revision
EMP10950,2025-04-01,172358.0,8618.0,Annual Revision
EMP10950,2026-04-01,192322.0,15386.0,Promotion
EMP10951,2022-04-01,69179.0,5534.0,Annual Revision
EMP10951,2023-04-01,75237.0,3762.0,Market Adjustment
EMP10951,2024-04-01,78753.0,2363.0,Market Adjustment
EMP10951,2025-04-01,85801.0,6864.0,Promotion
EMP10951,2026-04-01,89994.0,2700.0,Promotion
EMP10952,2023-04-01,67302.0,5384.0,Market Adjustment
EMP10952,2024-04-01,72921.0,3646.0,Annual Revision
EMP10952,2025-04-01,82489.0,4124.0,Annual Revision
EMP10952,2026-04-01,85981.0,10318.0,Annual Revision
EMP10953,2026-04-01,67264.0,3363.0,Annual Revision
EMP10954,2020-04-01,42604.0,1278.0,Annual Revision
EMP10954,2021-04-01,45957.0,2298.0,Annual Revision
EMP10954,2022-04-01,44748.0,3580.0,Promotion
EMP10954,2023-04-01,52215.0,2611.0,Annual Revision
EMP10954,2024-04-01,60754.0,1823.0,Annual Revision
EMP10954,2025-04-01,64685.0,5175.0,No Change
EMP10954,2026-04-01,68383.0,8206.0,No Change
EMP10955,2024-04-01,40025.0,1201.0,No Change
EMP10955,2025-04-01,47197.0,2360.0,Promotion
EMP10955,2026-04-01,50602.0,2530.0,Annual Revision
EMP10956,2020-04-01,62250.0,1868.0,Annual Revision
EMP10956,2021-04-01,68685.0,2061.0,Promotion
EMP10956,2022-04-01,74031.0,5922.0,No Change
EMP10956,2023-04-01,90526.0,2716.0,Annual Revision
EMP10956,2024-04-01,99447.0,4972.0,No Change
EMP10956,2025-04-01,109511.0,8761.0,Market Adjustment
EMP10956,2026-04-01,124489.0,6224.0,Annual Revision
EMP10957,2020-04-01,60782.0,3039.0,Annual Revision
EMP10957,2021-04-01,73841.0,8861.0,Annual Revision
EMP10957,2022-04-01,75767.0,3788.0,Market Adjustment
EMP10957,2023-04-01,84934.0,10192.0,No Change
EMP10957,2024-04-01,107260.0,5363.0,Promotion
EMP10957,2025-04-01,109859.0,5493.0,Market Adjustment
EMP10957,2026-04-01,120817.0,6041.0,Annual Revision
EMP10958,2019-04-01,45304.0,3624.0,Annual Revision
EMP10958,2020-04-01,46677.0,1400.0,Annual Revision
EMP10958,2021-04-01,49202.0,3936.0,No Change
EMP10958,2022-04-01,57192.0,1716.0,No Change
EMP10958,2023-04-01,67576.0,3379.0,Promotion
EMP10958,2024-04-01,77110.0,3855.0,Annual Revision
EMP10958,2025-04-01,82170.0,4109.0,Market Adjustment
EMP10958,2026-04-01,90650.0,10878.0,Annual Revision
EMP10959,2024-04-01,63488.0,7619.0,Market Adjustment
EMP10959,2025-04-01,73131.0,3657.0,Annual Revision
EMP10959,2026-04-01,74107.0,5929.0,Annual Revision
EMP10960,2022-04-01,59270.0,4742.0,Annual Revision
EMP10960,2023-04-01,70428.0,3521.0,Market Adjustment
EMP10960,2024-04-01,77323.0,6186.0,No Change
EMP10960,2025-04-01,82483.0,9898.0,Promotion
EMP10960,2026-04-01,94221.0,2827.0,No Change
EMP10961,2021-04-01,40380.0,1211.0,Annual Revision
EMP10961,2022-04-01,42783.0,5134.0,Market Adjustment
EMP10961,2023-04-01,51326.0,2566.0,Annual Revision
EMP10961,2024-04-01,57517.0,2876.0,Annual Revision
EMP10961,2025-04-01,60056.0,4804.0,Market Adjustment
EMP10961,2026-04-01,71741.0,8609.0,Annual Revision
EMP10962,2024-04-01,64075.0,3204.0,Promotion
EMP10962,2025-04-01,72211.0,3611.0,Annual Revision
EMP10962,2026-04-01,77213.0,6177.0,Promotion
EMP10963,2020-04-01,67846.0,8142.0,Promotion
EMP10963,2021-04-01,73365.0,2201.0,Annual Revision
EMP10963,2022-04-01,75952.0,3798.0,Annual Revision
EMP10963,2023-04-01,90220.0,2707.0,Annual Revision
EMP10963,2024-04-01,96776.0,4839.0,Annual Revision
EMP10963,2025-04-01,95835.0,2875.0,Annual Revision
EMP10963,2026-04-01,114417.0,5721.0,Annual Revision
EMP10964,2025-04-01,90465.0,2714.0,Annual Revision
EMP10964,2026-04-01,93847.0,4692.0,Market Adjustment
EMP10965,2023-04-01,33633.0,2691.0,Annual Revision
EMP10965,2024-04-01,34543.0,2763.0,Annual Revision
EMP10965,2025-04-01,37791.0,3023.0,Annual Revision
EMP10965,2026-04-01,45351.0,1361.0,Annual Revision
EMP10966,2023-04-01,40445.0,3236.0,Market Adjustment
EMP10966,2024-04-01,48670.0,1460.0,Annual Revision
EMP10966,2025-04-01,55214.0,1656.0,Market Adjustment
EMP10966,2026-04-01,57100.0,6852.0,Annual Revision
EMP10967,2022-04-01,66514.0,3326.0,Annual Revision
EMP10967,2023-04-01,77108.0,3855.0,Annual Revision
EMP10967,2024-04-01,84807.0,6785.0,Annual Revision
EMP10967,2025-04-01,90295.0,4515.0,Promotion
EMP10967,2026-04-01,96943.0,7755.0,Annual Revision
EMP10968,2024-04-01,84942.0,6795.0,Annual Revision
EMP10968,2025-04-01,103829.0,5191.0,Annual Revision
EMP10968,2026-04-01,103685.0,3111.0,Promotion
EMP10969,2019-04-01,70948.0,8514.0,Market Adjustment
EMP10969,2020-04-01,71564.0,5725.0,Annual Revision
EMP10969,2021-04-01,78269.0,6261.0,Annual Revision
EMP10969,2022-04-01,84189.0,6735.0,Promotion
EMP10969,2023-04-01,101459.0,3044.0,Promotion
EMP10969,2024-04-01,125772.0,3773.0,Promotion
EMP10969,2025-04-01,138514.0,4155.0,Market Adjustment
EMP10969,2026-04-01,138492.0,11079.0,Annual Revision
EMP10970,2026-04-01,42103.0,3368.0,Annual Revision
EMP10971,2022-04-01,40356.0,3228.0,Annual Revision
EMP10971,2023-04-01,47526.0,3802.0,Annual Revision
EMP10971,2024-04-01,51524.0,2576.0,Promotion
EMP10971,2025-04-01,61113.0,3056.0,Annual Revision
EMP10971,2026-04-01,62188.0,3109.0,Promotion
EMP10972,2022-04-01,64927.0,1948.0,Annual Revision
EMP10972,2023-04-01,75389.0,2262.0,Annual Revision
EMP10972,2024-04-01,78612.0,2358.0,Market Adjustment
EMP10972,2025-04-01,90384.0,2712.0,No Change
EMP10972,2026-04-01,102890.0,8231.0,Annual Revision
EMP10973,2019-04-01,68423.0,3421.0,Market Adjustment
EMP10973,2020-04-01,75925.0,2278.0,Promotion
EMP10973,2021-04-01,75541.0,2266.0,Promotion
EMP10973,2022-04-01,82539.0,6603.0,Annual Revision
EMP10973,2023-04-01,101984.0,3060.0,Market Adjustment
EMP10973,2024-04-01,109122.0,5456.0,Annual Revision
EMP10973,2025-04-01,119292.0,9543.0,Market Adjustment
EMP10973,2026-04-01,120784.0,3624.0,Market Adjustment
EMP10974,2019-04-01,90180.0,4509.0,Annual Revision
EMP10974,2020-04-01,97883.0,11746.0,Annual Revision
EMP10974,2021-04-01,103293.0,12395.0,Market Adjustment
EMP10974,2022-04-01,112746.0,5637.0,Market Adjustment
EMP10974,2023-04-01,133030.0,6652.0,Annual Revision
EMP10974,2024-04-01,150100.0,12008.0,No Change
EMP10974,2025-04-01,171973.0,20637.0,Market Adjustment
EMP10974,2026-04-01,185598.0,9280.0,Annual Revision
EMP10975,2021-04-01,43552.0,2178.0,Annual Revision
EMP10975,2022-04-01,45769.0,2288.0,Annual Revision
EMP10975,2023-04-01,47655.0,5719.0,Annual Revision
EMP10975,2024-04-01,54461.0,6535.0,Promotion
EMP10975,2025-04-01,60129.0,3006.0,Annual Revision
EMP10975,2026-04-01,65178.0,3259.0,Promotion
EMP10976,2021-04-01,66917.0,3346.0,Annual Revision
EMP10976,2022-04-01,73516.0,8822.0,Annual Revision
EMP10976,2023-04-01,85930.0,4296.0,No Change
EMP10976,2024-04-01,89199.0,7136.0,Annual Revision
EMP10976,2025-04-01,98067.0,2942.0,Annual Revision
EMP10976,2026-04-01,109243.0,5462.0,Market Adjustment
EMP10977,2024-04-01,67854.0,8142.0,Market Adjustment
EMP10977,2025-04-01,72621.0,5810.0,Annual Revision
EMP10977,2026-04-01,86204.0,4310.0,Annual Revision
EMP10978,2021-04-01,41033.0,2052.0,Market Adjustment
EMP10978,2022-04-01,45295.0,2265.0,Promotion
EMP10978,2023-04-01,51546.0,4124.0,Annual Revision
EMP10978,2024-04-01,60220.0,4818.0,Promotion
EMP10978,2025-04-01,65913.0,5273.0,Annual Revision
EMP10978,2026-04-01,67749.0,8130.0,Annual Revision
EMP10979,2021-04-01,47401.0,3792.0,Annual Revision
EMP10979,2022-04-01,46477.0,2324.0,Annual Revision
EMP10979,2023-04-01,53202.0,4256.0,Market Adjustment
EMP10979,2024-04-01,60132.0,4811.0,Annual Revision
EMP10979,2025-04-01,62076.0,3104.0,Promotion
EMP10979,2026-04-01,68631.0,5490.0,Promotion
EMP10980,2023-04-01,92869.0,2786.0,Promotion
EMP10980,2024-04-01,100336.0,3010.0,Annual Revision
EMP10980,2025-04-01,109011.0,8721.0,Annual Revision
EMP10980,2026-04-01,125131.0,6257.0,Annual Revision
EMP10981,2019-04-01,30839.0,925.0,Annual Revision
EMP10981,2020-04-01,33809.0,2705.0,Annual Revision
EMP10981,2021-04-01,35608.0,1780.0,Market Adjustment
EMP10981,2022-04-01,37858.0,3029.0,Market Adjustment
EMP10981,2023-04-01,46845.0,2342.0,Annual Revision
EMP10981,2024-04-01,52471.0,4198.0,Annual Revision
EMP10981,2025-04-01,54952.0,2748.0,Annual Revision
EMP10981,2026-04-01,62129.0,1864.0,Annual Revision
EMP10982,2023-04-01,41077.0,2054.0,Market Adjustment
EMP10982,2024-04-01,44806.0,2240.0,Annual Revision
EMP10982,2025-04-01,50129.0,1504.0,Promotion
EMP10982,2026-04-01,55633.0,1669.0,Annual Revision
EMP10983,2022-04-01,90151.0,7212.0,Annual Revision
EMP10983,2023-04-01,99624.0,11955.0,Promotion
EMP10983,2024-04-01,105676.0,12681.0,Annual Revision
EMP10983,2025-04-01,128054.0,6403.0,Market Adjustment
EMP10983,2026-04-01,130749.0,15690.0,Market Adjustment
EMP10984,2021-04-01,121086.0,6054.0,Promotion
EMP10984,2022-04-01,132249.0,10580.0,Annual Revision
EMP10984,2023-04-01,152096.0,18252.0,Market Adjustment
EMP10984,2024-04-01,174680.0,8734.0,Annual Revision
EMP10984,2025-04-01,197618.0,15809.0,Annual Revision
EMP10984,2026-04-01,220278.0,17622.0,Promotion
EMP10985,2021-04-01,34055.0,1022.0,Annual Revision
EMP10985,2022-04-01,34443.0,2755.0,No Change
EMP10985,2023-04-01,39323.0,3146.0,Annual Revision
EMP10985,2024-04-01,38540.0,4625.0,No Change
EMP10985,2025-04-01,44906.0,5389.0,No Change
EMP10985,2026-04-01,48531.0,1456.0,Annual Revision
EMP10986,2020-04-01,122150.0,6108.0,Annual Revision
EMP10986,2021-04-01,132895.0,10632.0,Market Adjustment
EMP10986,2022-04-01,138105.0,11048.0,Annual Revision
EMP10986,2023-04-01,161793.0,12943.0,No Change
EMP10986,2024-04-01,188125.0,9406.0,No Change
EMP10986,2025-04-01,194145.0,15532.0,Annual Revision
EMP10986,2026-04-01,205498.0,6165.0,No Change
EMP10987,2024-04-01,43430.0,3474.0,Market Adjustment
EMP10987,2025-04-01,45648.0,1369.0,Market Adjustment
EMP10987,2026-04-01,50298.0,1509.0,Annual Revision
EMP10988,2024-04-01,42478.0,3398.0,No Change
EMP10988,2025-04-01,46653.0,1400.0,Promotion
EMP10988,2026-04-01,53856.0,6463.0,Annual Revision
EMP10989,2019-04-01,62893.0,3145.0,No Change
EMP10989,2020-04-01,72428.0,3621.0,Promotion
EMP10989,2021-04-01,75202.0,6016.0,Annual Revision
EMP10989,2022-04-01,82584.0,4129.0,Annual Revision
EMP10989,2023-04-01,99549.0,2986.0,Annual Revision
EMP10989,2024-04-01,110627.0,8850.0,Annual Revision
EMP10989,2025-04-01,118350.0,5918.0,Annual Revision
EMP10989,2026-04-01,139691.0,4191.0,Promotion
EMP10990,2025-04-01,44730.0,2237.0,Annual Revision
EMP10990,2026-04-01,48386.0,2419.0,Promotion
EMP10991,2026-04-01,89549.0,10746.0,Annual Revision
EMP10992,2025-04-01,39945.0,1198.0,Annual Revision
EMP10992,2026-04-01,47101.0,5652.0,Market Adjustment
EMP10993,2023-04-01,31199.0,1560.0,Annual Revision
EMP10993,2024-04-01,35239.0,2819.0,Market Adjustment
EMP10993,2025-04-01,37083.0,2967.0,Annual Revision
EMP10993,2026-04-01,42173.0,3374.0,Market Adjustment
EMP10994,2021-04-01,119575.0,3587.0,No Change
EMP10994,2022-04-01,132352.0,3971.0,Annual Revision
EMP10994,2023-04-01,155103.0,7755.0,Annual Revision
EMP10994,2024-04-01,158202.0,7910.0,Annual Revision
EMP10994,2025-04-01,176689.0,8834.0,Annual Revision
EMP10994,2026-04-01,190011.0,9501.0,Annual Revision
EMP10995,2021-04-01,43114.0,1293.0,Promotion
EMP10995,2022-04-01,47858.0,1436.0,Market Adjustment
EMP10995,2023-04-01,53784.0,1614.0,Promotion
EMP10995,2024-04-01,59644.0,1789.0,No Change
EMP10995,2025-04-01,63834.0,5107.0,Annual Revision
EMP10995,2026-04-01,72648.0,5812.0,Promotion
EMP10996,2019-04-01,40133.0,1204.0,Annual Revision
EMP10996,2020-04-01,44808.0,2240.0,Promotion
EMP10996,2021-04-01,48460.0,2423.0,Annual Revision
EMP10996,2022-04-01,50522.0,1516.0,Annual Revision
EMP10996,2023-04-01,56394.0,2820.0,Annual Revision
EMP10996,2024-04-01,65221.0,5218.0,Annual Revision
EMP10996,2025-04-01,65553.0,3278.0,Promotion
EMP10996,2026-04-01,75395.0,9047.0,Annual Revision
EMP10997,2022-04-01,69230.0,8308.0,Promotion
EMP10997,2023-04-01,82392.0,6591.0,Annual Revision
EMP10997,2024-04-01,83537.0,4177.0,Market Adjustment
EMP10997,2025-04-01,93909.0,4695.0,Annual Revision
EMP10997,2026-04-01,106458.0,5323.0,Annual Revision
EMP10998,2019-04-01,65495.0,1965.0,Promotion
EMP10998,2020-04-01,68009.0,5441.0,Market Adjustment
EMP10998,2021-04-01,72526.0,3626.0,Annual Revision
EMP10998,2022-04-01,80474.0,6438.0,Annual Revision
EMP10998,2023-04-01,92232.0,4612.0,Promotion
EMP10998,2024-04-01,91657.0,7333.0,No Change
EMP10998,2025-04-01,105866.0,5293.0,Promotion
EMP10998,2026-04-01,122037.0,3661.0,No Change
EMP10999,2024-04-01,33408.0,2673.0,Promotion
EMP10999,2025-04-01,33189.0,996.0,Annual Revision
EMP10999,2026-04-01,37884.0,1137.0,Annual Revision
EMP11000,2025-04-01,87766.0,7021.0,No Change
EMP11000,2026-04-01,93072.0,7446.0,Market Adjustment
EMP11001,2025-04-01,42006.0,2100.0,No Change
EMP11001,2026-04-01,45423.0,2271.0,Market Adjustment
EMP11002,2021-04-01,118013.0,3540.0,Annual Revision
EMP11002,2022-04-01,133838.0,6692.0,Promotion
EMP11002,2023-04-01,155032.0,12403.0,Annual Revision
EMP11002,2024-04-01,154571.0,7729.0,Market Adjustment
EMP11002,2025-04-01,171684.0,20602.0,Market Adjustment
EMP11002,2026-04-01,192690.0,9634.0,Promotion
EMP11003,2023-04-01,69526.0,5562.0,Annual Revision
EMP11003,2024-04-01,75250.0,2258.0,Annual Revision
EMP11003,2025-04-01,88248.0,7060.0,Annual Revision
EMP11003,2026-04-01,91681.0,7334.0,Annual Revision
EMP11004,2019-04-01,43578.0,2179.0,Annual Revision
EMP11004,2020-04-01,45882.0,,No Change
EMP11004,2021-04-01,46062.0,2303.0,Annual Revision
EMP11004,2022-04-01,50107.0,2505.0,Promotion
EMP11004,2023-04-01,58055.0,2903.0,Annual Revision
EMP11004,2024-04-01,62403.0,4992.0,Market Adjustment
EMP11004,2025-04-01,70654.0,3533.0,Annual Revision
EMP11004,2026-04-01,74275.0,5942.0,Promotion
EMP11005,2019-04-01,33220.0,997.0,Promotion
EMP11005,2020-04-01,34868.0,1743.0,Promotion
EMP11005,2021-04-01,35741.0,1787.0,Promotion
EMP11005,2022-04-01,37509.0,1875.0,Annual Revision
EMP11005,2023-04-01,44699.0,2235.0,Market Adjustment
EMP11005,2024-04-01,49397.0,3952.0,Annual Revision
EMP11005,2025-04-01,55338.0,4427.0,Annual Revision
EMP11005,2026-04-01,57872.0,,Annual Revision
EMP11006,2024-04-01,67349.0,2020.0,Promotion
EMP11006,2025-04-01,76861.0,9223.0,Market Adjustment
EMP11006,2026-04-01,86360.0,2591.0,Annual Revision
EMP11007,2024-04-01,71372.0,2141.0,Annual Revision
EMP11007,2025-04-01,74480.0,2234.0,Promotion
EMP11007,2026-04-01,88358.0,4418.0,Annual Revision
EMP11008,2025-04-01,93516.0,2805.0,No Change
EMP11008,2026-04-01,105195.0,8416.0,Market Adjustment
EMP11009,2023-04-01,87888.0,7031.0,No Change
EMP11009,2024-04-01,96002.0,7680.0,No Change
EMP11009,2025-04-01,108502.0,8680.0,Annual Revision
EMP11009,2026-04-01,111963.0,13436.0,Annual Revision
EMP11010,2022-04-01,32208.0,2577.0,Annual Revision
EMP11010,2023-04-01,35400.0,1770.0,Annual Revision
EMP11010,2024-04-01,38058.0,1903.0,No Change
EMP11010,2025-04-01,40686.0,1221.0,Market Adjustment
EMP11010,2026-04-01,46285.0,3703.0,Annual Revision
EMP11011,2024-04-01,125557.0,10045.0,Annual Revision
EMP11011,2025-04-01,130702.0,6535.0,Market Adjustment
EMP11011,2026-04-01,153699.0,18444.0,Promotion
EMP11012,2026-04-01,86652.0,4333.0,Annual Revision
EMP11013,2020-04-01,94643.0,2839.0,Promotion
EMP11013,2021-04-01,94334.0,4717.0,Annual Revision
EMP11013,2022-04-01,97867.0,4893.0,No Change
EMP11013,2023-04-01,115602.0,5780.0,No Change
EMP11013,2024-04-01,131577.0,3947.0,Market Adjustment
EMP11013,2025-04-01,141891.0,7095.0,Annual Revision
EMP11013,2026-04-01,144121.0,7206.0,Annual Revision
EMP11014,2023-04-01,122661.0,9813.0,Promotion
EMP11014,2024-04-01,136529.0,10922.0,Annual Revision
EMP11014,2025-04-01,152811.0,7641.0,Promotion
EMP11014,2026-04-01,168491.0,8425.0,Promotion
EMP11015,2020-04-01,65049.0,5204.0,Promotion
EMP11015,2021-04-01,74388.0,8927.0,Annual Revision
EMP11015,2022-04-01,76328.0,9159.0,Market Adjustment
EMP11015,2023-04-01,84266.0,2528.0,Annual Revision
EMP11015,2024-04-01,99596.0,4980.0,Annual Revision
EMP11015,2025-04-01,110080.0,3302.0,Annual Revision
EMP11015,2026-04-01,121285.0,6064.0,Annual Revision
EMP11016,2024-04-01,41889.0,3351.0,Promotion
EMP11016,2025-04-01,44359.0,2218.0,Annual Revision
EMP11016,2026-04-01,49466.0,1484.0,Annual Revision
EMP11017,2022-04-01,41464.0,3317.0,Market Adjustment
EMP11017,2023-04-01,46750.0,2337.0,Annual Revision
EMP11017,2024-04-01,49469.0,2473.0,Annual Revision
EMP11017,2025-04-01,56722.0,1702.0,Annual Revision
EMP11017,2026-04-01,59780.0,2989.0,Promotion
EMP11018,2019-04-01,128692.0,6435.0,Annual Revision
EMP11018,2020-04-01,135324.0,4060.0,Annual Revision
EMP11018,2021-04-01,137995.0,4140.0,Annual Revision
EMP11018,2022-04-01,157158.0,7858.0,Annual Revision
EMP11018,2023-04-01,170192.0,5106.0,Promotion
EMP11018,2024-04-01,185599.0,14848.0,Annual Revision
EMP11018,2025-04-01,193829.0,5815.0,Market Adjustment
EMP11018,2026-04-01,210641.0,16851.0,Promotion
EMP11019,2024-04-01,40981.0,1229.0,Market Adjustment
EMP11019,2025-04-01,45167.0,2258.0,Annual Revision
EMP11019,2026-04-01,51873.0,4150.0,Annual Revision
EMP11020,2022-04-01,64051.0,1922.0,Annual Revision
EMP11020,2023-04-01,72487.0,8698.0,Annual Revision
EMP11020,2024-04-01,80005.0,9601.0,Annual Revision
EMP11020,2025-04-01,83290.0,6663.0,Promotion
EMP11020,2026-04-01,92097.0,4605.0,Annual Revision
EMP11021,2019-04-01,41829.0,2091.0,Market Adjustment
EMP11021,2020-04-01,44613.0,5354.0,Annual Revision
EMP11021,2021-04-01,46916.0,1407.0,Promotion
EMP11021,2022-04-01,49623.0,1489.0,Promotion
EMP11021,2023-04-01,59750.0,7170.0,Market Adjustment
EMP11021,2024-04-01,66662.0,2000.0,Annual Revision
EMP11021,2025-04-01,70065.0,3503.0,Annual Revision
EMP11021,2026-04-01,84296.0,2529.0,Market Adjustment
EMP11022,2021-04-01,128455.0,10276.0,Annual Revision
EMP11022,2022-04-01,126059.0,10085.0,Annual Revision
EMP11022,2023-04-01,144125.0,7206.0,Annual Revision
EMP11022,2024-04-01,161273.0,12902.0,Annual Revision
EMP11022,2025-04-01,170722.0,8536.0,Annual Revision
EMP11022,2026-04-01,186689.0,5601.0,No Change
EMP11023,2024-04-01,43298.0,2165.0,Market Adjustment
EMP11023,2025-04-01,50587.0,4047.0,Annual Revision
EMP11023,2026-04-01,52891.0,1587.0,No Change
EMP11024,2026-04-01,41526.0,1246.0,Promotion
EMP11025,2020-04-01,47328.0,2366.0,Promotion
EMP11025,2021-04-01,47505.0,2375.0,Market Adjustment
EMP11025,2022-04-01,52364.0,4189.0,Annual Revision
EMP11025,2023-04-01,58157.0,1745.0,Market Adjustment
EMP11025,2024-04-01,59335.0,2967.0,Annual Revision
EMP11025,2025-04-01,67258.0,5381.0,Market Adjustment
EMP11025,2026-04-01,75802.0,3790.0,Annual Revision
EMP11026,2025-04-01,43156.0,3452.0,Annual Revision
EMP11026,2026-04-01,50230.0,6028.0,Promotion
EMP11027,2026-04-01,85918.0,6873.0,Annual Revision
EMP11028,2025-04-01,42250.0,1268.0,Annual Revision
EMP11028,2026-04-01,51041.0,2552.0,Annual Revision
EMP11029,2019-04-01,67247.0,5380.0,Annual Revision
EMP11029,2020-04-01,67441.0,5395.0,Annual Revision
EMP11029,2021-04-01,77322.0,3866.0,Market Adjustment
EMP11029,2022-04-01,82725.0,4136.0,Annual Revision
EMP11029,2023-04-01,100680.0,12082.0,Annual Revision
EMP11029,2024-04-01,111945.0,5597.0,Annual Revision
EMP11029,2025-04-01,120763.0,9661.0,Annual Revision
EMP11029,2026-04-01,135657.0,6783.0,Market Adjustment
EMP11030,2025-04-01,44775.0,1343.0,Annual Revision
EMP11030,2026-04-01,51031.0,4083.0,Market Adjustment
EMP11031,2024-04-01,68999.0,2070.0,Annual Revision
EMP11031,2025-04-01,75446.0,3772.0,Annual Revision
EMP11031,2026-04-01,83343.0,6667.0,Promotion
EMP11032,2025-04-01,31142.0,934.0,Annual Revision
EMP11032,2026-04-01,37922.0,1896.0,Annual Revision
EMP11033,2025-04-01,61592.0,4927.0,No Change
EMP11033,2026-04-01,68847.0,3442.0,No Change
EMP11034,2025-04-01,122518.0,9801.0,No Change
EMP11034,2026-04-01,136759.0,10941.0,Annual Revision
EMP11035,2022-04-01,91289.0,7303.0,Market Adjustment
EMP11035,2023-04-01,102032.0,12244.0,Annual Revision
EMP11035,2024-04-01,109455.0,5473.0,Annual Revision
EMP11035,2025-04-01,120388.0,3612.0,Annual Revision
EMP11035,2026-04-01,135089.0,4053.0,Annual Revision
EMP11036,2023-04-01,41200.0,2060.0,Market Adjustment
EMP11036,2024-04-01,44839.0,2242.0,Annual Revision
EMP11036,2025-04-01,55508.0,2775.0,Annual Revision
EMP11036,2026-04-01,60943.0,1828.0,Promotion
EMP11037,2026-04-01,46197.0,3696.0,Annual Revision
EMP11038,2026-04-01,89920.0,4496.0,Promotion
EMP11039,2020-04-01,66889.0,2007.0,Annual Revision
EMP11039,2021-04-01,68808.0,2064.0,Annual Revision
EMP11039,2022-04-01,74682.0,5975.0,Annual Revision
EMP11039,2023-04-01,82813.0,4141.0,Market Adjustment
EMP11039,2024-04-01,87470.0,4373.0,Promotion
EMP11039,2025-04-01,95658.0,7653.0,Promotion
EMP11039,2026-04-01,109375.0,3281.0,Annual Revision
EMP11040,2023-04-01,70156.0,3508.0,No Change
EMP11040,2024-04-01,79748.0,6380.0,Annual Revision
EMP11040,2025-04-01,84148.0,6732.0,Market Adjustment
EMP11040,2026-04-01,90982.0,7279.0,Annual Revision
EMP11041,2024-04-01,30928.0,1546.0,Promotion
EMP11041,2025-04-01,35236.0,1762.0,Promotion
EMP11041,2026-04-01,37243.0,1862.0,Annual Revision
EMP11042,2021-04-01,64473.0,1934.0,Annual Revision
EMP11042,2022-04-01,66739.0,5339.0,Annual Revision
EMP11042,2023-04-01,74868.0,5989.0,Market Adjustment
EMP11042,2024-04-01,81475.0,9777.0,Annual Revision
EMP11042,2025-04-01,93369.0,4668.0,Market Adjustment
EMP11042,2026-04-01,101042.0,12125.0,Annual Revision
EMP11043,2022-04-01,42108.0,2105.0,Promotion
EMP11043,2023-04-01,47414.0,1422.0,Annual Revision
EMP11043,2024-04-01,53262.0,2663.0,Annual Revision
EMP11043,2025-04-01,58437.0,1753.0,Promotion
EMP11043,2026-04-01,64202.0,5136.0,No Change
EMP11044,2020-04-01,69775.0,5582.0,Promotion
EMP11044,2021-04-01,70219.0,8426.0,Annual Revision
EMP11044,2022-04-01,69366.0,3468.0,Annual Revision
EMP11044,2023-04-01,92546.0,4627.0,Annual Revision
EMP11044,2024-04-01,96270.0,4814.0,Annual Revision
EMP11044,2025-04-01,99011.0,7921.0,Market Adjustment
EMP11044,2026-04-01,107777.0,5389.0,Annual Revision
EMP11045,2020-04-01,32411.0,1621.0,Annual Revision
EMP11045,2021-04-01,32690.0,1634.0,Annual Revision
EMP11045,2022-04-01,34237.0,1027.0,No Change
EMP11045,2023-04-01,41891.0,5027.0,Annual Revision
EMP11045,2024-04-01,44040.0,1321.0,Annual Revision
EMP11045,2025-04-01,49340.0,3947.0,No Change
EMP11045,2026-04-01,53520.0,1606.0,Promotion
EMP11046,2020-04-01,43266.0,2163.0,Annual Revision
EMP11046,2021-04-01,46099.0,1383.0,Market Adjustment
EMP11046,2022-04-01,50613.0,1518.0,Annual Revision
EMP11046,2023-04-01,57796.0,1734.0,Promotion
EMP11046,2024-04-01,65830.0,5266.0,Annual Revision
EMP11046,2025-04-01,66413.0,3321.0,No Change
EMP11046,2026-04-01,75332.0,9040.0,Market Adjustment
EMP11047,2020-04-01,41514.0,2076.0,Annual Revision
EMP11047,2021-04-01,46038.0,2302.0,Annual Revision
EMP11047,2022-04-01,49187.0,5902.0,Annual Revision
EMP11047,2023-04-01,58278.0,2914.0,Annual Revision
EMP11047,2024-04-01,59155.0,2958.0,Annual Revision
EMP11047,2025-04-01,67307.0,3365.0,No Change
EMP11047,2026-04-01,72115.0,2163.0,Annual Revision
EMP11048,2026-04-01,31651.0,2532.0,Promotion
EMP11049,2023-04-01,46297.0,2315.0,Market Adjustment
EMP11049,2024-04-01,47069.0,1412.0,Annual Revision
EMP11049,2025-04-01,55852.0,6702.0,No Change
EMP11049,2026-04-01,55256.0,6631.0,Annual Revision
EMP11050,2020-04-01,32422.0,3891.0,Annual Revision
EMP11050,2021-04-01,33775.0,1689.0,Annual Revision
EMP11050,2022-04-01,35891.0,1077.0,Annual Revision
EMP11050,2023-04-01,41624.0,1249.0,Promotion
EMP11050,2024-04-01,47435.0,2372.0,Promotion
EMP11050,2025-04-01,48062.0,3845.0,Annual Revision
EMP11050,2026-04-01,55453.0,1664.0,Annual Revision
EMP11051,2021-04-01,46591.0,3727.0,No Change
EMP11051,2022-04-01,47333.0,1420.0,No Change
EMP11051,2023-04-01,50187.0,4015.0,Promotion
EMP11051,2024-04-01,57296.0,2865.0,Annual Revision
EMP11051,2025-04-01,63534.0,5083.0,No Change
EMP11051,2026-04-01,70220.0,3511.0,Promotion
EMP11052,2019-04-01,44062.0,1322.0,Promotion
EMP11052,2020-04-01,48645.0,3892.0,Promotion
EMP11052,2021-04-01,52492.0,4199.0,Annual Revision
EMP11052,2022-04-01,51649.0,2582.0,Annual Revision
EMP11052,2023-04-01,67547.0,3377.0,Annual Revision
EMP11052,2024-04-01,70566.0,2117.0,Annual Revision
EMP11052,2025-04-01,74754.0,5980.0,Promotion
EMP11052,2026-04-01,84293.0,6743.0,Annual Revision
EMP11053,2020-04-01,87642.0,7011.0,Promotion
EMP11053,2021-04-01,92463.0,2774.0,Market Adjustment
EMP11053,2022-04-01,106000.0,5300.0,Annual Revision
EMP11053,2023-04-01,115678.0,9254.0,Annual Revision
EMP11053,2024-04-01,129355.0,3881.0,No Change
EMP11053,2025-04-01,137875.0,11030.0,Annual Revision
EMP11053,2026-04-01,143560.0,4307.0,Annual Revision
EMP11054,2020-04-01,88922.0,2668.0,Annual Revision
EMP11054,2021-04-01,93509.0,2805.0,No Change
EMP11054,2022-04-01,105966.0,8477.0,Market Adjustment
EMP11054,2023-04-01,121013.0,6051.0,Annual Revision
EMP11054,2024-04-01,132925.0,6646.0,Promotion
EMP11054,2025-04-01,145248.0,11620.0,Market Adjustment
EMP11054,2026-04-01,137342.0,6867.0,Market Adjustment
EMP11055,2025-04-01,46099.0,2305.0,Promotion
EMP11055,2026-04-01,49799.0,1494.0,Annual Revision
EMP11056,2025-04-01,66102.0,3305.0,Annual Revision
EMP11056,2026-04-01,69134.0,3457.0,Annual Revision
EMP11057,2020-04-01,44899.0,3592.0,Market Adjustment
EMP11057,2021-04-01,46070.0,3686.0,Promotion
EMP11057,2022-04-01,50321.0,2516.0,Annual Revision
EMP11057,2023-04-01,59656.0,4772.0,Annual Revision
EMP11057,2024-04-01,62768.0,1883.0,Annual Revision
EMP11057,2025-04-01,67473.0,3374.0,No Change
EMP11057,2026-04-01,77836.0,2335.0,Annual Revision
EMP11058,2020-04-01,70711.0,3536.0,No Change
EMP11058,2021-04-01,75393.0,6031.0,Annual Revision
EMP11058,2022-04-01,78527.0,6282.0,Annual Revision
EMP11058,2023-04-01,91588.0,4579.0,Promotion
EMP11058,2024-04-01,101383.0,8111.0,Annual Revision
EMP11058,2025-04-01,110328.0,5516.0,Annual Revision
EMP11058,2026-04-01,120740.0,9659.0,Annual Revision
EMP11059,2023-04-01,41257.0,3301.0,Annual Revision
EMP11059,2024-04-01,40582.0,3247.0,Annual Revision
EMP11059,2025-04-01,51956.0,2598.0,Annual Revision
EMP11059,2026-04-01,57876.0,4630.0,Market Adjustment
EMP11060,2024-04-01,59373.0,4750.0,Market Adjustment
EMP11060,2025-04-01,76723.0,3836.0,Promotion
EMP11060,2026-04-01,76128.0,3806.0,Market Adjustment
EMP11061,2019-04-01,41147.0,1234.0,Market Adjustment
EMP11061,2020-04-01,46724.0,2336.0,Annual Revision
EMP11061,2021-04-01,47807.0,2390.0,Promotion
EMP11061,2022-04-01,48469.0,2423.0,Promotion
EMP11061,2023-04-01,57656.0,2883.0,Annual Revision
EMP11061,2024-04-01,66469.0,5318.0,Annual Revision
EMP11061,2025-04-01,68550.0,2056.0,Annual Revision
EMP11061,2026-04-01,79455.0,2384.0,Promotion
EMP11062,2020-04-01,32078.0,2566.0,Annual Revision
EMP11062,2021-04-01,33542.0,2683.0,Annual Revision
EMP11062,2022-04-01,35827.0,1075.0,No Change
EMP11062,2023-04-01,42190.0,3375.0,No Change
EMP11062,2024-04-01,44842.0,2242.0,Promotion
EMP11062,2025-04-01,49376.0,2469.0,Promotion
EMP11062,2026-04-01,54783.0,6574.0,Annual Revision
EMP11063,2023-04-01,87403.0,4370.0,Annual Revision
EMP11063,2024-04-01,94648.0,2839.0,Market Adjustment
EMP11063,2025-04-01,113833.0,13660.0,Annual Revision
EMP11063,2026-04-01,115556.0,9245.0,Annual Revision
EMP11064,2022-04-01,90314.0,4516.0,Promotion
EMP11064,2023-04-01,95845.0,7668.0,Market Adjustment
EMP11064,2024-04-01,104846.0,8388.0,Annual Revision
EMP11064,2025-04-01,113368.0,9069.0,Annual Revision
EMP11064,2026-04-01,126876.0,6344.0,Annual Revision
EMP11065,2025-04-01,30450.0,2436.0,Annual Revision
EMP11065,2026-04-01,34126.0,1024.0,Market Adjustment
EMP11066,2025-04-01,30671.0,3680.0,Promotion
EMP11066,2026-04-01,35472.0,1064.0,Market Adjustment
EMP11067,2019-04-01,60638.0,3032.0,Promotion
EMP11067,2020-04-01,67450.0,3372.0,Annual Revision
EMP11067,2021-04-01,77905.0,2337.0,Promotion
EMP11067,2022-04-01,78486.0,3924.0,Promotion
EMP11067,2023-04-01,87530.0,7002.0,Annual Revision
EMP11067,2024-04-01,102635.0,3079.0,Promotion
EMP11067,2025-04-01,106038.0,5302.0,Annual Revision
EMP11067,2026-04-01,114289.0,5714.0,Annual Revision
EMP11068,2024-04-01,44500.0,1335.0,Promotion
EMP11068,2025-04-01,43851.0,3508.0,Annual Revision
EMP11068,2026-04-01,51411.0,1542.0,No Change
EMP11069,2020-04-01,66715.0,2001.0,Market Adjustment
EMP11069,2021-04-01,68072.0,2042.0,No Change
EMP11069,2022-04-01,79238.0,3962.0,Promotion
EMP11069,2023-04-01,91233.0,2737.0,Market Adjustment
EMP11069,2024-04-01,99104.0,4955.0,Annual Revision
EMP11069,2025-04-01,112576.0,5629.0,Annual Revision
EMP11069,2026-04-01,112362.0,8989.0,Market Adjustment
EMP11070,2023-04-01,74011.0,5921.0,Annual Revision
EMP11070,2024-04-01,77733.0,9328.0,Promotion
EMP11070,2025-04-01,80462.0,4023.0,Market Adjustment
EMP11070,2026-04-01,86869.0,4343.0,Annual Revision
EMP11071,2025-04-01,39840.0,3187.0,Annual Revision
EMP11071,2026-04-01,44801.0,2240.0,Annual Revision
EMP11072,2023-04-01,71042.0,2131.0,Annual Revision
EMP11072,2024-04-01,73060.0,8767.0,Annual Revision
EMP11072,2025-04-01,82350.0,4117.0,Promotion
EMP11072,2026-04-01,90515.0,4526.0,Market Adjustment
EMP11073,2019-04-01,68088.0,3404.0,Annual Revision
EMP11073,2020-04-01,75247.0,6020.0,No Change
EMP11073,2021-04-01,86483.0,2594.0,Annual Revision
EMP11073,2022-04-01,87292.0,4365.0,Promotion
EMP11073,2023-04-01,99369.0,2981.0,Annual Revision
EMP11073,2024-04-01,104660.0,8373.0,Promotion
EMP11073,2025-04-01,120729.0,14488.0,Annual Revision
EMP11073,2026-04-01,127533.0,15304.0,Annual Revision
EMP11074,2019-04-01,65035.0,5203.0,No Change
EMP11074,2020-04-01,68677.0,8241.0,Annual Revision
EMP11074,2021-04-01,77442.0,6195.0,Annual Revision
EMP11074,2022-04-01,77969.0,3898.0,Annual Revision
EMP11074,2023-04-01,92559.0,4628.0,No Change
EMP11074,2024-04-01,99959.0,7997.0,No Change
EMP11074,2025-04-01,108006.0,3240.0,Market Adjustment
EMP11074,2026-04-01,118654.0,9492.0,Annual Revision
EMP11075,2025-04-01,120793.0,9663.0,No Change
EMP11075,2026-04-01,141183.0,7059.0,Annual Revision
EMP11076,2025-04-01,125828.0,10066.0,No Change
EMP11076,2026-04-01,135877.0,16305.0,Market Adjustment
EMP11077,2024-04-01,43035.0,1291.0,Market Adjustment
EMP11077,2025-04-01,45291.0,3623.0,Annual Revision
EMP11077,2026-04-01,50715.0,1521.0,Annual Revision
EMP11078,2025-04-01,92193.0,11063.0,Annual Revision
EMP11078,2026-04-01,96463.0,7717.0,Annual Revision
EMP11079,2021-04-01,32714.0,2617.0,No Change
EMP11079,2022-04-01,33160.0,995.0,Annual Revision
EMP11079,2023-04-01,37467.0,2997.0,Market Adjustment
EMP11079,2024-04-01,41039.0,3283.0,Annual Revision
EMP11079,2025-04-01,44783.0,3583.0,Promotion
EMP11079,2026-04-01,48427.0,1453.0,Market Adjustment
EMP11080,2020-04-01,49402.0,3952.0,Promotion
EMP11080,2021-04-01,45163.0,2258.0,Annual Revision
EMP11080,2022-04-01,52868.0,4229.0,Promotion
EMP11080,2023-04-01,59916.0,4793.0,Annual Revision
EMP11080,2024-04-01,62381.0,1871.0,Annual Revision
EMP11080,2025-04-01,67381.0,5390.0,Promotion
EMP11080,2026-04-01,73260.0,5861.0,No Change
EMP11081,2024-04-01,41331.0,2067.0,Market Adjustment
EMP11081,2025-04-01,44955.0,1349.0,Market Adjustment
EMP11081,2026-04-01,49767.0,3981.0,Annual Revision
EMP11082,2021-04-01,90892.0,2727.0,No Change
EMP11082,2022-04-01,98829.0,4941.0,Market Adjustment
EMP11082,2023-04-01,110611.0,3318.0,Annual Revision
EMP11082,2024-04-01,129883.0,10391.0,Annual Revision
EMP11082,2025-04-01,137187.0,6859.0,Annual Revision
EMP11082,2026-04-01,150929.0,12074.0,Annual Revision
EMP11083,2022-04-01,42657.0,1280.0,Annual Revision
EMP11083,2023-04-01,45621.0,1369.0,Market Adjustment
EMP11083,2024-04-01,50311.0,2516.0,Annual Revision
EMP11083,2025-04-01,57265.0,4581.0,Promotion
EMP11083,2026-04-01,59492.0,2975.0,Annual Revision
EMP11084,2023-04-01,86520.0,6922.0,Promotion
EMP11084,2024-04-01,96474.0,7718.0,Annual Revision
EMP11084,2025-04-01,111710.0,3351.0,Promotion
EMP11084,2026-04-01,114582.0,,Annual Revision
EMP11085,2019-04-01,32055.0,962.0,Market Adjustment
EMP11085,2020-04-01,32462.0,1623.0,Promotion
EMP11085,2021-04-01,35165.0,2813.0,Annual Revision
EMP11085,2022-04-01,35719.0,1786.0,Promotion
EMP11085,2023-04-01,44447.0,2222.0,Annual Revision
EMP11085,2024-04-01,45308.0,1359.0,Annual Revision
EMP11085,2025-04-01,53338.0,1600.0,No Change
EMP11085,2026-04-01,58260.0,2913.0,No Change
EMP11086,2024-04-01,69063.0,2072.0,Annual Revision
EMP11086,2025-04-01,74848.0,3742.0,Annual Revision
EMP11086,2026-04-01,83633.0,2509.0,Market Adjustment
EMP11087,2019-04-01,87959.0,2639.0,Annual Revision
EMP11087,2020-04-01,91165.0,10940.0,Annual Revision
EMP11087,2021-04-01,101647.0,8132.0,Annual Revision
EMP11087,2022-04-01,113194.0,5660.0,Promotion
EMP11087,2023-04-01,128777.0,6439.0,Market Adjustment
EMP11087,2024-04-01,141569.0,7078.0,Promotion
EMP11087,2025-04-01,147275.0,17673.0,Annual Revision
EMP11087,2026-04-01,172443.0,20693.0,No Change
EMP11088,2019-04-01,63822.0,5106.0,Annual Revision
EMP11088,2020-04-01,73834.0,8860.0,Annual Revision
EMP11088,2021-04-01,79329.0,3966.0,No Change
EMP11088,2022-04-01,83281.0,6662.0,Annual Revision
EMP11088,2023-04-01,104972.0,5249.0,Market Adjustment
EMP11088,2024-04-01,108841.0,8707.0,No Change
EMP11088,2025-04-01,121934.0,3658.0,Promotion
EMP11088,2026-04-01,140120.0,4204.0,Annual Revision
EMP11089,2019-04-01,89810.0,7185.0,Market Adjustment
EMP11089,2020-04-01,94062.0,7525.0,Market Adjustment
EMP11089,2021-04-01,111589.0,3348.0,Annual Revision
EMP11089,2022-04-01,112671.0,9014.0,Annual Revision
EMP11089,2023-04-01,139315.0,6966.0,Market Adjustment
EMP11089,2024-04-01,153643.0,7682.0,Market Adjustment
EMP11089,2025-04-01,172503.0,8625.0,Promotion
EMP11089,2026-04-01,199338.0,15947.0,Annual Revision
EMP11090,2026-04-01,40805.0,1224.0,Annual Revision
EMP11091,2022-04-01,41434.0,1243.0,Annual Revision
EMP11091,2023-04-01,45382.0,2269.0,Market Adjustment
EMP11091,2024-04-01,49560.0,3965.0,Promotion
EMP11091,2025-04-01,54666.0,6560.0,Market Adjustment
EMP11091,2026-04-01,58443.0,2922.0,Annual Revision
EMP11092,2019-04-01,86731.0,10408.0,Market Adjustment
EMP11092,2020-04-01,94545.0,4727.0,Market Adjustment
EMP11092,2021-04-01,97776.0,2933.0,Market Adjustment
EMP11092,2022-04-01,105687.0,12682.0,Annual Revision
EMP11092,2023-04-01,130595.0,10448.0,Annual Revision
EMP11092,2024-04-01,138182.0,6909.0,Promotion
EMP11092,2025-04-01,147728.0,4432.0,Annual Revision
EMP11092,2026-04-01,162154.0,12972.0,Market Adjustment
EMP11093,2021-04-01,67200.0,3360.0,Promotion
EMP11093,2022-04-01,70522.0,5642.0,Annual Revision
EMP11093,2023-04-01,79694.0,2391.0,No Change
EMP11093,2024-04-01,92558.0,4628.0,Annual Revision
EMP11093,2025-04-01,97667.0,4883.0,Annual Revision
EMP11093,2026-04-01,107483.0,8599.0,No Change
EMP11094,2019-04-01,92190.0,7375.0,Annual Revision
EMP11094,2020-04-01,96932.0,7755.0,Annual Revision
EMP11094,2021-04-01,108123.0,8650.0,Annual Revision
EMP11094,2022-04-01,114915.0,3447.0,Annual Revision
EMP11094,2023-04-01,133404.0,4002.0,Annual Revision
EMP11094,2024-04-01,147093.0,11767.0,Market Adjustment
EMP11094,2025-04-01,163301.0,13064.0,Promotion
EMP11094,2026-04-01,193882.0,5816.0,Annual Revision
EMP11095,2026-04-01,72178.0,3609.0,Annual Revision
EMP11096,2021-04-01,31796.0,2544.0,Promotion
EMP11096,2022-04-01,33678.0,1684.0,Annual Revision
EMP11096,2023-04-01,35131.0,1054.0,Annual Revision
EMP11096,2024-04-01,41451.0,1244.0,Promotion
EMP11096,2025-04-01,45330.0,1360.0,Annual Revision
EMP11096,2026-04-01,48297.0,2415.0,Annual Revision
EMP11097,2024-04-01,87561.0,4378.0,Annual Revision
EMP11097,2025-04-01,97109.0,7769.0,Annual Revision
EMP11097,2026-04-01,104337.0,5217.0,Market Adjustment
EMP11098,2019-04-01,44391.0,3551.0,Annual Revision
EMP11098,2020-04-01,47688.0,2384.0,Promotion
EMP11098,2021-04-01,50758.0,1523.0,Market Adjustment
EMP11098,2022-04-01,54332.0,2717.0,No Change
EMP11098,2023-04-01,64863.0,1946.0,Market Adjustment
EMP11098,2024-04-01,68577.0,5486.0,No Change
EMP11098,2025-04-01,79708.0,9565.0,Annual Revision
EMP11098,2026-04-01,80989.0,9719.0,Annual Revision
EMP11099,2022-04-01,41552.0,3324.0,Annual Revision
EMP11099,2023-04-01,44689.0,3575.0,No Change
EMP11099,2024-04-01,50150.0,2507.0,Annual Revision
EMP11099,2025-04-01,55319.0,4425.0,Market Adjustment
EMP11099,2026-04-01,58825.0,2941.0,Annual Revision
EMP11100,2022-04-01,61267.0,1838.0,Annual Revision
EMP11100,2023-04-01,72108.0,3605.0,Annual Revision
EMP11100,2024-04-01,72420.0,3621.0,Annual Revision
EMP11100,2025-04-01,85897.0,4295.0,Promotion
EMP11100,2026-04-01,94160.0,4708.0,No Change
EMP11101,2019-04-01,42244.0,3379.0,Annual Revision
EMP11101,2020-04-01,43528.0,2176.0,Promotion
EMP11101,2021-04-01,44847.0,3588.0,Annual Revision
EMP11101,2022-04-01,48405.0,1452.0,Annual Revision
EMP11101,2023-04-01,62411.0,4993.0,Annual Revision
EMP11101,2024-04-01,65482.0,1964.0,Market Adjustment
EMP11101,2025-04-01,71606.0,5728.0,Market Adjustment
EMP11101,2026-04-01,74713.0,5977.0,Market Adjustment
EMP11102,2021-04-01,33170.0,2654.0,Annual Revision
EMP11102,2022-04-01,33473.0,1674.0,Promotion
EMP11102,2023-04-01,37363.0,1868.0,Annual Revision
EMP11102,2024-04-01,41757.0,2088.0,Annual Revision
EMP11102,2025-04-01,43187.0,3455.0,Market Adjustment
EMP11102,2026-04-01,47203.0,2360.0,Annual Revision
EMP11103,2022-04-01,71164.0,3558.0,Annual Revision
EMP11103,2023-04-01,77501.0,3875.0,Annual Revision
EMP11103,2024-04-01,87329.0,4366.0,Annual Revision
EMP11103,2025-04-01,92536.0,2776.0,No Change
EMP11103,2026-04-01,107054.0,8564.0,No Change
EMP11104,2021-04-01,42486.0,1275.0,Annual Revision
EMP11104,2022-04-01,44640.0,2232.0,Annual Revision
EMP11104,2023-04-01,49111.0,3929.0,Annual Revision
EMP11104,2024-04-01,51089.0,4087.0,Annual Revision
EMP11104,2025-04-01,57247.0,2862.0,Promotion
EMP11104,2026-04-01,62665.0,7520.0,No Change
EMP11105,2022-04-01,81632.0,6531.0,No Change
EMP11105,2023-04-01,94901.0,7592.0,Annual Revision
EMP11105,2024-04-01,110163.0,5508.0,Market Adjustment
EMP11105,2025-04-01,116313.0,3489.0,Promotion
EMP11105,2026-04-01,130451.0,6523.0,Promotion
EMP11106,2021-04-01,29333.0,880.0,No Change
EMP11106,2022-04-01,33202.0,2656.0,Market Adjustment
EMP11106,2023-04-01,38045.0,1141.0,Annual Revision
EMP11106,2024-04-01,45783.0,3663.0,Market Adjustment
EMP11106,2025-04-01,48215.0,3857.0,Annual Revision
EMP11106,2026-04-01,51933.0,6232.0,Annual Revision
EMP11107,2019-04-01,40464.0,1214.0,Market Adjustment
EMP11107,2020-04-01,44019.0,2201.0,Market Adjustment
EMP11107,2021-04-01,46555.0,2328.0,Annual Revision
EMP11107,2022-04-01,49444.0,1483.0,Promotion
EMP11107,2023-04-01,60158.0,1805.0,No Change
EMP11107,2024-04-01,64822.0,1945.0,Market Adjustment
EMP11107,2025-04-01,74447.0,2233.0,Annual Revision
EMP11107,2026-04-01,78646.0,2359.0,Annual Revision
EMP11108,2023-04-01,32333.0,970.0,Annual Revision
EMP11108,2024-04-01,35358.0,2829.0,Annual Revision
EMP11108,2025-04-01,37924.0,1138.0,No Change
EMP11108,2026-04-01,41312.0,3305.0,No Change
EMP11109,2020-04-01,64546.0,3227.0,Annual Revision
EMP11109,2021-04-01,70571.0,2117.0,Promotion
EMP11109,2022-04-01,71553.0,5724.0,Annual Revision
EMP11109,2023-04-01,84298.0,6744.0,Market Adjustment
EMP11109,2024-04-01,87023.0,4351.0,Promotion
EMP11109,2025-04-01,93619.0,4681.0,Annual Revision
EMP11109,2026-04-01,105083.0,8407.0,Market Adjustment
EMP11110,2025-04-01,46715.0,2336.0,Annual Revision
EMP11110,2026-04-01,50767.0,1523.0,Annual Revision
EMP11111,2019-04-01,40885.0,1227.0,No Change
EMP11111,2020-04-01,43361.0,3469.0,Annual Revision
EMP11111,2021-04-01,47717.0,3817.0,Annual Revision
EMP11111,2022-04-01,54192.0,6503.0,Annual Revision
EMP11111,2023-04-01,58694.0,4696.0,Market Adjustment
EMP11111,2024-04-01,63800.0,3190.0,Annual Revision
EMP11111,2025-04-01,68163.0,3408.0,Market Adjustment
EMP11111,2026-04-01,74315.0,5945.0,Market Adjustment
EMP11112,2023-04-01,66114.0,3306.0,Annual Revision
EMP11112,2024-04-01,71483.0,2145.0,Annual Revision
EMP11112,2025-04-01,82148.0,4107.0,Annual Revision
EMP11112,2026-04-01,81795.0,9815.0,Annual Revision
EMP11113,2026-04-01,65266.0,5221.0,Annual Revision
EMP11114,2024-04-01,64657.0,5173.0,Annual Revision
EMP11114,2025-04-01,71518.0,8582.0,Annual Revision
EMP11114,2026-04-01,75297.0,6024.0,Annual Revision
EMP11115,2025-04-01,32767.0,983.0,Market Adjustment
EMP11115,2026-04-01,36024.0,2882.0,Promotion
EMP11116,2022-04-01,124985.0,6249.0,No Change
EMP11116,2023-04-01,135493.0,6775.0,Annual Revision
EMP11116,2024-04-01,151244.0,12100.0,Promotion
EMP11116,2025-04-01,163318.0,4900.0,Market Adjustment
EMP11116,2026-04-01,176496.0,8825.0,Annual Revision
EMP11117,2022-04-01,45515.0,3641.0,Annual Revision
EMP11117,2023-04-01,50565.0,4045.0,Annual Revision
EMP11117,2024-04-01,56746.0,1702.0,Annual Revision
EMP11117,2025-04-01,65421.0,3271.0,Annual Revision
EMP11117,2026-04-01,67598.0,3380.0,Annual Revision
EMP11118,2024-04-01,44453.0,3556.0,Annual Revision
EMP11118,2025-04-01,48569.0,1457.0,Annual Revision
EMP11118,2026-04-01,51573.0,4126.0,No Change
EMP11119,2026-04-01,72321.0,3616.0,Market Adjustment
EMP11120,2022-04-01,45704.0,3656.0,Market Adjustment
EMP11120,2023-04-01,50782.0,1523.0,Annual Revision
EMP11120,2024-04-01,51889.0,2594.0,Market Adjustment
EMP11120,2025-04-01,64012.0,5121.0,Promotion
EMP11120,2026-04-01,67174.0,3359.0,Promotion
EMP11121,2026-04-01,84579.0,2537.0,Promotion
EMP11122,2024-04-01,33173.0,2654.0,Market Adjustment
EMP11122,2025-04-01,36035.0,2883.0,Annual Revision
EMP11122,2026-04-01,38555.0,3084.0,Annual Revision
EMP11123,2020-04-01,32905.0,3949.0,Annual Revision
EMP11123,2021-04-01,34036.0,2723.0,Market Adjustment
EMP11123,2022-04-01,35402.0,1770.0,Promotion
EMP11123,2023-04-01,42723.0,3418.0,Promotion
EMP11123,2024-04-01,50838.0,2542.0,Annual Revision
EMP11123,2025-04-01,54629.0,1639.0,Annual Revision
EMP11123,2026-04-01,57408.0,4593.0,Promotion
EMP11124,2023-04-01,41260.0,3301.0,Annual Revision
EMP11124,2024-04-01,45950.0,1379.0,Market Adjustment
EMP11124,2025-04-01,51995.0,4160.0,Annual Revision
EMP11124,2026-04-01,58865.0,2943.0,Annual Revision
EMP11125,2025-04-01,42865.0,1286.0,Promotion
EMP11125,2026-04-01,45640.0,1369.0,Promotion
EMP11126,2025-04-01,60972.0,3049.0,Market Adjustment
EMP11126,2026-04-01,72757.0,3638.0,Annual Revision
EMP11127,2025-04-01,128055.0,10244.0,Market Adjustment
EMP11127,2026-04-01,134526.0,16143.0,Annual Revision
EMP11128,2022-04-01,42948.0,1288.0,Annual Revision
EMP11128,2023-04-01,47030.0,2351.0,No Change
EMP11128,2024-04-01,52722.0,1582.0,Promotion
EMP11128,2025-04-01,58104.0,1743.0,Annual Revision
EMP11128,2026-04-01,64826.0,5186.0,Promotion
EMP11129,2026-04-01,85997.0,2580.0,Promotion
EMP11130,2022-04-01,31355.0,1568.0,Market Adjustment
EMP11130,2023-04-01,35281.0,1764.0,Promotion
EMP11130,2024-04-01,37013.0,1110.0,Market Adjustment
EMP11130,2025-04-01,40030.0,2001.0,Annual Revision
EMP11130,2026-04-01,45931.0,1378.0,Promotion
EMP11131,2020-04-01,31321.0,940.0,No Change
EMP11131,2021-04-01,34831.0,1045.0,No Change
EMP11131,2022-04-01,34335.0,1030.0,No Change
EMP11131,2023-04-01,41795.0,3344.0,Promotion
EMP11131,2024-04-01,45118.0,3609.0,Annual Revision
EMP11131,2025-04-01,49206.0,1476.0,Promotion
EMP11131,2026-04-01,55535.0,1666.0,Promotion
EMP11132,2019-04-01,62950.0,7554.0,Annual Revision
EMP11132,2020-04-01,67805.0,3390.0,Market Adjustment
EMP11132,2021-04-01,69324.0,8319.0,Market Adjustment
EMP11132,2022-04-01,78879.0,3944.0,Promotion
EMP11132,2023-04-01,95016.0,7601.0,Annual Revision
EMP11132,2024-04-01,99817.0,4991.0,No Change
EMP11132,2025-04-01,113605.0,5680.0,Market Adjustment
EMP11132,2026-04-01,114245.0,5712.0,Annual Revision
EMP11133,2020-04-01,124257.0,6213.0,Annual Revision
EMP11133,2021-04-01,139578.0,11166.0,Annual Revision
EMP11133,2022-04-01,137571.0,4127.0,Promotion
EMP11133,2023-04-01,161670.0,4850.0,Annual Revision
EMP11133,2024-04-01,184130.0,5524.0,Annual Revision
EMP11133,2025-04-01,187785.0,9389.0,No Change
EMP11133,2026-04-01,226344.0,27161.0,Market Adjustment
EMP11134,2021-04-01,43680.0,1310.0,Market Adjustment
EMP11134,2022-04-01,47264.0,3781.0,Market Adjustment
EMP11134,2023-04-01,53191.0,2660.0,Promotion
EMP11134,2024-04-01,55915.0,6710.0,Market Adjustment
EMP11134,2025-04-01,66762.0,8011.0,Annual Revision
EMP11134,2026-04-01,72450.0,5796.0,Annual Revision
EMP11135,2020-04-01,66483.0,5319.0,Market Adjustment
EMP11135,2021-04-01,66064.0,5285.0,Annual Revision
EMP11135,2022-04-01,72144.0,5772.0,Promotion
EMP11135,2023-04-01,82933.0,6635.0,Promotion
EMP11135,2024-04-01,89002.0,7120.0,Annual Revision
EMP11135,2025-04-01,94469.0,7557.0,Annual Revision
EMP11135,2026-04-01,110769.0,8862.0,Market Adjustment
EMP11136,2021-04-01,64341.0,1930.0,Annual Revision
EMP11136,2022-04-01,72846.0,3642.0,Annual Revision
EMP11136,2023-04-01,84354.0,4218.0,Annual Revision
EMP11136,2024-04-01,91020.0,10922.0,Annual Revision
EMP11136,2025-04-01,99628.0,11955.0,Annual Revision
EMP11136,2026-04-01,104443.0,5222.0,Annual Revision
EMP11137,2019-04-01,41660.0,1250.0,Market Adjustment
EMP11137,2020-04-01,44603.0,5352.0,Annual Revision
EMP11137,2021-04-01,47193.0,3775.0,Promotion
EMP11137,2022-04-01,52211.0,4177.0,Annual Revision
EMP11137,2023-04-01,60122.0,7215.0,Annual Revision
EMP11137,2024-04-01,64066.0,1922.0,No Change
EMP11137,2025-04-01,67234.0,5379.0,Market Adjustment
EMP11137,2026-04-01,75688.0,6055.0,Market Adjustment
EMP11138,2020-04-01,31842.0,2547.0,Market Adjustment
EMP11138,2021-04-01,34126.0,1024.0,Market Adjustment
EMP11138,2022-04-01,35713.0,1071.0,Annual Revision
EMP11138,2023-04-01,39005.0,1950.0,Annual Revision
EMP11138,2024-04-01,47053.0,3764.0,Annual Revision
EMP11138,2025-04-01,50928.0,1528.0,No Change
EMP11138,2026-04-01,52323.0,1570.0,Annual Revision
EMP11139,2024-04-01,40045.0,3204.0,Annual Revision
EMP11139,2025-04-01,44640.0,3571.0,No Change
EMP11139,2026-04-01,54776.0,4382.0,Annual Revision
EMP11140,2022-04-01,86999.0,6960.0,Annual Revision
EMP11140,2023-04-01,96554.0,4828.0,Promotion
EMP11140,2024-04-01,107318.0,8585.0,Promotion
EMP11140,2025-04-01,117557.0,9405.0,Annual Revision
EMP11140,2026-04-01,136219.0,4087.0,Annual Revision
EMP11141,2026-04-01,47277.0,2364.0,Market Adjustment
EMP11142,2025-04-01,43950.0,1318.0,Annual Revision
EMP11142,2026-04-01,43314.0,3465.0,Annual Revision
EMP11143,2020-04-01,63821.0,3191.0,No Change
EMP11143,2021-04-01,68848.0,3442.0,Annual Revision
EMP11143,2022-04-01,77400.0,3870.0,Annual Revision
EMP11143,2023-04-01,87202.0,6976.0,Annual Revision
EMP11143,2024-04-01,90766.0,4538.0,Market Adjustment
EMP11143,2025-04-01,93941.0,4697.0,Annual Revision
EMP11143,2026-04-01,112132.0,8971.0,Annual Revision
EMP11144,2026-04-01,45615.0,1368.0,Annual Revision
EMP11145,2019-04-01,38768.0,3101.0,Promotion
EMP11145,2020-04-01,44362.0,1331.0,Promotion
EMP11145,2021-04-01,49970.0,5996.0,Market Adjustment
EMP11145,2022-04-01,49235.0,3939.0,No Change
EMP11145,2023-04-01,59908.0,2995.0,Market Adjustment
EMP11145,2024-04-01,61965.0,4957.0,Promotion
EMP11145,2025-04-01,67238.0,2017.0,Annual Revision
EMP11145,2026-04-01,81299.0,9756.0,Annual Revision
EMP11146,2026-04-01,46541.0,3723.0,Promotion
EMP11147,2026-04-01,33923.0,1018.0,No Change
EMP11148,2025-04-01,46311.0,2316.0,Promotion
EMP11148,2026-04-01,50795.0,2540.0,Annual Revision
EMP11149,2024-04-01,46427.0,3714.0,Market Adjustment
EMP11149,2025-04-01,46641.0,2332.0,Annual Revision
EMP11149,2026-04-01,50318.0,2516.0,Promotion
EMP11150,2025-04-01,66574.0,5326.0,Market Adjustment
EMP11150,2026-04-01,75553.0,2267.0,Annual Revision
EMP11151,2021-04-01,45233.0,1357.0,Market Adjustment
EMP11151,2022-04-01,46757.0,3741.0,Market Adjustment
EMP11151,2023-04-01,54439.0,1633.0,Promotion
EMP11151,2024-04-01,55428.0,1663.0,Annual Revision
EMP11151,2025-04-01,64003.0,3200.0,Annual Revision
EMP11151,2026-04-01,67450.0,2023.0,Promotion
EMP11152,2024-04-01,44287.0,3543.0,Annual Revision
EMP11152,2025-04-01,46873.0,2344.0,Market Adjustment
EMP11152,2026-04-01,51846.0,4148.0,Annual Revision
EMP11153,2020-04-01,88077.0,7046.0,Annual Revision
EMP11153,2021-04-01,95797.0,11496.0,Promotion
EMP11153,2022-04-01,103529.0,3106.0,Annual Revision
EMP11153,2023-04-01,125770.0,10062.0,Annual Revision
EMP11153,2024-04-01,135750.0,4073.0,Annual Revision
EMP11153,2025-04-01,136369.0,10910.0,Promotion
EMP11153,2026-04-01,148716.0,11897.0,Annual Revision
EMP11154,2019-04-01,41878.0,3350.0,Annual Revision
EMP11154,2020-04-01,45956.0,3676.0,Market Adjustment
EMP11154,2021-04-01,48542.0,2427.0,Annual Revision
EMP11154,2022-04-01,52612.0,2631.0,Market Adjustment
EMP11154,2023-04-01,63487.0,3174.0,Annual Revision
EMP11154,2024-04-01,69084.0,2073.0,No Change
EMP11154,2025-04-01,78860.0,6309.0,No Change
EMP11154,2026-04-01,86042.0,6883.0,Market Adjustment
EMP11155,2025-04-01,43490.0,2175.0,No Change
EMP11155,2026-04-01,53474.0,6417.0,Promotion
EMP11156,2026-04-01,31581.0,947.0,Annual Revision
EMP11157,2025-04-01,31343.0,3761.0,Promotion
EMP11157,2026-04-01,36133.0,1807.0,Annual Revision
EMP11158,2020-04-01,67902.0,5432.0,Annual Revision
EMP11158,2021-04-01,68359.0,2051.0,Annual Revision
EMP11158,2022-04-01,74274.0,3714.0,Promotion
EMP11158,2023-04-01,92412.0,7393.0,Market Adjustment
EMP11158,2024-04-01,99531.0,2986.0,No Change
EMP11158,2025-04-01,110531.0,8842.0,Market Adjustment
EMP11158,2026-04-01,122039.0,6102.0,Market Adjustment
EMP11159,2024-04-01,67031.0,3352.0,Annual Revision
EMP11159,2025-04-01,79268.0,3963.0,Market Adjustment
EMP11159,2026-04-01,81871.0,2456.0,No Change
EMP11160,2019-04-01,124018.0,3721.0,Promotion
EMP11160,2020-04-01,137207.0,16465.0,Market Adjustment
EMP11160,2021-04-01,145033.0,7252.0,Annual Revision
EMP11160,2022-04-01,153347.0,4600.0,Market Adjustment
EMP11160,2023-04-01,188331.0,15066.0,Annual Revision
EMP11160,2024-04-01,196652.0,15732.0,No Change
EMP11160,2025-04-01,241453.0,12073.0,Market Adjustment
EMP11160,2026-04-01,235971.0,7079.0,Market Adjustment
EMP11161,2020-04-01,64357.0,3218.0,No Change
EMP11161,2021-04-01,69685.0,2091.0,Market Adjustment
EMP11161,2022-04-01,72898.0,3645.0,Annual Revision
EMP11161,2023-04-01,83125.0,2494.0,Annual Revision
EMP11161,2024-04-01,86642.0,6931.0,Annual Revision
EMP11161,2025-04-01,105425.0,5271.0,Annual Revision
EMP11161,2026-04-01,106518.0,5326.0,Annual Revision
EMP11162,2023-04-01,65824.0,1975.0,No Change
EMP11162,2024-04-01,69815.0,5585.0,Annual Revision
EMP11162,2025-04-01,78587.0,2358.0,Market Adjustment
EMP11162,2026-04-01,83770.0,4188.0,Market Adjustment
EMP11163,2025-04-01,41815.0,2091.0,Market Adjustment
EMP11163,2026-04-01,48887.0,1467.0,Annual Revision
EMP11164,2024-04-01,32271.0,2582.0,Annual Revision
EMP11164,2025-04-01,36689.0,1834.0,No Change
EMP11164,2026-04-01,39304.0,1965.0,Annual Revision
EMP11165,2019-04-01,127044.0,6352.0,Annual Revision
EMP11165,2020-04-01,125851.0,3776.0,Annual Revision
EMP11165,2021-04-01,139616.0,11169.0,Market Adjustment
EMP11165,2022-04-01,147224.0,7361.0,Market Adjustment
EMP11165,2023-04-01,174342.0,8717.0,Promotion
EMP11165,2024-04-01,204430.0,24532.0,No Change
EMP11165,2025-04-01,223700.0,6711.0,Market Adjustment
EMP11165,2026-04-01,219849.0,17588.0,Annual Revision
EMP11166,2023-04-01,30739.0,2459.0,Annual Revision
EMP11166,2024-04-01,33748.0,1012.0,Annual Revision
EMP11166,2025-04-01,37465.0,1873.0,Annual Revision
EMP11166,2026-04-01,41537.0,3323.0,Annual Revision
EMP11167,2019-04-01,32093.0,1605.0,Annual Revision
EMP11167,2020-04-01,34516.0,2761.0,Annual Revision
EMP11167,2021-04-01,36397.0,4368.0,Annual Revision
EMP11167,2022-04-01,41785.0,1254.0,Annual Revision
EMP11167,2023-04-01,51106.0,6133.0,Annual Revision
EMP11167,2024-04-01,54519.0,6542.0,Annual Revision
EMP11167,2025-04-01,59597.0,2980.0,Annual Revision
EMP11167,2026-04-01,66017.0,3301.0,Market Adjustment
EMP11168,2024-04-01,40754.0,2038.0,Annual Revision
EMP11168,2025-04-01,45429.0,3634.0,Annual Revision
EMP11168,2026-04-01,53505.0,2675.0,No Change
EMP11169,2019-04-01,71744.0,8609.0,Promotion
EMP11169,2020-04-01,78048.0,3902.0,Annual Revision
EMP11169,2021-04-01,77803.0,3890.0,Annual Revision
EMP11169,2022-04-01,83565.0,2507.0,No Change
EMP11169,2023-04-01,96326.0,2890.0,Annual Revision
EMP11169,2024-04-01,109056.0,13087.0,Annual Revision
EMP11169,2025-04-01,120473.0,14457.0,Promotion
EMP11169,2026-04-01,131931.0,10554.0,Annual Revision
EMP11170,2024-04-01,31824.0,955.0,Annual Revision
EMP11170,2025-04-01,35540.0,4265.0,Promotion
EMP11170,2026-04-01,37408.0,1870.0,Annual Revision
EMP11171,2026-04-01,31847.0,2548.0,Annual Revision
EMP11172,2020-04-01,42277.0,3382.0,Market Adjustment
EMP11172,2021-04-01,46988.0,2349.0,Market Adjustment
EMP11172,2022-04-01,51326.0,4106.0,Annual Revision
EMP11172,2023-04-01,59575.0,4766.0,Market Adjustment
EMP11172,2024-04-01,67248.0,3362.0,Annual Revision
EMP11172,2025-04-01,68202.0,2046.0,No Change
EMP11172,2026-04-01,78230.0,6258.0,Promotion
EMP11173,2023-04-01,47262.0,2363.0,Annual Revision
EMP11173,2024-04-01,50187.0,2509.0,Annual Revision
EMP11173,2025-04-01,54292.0,2715.0,Promotion
EMP11173,2026-04-01,56185.0,2809.0,Market Adjustment
EMP11174,2024-04-01,42704.0,1281.0,No Change
EMP11174,2025-04-01,49705.0,2485.0,Promotion
EMP11174,2026-04-01,57155.0,2858.0,Annual Revision
EMP11175,2026-04-01,38767.0,1938.0,Promotion
EMP11176,2024-04-01,128403.0,15408.0,No Change
EMP11176,2025-04-01,136062.0,10885.0,Annual Revision
EMP11176,2026-04-01,142580.0,17110.0,Annual Revision
EMP11177,2021-04-01,42472.0,2124.0,Annual Revision
EMP11177,2022-04-01,43897.0,1317.0,Annual Revision
EMP11177,2023-04-01,54076.0,1622.0,Annual Revision
EMP11177,2024-04-01,55651.0,2783.0,Annual Revision
EMP11177,2025-04-01,67678.0,2030.0,Annual Revision
EMP11177,2026-04-01,71143.0,3557.0,No Change
EMP11178,2021-04-01,91055.0,7284.0,Market Adjustment
EMP11178,2022-04-01,98062.0,2942.0,Annual Revision
EMP11178,2023-04-01,112934.0,5647.0,Annual Revision
EMP11178,2024-04-01,122711.0,6136.0,Annual Revision
EMP11178,2025-04-01,142687.0,7134.0,Annual Revision
EMP11178,2026-04-01,159031.0,7952.0,Promotion
EMP11179,2022-04-01,69222.0,2077.0,Annual Revision
EMP11179,2023-04-01,72931.0,3647.0,Promotion
EMP11179,2024-04-01,86538.0,4327.0,Market Adjustment
EMP11179,2025-04-01,98771.0,7902.0,Market Adjustment
EMP11179,2026-04-01,100775.0,8062.0,Annual Revision
EMP11180,2026-04-01,66443.0,3322.0,Promotion
EMP11181,2025-04-01,42813.0,2141.0,Promotion
EMP11181,2026-04-01,45867.0,2293.0,Annual Revision
EMP11182,2020-04-01,45237.0,3619.0,Annual Revision
EMP11182,2021-04-01,46689.0,3735.0,Annual Revision
EMP11182,2022-04-01,51603.0,1548.0,Annual Revision
EMP11182,2023-04-01,57210.0,1716.0,Annual Revision
EMP11182,2024-04-01,58397.0,2920.0,Annual Revision
EMP11182,2025-04-01,67843.0,2035.0,Market Adjustment
EMP11182,2026-04-01,77731.0,3887.0,Market Adjustment
EMP11183,2023-04-01,66709.0,2001.0,Annual Revision
EMP11183,2024-04-01,78681.0,3934.0,Market Adjustment
EMP11183,2025-04-01,82262.0,9871.0,Market Adjustment
EMP11183,2026-04-01,88872.0,4444.0,Annual Revision
EMP11184,2025-04-01,72642.0,2179.0,No Change
EMP11184,2026-04-01,77138.0,2314.0,Annual Revision
EMP11185,2020-04-01,135050.0,10804.0,Annual Revision
EMP11185,2021-04-01,131012.0,6551.0,No Change
EMP11185,2022-04-01,148304.0,4449.0,Promotion
EMP11185,2023-04-01,166877.0,20025.0,Annual Revision
EMP11185,2024-04-01,191206.0,5736.0,Market Adjustment
EMP11185,2025-04-01,210529.0,16842.0,Annual Revision
EMP11185,2026-04-01,239778.0,7193.0,Promotion
EMP11186,2021-04-01,65978.0,5278.0,Promotion
EMP11186,2022-04-01,69850.0,3493.0,Promotion
EMP11186,2023-04-01,81318.0,4066.0,No Change
EMP11186,2024-04-01,85334.0,4267.0,Annual Revision
EMP11186,2025-04-01,93639.0,4682.0,Market Adjustment
EMP11186,2026-04-01,97982.0,11758.0,Annual Revision
EMP11187,2024-04-01,67814.0,8138.0,Promotion
EMP11187,2025-04-01,74085.0,8890.0,Annual Revision
EMP11187,2026-04-01,80320.0,6426.0,Annual Revision
EMP11188,2022-04-01,63944.0,1918.0,Annual Revision
EMP11188,2023-04-01,68276.0,2048.0,Annual Revision
EMP11188,2024-04-01,72222.0,3611.0,Annual Revision
EMP11188,2025-04-01,85998.0,2580.0,Annual Revision
EMP11188,2026-04-01,88804.0,2664.0,Annual Revision
EMP11189,2019-04-01,43643.0,1309.0,Annual Revision
EMP11189,2020-04-01,44036.0,1321.0,Annual Revision
EMP11189,2021-04-01,50004.0,2500.0,Market Adjustment
EMP11189,2022-04-01,51164.0,2558.0,Annual Revision
EMP11189,2023-04-01,61638.0,3082.0,Market Adjustment
EMP11189,2024-04-01,76433.0,3822.0,Market Adjustment
EMP11189,2025-04-01,78511.0,3926.0,Annual Revision
EMP11189,2026-04-01,85432.0,4272.0,Promotion
EMP11190,2025-04-01,44836.0,3587.0,Annual Revision
EMP11190,2026-04-01,49219.0,3938.0,No Change
EMP11191,2024-04-01,42521.0,1276.0,Annual Revision
EMP11191,2025-04-01,47277.0,2364.0,Promotion
EMP11191,2026-04-01,48108.0,2405.0,Annual Revision
EMP11192,2024-04-01,45515.0,2276.0,Annual Revision
EMP11192,2025-04-01,52348.0,2617.0,No Change
EMP11192,2026-04-01,54840.0,2742.0,No Change
EMP11193,2023-04-01,67188.0,2016.0,Market Adjustment
EMP11193,2024-04-01,65156.0,3258.0,Annual Revision
EMP11193,2025-04-01,74895.0,2247.0,Annual Revision
EMP11193,2026-04-01,83756.0,4188.0,No Change
EMP11194,2025-04-01,42913.0,3433.0,Market Adjustment
EMP11194,2026-04-01,44243.0,3539.0,Annual Revision
EMP11195,2022-04-01,33404.0,2672.0,Promotion
EMP11195,2023-04-01,37407.0,1870.0,Promotion
EMP11195,2024-04-01,38346.0,3068.0,Annual Revision
EMP11195,2025-04-01,41586.0,2079.0,Annual Revision
EMP11195,2026-04-01,41984.0,2099.0,Promotion
EMP11196,2019-04-01,43923.0,1318.0,Promotion
EMP11196,2020-04-01,46674.0,1400.0,Annual Revision
EMP11196,2021-04-01,50188.0,4015.0,Promotion
EMP11196,2022-04-01,49828.0,2491.0,No Change
EMP11196,2023-04-01,62010.0,7441.0,Market Adjustment
EMP11196,2024-04-01,66915.0,5353.0,No Change
EMP11196,2025-04-01,72985.0,3649.0,No Change
EMP11196,2026-04-01,87418.0,6993.0,Promotion
EMP11197,2026-04-01,43042.0,5165.0,Promotion
EMP11198,2020-04-01,31605.0,3793.0,Market Adjustment
EMP11198,2021-04-01,34790.0,1044.0,Annual Revision
EMP11198,2022-04-01,36970.0,2958.0,Annual Revision
EMP11198,2023-04-01,41955.0,3356.0,Annual Revision
EMP11198,2024-04-01,46632.0,2332.0,Annual Revision
EMP11198,2025-04-01,47296.0,2365.0,Annual Revision
EMP11198,2026-04-01,54656.0,1640.0,Annual Revision
EMP11199,2022-04-01,126206.0,10096.0,No Change
EMP11199,2023-04-01,138599.0,6930.0,Promotion
EMP11199,2024-04-01,158114.0,7906.0,No Change
EMP11199,2025-04-01,170109.0,8505.0,Market Adjustment
EMP11199,2026-04-01,179918.0,8996.0,Annual Revision
EMP11200,2019-04-01,68652.0,5492.0,Annual Revision
EMP11200,2020-04-01,77428.0,9291.0,Promotion
EMP11200,2021-04-01,80958.0,4048.0,Promotion
EMP11200,2022-04-01,89347.0,2680.0,Annual Revision
EMP11200,2023-04-01,98704.0,2961.0,Market Adjustment
EMP11200,2024-04-01,123586.0,9887.0,Promotion
EMP11200,2025-04-01,130534.0,6527.0,Promotion
EMP11200,2026-04-01,148240.0,11859.0,Annual Revision
EMP11201,2024-04-01,63896.0,1917.0,Annual Revision
EMP11201,2025-04-01,71594.0,5728.0,Annual Revision
EMP11201,2026-04-01,74540.0,3727.0,Annual Revision
EMP11202,2025-04-01,66839.0,5347.0,Annual Revision
EMP11202,2026-04-01,70764.0,2123.0,No Change
EMP11203,2021-04-01,33558.0,2685.0,Market Adjustment
EMP11203,2022-04-01,33122.0,2650.0,Annual Revision
EMP11203,2023-04-01,38265.0,3061.0,No Change
EMP11203,2024-04-01,41689.0,2084.0,Annual Revision
EMP11203,2025-04-01,45759.0,3661.0,Annual Revision
EMP11203,2026-04-01,51537.0,4123.0,No Change
EMP11204,2023-04-01,70075.0,3504.0,Annual Revision
EMP11204,2024-04-01,74686.0,3734.0,Annual Revision
EMP11204,2025-04-01,82949.0,6636.0,No Change
EMP11204,2026-04-01,93556.0,2807.0,Promotion
EMP11205,2021-04-01,44186.0,2209.0,Market Adjustment
EMP11205,2022-04-01,47621.0,3810.0,Market Adjustment
EMP11205,2023-04-01,55630.0,2781.0,Market Adjustment
EMP11205,2024-04-01,59483.0,1784.0,Market Adjustment
EMP11205,2025-04-01,60199.0,4816.0,Annual Revision
EMP11205,2026-04-01,68110.0,3406.0,Promotion
EMP11206,2021-04-01,90796.0,4540.0,Annual Revision
EMP11206,2022-04-01,91242.0,4562.0,Promotion
EMP11206,2023-04-01,107568.0,3227.0,Promotion
EMP11206,2024-04-01,121746.0,9740.0,Annual Revision
EMP11206,2025-04-01,129407.0,10353.0,Annual Revision
EMP11206,2026-04-01,139797.0,16776.0,Market Adjustment
EMP11207,2020-04-01,41519.0,1246.0,Promotion
EMP11207,2021-04-01,44344.0,2217.0,No Change
EMP11207,2022-04-01,47759.0,2388.0,Annual Revision
EMP11207,2023-04-01,52527.0,2626.0,Market Adjustment
EMP11207,2024-04-01,57076.0,2854.0,No Change
EMP11207,2025-04-01,61951.0,3098.0,Market Adjustment
EMP11207,2026-04-01,70218.0,3511.0,Annual Revision
EMP11208,2023-04-01,120029.0,14403.0,Annual Revision
EMP11208,2024-04-01,133898.0,4017.0,Annual Revision
EMP11208,2025-04-01,148172.0,7409.0,Market Adjustment
EMP11208,2026-04-01,161913.0,8096.0,Annual Revision
EMP11209,2023-04-01,39770.0,3182.0,Promotion
EMP11209,2024-04-01,45256.0,3621.0,Annual Revision
EMP11209,2025-04-01,51034.0,1531.0,Annual Revision
EMP11209,2026-04-01,55647.0,6678.0,Annual Revision
EMP11210,2023-04-01,125459.0,3764.0,Annual Revision
EMP11210,2024-04-01,138570.0,11086.0,Annual Revision
EMP11210,2025-04-01,150247.0,4507.0,No Change
EMP11210,2026-04-01,163730.0,13098.0,Market Adjustment
EMP11211,2025-04-01,41433.0,3315.0,Annual Revision
EMP11211,2026-04-01,44684.0,1341.0,Market Adjustment
EMP11212,2019-04-01,31684.0,2535.0,Annual Revision
EMP11212,2020-04-01,32918.0,1646.0,Promotion
EMP11212,2021-04-01,37500.0,4500.0,Market Adjustment
EMP11212,2022-04-01,35838.0,1075.0,Annual Revision
EMP11212,2023-04-01,45803.0,2290.0,Annual Revision
EMP11212,2024-04-01,48801.0,3904.0,No Change
EMP11212,2025-04-01,54053.0,1622.0,Annual Revision
EMP11212,2026-04-01,55377.0,2769.0,Annual Revision
EMP11213,2026-04-01,42040.0,3363.0,Promotion
EMP11214,2020-04-01,31141.0,2491.0,Market Adjustment
EMP11214,2021-04-01,33991.0,2719.0,Annual Revision
EMP11214,2022-04-01,38461.0,1923.0,Market Adjustment
EMP11214,2023-04-01,41755.0,3340.0,Annual Revision
EMP11214,2024-04-01,50778.0,2539.0,No Change
EMP11214,2025-04-01,55089.0,1653.0,Annual Revision
EMP11214,2026-04-01,60762.0,3038.0,Annual Revision
EMP11215,2021-04-01,90075.0,7206.0,Promotion
EMP11215,2022-04-01,95069.0,4753.0,Market Adjustment
EMP11215,2023-04-01,113621.0,3409.0,Annual Revision
EMP11215,2024-04-01,115959.0,5798.0,Annual Revision
EMP11215,2025-04-01,127849.0,3835.0,Annual Revision
EMP11215,2026-04-01,142706.0,4281.0,Annual Revision
EMP11216,2024-04-01,60222.0,3011.0,Market Adjustment
EMP11216,2025-04-01,71865.0,5749.0,Promotion
EMP11216,2026-04-01,81807.0,6545.0,No Change
EMP11217,2021-04-01,34811.0,4177.0,Annual Revision
EMP11217,2022-04-01,35601.0,2848.0,Annual Revision
EMP11217,2023-04-01,36823.0,4419.0,No Change
EMP11217,2024-04-01,43825.0,2191.0,Promotion
EMP11217,2025-04-01,43404.0,3472.0,Market Adjustment
EMP11217,2026-04-01,48985.0,3919.0,Promotion
EMP11218,2025-04-01,66619.0,1999.0,Annual Revision
EMP11218,2026-04-01,72571.0,3629.0,Annual Revision
EMP11219,2023-04-01,31117.0,1556.0,Annual Revision
EMP11219,2024-04-01,35928.0,1796.0,No Change
EMP11219,2025-04-01,38580.0,1929.0,Annual Revision
EMP11219,2026-04-01,43693.0,3495.0,Annual Revision
EMP11220,2020-04-01,45024.0,1351.0,Annual Revision
EMP11220,2021-04-01,48876.0,1466.0,Market Adjustment
EMP11220,2022-04-01,51127.0,2556.0,Market Adjustment
EMP11220,2023-04-01,58097.0,4648.0,Promotion
EMP11220,2024-04-01,63160.0,5053.0,Market Adjustment
EMP11220,2025-04-01,68152.0,2045.0,No Change
EMP11220,2026-04-01,73826.0,8859.0,Annual Revision
EMP11221,2025-04-01,30617.0,1531.0,No Change
EMP11221,2026-04-01,34772.0,1739.0,Market Adjustment
EMP11222,2020-04-01,71261.0,2138.0,Market Adjustment
EMP11222,2021-04-01,75832.0,9100.0,Market Adjustment
EMP11222,2022-04-01,78484.0,6279.0,Promotion
EMP11222,2023-04-01,102860.0,8229.0,Annual Revision
EMP11222,2024-04-01,100559.0,5028.0,Promotion
EMP11222,2025-04-01,118089.0,5904.0,No Change
EMP11222,2026-04-01,142288.0,11383.0,Annual Revision
EMP11223,2022-04-01,42016.0,1260.0,Market Adjustment
EMP11223,2023-04-01,48925.0,2446.0,Annual Revision
EMP11223,2024-04-01,51652.0,2583.0,No Change
EMP11223,2025-04-01,57836.0,6940.0,No Change
EMP11223,2026-04-01,62294.0,4983.0,Annual Revision
EMP11224,2026-04-01,44277.0,1328.0,Annual Revision
EMP11225,2026-04-01,31937.0,2555.0,Promotion
EMP11226,2025-04-01,40614.0,3249.0,Annual Revision
EMP11226,2026-04-01,44514.0,3561.0,Promotion
EMP11227,2020-04-01,125182.0,10015.0,No Change
EMP11227,2021-04-01,130642.0,15677.0,No Change
EMP11227,2022-04-01,138472.0,6924.0,Annual Revision
EMP11227,2023-04-01,154249.0,4627.0,Annual Revision
EMP11227,2024-04-01,156924.0,4708.0,No Change
EMP11227,2025-04-01,197390.0,5922.0,Market Adjustment
EMP11227,2026-04-01,200401.0,16032.0,Annual Revision
EMP11228,2021-04-01,41737.0,2087.0,Promotion
EMP11228,2022-04-01,45640.0,3651.0,Annual Revision
EMP11228,2023-04-01,50028.0,4002.0,Market Adjustment
EMP11228,2024-04-01,57828.0,1735.0,Annual Revision
EMP11228,2025-04-01,61549.0,4924.0,Market Adjustment
EMP11228,2026-04-01,63168.0,5053.0,Annual Revision
EMP11229,2021-04-01,42929.0,5151.0,Market Adjustment
EMP11229,2022-04-01,42787.0,1284.0,Annual Revision
EMP11229,2023-04-01,51271.0,1538.0,Annual Revision
EMP11229,2024-04-01,55465.0,4437.0,No Change
EMP11229,2025-04-01,57922.0,2896.0,Annual Revision
EMP11229,2026-04-01,61208.0,7345.0,Annual Revision
EMP11230,2020-04-01,33417.0,2673.0,Annual Revision
EMP11230,2021-04-01,34363.0,1718.0,Annual Revision
EMP11230,2022-04-01,35753.0,1073.0,Promotion
EMP11230,2023-04-01,40284.0,2014.0,Promotion
EMP11230,2024-04-01,45365.0,3629.0,Annual Revision
EMP11230,2025-04-01,49577.0,3966.0,Annual Revision
EMP11230,2026-04-01,53169.0,2658.0,Annual Revision
EMP11231,2022-04-01,95883.0,7671.0,Annual Revision
EMP11231,2023-04-01,96143.0,7691.0,Market Adjustment
EMP11231,2024-04-01,109340.0,5467.0,Market Adjustment
EMP11231,2025-04-01,114123.0,5706.0,Promotion
EMP11231,2026-04-01,123151.0,9852.0,Promotion
EMP11232,2020-04-01,90928.0,4546.0,Annual Revision
EMP11232,2021-04-01,96446.0,7716.0,Annual Revision
EMP11232,2022-04-01,101154.0,8092.0,Annual Revision
EMP11232,2023-04-01,113588.0,9087.0,Market Adjustment
EMP11232,2024-04-01,133065.0,10645.0,No Change
EMP11232,2025-04-01,127494.0,3825.0,Annual Revision
EMP11232,2026-04-01,138099.0,6905.0,Annual Revision
EMP11233,2024-04-01,123445.0,6172.0,Market Adjustment
EMP11233,2025-04-01,135272.0,10822.0,Promotion
EMP11233,2026-04-01,156457.0,7823.0,Annual Revision
EMP11234,2025-04-01,42025.0,2101.0,Market Adjustment
EMP11234,2026-04-01,45631.0,2282.0,Annual Revision
EMP11235,2019-04-01,42242.0,2112.0,No Change
EMP11235,2020-04-01,43237.0,2162.0,Annual Revision
EMP11235,2021-04-01,47312.0,1419.0,Annual Revision
EMP11235,2022-04-01,50031.0,4003.0,Annual Revision
EMP11235,2023-04-01,59917.0,4793.0,Annual Revision
EMP11235,2024-04-01,60090.0,7211.0,Annual Revision
EMP11235,2025-04-01,73921.0,3696.0,No Change
EMP11235,2026-04-01,77168.0,6173.0,Annual Revision
EMP11236,2019-04-01,41500.0,3320.0,No Change
EMP11236,2020-04-01,41131.0,3290.0,Promotion
EMP11236,2021-04-01,47371.0,3790.0,Annual Revision
EMP11236,2022-04-01,50600.0,2530.0,Annual Revision
EMP11236,2023-04-01,61430.0,1843.0,Annual Revision
EMP11236,2024-04-01,64978.0,5198.0,Promotion
EMP11236,2025-04-01,71520.0,3576.0,Annual Revision
EMP11236,2026-04-01,79463.0,6357.0,Annual Revision
EMP11237,2026-04-01,71649.0,2149.0,Annual Revision
EMP11238,2024-04-01,91340.0,4567.0,Annual Revision
EMP11238,2025-04-01,92263.0,2768.0,Annual Revision
EMP11238,2026-04-01,107056.0,8565.0,Market Adjustment
EMP11239,2022-04-01,41821.0,2091.0,Annual Revision
EMP11239,2023-04-01,46305.0,3704.0,Annual Revision
EMP11239,2024-04-01,49204.0,1476.0,No Change
EMP11239,2025-04-01,53700.0,1611.0,Annual Revision
EMP11239,2026-04-01,55218.0,1657.0,Market Adjustment
EMP11240,2026-04-01,64689.0,3234.0,Market Adjustment
EMP11241,2024-04-01,63045.0,5044.0,Annual Revision
EMP11241,2025-04-01,71163.0,3558.0,Annual Revision
EMP11241,2026-04-01,75572.0,3779.0,Promotion
EMP11242,2019-04-01,72059.0,5765.0,Annual Revision
EMP11242,2020-04-01,72956.0,5836.0,Annual Revision
EMP11242,2021-04-01,76906.0,3845.0,Annual Revision
EMP11242,2022-04-01,84119.0,6730.0,Annual Revision
EMP11242,2023-04-01,101702.0,5085.0,Annual Revision
EMP11242,2024-04-01,111096.0,5555.0,Promotion
EMP11242,2025-04-01,128934.0,3868.0,Promotion
EMP11242,2026-04-01,138761.0,6938.0,Market Adjustment
EMP11243,2021-04-01,69596.0,3480.0,Promotion
EMP11243,2022-04-01,75483.0,9058.0,No Change
EMP11243,2023-04-01,83275.0,6662.0,Annual Revision
EMP11243,2024-04-01,92797.0,2784.0,Annual Revision
EMP11243,2025-04-01,104233.0,5212.0,Annual Revision
EMP11243,2026-04-01,123805.0,6190.0,Annual Revision
EMP11244,2023-04-01,46340.0,3707.0,Market Adjustment
EMP11244,2024-04-01,46092.0,3687.0,No Change
EMP11244,2025-04-01,47973.0,1439.0,Annual Revision
EMP11244,2026-04-01,54098.0,4328.0,Market Adjustment
EMP11245,2021-04-01,91597.0,7328.0,Promotion
EMP11245,2022-04-01,100812.0,3024.0,Annual Revision
EMP11245,2023-04-01,111724.0,13407.0,Promotion
EMP11245,2024-04-01,122661.0,6133.0,Promotion
EMP11245,2025-04-01,138527.0,16623.0,Annual Revision
EMP11245,2026-04-01,150715.0,7536.0,Promotion
EMP11246,2022-04-01,42888.0,3431.0,No Change
EMP11246,2023-04-01,48109.0,3849.0,Promotion
EMP11246,2024-04-01,49369.0,1481.0,Market Adjustment
EMP11246,2025-04-01,54139.0,4331.0,No Change
EMP11246,2026-04-01,60282.0,4823.0,Annual Revision
EMP11247,2025-04-01,41569.0,1247.0,No Change
EMP11247,2026-04-01,47864.0,2393.0,Market Adjustment
EMP11248,2023-04-01,71329.0,2140.0,Annual Revision
EMP11248,2024-04-01,76048.0,3802.0,Promotion
EMP11248,2025-04-01,85916.0,4296.0,Promotion
EMP11248,2026-04-01,97422.0,7794.0,Annual Revision
EMP11249,2021-04-01,72444.0,2173.0,Promotion
EMP11249,2022-04-01,76000.0,6080.0,Annual Revision
EMP11249,2023-04-01,77288.0,2319.0,Annual Revision
EMP11249,2024-04-01,88485.0,2655.0,Annual Revision
EMP11249,2025-04-01,102919.0,5146.0,Market Adjustment
EMP11249,2026-04-01,109880.0,5494.0,Market Adjustment
EMP11250,2024-04-01,81310.0,6505.0,Annual Revision
EMP11250,2025-04-01,97278.0,7782.0,Annual Revision
EMP11250,2026-04-01,105732.0,8459.0,Annual Revision
EMP11251,2022-04-01,31157.0,1558.0,Annual Revision
EMP11251,2023-04-01,37221.0,2978.0,Promotion
EMP11251,2024-04-01,36997.0,2960.0,Market Adjustment
EMP11251,2025-04-01,40006.0,3200.0,No Change
EMP11251,2026-04-01,42942.0,2147.0,Market Adjustment
EMP11252,2025-04-01,68547.0,2056.0,Promotion
EMP11252,2026-04-01,69621.0,3481.0,Promotion
EMP11253,2019-04-01,62910.0,1887.0,No Change
EMP11253,2020-04-01,64512.0,5161.0,Annual Revision
EMP11253,2021-04-01,80017.0,6401.0,Market Adjustment
EMP11253,2022-04-01,82228.0,2467.0,Market Adjustment
EMP11253,2023-04-01,95219.0,4761.0,No Change
EMP11253,2024-04-01,101325.0,3040.0,Annual Revision
EMP11253,2025-04-01,106818.0,8545.0,Annual Revision
EMP11253,2026-04-01,122369.0,14684.0,Market Adjustment
EMP11254,2019-04-01,64805.0,1944.0,Annual Revision
EMP11254,2020-04-01,69028.0,2071.0,Annual Revision
EMP11254,2021-04-01,74475.0,3724.0,Annual Revision
EMP11254,2022-04-01,81522.0,6522.0,Annual Revision
EMP11254,2023-04-01,100409.0,3012.0,Annual Revision
EMP11254,2024-04-01,107359.0,5368.0,Market Adjustment
EMP11254,2025-04-01,117148.0,3514.0,No Change
EMP11254,2026-04-01,137083.0,6854.0,No Change
EMP11255,2020-04-01,43631.0,3490.0,Promotion
EMP11255,2021-04-01,43570.0,2178.0,Annual Revision
EMP11255,2022-04-01,44770.0,1343.0,Annual Revision
EMP11255,2023-04-01,55439.0,2772.0,No Change
EMP11255,2024-04-01,59348.0,2967.0,Annual Revision
EMP11255,2025-04-01,63502.0,3175.0,Annual Revision
EMP11255,2026-04-01,68591.0,3430.0,Market Adjustment
EMP11256,2021-04-01,121926.0,9754.0,No Change
EMP11256,2022-04-01,131119.0,6556.0,Market Adjustment
EMP11256,2023-04-01,156928.0,7846.0,Annual Revision
EMP11256,2024-04-01,157604.0,4728.0,No Change
EMP11256,2025-04-01,179133.0,8957.0,Promotion
EMP11256,2026-04-01,196010.0,9801.0,Annual Revision
EMP11257,2026-04-01,31330.0,1566.0,Annual Revision
EMP11258,2026-04-01,33417.0,1671.0,Annual Revision
EMP11259,2021-04-01,62921.0,3146.0,Annual Revision
EMP11259,2022-04-01,66978.0,3349.0,Promotion
EMP11259,2023-04-01,77518.0,3876.0,Annual Revision
EMP11259,2024-04-01,81810.0,6545.0,Promotion
EMP11259,2025-04-01,91106.0,4555.0,Annual Revision
EMP11259,2026-04-01,95386.0,7631.0,Annual Revision
EMP11260,2020-04-01,31273.0,1564.0,No Change
EMP11260,2021-04-01,35544.0,2844.0,Annual Revision
EMP11260,2022-04-01,37120.0,4454.0,Market Adjustment
EMP11260,2023-04-01,41772.0,1253.0,No Change
EMP11260,2024-04-01,44451.0,1334.0,Annual Revision
EMP11260,2025-04-01,50476.0,1514.0,Annual Revision
EMP11260,2026-04-01,55246.0,4420.0,Annual Revision
EMP11261,2020-04-01,43395.0,1302.0,Promotion
EMP11261,2021-04-01,45732.0,3659.0,Market Adjustment
EMP11261,2022-04-01,48559.0,2428.0,Market Adjustment
EMP11261,2023-04-01,54986.0,2749.0,Market Adjustment
EMP11261,2024-04-01,57235.0,6868.0,Annual Revision
EMP11261,2025-04-01,61959.0,4957.0,Annual Revision
EMP11261,2026-04-01,72423.0,8691.0,Annual Revision
EMP11262,2023-04-01,72025.0,5762.0,Market Adjustment
EMP11262,2024-04-01,75615.0,6049.0,Market Adjustment
EMP11262,2025-04-01,85983.0,6879.0,Annual Revision
EMP11262,2026-04-01,95568.0,2867.0,Market Adjustment
EMP11263,2023-04-01,44902.0,1347.0,Promotion
EMP11263,2024-04-01,48326.0,1450.0,Annual Revision
EMP11263,2025-04-01,55067.0,6608.0,No Change
EMP11263,2026-04-01,55289.0,4423.0,Market Adjustment
EMP11264,2024-04-01,125833.0,15100.0,Annual Revision
EMP11264,2025-04-01,139162.0,11133.0,Market Adjustment
EMP11264,2026-04-01,148574.0,4457.0,Promotion
EMP11265,2020-04-01,63911.0,,Promotion
EMP11265,2021-04-01,71106.0,3555.0,Annual Revision
EMP11265,2022-04-01,71622.0,5730.0,Annual Revision
EMP11265,2023-04-01,83197.0,9984.0,Market Adjustment
EMP11265,2024-04-01,87194.0,10463.0,Market Adjustment
EMP11265,2025-04-01,104343.0,12521.0,Market Adjustment
EMP11265,2026-04-01,111161.0,5558.0,Promotion
EMP11266,2022-04-01,128550.0,10284.0,Annual Revision
EMP11266,2023-04-01,141491.0,11319.0,Market Adjustment
EMP11266,2024-04-01,142578.0,7129.0,Promotion
EMP11266,2025-04-01,177223.0,5317.0,No Change
EMP11266,2026-04-01,168041.0,8402.0,Annual Revision
EMP11267,2024-04-01,33108.0,2649.0,Market Adjustment
EMP11267,2025-04-01,35680.0,1070.0,Promotion
EMP11267,2026-04-01,38223.0,3058.0,Annual Revision
EMP11268,2020-04-01,65543.0,5243.0,Annual Revision
EMP11268,2021-04-01,67519.0,2026.0,Promotion
EMP11268,2022-04-01,72792.0,2184.0,Annual Revision
EMP11268,2023-04-01,82656.0,2480.0,Annual Revision
EMP11268,2024-04-01,96519.0,2896.0,Annual Revision
EMP11268,2025-04-01,95554.0,4778.0,Annual Revision
EMP11268,2026-04-01,110407.0,5520.0,Annual Revision
EMP11269,2023-04-01,71189.0,3559.0,No Change
EMP11269,2024-04-01,76939.0,3847.0,Annual Revision
EMP11269,2025-04-01,86960.0,4348.0,Annual Revision
EMP11269,2026-04-01,94772.0,2843.0,Annual Revision
EMP11270,2020-04-01,32032.0,961.0,Annual Revision
EMP11270,2021-04-01,33307.0,2665.0,Annual Revision
EMP11270,2022-04-01,36614.0,2929.0,Annual Revision
EMP11270,2023-04-01,41085.0,2054.0,No Change
EMP11270,2024-04-01,43488.0,3479.0,Annual Revision
EMP11270,2025-04-01,49025.0,2451.0,Annual Revision
EMP11270,2026-04-01,52046.0,2602.0,Annual Revision
EMP11271,2019-04-01,40112.0,1203.0,Annual Revision
EMP11271,2020-04-01,43477.0,3478.0,Annual Revision
EMP11271,2021-04-01,50846.0,1525.0,No Change
EMP11271,2022-04-01,54036.0,2702.0,Annual Revision
EMP11271,2023-04-01,66928.0,3346.0,Promotion
EMP11271,2024-04-01,71475.0,3574.0,Market Adjustment
EMP11271,2025-04-01,82066.0,6565.0,Annual Revision
EMP11271,2026-04-01,83036.0,4152.0,Annual Revision
EMP11272,2019-04-01,30351.0,1518.0,Annual Revision
EMP11272,2020-04-01,33690.0,1684.0,Annual Revision
EMP11272,2021-04-01,36555.0,4387.0,Annual Revision
EMP11272,2022-04-01,37558.0,1878.0,Promotion
EMP11272,2023-04-01,45158.0,3613.0,Market Adjustment
EMP11272,2024-04-01,51030.0,1531.0,Promotion
EMP11272,2025-04-01,51608.0,2580.0,Annual Revision
EMP11272,2026-04-01,59357.0,2968.0,Annual Revision
EMP11273,2019-04-01,63650.0,1910.0,Market Adjustment
EMP11273,2020-04-01,66136.0,7936.0,Annual Revision
EMP11273,2021-04-01,74050.0,3702.0,Annual Revision
EMP11273,2022-04-01,77638.0,2329.0,Promotion
EMP11273,2023-04-01,94690.0,7575.0,Annual Revision
EMP11273,2024-04-01,102684.0,8215.0,Annual Revision
EMP11273,2025-04-01,108207.0,5410.0,Annual Revision
EMP11273,2026-04-01,112553.0,3377.0,Market Adjustment
EMP11274,2024-04-01,38886.0,3111.0,Market Adjustment
EMP11274,2025-04-01,48512.0,2426.0,Promotion
EMP11274,2026-04-01,50125.0,2506.0,No Change
EMP11275,2025-04-01,32661.0,,Annual Revision
EMP11275,2026-04-01,33048.0,991.0,Annual Revision
EMP11276,2022-04-01,71255.0,5700.0,Promotion
EMP11276,2023-04-01,74606.0,5968.0,Promotion
EMP11276,2024-04-01,83493.0,2505.0,No Change
EMP11276,2025-04-01,96542.0,4827.0,Annual Revision
EMP11276,2026-04-01,110781.0,3323.0,Annual Revision
EMP11277,2021-04-01,81871.0,4094.0,Annual Revision
EMP11277,2022-04-01,101504.0,5075.0,Annual Revision
EMP11277,2023-04-01,108198.0,3246.0,No Change
EMP11277,2024-04-01,120589.0,6029.0,Market Adjustment
EMP11277,2025-04-01,147260.0,11781.0,No Change
EMP11277,2026-04-01,159117.0,4773.0,Promotion
EMP11278,2023-04-01,41891.0,3351.0,Annual Revision
EMP11278,2024-04-01,48021.0,2401.0,Annual Revision
EMP11278,2025-04-01,50532.0,1516.0,Market Adjustment
EMP11278,2026-04-01,55737.0,2787.0,No Change
EMP11279,2026-04-01,62150.0,,Annual Revision
EMP11280,2024-04-01,64144.0,5131.0,Annual Revision
EMP11280,2025-04-01,73552.0,3678.0,No Change
EMP11280,2026-04-01,79466.0,3973.0,Market Adjustment
EMP11281,2023-04-01,43431.0,3475.0,No Change
EMP11281,2024-04-01,45579.0,2279.0,No Change
EMP11281,2025-04-01,49963.0,2498.0,Annual Revision
EMP11281,2026-04-01,57123.0,1714.0,Promotion
EMP11282,2019-04-01,32388.0,3887.0,Market Adjustment
EMP11282,2020-04-01,35322.0,1766.0,Market Adjustment
EMP11282,2021-04-01,37784.0,1134.0,Annual Revision
EMP11282,2022-04-01,42013.0,3361.0,Annual Revision
EMP11282,2023-04-01,45953.0,3676.0,Promotion
EMP11282,2024-04-01,52591.0,2630.0,Annual Revision
EMP11282,2025-04-01,63502.0,3175.0,Annual Revision
EMP11282,2026-04-01,68930.0,8272.0,Annual Revision
EMP11283,2021-04-01,73265.0,5861.0,Annual Revision
EMP11283,2022-04-01,75340.0,6027.0,Market Adjustment
EMP11283,2023-04-01,83050.0,9966.0,Annual Revision
EMP11283,2024-04-01,92158.0,4608.0,Market Adjustment
EMP11283,2025-04-01,107371.0,12885.0,Annual Revision
EMP11283,2026-04-01,116754.0,5838.0,Market Adjustment
EMP11284,2022-04-01,69189.0,3459.0,Annual Revision
EMP11284,2023-04-01,73921.0,2218.0,Promotion
EMP11284,2024-04-01,84410.0,6753.0,Market Adjustment
EMP11284,2025-04-01,88043.0,4402.0,Annual Revision
EMP11284,2026-04-01,101041.0,3031.0,Annual Revision
EMP11285,2025-04-01,127496.0,3825.0,Annual Revision
EMP11285,2026-04-01,139290.0,4179.0,Annual Revision
EMP11286,2026-04-01,45622.0,1369.0,Market Adjustment
EMP11287,2025-04-01,63469.0,5078.0,Annual Revision
EMP11287,2026-04-01,70372.0,5630.0,Market Adjustment
EMP11288,2023-04-01,43349.0,1300.0,Annual Revision
EMP11288,2024-04-01,48213.0,1446.0,Market Adjustment
EMP11288,2025-04-01,52619.0,2631.0,Annual Revision
EMP11288,2026-04-01,57755.0,4620.0,Annual Revision
EMP11289,2019-04-01,69173.0,5534.0,No Change
EMP11289,2020-04-01,73116.0,3656.0,No Change
EMP11289,2021-04-01,78224.0,6258.0,Annual Revision
EMP11289,2022-04-01,83058.0,2492.0,Annual Revision
EMP11289,2023-04-01,100376.0,3011.0,No Change
EMP11289,2024-04-01,107604.0,5380.0,Annual Revision
EMP11289,2025-04-01,121071.0,9686.0,Promotion
EMP11289,2026-04-01,129317.0,3880.0,No Change
EMP11290,2023-04-01,61238.0,4899.0,Promotion
EMP11290,2024-04-01,71518.0,2146.0,No Change
EMP11290,2025-04-01,81975.0,9837.0,Market Adjustment
EMP11290,2026-04-01,89519.0,10742.0,Annual Revision
EMP11291,2019-04-01,41037.0,1231.0,Promotion
EMP11291,2020-04-01,44430.0,2221.0,Annual Revision
EMP11291,2021-04-01,46376.0,3710.0,Annual Revision
EMP11291,2022-04-01,47786.0,2389.0,No Change
EMP11291,2023-04-01,58161.0,2908.0,Annual Revision
EMP11291,2024-04-01,67257.0,5381.0,No Change
EMP11291,2025-04-01,74030.0,2221.0,Market Adjustment
EMP11291,2026-04-01,75490.0,3774.0,Annual Revision
EMP11292,2025-04-01,30895.0,2472.0,Promotion
EMP11292,2026-04-01,35073.0,2806.0,Annual Revision
EMP11293,2024-04-01,32049.0,1602.0,Annual Revision
EMP11293,2025-04-01,33555.0,1678.0,Annual Revision
EMP11293,2026-04-01,39941.0,1198.0,Market Adjustment
EMP11294,2021-04-01,92500.0,4625.0,Annual Revision
EMP11294,2022-04-01,102567.0,8205.0,Annual Revision
EMP11294,2023-04-01,113119.0,13574.0,Market Adjustment
EMP11294,2024-04-01,126387.0,15166.0,Market Adjustment
EMP11294,2025-04-01,130039.0,10403.0,Annual Revision
EMP11294,2026-04-01,150640.0,4519.0,Annual Revision
EMP11295,2025-04-01,93143.0,4657.0,Annual Revision
EMP11295,2026-04-01,91601.0,4580.0,Annual Revision
EMP11296,2020-04-01,42980.0,3438.0,Annual Revision
EMP11296,2021-04-01,49991.0,3999.0,Annual Revision
EMP11296,2022-04-01,53525.0,2676.0,Market Adjustment
EMP11296,2023-04-01,60441.0,1813.0,Market Adjustment
EMP11296,2024-04-01,68516.0,2055.0,Annual Revision
EMP11296,2025-04-01,74236.0,3712.0,Market Adjustment
EMP11296,2026-04-01,86272.0,6902.0,Market Adjustment
EMP11297,2021-04-01,32545.0,1627.0,Promotion
EMP11297,2022-04-01,34964.0,1049.0,Annual Revision
EMP11297,2023-04-01,36398.0,4368.0,Market Adjustment
EMP11297,2024-04-01,42732.0,1282.0,Promotion
EMP11297,2025-04-01,42156.0,1265.0,Annual Revision
EMP11297,2026-04-01,51601.0,4128.0,Promotion
EMP11298,2024-04-01,31557.0,2525.0,Annual Revision
EMP11298,2025-04-01,33466.0,1673.0,Annual Revision
EMP11298,2026-04-01,36549.0,1827.0,Annual Revision
EMP11299,2024-04-01,69961.0,3498.0,Annual Revision
EMP11299,2025-04-01,76158.0,2285.0,Annual Revision
EMP11299,2026-04-01,77572.0,9309.0,Promotion
EMP11300,2020-04-01,88119.0,4406.0,Annual Revision
EMP11300,2021-04-01,91687.0,2751.0,No Change
EMP11300,2022-04-01,101753.0,3053.0,No Change
EMP11300,2023-04-01,114862.0,5743.0,Promotion
EMP11300,2024-04-01,120847.0,3625.0,Promotion
EMP11300,2025-04-01,132081.0,6604.0,Annual Revision
EMP11300,2026-04-01,150531.0,4516.0,Annual Revision
EMP11301,2022-04-01,42430.0,3394.0,Annual Revision
EMP11301,2023-04-01,48237.0,1447.0,No Change
EMP11301,2024-04-01,49843.0,1495.0,Promotion
EMP11301,2025-04-01,54307.0,2715.0,Annual Revision
EMP11301,2026-04-01,61641.0,1849.0,Annual Revision
EMP11302,2025-04-01,44791.0,2240.0,Annual Revision
EMP11302,2026-04-01,49235.0,2462.0,Annual Revision
EMP11303,2026-04-01,128874.0,3866.0,No Change
EMP11304,2019-04-01,40068.0,2003.0,Market Adjustment
EMP11304,2020-04-01,44836.0,1345.0,Annual Revision
EMP11304,2021-04-01,47846.0,2392.0,Annual Revision
EMP11304,2022-04-01,50071.0,2504.0,Promotion
EMP11304,2023-04-01,54497.0,4360.0,Annual Revision
EMP11304,2024-04-01,62643.0,1879.0,Annual Revision
EMP11304,2025-04-01,73631.0,5890.0,No Change
EMP11304,2026-04-01,75726.0,9087.0,Annual Revision
EMP11305,2025-04-01,41262.0,2063.0,Promotion
EMP11305,2026-04-01,44875.0,1346.0,Annual Revision
EMP11306,2021-04-01,44774.0,3582.0,Annual Revision
EMP11306,2022-04-01,50555.0,4044.0,Market Adjustment
EMP11306,2023-04-01,57012.0,1710.0,Market Adjustment
EMP11306,2024-04-01,58981.0,1769.0,Promotion
EMP11306,2025-04-01,66804.0,2004.0,Promotion
EMP11306,2026-04-01,79877.0,3994.0,Promotion
EMP11307,2019-04-01,45290.0,2264.0,Market Adjustment
EMP11307,2020-04-01,49648.0,2482.0,Market Adjustment
EMP11307,2021-04-01,57473.0,2874.0,Promotion
EMP11307,2022-04-01,56224.0,1687.0,No Change
EMP11307,2023-04-01,70544.0,2116.0,Annual Revision
EMP11307,2024-04-01,73758.0,3688.0,Promotion
EMP11307,2025-04-01,82610.0,4131.0,Market Adjustment
EMP11307,2026-04-01,87054.0,6964.0,Annual Revision
EMP11308,2021-04-01,32875.0,2630.0,Promotion
EMP11308,2022-04-01,37590.0,1880.0,Annual Revision
EMP11308,2023-04-01,39593.0,1980.0,Annual Revision
EMP11308,2024-04-01,44011.0,1320.0,Annual Revision
EMP11308,2025-04-01,50048.0,6006.0,No Change
EMP11308,2026-04-01,54019.0,6482.0,Annual Revision
EMP11309,2024-04-01,29889.0,1494.0,Market Adjustment
EMP11309,2025-04-01,33768.0,1688.0,Promotion
EMP11309,2026-04-01,36717.0,1836.0,Annual Revision
EMP11310,2025-04-01,62908.0,1887.0,Annual Revision
EMP11310,2026-04-01,72815.0,2184.0,Annual Revision
EMP11311,2022-04-01,91911.0,4596.0,Market Adjustment
EMP11311,2023-04-01,98116.0,7849.0,No Change
EMP11311,2024-04-01,103321.0,3100.0,Annual Revision
EMP11311,2025-04-01,116789.0,5839.0,Market Adjustment
EMP11311,2026-04-01,129894.0,10392.0,Market Adjustment
EMP11312,2020-04-01,94136.0,7531.0,Annual Revision
EMP11312,2021-04-01,94499.0,4725.0,Annual Revision
EMP11312,2022-04-01,104789.0,5239.0,Promotion
EMP11312,2023-04-01,123720.0,3712.0,Annual Revision
EMP11312,2024-04-01,132138.0,15857.0,Market Adjustment
EMP11312,2025-04-01,144536.0,11563.0,Annual Revision
EMP11312,2026-04-01,151371.0,7569.0,Market Adjustment
EMP11313,2022-04-01,91932.0,7355.0,Market Adjustment
EMP11313,2023-04-01,95192.0,7615.0,Annual Revision
EMP11313,2024-04-01,110564.0,3317.0,No Change
EMP11313,2025-04-01,111774.0,3353.0,Annual Revision
EMP11313,2026-04-01,130504.0,6525.0,Annual Revision
EMP11314,2020-04-01,32984.0,1649.0,Annual Revision
EMP11314,2021-04-01,32938.0,988.0,No Change
EMP11314,2022-04-01,35808.0,2865.0,Annual Revision
EMP11314,2023-04-01,42671.0,1280.0,Promotion
EMP11314,2024-04-01,45557.0,5467.0,Annual Revision
EMP11314,2025-04-01,50082.0,1502.0,Promotion
EMP11314,2026-04-01,55492.0,2775.0,Annual Revision
EMP11315,2024-04-01,44140.0,5297.0,Annual Revision
EMP11315,2025-04-01,47433.0,3795.0,Annual Revision
EMP11315,2026-04-01,51674.0,1550.0,Market Adjustment
EMP11316,2019-04-01,40523.0,3242.0,Annual Revision
EMP11316,2020-04-01,43117.0,2156.0,Annual Revision
EMP11316,2021-04-01,46532.0,3723.0,Annual Revision
EMP11316,2022-04-01,50329.0,4026.0,Annual Revision
EMP11316,2023-04-01,61277.0,3064.0,Market Adjustment
EMP11316,2024-04-01,66460.0,7975.0,Annual Revision
EMP11316,2025-04-01,68469.0,8216.0,Market Adjustment
EMP11316,2026-04-01,78119.0,3906.0,Promotion
EMP11317,2026-04-01,69989.0,2100.0,Promotion
EMP11318,2019-04-01,119845.0,9588.0,Promotion
EMP11318,2020-04-01,138646.0,6932.0,Annual Revision
EMP11318,2021-04-01,148647.0,7432.0,Annual Revision
EMP11318,2022-04-01,148287.0,4449.0,No Change
EMP11318,2023-04-01,193441.0,9672.0,Annual Revision
EMP11318,2024-04-01,206997.0,6210.0,Promotion
EMP11318,2025-04-01,246539.0,12327.0,Annual Revision
EMP11318,2026-04-01,254686.0,12734.0,Annual Revision
EMP11319,2023-04-01,62136.0,7456.0,Annual Revision
EMP11319,2024-04-01,72077.0,5766.0,Promotion
EMP11319,2025-04-01,77843.0,3892.0,Promotion
EMP11319,2026-04-01,81897.0,4095.0,Annual Revision
EMP11320,2023-04-01,42617.0,2131.0,Annual Revision
EMP11320,2024-04-01,47380.0,1421.0,Annual Revision
EMP11320,2025-04-01,54892.0,2745.0,Promotion
EMP11320,2026-04-01,58782.0,4703.0,Annual Revision
EMP11321,2020-04-01,31616.0,1581.0,Annual Revision
EMP11321,2021-04-01,34436.0,2755.0,Annual Revision
EMP11321,2022-04-01,33864.0,1693.0,Annual Revision
EMP11321,2023-04-01,42329.0,2116.0,Market Adjustment
EMP11321,2024-04-01,45788.0,1374.0,Annual Revision
EMP11321,2025-04-01,49468.0,2473.0,Market Adjustment
EMP11321,2026-04-01,54751.0,4380.0,Annual Revision
EMP11322,2019-04-01,68763.0,3438.0,Promotion
EMP11322,2020-04-01,70375.0,2111.0,Annual Revision
EMP11322,2021-04-01,80535.0,6443.0,Annual Revision
EMP11322,2022-04-01,83043.0,2491.0,Annual Revision
EMP11322,2023-04-01,98977.0,7918.0,Market Adjustment
EMP11322,2024-04-01,111501.0,5575.0,Annual Revision
EMP11322,2025-04-01,123723.0,3712.0,Annual Revision
EMP11322,2026-04-01,132330.0,3970.0,Annual Revision
EMP11323,2026-04-01,47077.0,2354.0,Promotion
EMP11324,2024-04-01,31040.0,2483.0,No Change
EMP11324,2025-04-01,36053.0,1082.0,Promotion
EMP11324,2026-04-01,36258.0,1088.0,Promotion
EMP11325,2020-04-01,31414.0,2513.0,No Change
EMP11325,2021-04-01,34868.0,2789.0,Annual Revision
EMP11325,2022-04-01,38334.0,3067.0,Annual Revision
EMP11325,2023-04-01,41513.0,2076.0,Annual Revision
EMP11325,2024-04-01,46876.0,3750.0,Annual Revision
EMP11325,2025-04-01,53889.0,2694.0,Market Adjustment
EMP11325,2026-04-01,58851.0,1766.0,Annual Revision
EMP11326,2022-04-01,32167.0,965.0,Annual Revision
EMP11326,2023-04-01,37679.0,1884.0,No Change
EMP11326,2024-04-01,39206.0,3136.0,Annual Revision
EMP11326,2025-04-01,45002.0,3600.0,Market Adjustment
EMP11326,2026-04-01,47796.0,3824.0,Promotion
EMP11327,2025-04-01,66617.0,5329.0,Annual Revision
EMP11327,2026-04-01,70877.0,5670.0,Annual Revision
EMP11328,2024-04-01,69398.0,2082.0,Annual Revision
EMP11328,2025-04-01,81146.0,2434.0,Annual Revision
EMP11328,2026-04-01,86626.0,6930.0,Promotion
EMP11329,2020-04-01,32123.0,1606.0,Annual Revision
EMP11329,2021-04-01,31998.0,2560.0,No Change
EMP11329,2022-04-01,35914.0,1077.0,Annual Revision
EMP11329,2023-04-01,38839.0,1165.0,Annual Revision
EMP11329,2024-04-01,44717.0,5366.0,Annual Revision
EMP11329,2025-04-01,50425.0,4034.0,Market Adjustment
EMP11329,2026-04-01,56082.0,2804.0,Annual Revision
EMP11330,2023-04-01,48429.0,2421.0,Annual Revision
EMP11330,2024-04-01,47752.0,2388.0,No Change
EMP11330,2025-04-01,51608.0,1548.0,Promotion
EMP11330,2026-04-01,58422.0,4674.0,Annual Revision
EMP11331,2021-04-01,39867.0,3189.0,Promotion
EMP11331,2022-04-01,44179.0,2209.0,Market Adjustment
EMP11331,2023-04-01,50567.0,4045.0,Promotion
EMP11331,2024-04-01,58222.0,1747.0,Annual Revision
EMP11331,2025-04-01,66752.0,5340.0,Promotion
EMP11331,2026-04-01,70132.0,2104.0,Promotion
EMP11332,2026-04-01,66167.0,7940.0,Promotion
EMP11333,2022-04-01,94343.0,4717.0,No Change
EMP11333,2023-04-01,104343.0,12521.0,Annual Revision
EMP11333,2024-04-01,117443.0,5872.0,Promotion
EMP11333,2025-04-01,123806.0,3714.0,No Change
EMP11333,2026-04-01,131995.0,10560.0,Annual Revision
EMP11334,2021-04-01,63969.0,5118.0,No Change
EMP11334,2022-04-01,71164.0,2135.0,Annual Revision
EMP11334,2023-04-01,75420.0,9050.0,Annual Revision
EMP11334,2024-04-01,85890.0,10307.0,Annual Revision
EMP11334,2025-04-01,96823.0,7746.0,Market Adjustment
EMP11334,2026-04-01,99906.0,11989.0,Promotion
EMP11335,2023-04-01,43335.0,2167.0,Annual Revision
EMP11335,2024-04-01,47379.0,3790.0,Annual Revision
EMP11335,2025-04-01,50713.0,2536.0,Annual Revision
EMP11335,2026-04-01,53067.0,2653.0,Market Adjustment
EMP11336,2023-04-01,31046.0,3726.0,Annual Revision
EMP11336,2024-04-01,35227.0,1057.0,Annual Revision
EMP11336,2025-04-01,36686.0,2935.0,Annual Revision
EMP11336,2026-04-01,44141.0,3531.0,Annual Revision
EMP11337,2024-04-01,41848.0,2092.0,Promotion
EMP11337,2025-04-01,44744.0,2237.0,Annual Revision
EMP11337,2026-04-01,50774.0,6093.0,Market Adjustment
EMP11338,2023-04-01,30233.0,2419.0,Annual Revision
EMP11338,2024-04-01,35329.0,4239.0,Annual Revision
EMP11338,2025-04-01,38423.0,,No Change
EMP11338,2026-04-01,38746.0,3100.0,Promotion
EMP11339,2022-04-01,125166.0,15020.0,Promotion
EMP11339,2023-04-01,137822.0,4135.0,Annual Revision
EMP11339,2024-04-01,149584.0,7479.0,Annual Revision
EMP11339,2025-04-01,155860.0,12469.0,Promotion
EMP11339,2026-04-01,182432.0,14595.0,Market Adjustment
EMP11340,2025-04-01,66549.0,3327.0,Annual Revision
EMP11340,2026-04-01,72501.0,3625.0,No Change
EMP11341,2024-04-01,125402.0,10032.0,Market Adjustment
EMP11341,2025-04-01,137640.0,4129.0,Annual Revision
EMP11341,2026-04-01,149417.0,7471.0,Market Adjustment
EMP11342,2021-04-01,87475.0,4374.0,Annual Revision
EMP11342,2022-04-01,97677.0,4884.0,Annual Revision
EMP11342,2023-04-01,101314.0,8105.0,Annual Revision
EMP11342,2024-04-01,113264.0,5663.0,Annual Revision
EMP11342,2025-04-01,131264.0,3938.0,Annual Revision
EMP11342,2026-04-01,145514.0,4365.0,Promotion
EMP11343,2023-04-01,61897.0,4952.0,Promotion
EMP11343,2024-04-01,68699.0,5496.0,Promotion
EMP11343,2025-04-01,78296.0,2349.0,Annual Revision
EMP11343,2026-04-01,86942.0,6955.0,Annual Revision
EMP11344,2019-04-01,62167.0,3108.0,Annual Revision
EMP11344,2020-04-01,66792.0,3340.0,Annual Revision
EMP11344,2021-04-01,76000.0,2280.0,Annual Revision
EMP11344,2022-04-01,76625.0,2299.0,Annual Revision
EMP11344,2023-04-01,100227.0,5011.0,Market Adjustment
EMP11344,2024-04-01,103105.0,5155.0,Annual Revision
EMP11344,2025-04-01,102521.0,5126.0,Promotion
EMP11344,2026-04-01,124215.0,6211.0,Annual Revision
EMP11345,2025-04-01,84136.0,4207.0,Annual Revision
EMP11345,2026-04-01,102951.0,5148.0,Annual Revision
EMP11346,2023-04-01,63866.0,1916.0,Promotion
EMP11346,2024-04-01,70754.0,5660.0,Promotion
EMP11346,2025-04-01,77872.0,3894.0,No Change
EMP11346,2026-04-01,88541.0,4427.0,Market Adjustment
EMP11347,2023-04-01,30831.0,3700.0,Annual Revision
EMP11347,2024-04-01,33315.0,2665.0,Promotion
EMP11347,2025-04-01,39581.0,3166.0,Annual Revision
EMP11347,2026-04-01,42453.0,3396.0,No Change
EMP11348,2025-04-01,43619.0,2181.0,Annual Revision
EMP11348,2026-04-01,41340.0,4961.0,Annual Revision
EMP11349,2022-04-01,32244.0,2579.0,Annual Revision
EMP11349,2023-04-01,35832.0,1075.0,Market Adjustment
EMP11349,2024-04-01,36912.0,1107.0,Annual Revision
EMP11349,2025-04-01,42005.0,3360.0,Annual Revision
EMP11349,2026-04-01,47654.0,2383.0,Market Adjustment
EMP11350,2025-04-01,64133.0,7696.0,Annual Revision
EMP11350,2026-04-01,72305.0,3615.0,Annual Revision
EMP11351,2021-04-01,40909.0,3273.0,Annual Revision
EMP11351,2022-04-01,46011.0,5521.0,Promotion
EMP11351,2023-04-01,52953.0,1589.0,Market Adjustment
EMP11351,2024-04-01,57387.0,2869.0,Promotion
EMP11351,2025-04-01,63528.0,1906.0,No Change
EMP11351,2026-04-01,71717.0,3586.0,Promotion
EMP11352,2022-04-01,89564.0,7165.0,Promotion
EMP11352,2023-04-01,102267.0,5113.0,Annual Revision
EMP11352,2024-04-01,105751.0,3173.0,Annual Revision
EMP11352,2025-04-01,120884.0,3627.0,Annual Revision
EMP11352,2026-04-01,124568.0,6228.0,Market Adjustment
EMP11353,2020-04-01,40384.0,3231.0,Promotion
EMP11353,2021-04-01,46100.0,1383.0,No Change
EMP11353,2022-04-01,49137.0,1474.0,Promotion
EMP11353,2023-04-01,54392.0,4351.0,Annual Revision
EMP11353,2024-04-01,62359.0,4989.0,Promotion
EMP11353,2025-04-01,66576.0,1997.0,Annual Revision
EMP11353,2026-04-01,70969.0,8516.0,Annual Revision
EMP11354,2021-04-01,65723.0,3286.0,Market Adjustment
EMP11354,2022-04-01,71664.0,8600.0,Annual Revision
EMP11354,2023-04-01,83918.0,6713.0,Market Adjustment
EMP11354,2024-04-01,97090.0,7767.0,Annual Revision
EMP11354,2025-04-01,97315.0,7785.0,Annual Revision
EMP11354,2026-04-01,113244.0,3397.0,Annual Revision
EMP11355,2022-04-01,31787.0,954.0,Market Adjustment
EMP11355,2023-04-01,34706.0,2776.0,Annual Revision
EMP11355,2024-04-01,39770.0,3182.0,No Change
EMP11355,2025-04-01,43170.0,2158.0,Annual Revision
EMP11355,2026-04-01,49539.0,2477.0,Promotion
EMP11356,2025-04-01,42448.0,2122.0,Promotion
EMP11356,2026-04-01,47023.0,2351.0,Promotion
EMP11357,2021-04-01,86365.0,4318.0,Annual Revision
EMP11357,2022-04-01,98923.0,7914.0,Promotion
EMP11357,2023-04-01,108555.0,3257.0,Promotion
EMP11357,2024-04-01,125960.0,10077.0,Annual Revision
EMP11357,2025-04-01,139714.0,11177.0,Annual Revision
EMP11357,2026-04-01,143668.0,17240.0,Annual Revision
EMP11358,2024-04-01,127235.0,10179.0,Market Adjustment
EMP11358,2025-04-01,137782.0,4133.0,Promotion
EMP11358,2026-04-01,145035.0,17404.0,Market Adjustment
EMP11359,2021-04-01,45357.0,1361.0,Annual Revision
EMP11359,2022-04-01,48573.0,3886.0,Annual Revision
EMP11359,2023-04-01,55366.0,2768.0,Market Adjustment
EMP11359,2024-04-01,59870.0,7184.0,Market Adjustment
EMP11359,2025-04-01,64347.0,5148.0,No Change
EMP11359,2026-04-01,67951.0,8154.0,Annual Revision
EMP11360,2025-04-01,65579.0,5246.0,Annual Revision
EMP11360,2026-04-01,71622.0,5730.0,Annual Revision
EMP11361,2023-04-01,42433.0,2122.0,Annual Revision
EMP11361,2024-04-01,48990.0,2450.0,Annual Revision
EMP11361,2025-04-01,50433.0,1513.0,Annual Revision
EMP11361,2026-04-01,60394.0,3020.0,Annual Revision
EMP11362,2020-04-01,41547.0,3324.0,Promotion
EMP11362,2021-04-01,46496.0,3720.0,Annual Revision
EMP11362,2022-04-01,47627.0,5715.0,Promotion
EMP11362,2023-04-01,56821.0,1705.0,Promotion
EMP11362,2024-04-01,62621.0,5010.0,Annual Revision
EMP11362,2025-04-01,72020.0,5762.0,Market Adjustment
EMP11362,2026-04-01,78338.0,6267.0,Annual Revision
EMP11363,2020-04-01,40624.0,1219.0,Market Adjustment
EMP11363,2021-04-01,44744.0,1342.0,Annual Revision
EMP11363,2022-04-01,46800.0,1404.0,Annual Revision
EMP11363,2023-04-01,52443.0,2622.0,Annual Revision
EMP11363,2024-04-01,54639.0,1639.0,No Change
EMP11363,2025-04-01,64567.0,3228.0,Annual Revision
EMP11363,2026-04-01,70539.0,3527.0,Annual Revision
EMP11364,2023-04-01,70694.0,5656.0,Annual Revision
EMP11364,2024-04-01,77699.0,3885.0,Annual Revision
EMP11364,2025-04-01,82813.0,6625.0,Market Adjustment
EMP11364,2026-04-01,91180.0,7294.0,Market Adjustment
EMP11365,2019-04-01,68073.0,3404.0,Market Adjustment
EMP11365,2020-04-01,70593.0,5647.0,Annual Revision
EMP11365,2021-04-01,82063.0,9848.0,Promotion
EMP11365,2022-04-01,84883.0,6791.0,No Change
EMP11365,2023-04-01,104570.0,8366.0,No Change
EMP11365,2024-04-01,103407.0,8273.0,Promotion
EMP11365,2025-04-01,116236.0,3487.0,Annual Revision
EMP11365,2026-04-01,121152.0,6058.0,Annual Revision
EMP11366,2025-04-01,33437.0,1672.0,No Change
EMP11366,2026-04-01,36830.0,2946.0,No Change
EMP11367,2020-04-01,42193.0,3375.0,Promotion
EMP11367,2021-04-01,44103.0,2205.0,Annual Revision
EMP11367,2022-04-01,47781.0,5734.0,Annual Revision
EMP11367,2023-04-01,49585.0,2479.0,Annual Revision
EMP11367,2024-04-01,59622.0,1789.0,Annual Revision
EMP11367,2025-04-01,66275.0,5302.0,Promotion
EMP11367,2026-04-01,73606.0,8833.0,Promotion
EMP11368,2020-04-01,62428.0,3121.0,Annual Revision
EMP11368,2021-04-01,67132.0,5371.0,Market Adjustment
EMP11368,2022-04-01,72332.0,3617.0,Annual Revision
EMP11368,2023-04-01,84253.0,2528.0,Market Adjustment
EMP11368,2024-04-01,101335.0,3040.0,Market Adjustment
EMP11368,2025-04-01,112901.0,9032.0,No Change
EMP11368,2026-04-01,118701.0,9496.0,Annual Revision
EMP11369,2022-04-01,39679.0,1190.0,Market Adjustment
EMP11369,2023-04-01,44504.0,1335.0,Promotion
EMP11369,2024-04-01,49566.0,2478.0,No Change
EMP11369,2025-04-01,51630.0,4130.0,Annual Revision
EMP11369,2026-04-01,59671.0,4774.0,No Change
EMP11370,2020-04-01,30607.0,1530.0,Annual Revision
EMP11370,2021-04-01,34192.0,1026.0,Promotion
EMP11370,2022-04-01,37018.0,2961.0,No Change
EMP11370,2023-04-01,42288.0,1269.0,No Change
EMP11370,2024-04-01,45824.0,3666.0,Promotion
EMP11370,2025-04-01,51317.0,2566.0,Annual Revision
EMP11370,2026-04-01,54268.0,2713.0,Annual Revision
EMP11371,2021-04-01,43508.0,5221.0,Annual Revision
EMP11371,2022-04-01,46024.0,2301.0,Promotion
EMP11371,2023-04-01,51023.0,1531.0,Market Adjustment
EMP11371,2024-04-01,52798.0,1584.0,Annual Revision
EMP11371,2025-04-01,61388.0,3069.0,Promotion
EMP11371,2026-04-01,62554.0,1877.0,Annual Revision
EMP11372,2019-04-01,33517.0,1006.0,Promotion
EMP11372,2020-04-01,36007.0,1800.0,Annual Revision
EMP11372,2021-04-01,37769.0,3022.0,Annual Revision
EMP11372,2022-04-01,41497.0,4980.0,Market Adjustment
EMP11372,2023-04-01,49388.0,3951.0,Annual Revision
EMP11372,2024-04-01,53402.0,2670.0,Market Adjustment
EMP11372,2025-04-01,61229.0,3061.0,Promotion
EMP11372,2026-04-01,64993.0,3250.0,Market Adjustment
EMP11373,2021-04-01,45333.0,3627.0,Market Adjustment
EMP11373,2022-04-01,45260.0,1358.0,Market Adjustment
EMP11373,2023-04-01,51842.0,4147.0,Market Adjustment
EMP11373,2024-04-01,57896.0,4632.0,Annual Revision
EMP11373,2025-04-01,62705.0,5016.0,Market Adjustment
EMP11373,2026-04-01,70036.0,8404.0,Annual Revision
EMP11374,2022-04-01,46615.0,3729.0,Market Adjustment
EMP11374,2023-04-01,47419.0,3793.0,Annual Revision
EMP11374,2024-04-01,52787.0,4223.0,Promotion
EMP11374,2025-04-01,57833.0,4627.0,Promotion
EMP11374,2026-04-01,61088.0,1833.0,Promotion
EMP11375,2022-04-01,66261.0,3313.0,Annual Revision
EMP11375,2023-04-01,70312.0,8437.0,Market Adjustment
EMP11375,2024-04-01,80290.0,6423.0,Market Adjustment
EMP11375,2025-04-01,90339.0,4517.0,Market Adjustment
EMP11375,2026-04-01,100499.0,5025.0,Promotion
EMP11376,2020-04-01,43837.0,3507.0,Promotion
EMP11376,2021-04-01,46182.0,3695.0,Annual Revision
EMP11376,2022-04-01,44863.0,3589.0,Annual Revision
EMP11376,2023-04-01,52277.0,4182.0,No Change
EMP11376,2024-04-01,59257.0,4741.0,No Change
EMP11376,2025-04-01,63873.0,5110.0,Annual Revision
EMP11376,2026-04-01,71709.0,8605.0,Market Adjustment
EMP11377,2025-04-01,44161.0,1325.0,Market Adjustment
EMP11377,2026-04-01,47631.0,3811.0,Annual Revision
EMP11378,2026-04-01,71437.0,2143.0,Market Adjustment
EMP11379,2019-04-01,66597.0,5328.0,Annual Revision
EMP11379,2020-04-01,71682.0,2150.0,Market Adjustment
EMP11379,2021-04-01,74492.0,5959.0,Annual Revision
EMP11379,2022-04-01,81116.0,6489.0,Promotion
EMP11379,2023-04-01,91590.0,7327.0,Promotion
EMP11379,2024-04-01,100937.0,5047.0,Promotion
EMP11379,2025-04-01,108673.0,13041.0,Promotion
EMP11379,2026-04-01,118543.0,5927.0,Market Adjustment
EMP11380,2022-04-01,44251.0,3540.0,Annual Revision
EMP11380,2023-04-01,50861.0,1526.0,Promotion
EMP11380,2024-04-01,52811.0,4225.0,Promotion
EMP11380,2025-04-01,58521.0,2926.0,Annual Revision
EMP11380,2026-04-01,67120.0,2014.0,Market Adjustment
EMP11381,2019-04-01,64032.0,3202.0,Market Adjustment
EMP11381,2020-04-01,65691.0,5255.0,Market Adjustment
EMP11381,2021-04-01,76273.0,2288.0,Annual Revision
EMP11381,2022-04-01,78188.0,3909.0,Annual Revision
EMP11381,2023-04-01,97833.0,4892.0,Market Adjustment
EMP11381,2024-04-01,104072.0,5204.0,Annual Revision
EMP11381,2025-04-01,110751.0,3323.0,Annual Revision
EMP11381,2026-04-01,118991.0,9519.0,Annual Revision
EMP11382,2024-04-01,43488.0,5219.0,No Change
EMP11382,2025-04-01,49124.0,3930.0,Market Adjustment
EMP11382,2026-04-01,55303.0,4424.0,No Change
EMP11383,2021-04-01,90997.0,7280.0,Annual Revision
EMP11383,2022-04-01,97829.0,2935.0,Promotion
EMP11383,2023-04-01,107463.0,12896.0,Promotion
EMP11383,2024-04-01,120863.0,9669.0,Annual Revision
EMP11383,2025-04-01,130822.0,6541.0,Annual Revision
EMP11383,2026-04-01,142675.0,11414.0,Market Adjustment
EMP11384,2021-04-01,44503.0,3560.0,No Change
EMP11384,2022-04-01,48177.0,2409.0,Market Adjustment
EMP11384,2023-04-01,58070.0,2904.0,Annual Revision
EMP11384,2024-04-01,62661.0,7519.0,No Change
EMP11384,2025-04-01,66799.0,5344.0,Market Adjustment
EMP11384,2026-04-01,77304.0,6184.0,Annual Revision
EMP11385,2024-04-01,71105.0,3555.0,Annual Revision
EMP11385,2025-04-01,77105.0,3855.0,Promotion
EMP11385,2026-04-01,80643.0,4032.0,Market Adjustment
EMP11386,2023-04-01,40687.0,3255.0,Annual Revision
EMP11386,2024-04-01,43822.0,2191.0,Annual Revision
EMP11386,2025-04-01,49045.0,3924.0,Promotion
EMP11386,2026-04-01,52346.0,4188.0,Market Adjustment
EMP11387,2024-04-01,68614.0,2058.0,Promotion
EMP11387,2025-04-01,71931.0,5754.0,Annual Revision
EMP11387,2026-04-01,82142.0,9857.0,Promotion
EMP11388,2026-04-01,67275.0,5382.0,No Change
EMP11389,2021-04-01,31997.0,960.0,Annual Revision
EMP11389,2022-04-01,35916.0,1796.0,Market Adjustment
EMP11389,2023-04-01,41166.0,2058.0,Annual Revision
EMP11389,2024-04-01,46128.0,2306.0,Promotion
EMP11389,2025-04-01,50770.0,4062.0,Annual Revision
EMP11389,2026-04-01,55464.0,2773.0,Promotion
EMP11390,2019-04-01,42718.0,2136.0,Annual Revision
EMP11390,2020-04-01,48282.0,2414.0,Annual Revision
EMP11390,2021-04-01,50087.0,6010.0,Annual Revision
EMP11390,2022-04-01,50128.0,,Annual Revision
EMP11390,2023-04-01,57097.0,1713.0,Promotion
EMP11390,2024-04-01,61227.0,3061.0,Annual Revision
EMP11390,2025-04-01,72132.0,3607.0,No Change
EMP11390,2026-04-01,80053.0,6404.0,Annual Revision
EMP11391,2021-04-01,32068.0,962.0,Annual Revision
EMP11391,2022-04-01,32495.0,1625.0,Market Adjustment
EMP11391,2023-04-01,38620.0,1931.0,No Change
EMP11391,2024-04-01,40377.0,4845.0,Annual Revision
EMP11391,2025-04-01,45624.0,2281.0,Annual Revision
EMP11391,2026-04-01,52613.0,4209.0,Annual Revision
EMP11392,2020-04-01,44364.0,3549.0,No Change
EMP11392,2021-04-01,46780.0,2339.0,No Change
EMP11392,2022-04-01,50279.0,4022.0,Market Adjustment
EMP11392,2023-04-01,58785.0,4703.0,Annual Revision
EMP11392,2024-04-01,61082.0,1832.0,Annual Revision
EMP11392,2025-04-01,69485.0,5559.0,Annual Revision
EMP11392,2026-04-01,78159.0,6253.0,Market Adjustment
EMP11393,2025-04-01,70813.0,5665.0,Annual Revision
EMP11393,2026-04-01,76443.0,3822.0,Annual Revision
EMP11394,2020-04-01,47203.0,1416.0,No Change
EMP11394,2021-04-01,47928.0,1438.0,Annual Revision
EMP11394,2022-04-01,52136.0,4171.0,Market Adjustment
EMP11394,2023-04-01,56248.0,6750.0,Promotion
EMP11394,2024-04-01,66162.0,3308.0,Annual Revision
EMP11394,2025-04-01,72198.0,2166.0,Annual Revision
EMP11394,2026-04-01,75853.0,9102.0,Annual Revision
EMP11395,2025-04-01,32400.0,1620.0,Annual Revision
EMP11395,2026-04-01,38262.0,3061.0,No Change
EMP11396,2022-04-01,65955.0,1979.0,Annual Revision
EMP11396,2023-04-01,72151.0,3608.0,No Change
EMP11396,2024-04-01,81383.0,4069.0,Annual Revision
EMP11396,2025-04-01,82237.0,2467.0,Annual Revision
EMP11396,2026-04-01,91634.0,2749.0,Annual Revision
EMP11397,2021-04-01,45756.0,5491.0,Market Adjustment
EMP11397,2022-04-01,48855.0,3908.0,Annual Revision
EMP11397,2023-04-01,55784.0,2789.0,No Change
EMP11397,2024-04-01,59838.0,1795.0,Annual Revision
EMP11397,2025-04-01,69549.0,5564.0,Market Adjustment
EMP11397,2026-04-01,76914.0,2307.0,Promotion
EMP11398,2021-04-01,63984.0,3199.0,Promotion
EMP11398,2022-04-01,72227.0,3611.0,Promotion
EMP11398,2023-04-01,75153.0,2255.0,Promotion
EMP11398,2024-04-01,82541.0,4127.0,Market Adjustment
EMP11398,2025-04-01,92827.0,7426.0,Promotion
EMP11398,2026-04-01,101081.0,5054.0,Promotion
EMP11399,2023-04-01,44623.0,3570.0,Annual Revision
EMP11399,2024-04-01,51213.0,1536.0,Annual Revision
EMP11399,2025-04-01,55539.0,2777.0,No Change
EMP11399,2026-04-01,59350.0,4748.0,Promotion
EMP11400,2026-04-01,46605.0,2330.0,Annual Revision
EMP11401,2021-04-01,33360.0,1001.0,Market Adjustment
EMP11401,2022-04-01,32582.0,977.0,Market Adjustment
EMP11401,2023-04-01,38327.0,1916.0,Promotion
EMP11401,2024-04-01,38212.0,1911.0,No Change
EMP11401,2025-04-01,45557.0,5467.0,No Change
EMP11401,2026-04-01,46442.0,2322.0,Annual Revision
EMP11402,2021-04-01,61787.0,1854.0,Market Adjustment
EMP11402,2022-04-01,66595.0,3330.0,Promotion
EMP11402,2023-04-01,78847.0,,Annual Revision
EMP11402,2024-04-01,84358.0,2531.0,Annual Revision
EMP11402,2025-04-01,92473.0,4624.0,Promotion
EMP11402,2026-04-01,97104.0,4855.0,Annual Revision
EMP11403,2022-04-01,68760.0,2063.0,Promotion
EMP11403,2023-04-01,77031.0,9244.0,Annual Revision
EMP11403,2024-04-01,85906.0,4295.0,Market Adjustment
EMP11403,2025-04-01,89730.0,7178.0,No Change
EMP11403,2026-04-01,103877.0,5194.0,Promotion
EMP11404,2021-04-01,128022.0,10242.0,No Change
EMP11404,2022-04-01,134663.0,10773.0,Market Adjustment
EMP11404,2023-04-01,154542.0,12363.0,Annual Revision
EMP11404,2024-04-01,169107.0,8455.0,Annual Revision
EMP11404,2025-04-01,185587.0,14847.0,Annual Revision
EMP11404,2026-04-01,199573.0,9979.0,No Change
EMP11405,2021-04-01,65545.0,7865.0,Market Adjustment
EMP11405,2022-04-01,66766.0,3338.0,No Change
EMP11405,2023-04-01,76919.0,6153.0,Annual Revision
EMP11405,2024-04-01,82384.0,6591.0,Annual Revision
EMP11405,2025-04-01,90249.0,4512.0,Promotion
EMP11405,2026-04-01,95323.0,2860.0,Promotion
EMP11406,2025-04-01,67618.0,5409.0,Promotion
EMP11406,2026-04-01,77465.0,6197.0,Annual Revision
EMP11407,2022-04-01,40015.0,2001.0,Promotion
EMP11407,2023-04-01,47137.0,3771.0,Annual Revision
EMP11407,2024-04-01,51906.0,4152.0,Annual Revision
EMP11407,2025-04-01,54998.0,2750.0,Annual Revision
EMP11407,2026-04-01,59705.0,7165.0,Annual Revision
EMP11408,2024-04-01,31335.0,1567.0,Promotion
EMP11408,2025-04-01,34060.0,1703.0,Annual Revision
EMP11408,2026-04-01,36730.0,2938.0,Annual Revision
EMP11409,2023-04-01,63092.0,7571.0,Annual Revision
EMP11409,2024-04-01,73818.0,5905.0,Market Adjustment
EMP11409,2025-04-01,78385.0,3919.0,Annual Revision
EMP11409,2026-04-01,86390.0,4320.0,Market Adjustment
EMP11410,2022-04-01,40860.0,4903.0,Annual Revision
EMP11410,2023-04-01,43800.0,3504.0,No Change
EMP11410,2024-04-01,52946.0,1588.0,Promotion
EMP11410,2025-04-01,50593.0,4047.0,Annual Revision
EMP11410,2026-04-01,59940.0,7193.0,Annual Revision
EMP11411,2019-04-01,71534.0,2146.0,Annual Revision
EMP11411,2020-04-01,68652.0,3433.0,Annual Revision
EMP11411,2021-04-01,83663.0,4183.0,Market Adjustment
EMP11411,2022-04-01,84929.0,2548.0,Annual Revision
EMP11411,2023-04-01,96915.0,7753.0,Annual Revision
EMP11411,2024-04-01,106706.0,5335.0,Annual Revision
EMP11411,2025-04-01,116053.0,3482.0,Market Adjustment
EMP11411,2026-04-01,132698.0,6635.0,Market Adjustment
EMP11412,2025-04-01,130710.0,15685.0,No Change
EMP11412,2026-04-01,131475.0,10518.0,Annual Revision
EMP11413,2024-04-01,43441.0,1303.0,Promotion
EMP11413,2025-04-01,44932.0,1348.0,Promotion
EMP11413,2026-04-01,50777.0,1523.0,Annual Revision
EMP11414,2022-04-01,42899.0,2145.0,Annual Revision
EMP11414,2023-04-01,45735.0,3659.0,Annual Revision
EMP11414,2024-04-01,53172.0,6381.0,Promotion
EMP11414,2025-04-01,60054.0,4804.0,Annual Revision
EMP11414,2026-04-01,65508.0,5241.0,Annual Revision
EMP11415,2020-04-01,42456.0,3397.0,Market Adjustment
EMP11415,2021-04-01,47197.0,1416.0,Annual Revision
EMP11415,2022-04-01,46519.0,3722.0,Market Adjustment
EMP11415,2023-04-01,53207.0,4257.0,Annual Revision
EMP11415,2024-04-01,57662.0,1730.0,Annual Revision
EMP11415,2025-04-01,64147.0,3207.0,Annual Revision
EMP11415,2026-04-01,71898.0,3595.0,Annual Revision
EMP11416,2023-04-01,32025.0,961.0,Annual Revision
EMP11416,2024-04-01,34917.0,2793.0,Promotion
EMP11416,2025-04-01,38770.0,1939.0,Annual Revision
EMP11416,2026-04-01,41225.0,1237.0,Market Adjustment
EMP11417,2026-04-01,64105.0,1923.0,Market Adjustment
EMP11418,2022-04-01,33553.0,2684.0,No Change
EMP11418,2023-04-01,34932.0,1048.0,Annual Revision
EMP11418,2024-04-01,35351.0,1768.0,Market Adjustment
EMP11418,2025-04-01,40610.0,4873.0,Annual Revision
EMP11418,2026-04-01,45227.0,3618.0,Promotion
EMP11419,2026-04-01,45398.0,2270.0,Annual Revision
EMP11420,2021-04-01,40830.0,2041.0,Promotion
EMP11420,2022-04-01,41035.0,4924.0,No Change
EMP11420,2023-04-01,50282.0,2514.0,Annual Revision
EMP11420,2024-04-01,56397.0,2820.0,Annual Revision
EMP11420,2025-04-01,62187.0,7462.0,Annual Revision
EMP11420,2026-04-01,61618.0,4929.0,No Change
EMP11421,2025-04-01,124288.0,3729.0,Promotion
EMP11421,2026-04-01,136625.0,6831.0,Annual Revision
EMP11422,2025-04-01,30543.0,1527.0,No Change
EMP11422,2026-04-01,34894.0,2792.0,Annual Revision
EMP11423,2025-04-01,67485.0,5399.0,Market Adjustment
EMP11423,2026-04-01,73267.0,3663.0,Market Adjustment
EMP11424,2022-04-01,63110.0,3156.0,Promotion
EMP11424,2023-04-01,73166.0,3658.0,Annual Revision
EMP11424,2024-04-01,74870.0,3743.0,Promotion
EMP11424,2025-04-01,87436.0,2623.0,Annual Revision
EMP11424,2026-04-01,100908.0,5045.0,Promotion
EMP11425,2023-04-01,130405.0,6520.0,Market Adjustment
EMP11425,2024-04-01,128551.0,10284.0,Annual Revision
EMP11425,2025-04-01,153366.0,4601.0,Annual Revision
EMP11425,2026-04-01,158953.0,4769.0,Annual Revision
EMP11426,2021-04-01,42913.0,3433.0,Annual Revision
EMP11426,2022-04-01,48899.0,3912.0,Annual Revision
EMP11426,2023-04-01,54329.0,4346.0,Market Adjustment
EMP11426,2024-04-01,59912.0,2996.0,No Change
EMP11426,2025-04-01,63542.0,5083.0,Market Adjustment
EMP11426,2026-04-01,76010.0,3800.0,Annual Revision
EMP11427,2021-04-01,31174.0,2494.0,Market Adjustment
EMP11427,2022-04-01,35215.0,2817.0,Annual Revision
EMP11427,2023-04-01,36934.0,4432.0,Market Adjustment
EMP11427,2024-04-01,43333.0,1300.0,Market Adjustment
EMP11427,2025-04-01,44271.0,2214.0,Promotion
EMP11427,2026-04-01,46579.0,2329.0,Promotion
EMP11428,2024-04-01,67141.0,5371.0,Annual Revision
EMP11428,2025-04-01,73764.0,3688.0,No Change
EMP11428,2026-04-01,81994.0,2460.0,Annual Revision
EMP11429,2020-04-01,69445.0,3472.0,Promotion
EMP11429,2021-04-01,72015.0,8642.0,Annual Revision
EMP11429,2022-04-01,73706.0,3685.0,Annual Revision
EMP11429,2023-04-01,96144.0,2884.0,Promotion
EMP11429,2024-04-01,98388.0,2952.0,Annual Revision
EMP11429,2025-04-01,107635.0,5382.0,Annual Revision
EMP11429,2026-04-01,116179.0,5809.0,Annual Revision
EMP11430,2023-04-01,46026.0,3682.0,Annual Revision
EMP11430,2024-04-01,50387.0,1512.0,Annual Revision
EMP11430,2025-04-01,52719.0,2636.0,Annual Revision
EMP11430,2026-04-01,60101.0,3005.0,Promotion
EMP11431,2024-04-01,66668.0,5333.0,Annual Revision
EMP11431,2025-04-01,73627.0,3681.0,Promotion
EMP11431,2026-04-01,76602.0,3830.0,Market Adjustment
EMP11432,2021-04-01,63534.0,5083.0,Promotion
EMP11432,2022-04-01,70934.0,5675.0,Annual Revision
EMP11432,2023-04-01,79486.0,2385.0,Annual Revision
EMP11432,2024-04-01,81379.0,6510.0,Promotion
EMP11432,2025-04-01,91576.0,2747.0,Market Adjustment
EMP11432,2026-04-01,99674.0,11961.0,No Change
EMP11433,2025-04-01,74786.0,5983.0,Market Adjustment
EMP11433,2026-04-01,76713.0,6137.0,Market Adjustment
EMP11434,2026-04-01,66413.0,3321.0,Promotion
EMP11435,2023-04-01,41477.0,1244.0,Annual Revision
EMP11435,2024-04-01,46046.0,3684.0,Market Adjustment
EMP11435,2025-04-01,50966.0,1529.0,Annual Revision
EMP11435,2026-04-01,58191.0,1746.0,Market Adjustment
EMP11436,2021-04-01,45281.0,5434.0,No Change
EMP11436,2022-04-01,47591.0,3807.0,Annual Revision
EMP11436,2023-04-01,56327.0,2816.0,Promotion
EMP11436,2024-04-01,60678.0,1820.0,Annual Revision
EMP11436,2025-04-01,66944.0,5356.0,Market Adjustment
EMP11436,2026-04-01,74708.0,2241.0,Annual Revision
EMP11437,2025-04-01,44944.0,3596.0,Annual Revision
EMP11437,2026-04-01,47012.0,3761.0,Annual Revision
EMP11438,2019-04-01,64130.0,5130.0,Annual Revision
EMP11438,2020-04-01,69002.0,3450.0,Promotion
EMP11438,2021-04-01,76449.0,2293.0,Annual Revision
EMP11438,2022-04-01,79428.0,3971.0,Annual Revision
EMP11438,2023-04-01,93847.0,2815.0,No Change
EMP11438,2024-04-01,98736.0,4937.0,Promotion
EMP11438,2025-04-01,109336.0,5467.0,Market Adjustment
EMP11438,2026-04-01,123912.0,9913.0,Annual Revision
EMP11439,2021-04-01,29681.0,3562.0,No Change
EMP11439,2022-04-01,32819.0,2626.0,Annual Revision
EMP11439,2023-04-01,39680.0,3174.0,Promotion
EMP11439,2024-04-01,43514.0,2176.0,Annual Revision
EMP11439,2025-04-01,48624.0,2431.0,Market Adjustment
EMP11439,2026-04-01,52696.0,4216.0,Promotion
EMP11440,2020-04-01,32047.0,1602.0,Annual Revision
EMP11440,2021-04-01,32942.0,1647.0,Promotion
EMP11440,2022-04-01,35401.0,2832.0,Market Adjustment
EMP11440,2023-04-01,43535.0,5224.0,No Change
EMP11440,2024-04-01,47369.0,3790.0,No Change
EMP11440,2025-04-01,52851.0,4228.0,Promotion
EMP11440,2026-04-01,60101.0,3005.0,Promotion
EMP11441,2021-04-01,32392.0,972.0,Annual Revision
EMP11441,2022-04-01,33224.0,3987.0,Annual Revision
EMP11441,2023-04-01,38084.0,1904.0,Promotion
EMP11441,2024-04-01,41135.0,2057.0,Annual Revision
EMP11441,2025-04-01,46334.0,3707.0,Annual Revision
EMP11441,2026-04-01,49223.0,2461.0,Market Adjustment
EMP11442,2025-04-01,84576.0,10149.0,No Change
EMP11442,2026-04-01,95346.0,4767.0,Promotion
EMP11443,2024-04-01,41960.0,2098.0,Annual Revision
EMP11443,2025-04-01,45156.0,1355.0,Annual Revision
EMP11443,2026-04-01,48912.0,2446.0,Promotion
EMP11444,2024-04-01,90064.0,7205.0,Annual Revision
EMP11444,2025-04-01,105022.0,3151.0,Annual Revision
EMP11444,2026-04-01,109876.0,3296.0,Annual Revision
EMP11445,2020-04-01,44277.0,1328.0,Annual Revision
EMP11445,2021-04-01,43264.0,3461.0,Promotion
EMP11445,2022-04-01,48649.0,3892.0,Market Adjustment
EMP11445,2023-04-01,55023.0,2751.0,Annual Revision
EMP11445,2024-04-01,57109.0,4569.0,Promotion
EMP11445,2025-04-01,72893.0,8747.0,No Change
EMP11445,2026-04-01,81101.0,2433.0,Annual Revision
EMP11446,2022-04-01,42016.0,1260.0,Annual Revision
EMP11446,2023-04-01,44426.0,1333.0,Annual Revision
EMP11446,2024-04-01,52031.0,6244.0,Annual Revision
EMP11446,2025-04-01,52688.0,2634.0,Annual Revision
EMP11446,2026-04-01,62747.0,5020.0,Market Adjustment
EMP11447,2019-04-01,116515.0,5826.0,Annual Revision
EMP11447,2020-04-01,133238.0,10659.0,Promotion
EMP11447,2021-04-01,136228.0,6811.0,No Change
EMP11447,2022-04-01,154676.0,12374.0,Annual Revision
EMP11447,2023-04-01,181660.0,5450.0,Annual Revision
EMP11447,2024-04-01,195886.0,5877.0,Annual Revision
EMP11447,2025-04-01,200487.0,24058.0,Annual Revision
EMP11447,2026-04-01,225445.0,11272.0,Annual Revision
EMP11448,2024-04-01,41661.0,1250.0,Market Adjustment
EMP11448,2025-04-01,48538.0,1456.0,Annual Revision
EMP11448,2026-04-01,50458.0,1514.0,Annual Revision
EMP11449,2024-04-01,63882.0,3194.0,Annual Revision
EMP11449,2025-04-01,78484.0,2355.0,Annual Revision
EMP11449,2026-04-01,86216.0,4311.0,Market Adjustment
EMP11450,2019-04-01,41664.0,,Annual Revision
EMP11450,2020-04-01,42663.0,2133.0,Annual Revision
EMP11450,2021-04-01,48777.0,3902.0,Market Adjustment
EMP11450,2022-04-01,50118.0,4009.0,No Change
EMP11450,2023-04-01,60621.0,4850.0,Annual Revision
EMP11450,2024-04-01,65415.0,3271.0,No Change
EMP11450,2025-04-01,70316.0,3516.0,Promotion
EMP11450,2026-04-01,78357.0,3918.0,Annual Revision
EMP11451,2024-04-01,45468.0,2273.0,Annual Revision
EMP11451,2025-04-01,46644.0,1399.0,Annual Revision
EMP11451,2026-04-01,50077.0,2504.0,Annual Revision
EMP11452,2019-04-01,127788.0,3834.0,Annual Revision
EMP11452,2020-04-01,127367.0,15284.0,Annual Revision
EMP11452,2021-04-01,140880.0,4226.0,Annual Revision
EMP11452,2022-04-01,148453.0,11876.0,No Change
EMP11452,2023-04-01,184537.0,22144.0,Annual Revision
EMP11452,2024-04-01,237625.0,11881.0,Annual Revision
EMP11452,2025-04-01,226606.0,6798.0,Annual Revision
EMP11452,2026-04-01,248521.0,19882.0,Annual Revision
EMP11453,2019-04-01,29758.0,1488.0,Annual Revision
EMP11453,2020-04-01,32393.0,2591.0,Annual Revision
EMP11453,2021-04-01,34794.0,1740.0,Annual Revision
EMP11453,2022-04-01,37261.0,1863.0,Promotion
EMP11453,2023-04-01,45757.0,2288.0,Annual Revision
EMP11453,2024-04-01,47950.0,3836.0,Promotion
EMP11453,2025-04-01,53574.0,1607.0,Market Adjustment
EMP11453,2026-04-01,59791.0,,Annual Revision
EMP11454,2021-04-01,30596.0,918.0,Annual Revision
EMP11454,2022-04-01,34754.0,2780.0,Annual Revision
EMP11454,2023-04-01,36527.0,2922.0,Market Adjustment
EMP11454,2024-04-01,38509.0,1155.0,Annual Revision
EMP11454,2025-04-01,48309.0,2415.0,Market Adjustment
EMP11454,2026-04-01,48546.0,3884.0,Annual Revision
EMP11455,2022-04-01,45715.0,2286.0,Annual Revision
EMP11455,2023-04-01,48486.0,2424.0,Annual Revision
EMP11455,2024-04-01,50904.0,6108.0,Annual Revision
EMP11455,2025-04-01,61725.0,3086.0,Promotion
EMP11455,2026-04-01,64273.0,1928.0,Promotion
EMP11456,2021-04-01,64484.0,5159.0,Market Adjustment
EMP11456,2022-04-01,67135.0,2014.0,Annual Revision
EMP11456,2023-04-01,74600.0,2238.0,Market Adjustment
EMP11456,2024-04-01,79571.0,6366.0,Annual Revision
EMP11456,2025-04-01,95853.0,2876.0,Promotion
EMP11456,2026-04-01,100539.0,8043.0,Market Adjustment
EMP11457,2026-04-01,90393.0,2712.0,Annual Revision
EMP11458,2021-04-01,31498.0,1575.0,Annual Revision
EMP11458,2022-04-01,32568.0,1628.0,No Change
EMP11458,2023-04-01,37756.0,1133.0,Market Adjustment
EMP11458,2024-04-01,39285.0,1179.0,Annual Revision
EMP11458,2025-04-01,46654.0,2333.0,Promotion
EMP11458,2026-04-01,49308.0,2465.0,Market Adjustment
EMP11459,2020-04-01,133260.0,6663.0,Annual Revision
EMP11459,2021-04-01,131938.0,6597.0,Market Adjustment
EMP11459,2022-04-01,140144.0,7007.0,Annual Revision
EMP11459,2023-04-01,168874.0,5066.0,Annual Revision
EMP11459,2024-04-01,166018.0,8301.0,Annual Revision
EMP11459,2025-04-01,200596.0,16048.0,Annual Revision
EMP11459,2026-04-01,211339.0,16907.0,Promotion
EMP11460,2019-04-01,87644.0,2629.0,Annual Revision
EMP11460,2020-04-01,96663.0,2900.0,Promotion
EMP11460,2021-04-01,105544.0,5277.0,Annual Revision
EMP11460,2022-04-01,105530.0,5277.0,Annual Revision
EMP11460,2023-04-01,132886.0,6644.0,Market Adjustment
EMP11460,2024-04-01,145717.0,11657.0,Promotion
EMP11460,2025-04-01,149895.0,4497.0,Annual Revision
EMP11460,2026-04-01,166294.0,13304.0,Annual Revision
EMP11461,2020-04-01,30931.0,1547.0,Promotion
EMP11461,2021-04-01,33167.0,2653.0,Annual Revision
EMP11461,2022-04-01,37733.0,3019.0,Annual Revision
EMP11461,2023-04-01,43283.0,3463.0,Promotion
EMP11461,2024-04-01,48841.0,5861.0,Annual Revision
EMP11461,2025-04-01,54174.0,4334.0,No Change
EMP11461,2026-04-01,56068.0,4485.0,Market Adjustment
EMP11462,2021-04-01,45992.0,3679.0,Annual Revision
EMP11462,2022-04-01,46622.0,2331.0,No Change
EMP11462,2023-04-01,53435.0,4275.0,Annual Revision
EMP11462,2024-04-01,58911.0,1767.0,Promotion
EMP11462,2025-04-01,61575.0,7389.0,Market Adjustment
EMP11462,2026-04-01,71612.0,8593.0,Market Adjustment
EMP11463,2019-04-01,72543.0,5803.0,Market Adjustment
EMP11463,2020-04-01,73598.0,2208.0,Market Adjustment
EMP11463,2021-04-01,84484.0,4224.0,Promotion
EMP11463,2022-04-01,84778.0,6782.0,No Change
EMP11463,2023-04-01,101571.0,3047.0,Annual Revision
EMP11463,2024-04-01,124834.0,6242.0,No Change
EMP11463,2025-04-01,133365.0,6668.0,Annual Revision
EMP11463,2026-04-01,141363.0,16964.0,Annual Revision
EMP11464,2024-04-01,41648.0,1249.0,Promotion
EMP11464,2025-04-01,44846.0,3588.0,Annual Revision
EMP11464,2026-04-01,47913.0,1437.0,Annual Revision
EMP11465,2022-04-01,44728.0,1342.0,Market Adjustment
EMP11465,2023-04-01,48158.0,1445.0,Annual Revision
EMP11465,2024-04-01,53313.0,6398.0,Annual Revision
EMP11465,2025-04-01,61492.0,3075.0,Annual Revision
EMP11465,2026-04-01,70904.0,3545.0,Annual Revision
EMP11466,2024-04-01,43721.0,2186.0,Market Adjustment
EMP11466,2025-04-01,49660.0,2483.0,Promotion
EMP11466,2026-04-01,56612.0,1698.0,Annual Revision
EMP11467,2019-04-01,118873.0,9510.0,Annual Revision
EMP11467,2020-04-01,132731.0,10618.0,Promotion
EMP11467,2021-04-01,135448.0,4063.0,Promotion
EMP11467,2022-04-01,149016.0,11921.0,Annual Revision
EMP11467,2023-04-01,173639.0,8682.0,Market Adjustment
EMP11467,2024-04-01,186641.0,9332.0,Promotion
EMP11467,2025-04-01,204874.0,6146.0,Annual Revision
EMP11467,2026-04-01,243738.0,7312.0,Annual Revision
EMP11468,2025-04-01,120375.0,14445.0,No Change
EMP11468,2026-04-01,135492.0,,Promotion
EMP11469,2024-04-01,132938.0,10635.0,Annual Revision
EMP11469,2025-04-01,141475.0,7074.0,Annual Revision
EMP11469,2026-04-01,149231.0,17908.0,Promotion
EMP11470,2019-04-01,42932.0,2147.0,Market Adjustment
EMP11470,2020-04-01,45230.0,1357.0,Promotion
EMP11470,2021-04-01,51777.0,1553.0,Annual Revision
EMP11470,2022-04-01,54501.0,4360.0,No Change
EMP11470,2023-04-01,65926.0,3296.0,No Change
EMP11470,2024-04-01,72069.0,3603.0,No Change
EMP11470,2025-04-01,76225.0,3811.0,Annual Revision
EMP11470,2026-04-01,88650.0,2659.0,No Change
EMP11471,2019-04-01,69681.0,5574.0,Annual Revision
EMP11471,2020-04-01,73129.0,2194.0,Market Adjustment
EMP11471,2021-04-01,76949.0,3847.0,Promotion
EMP11471,2022-04-01,86128.0,4306.0,Market Adjustment
EMP11471,2023-04-01,98276.0,2948.0,Annual Revision
EMP11471,2024-04-01,107357.0,8589.0,Annual Revision
EMP11471,2025-04-01,118120.0,3544.0,Market Adjustment
EMP11471,2026-04-01,130667.0,6533.0,Market Adjustment
EMP11472,2024-04-01,46152.0,3692.0,No Change
EMP11472,2025-04-01,49530.0,1486.0,Market Adjustment
EMP11472,2026-04-01,49917.0,3993.0,Annual Revision
EMP11473,2024-04-01,33249.0,997.0,Annual Revision
EMP11473,2025-04-01,35140.0,4217.0,Annual Revision
EMP11473,2026-04-01,38199.0,1910.0,Promotion
EMP11474,2025-04-01,67147.0,8058.0,Market Adjustment
EMP11474,2026-04-01,73561.0,3678.0,Market Adjustment
EMP11475,2025-04-01,71345.0,8561.0,Annual Revision
EMP11475,2026-04-01,82595.0,6608.0,Annual Revision
EMP11476,2020-04-01,63566.0,5085.0,Market Adjustment
EMP11476,2021-04-01,67271.0,,Promotion
EMP11476,2022-04-01,70931.0,2128.0,Market Adjustment
EMP11476,2023-04-01,90785.0,2724.0,Annual Revision
EMP11476,2024-04-01,92286.0,11074.0,Annual Revision
EMP11476,2025-04-01,98388.0,2952.0,Market Adjustment
EMP11476,2026-04-01,113452.0,5673.0,Promotion
EMP11477,2022-04-01,43651.0,1310.0,No Change
EMP11477,2023-04-01,44590.0,5351.0,Promotion
EMP11477,2024-04-01,53000.0,2650.0,Market Adjustment
EMP11477,2025-04-01,52956.0,2648.0,Market Adjustment
EMP11477,2026-04-01,57181.0,4575.0,Annual Revision
EMP11478,2022-04-01,41195.0,2060.0,Promotion
EMP11478,2023-04-01,45377.0,2269.0,Promotion
EMP11478,2024-04-01,50538.0,4043.0,No Change
EMP11478,2025-04-01,53259.0,4261.0,No Change
EMP11478,2026-04-01,57424.0,1723.0,Promotion
EMP11479,2025-04-01,46319.0,3706.0,Annual Revision
EMP11479,2026-04-01,48896.0,2445.0,Promotion
EMP11480,2024-04-01,45062.0,2253.0,No Change
EMP11480,2025-04-01,49985.0,3999.0,Market Adjustment
EMP11480,2026-04-01,50273.0,1508.0,Annual Revision
EMP11481,2024-04-01,86013.0,2580.0,Annual Revision
EMP11481,2025-04-01,96976.0,2909.0,Annual Revision
EMP11481,2026-04-01,104244.0,5212.0,Annual Revision
EMP11482,2024-04-01,29746.0,3570.0,Annual Revision
EMP11482,2025-04-01,34823.0,2786.0,No Change
EMP11482,2026-04-01,37119.0,4454.0,Annual Revision
EMP11483,2023-04-01,40118.0,3209.0,No Change
EMP11483,2024-04-01,45548.0,1366.0,Annual Revision
EMP11483,2025-04-01,49936.0,1498.0,No Change
EMP11483,2026-04-01,55379.0,2769.0,Annual Revision
EMP11484,2022-04-01,33618.0,1009.0,Promotion
EMP11484,2023-04-01,34783.0,1739.0,Annual Revision
EMP11484,2024-04-01,39365.0,3149.0,Annual Revision
EMP11484,2025-04-01,43430.0,3474.0,Annual Revision
EMP11484,2026-04-01,45244.0,1357.0,Annual Revision
EMP11485,2021-04-01,62409.0,3120.0,Annual Revision
EMP11485,2022-04-01,69730.0,5578.0,Market Adjustment
EMP11485,2023-04-01,74671.0,3734.0,Promotion
EMP11485,2024-04-01,80373.0,4019.0,Annual Revision
EMP11485,2025-04-01,93253.0,4663.0,No Change
EMP11485,2026-04-01,102942.0,5147.0,Promotion
EMP11486,2021-04-01,45142.0,3611.0,Annual Revision
EMP11486,2022-04-01,46475.0,,Promotion
EMP11486,2023-04-01,54753.0,2738.0,Annual Revision
EMP11486,2024-04-01,59497.0,1785.0,Annual Revision
EMP11486,2025-04-01,59586.0,2979.0,Promotion
EMP11486,2026-04-01,68114.0,3406.0,Annual Revision
EMP11487,2023-04-01,42247.0,2112.0,Promotion
EMP11487,2024-04-01,44260.0,5311.0,Annual Revision
EMP11487,2025-04-01,48526.0,2426.0,Market Adjustment
EMP11487,2026-04-01,57236.0,2862.0,Market Adjustment
EMP11488,2024-04-01,30976.0,2478.0,Promotion
EMP11488,2025-04-01,36337.0,1817.0,Market Adjustment
EMP11488,2026-04-01,39002.0,1950.0,Promotion
EMP11489,2025-04-01,33707.0,1685.0,Promotion
EMP11489,2026-04-01,33912.0,2713.0,Promotion
EMP11490,2025-04-01,42371.0,2119.0,Annual Revision
EMP11490,2026-04-01,49274.0,2464.0,No Change
EMP11491,2019-04-01,43137.0,3451.0,Promotion
EMP11491,2020-04-01,45426.0,1363.0,Market Adjustment
EMP11491,2021-04-01,51060.0,2553.0,Annual Revision
EMP11491,2022-04-01,52288.0,4183.0,Annual Revision
EMP11491,2023-04-01,62516.0,3126.0,Annual Revision
EMP11491,2024-04-01,70423.0,2113.0,No Change
EMP11491,2025-04-01,74163.0,2225.0,No Change
EMP11491,2026-04-01,82842.0,4142.0,Market Adjustment
EMP11492,2021-04-01,63622.0,3181.0,Annual Revision
EMP11492,2022-04-01,69669.0,5573.0,No Change
EMP11492,2023-04-01,82200.0,4110.0,Annual Revision
EMP11492,2024-04-01,89124.0,2674.0,Promotion
EMP11492,2025-04-01,100916.0,12110.0,Annual Revision
EMP11492,2026-04-01,110867.0,5543.0,Annual Revision
EMP11493,2022-04-01,42352.0,2118.0,Market Adjustment
EMP11493,2023-04-01,47688.0,3815.0,Market Adjustment
EMP11493,2024-04-01,51800.0,4144.0,Annual Revision
EMP11493,2025-04-01,53425.0,4274.0,Promotion
EMP11493,2026-04-01,57916.0,2896.0,Promotion
EMP11494,2020-04-01,92763.0,7421.0,Annual Revision
EMP11494,2021-04-01,94090.0,7527.0,Promotion
EMP11494,2022-04-01,96553.0,4828.0,Annual Revision
EMP11494,2023-04-01,111637.0,3349.0,Annual Revision
EMP11494,2024-04-01,122106.0,3663.0,Promotion
EMP11494,2025-04-01,144479.0,7224.0,Annual Revision
EMP11494,2026-04-01,138013.0,4140.0,Promotion
EMP11495,2020-04-01,42667.0,5120.0,Annual Revision
EMP11495,2021-04-01,45710.0,3657.0,No Change
EMP11495,2022-04-01,46295.0,2315.0,Annual Revision
EMP11495,2023-04-01,54046.0,2702.0,Annual Revision
EMP11495,2024-04-01,57843.0,4627.0,Market Adjustment
EMP11495,2025-04-01,65463.0,5237.0,Promotion
EMP11495,2026-04-01,70280.0,8434.0,No Change
EMP11496,2021-04-01,91475.0,2744.0,Annual Revision
EMP11496,2022-04-01,95647.0,2869.0,Annual Revision
EMP11496,2023-04-01,103650.0,8292.0,Promotion
EMP11496,2024-04-01,112180.0,5609.0,Annual Revision
EMP11496,2025-04-01,127870.0,15344.0,Annual Revision
EMP11496,2026-04-01,137435.0,6872.0,Market Adjustment
EMP11497,2021-04-01,90210.0,7217.0,Annual Revision
EMP11497,2022-04-01,100021.0,8002.0,Annual Revision
EMP11497,2023-04-01,115012.0,9201.0,Promotion
EMP11497,2024-04-01,124001.0,3720.0,Annual Revision
EMP11497,2025-04-01,138603.0,4158.0,Promotion
EMP11497,2026-04-01,148870.0,11910.0,Annual Revision
EMP11498,2022-04-01,46751.0,3740.0,Promotion
EMP11498,2023-04-01,48541.0,1456.0,Annual Revision
EMP11498,2024-04-01,54158.0,2708.0,Annual Revision
EMP11498,2025-04-01,59264.0,2963.0,Market Adjustment
EMP11498,2026-04-01,64650.0,3232.0,Annual Revision
EMP11499,2024-04-01,31109.0,2489.0,Market Adjustment
EMP11499,2025-04-01,35268.0,2821.0,Annual Revision
EMP11499,2026-04-01,38695.0,1935.0,Annual Revision
EMP11500,2022-04-01,67972.0,2039.0,No Change
EMP11500,2023-04-01,75809.0,2274.0,Annual Revision
EMP11500,2024-04-01,82414.0,6593.0,Market Adjustment
EMP11500,2025-04-01,92291.0,4615.0,Market Adjustment
EMP11500,2026-04-01,102927.0,12351.0,Market Adjustment
EMP11501,2024-04-01,48269.0,3862.0,Annual Revision
EMP11501,2025-04-01,47599.0,3808.0,Promotion
EMP11501,2026-04-01,54966.0,1649.0,Annual Revision
EMP11502,2023-04-01,65034.0,3252.0,Market Adjustment
EMP11502,2024-04-01,75984.0,2280.0,Promotion
EMP11502,2025-04-01,81029.0,4051.0,No Change
EMP11502,2026-04-01,86941.0,4347.0,Annual Revision
EMP11503,2020-04-01,44019.0,1321.0,Annual Revision
EMP11503,2021-04-01,44950.0,1348.0,No Change
EMP11503,2022-04-01,53969.0,4318.0,Market Adjustment
EMP11503,2023-04-01,59243.0,2962.0,Market Adjustment
EMP11503,2024-04-01,60151.0,3008.0,Annual Revision
EMP11503,2025-04-01,69789.0,3489.0,Annual Revision
EMP11503,2026-04-01,81405.0,2442.0,Promotion
EMP11504,2025-04-01,64883.0,7786.0,Market Adjustment
EMP11504,2026-04-01,68014.0,5441.0,Annual Revision
EMP11505,2019-04-01,59686.0,1791.0,Promotion
EMP11505,2020-04-01,71329.0,8559.0,Annual Revision
EMP11505,2021-04-01,70801.0,2124.0,No Change
EMP11505,2022-04-01,80713.0,6457.0,Market Adjustment
EMP11505,2023-04-01,92641.0,4632.0,Annual Revision
EMP11505,2024-04-01,110750.0,8860.0,Annual Revision
EMP11505,2025-04-01,110146.0,5507.0,Annual Revision
EMP11505,2026-04-01,128803.0,3864.0,Market Adjustment
EMP11506,2026-04-01,94075.0,7526.0,Annual Revision
EMP11507,2022-04-01,44579.0,1337.0,Promotion
EMP11507,2023-04-01,47757.0,2388.0,Market Adjustment
EMP11507,2024-04-01,54956.0,1649.0,Annual Revision
EMP11507,2025-04-01,55864.0,2793.0,Annual Revision
EMP11507,2026-04-01,59702.0,2985.0,Annual Revision
EMP11508,2021-04-01,46708.0,3737.0,Annual Revision
EMP11508,2022-04-01,47965.0,2398.0,Annual Revision
EMP11508,2023-04-01,54345.0,4348.0,Annual Revision
EMP11508,2024-04-01,60207.0,4817.0,Annual Revision
EMP11508,2025-04-01,64224.0,3211.0,Annual Revision
EMP11508,2026-04-01,66914.0,5353.0,No Change
EMP11509,2023-04-01,46880.0,1406.0,Annual Revision
EMP11509,2024-04-01,49764.0,5972.0,Annual Revision
EMP11509,2025-04-01,56245.0,4500.0,Market Adjustment
EMP11509,2026-04-01,61012.0,3051.0,Market Adjustment
EMP11510,2025-04-01,62124.0,7455.0,No Change
EMP11510,2026-04-01,71157.0,,Annual Revision
EMP11511,2020-04-01,43180.0,2159.0,Promotion
EMP11511,2021-04-01,41564.0,3325.0,Market Adjustment
EMP11511,2022-04-01,47033.0,2352.0,Annual Revision
EMP11511,2023-04-01,50530.0,4042.0,Annual Revision
EMP11511,2024-04-01,58413.0,1752.0,No Change
EMP11511,2025-04-01,64158.0,5133.0,Market Adjustment
EMP11511,2026-04-01,67736.0,5419.0,Market Adjustment
EMP11512,2022-04-01,89423.0,7154.0,Market Adjustment
EMP11512,2023-04-01,99543.0,4977.0,Annual Revision
EMP11512,2024-04-01,110380.0,5519.0,Annual Revision
EMP11512,2025-04-01,114634.0,9171.0,Annual Revision
EMP11512,2026-04-01,121450.0,6072.0,Annual Revision
EMP11513,2025-04-01,123070.0,3692.0,Promotion
EMP11513,2026-04-01,133667.0,4010.0,Annual Revision
EMP11514,2022-04-01,93410.0,4670.0,Annual Revision
EMP11514,2023-04-01,90766.0,10892.0,Annual Revision
EMP11514,2024-04-01,104793.0,8383.0,Annual Revision
EMP11514,2025-04-01,112301.0,5615.0,Annual Revision
EMP11514,2026-04-01,125400.0,10032.0,No Change
EMP11515,2019-04-01,40903.0,3272.0,Annual Revision
EMP11515,2020-04-01,44178.0,2209.0,Promotion
EMP11515,2021-04-01,46900.0,3752.0,Annual Revision
EMP11515,2022-04-01,50224.0,2511.0,Annual Revision
EMP11515,2023-04-01,61676.0,4934.0,Promotion
EMP11515,2024-04-01,65638.0,5251.0,Annual Revision
EMP11515,2025-04-01,72199.0,5776.0,Annual Revision
EMP11515,2026-04-01,77539.0,2326.0,Annual Revision
EMP11516,2019-04-01,66249.0,3312.0,Annual Revision
EMP11516,2020-04-01,62828.0,3141.0,Annual Revision
EMP11516,2021-04-01,73514.0,5881.0,Annual Revision
EMP11516,2022-04-01,71823.0,5746.0,Market Adjustment
EMP11516,2023-04-01,86687.0,10402.0,Annual Revision
EMP11516,2024-04-01,93973.0,7518.0,Annual Revision
EMP11516,2025-04-01,107534.0,5377.0,Market Adjustment
EMP11516,2026-04-01,118981.0,14278.0,Promotion
EMP11517,2023-04-01,30850.0,2468.0,Annual Revision
EMP11517,2024-04-01,33306.0,2664.0,Annual Revision
EMP11517,2025-04-01,37985.0,3039.0,Annual Revision
EMP11517,2026-04-01,39931.0,3194.0,No Change
EMP11518,2024-04-01,93662.0,4683.0,No Change
EMP11518,2025-04-01,99884.0,4994.0,Annual Revision
EMP11518,2026-04-01,104649.0,8372.0,Promotion
EMP11519,2019-04-01,121596.0,6080.0,Market Adjustment
EMP11519,2020-04-01,126888.0,15227.0,Annual Revision
EMP11519,2021-04-01,136487.0,6824.0,Annual Revision
EMP11519,2022-04-01,157236.0,,No Change
EMP11519,2023-04-01,170892.0,5127.0,Promotion
EMP11519,2024-04-01,183739.0,14699.0,Annual Revision
EMP11519,2025-04-01,196611.0,,Promotion
EMP11519,2026-04-01,251445.0,12572.0,Annual Revision
EMP11520,2025-04-01,45195.0,1356.0,Promotion
EMP11520,2026-04-01,49380.0,3950.0,Promotion
EMP11521,2025-04-01,83568.0,4178.0,Annual Revision
EMP11521,2026-04-01,97352.0,4868.0,Annual Revision
EMP11522,2025-04-01,46013.0,2301.0,Promotion
EMP11522,2026-04-01,51074.0,1532.0,Market Adjustment
EMP11523,2024-04-01,128914.0,3867.0,Market Adjustment
EMP11523,2025-04-01,146937.0,7347.0,Annual Revision
EMP11523,2026-04-01,156323.0,4690.0,Promotion
EMP11524,2021-04-01,87061.0,10447.0,Annual Revision
EMP11524,2022-04-01,99808.0,7985.0,Promotion
EMP11524,2023-04-01,107198.0,5360.0,Annual Revision
EMP11524,2024-04-01,124880.0,6244.0,Promotion
EMP11524,2025-04-01,130062.0,3902.0,Annual Revision
EMP11524,2026-04-01,137477.0,6874.0,Annual Revision
EMP11525,2024-04-01,66213.0,5297.0,Annual Revision
EMP11525,2025-04-01,74442.0,5955.0,Promotion
EMP11525,2026-04-01,82744.0,4137.0,Annual Revision
EMP11526,2022-04-01,88450.0,2654.0,No Change
EMP11526,2023-04-01,99867.0,7989.0,Annual Revision
EMP11526,2024-04-01,111148.0,13338.0,Annual Revision
EMP11526,2025-04-01,127043.0,10163.0,Annual Revision
EMP11526,2026-04-01,122359.0,6118.0,Promotion
EMP11527,2022-04-01,33895.0,1017.0,Annual Revision
EMP11527,2023-04-01,35891.0,1795.0,Annual Revision
EMP11527,2024-04-01,40465.0,3237.0,Annual Revision
EMP11527,2025-04-01,39807.0,3185.0,Promotion
EMP11527,2026-04-01,49449.0,1483.0,Annual Revision
EMP11528,2021-04-01,87243.0,4362.0,Annual Revision
EMP11528,2022-04-01,93899.0,7512.0,Annual Revision
EMP11528,2023-04-01,106812.0,8545.0,Annual Revision
EMP11528,2024-04-01,121245.0,9700.0,Annual Revision
EMP11528,2025-04-01,135032.0,10803.0,Market Adjustment
EMP11528,2026-04-01,158166.0,18980.0,Annual Revision
EMP11529,2023-04-01,40757.0,3261.0,Market Adjustment
EMP11529,2024-04-01,48063.0,2403.0,Annual Revision
EMP11529,2025-04-01,50463.0,6056.0,Promotion
EMP11529,2026-04-01,53376.0,4270.0,Annual Revision
EMP11530,2021-04-01,44541.0,2227.0,Annual Revision
EMP11530,2022-04-01,47514.0,2376.0,Market Adjustment
EMP11530,2023-04-01,59660.0,4773.0,Annual Revision
EMP11530,2024-04-01,58382.0,1751.0,Promotion
EMP11530,2025-04-01,64918.0,7790.0,No Change
EMP11530,2026-04-01,66943.0,2008.0,Promotion
EMP11531,2025-04-01,67091.0,2013.0,No Change
EMP11531,2026-04-01,71708.0,2151.0,Annual Revision
EMP11532,2024-04-01,94585.0,4729.0,Annual Revision
EMP11532,2025-04-01,92687.0,7415.0,Promotion
EMP11532,2026-04-01,106961.0,5348.0,Annual Revision
EMP11533,2019-04-01,30968.0,2477.0,No Change
EMP11533,2020-04-01,34741.0,1042.0,Promotion
EMP11533,2021-04-01,35136.0,2811.0,Annual Revision
EMP11533,2022-04-01,38577.0,1157.0,Market Adjustment
EMP11533,2023-04-01,48229.0,1447.0,Promotion
EMP11533,2024-04-01,51752.0,2588.0,Market Adjustment
EMP11533,2025-04-01,59104.0,2955.0,Annual Revision
EMP11533,2026-04-01,66018.0,5281.0,Promotion
EMP11534,2023-04-01,44682.0,3575.0,Annual Revision
EMP11534,2024-04-01,46465.0,1394.0,Annual Revision
EMP11534,2025-04-01,53423.0,1603.0,Annual Revision
EMP11534,2026-04-01,58451.0,2923.0,Annual Revision
EMP11535,2019-04-01,73625.0,8835.0,Annual Revision
EMP11535,2020-04-01,75895.0,3795.0,No Change
EMP11535,2021-04-01,76378.0,6110.0,Annual Revision
EMP11535,2022-04-01,84865.0,6789.0,Market Adjustment
EMP11535,2023-04-01,96102.0,4805.0,Market Adjustment
EMP11535,2024-04-01,112525.0,9002.0,No Change
EMP11535,2025-04-01,118339.0,9467.0,Market Adjustment
EMP11535,2026-04-01,130179.0,10414.0,Promotion
EMP11536,2024-04-01,69392.0,3470.0,No Change
EMP11536,2025-04-01,78885.0,3944.0,Market Adjustment
EMP11536,2026-04-01,83536.0,6683.0,Annual Revision
EMP11537,2023-04-01,91528.0,4576.0,Promotion
EMP11537,2024-04-01,100238.0,8019.0,Annual Revision
EMP11537,2025-04-01,106002.0,12720.0,Market Adjustment
EMP11537,2026-04-01,122225.0,3667.0,Annual Revision
EMP11538,2021-04-01,40351.0,1211.0,Market Adjustment
EMP11538,2022-04-01,43804.0,3504.0,Market Adjustment
EMP11538,2023-04-01,50556.0,1517.0,Annual Revision
EMP11538,2024-04-01,59205.0,1776.0,Annual Revision
EMP11538,2025-04-01,54623.0,4370.0,Promotion
EMP11538,2026-04-01,63950.0,1918.0,Promotion
EMP11539,2023-04-01,43134.0,3451.0,Market Adjustment
EMP11539,2024-04-01,48525.0,1456.0,Annual Revision
EMP11539,2025-04-01,54907.0,2745.0,No Change
EMP11539,2026-04-01,60535.0,1816.0,No Change
EMP11540,2025-04-01,90271.0,10833.0,Market Adjustment
EMP11540,2026-04-01,95388.0,7631.0,Annual Revision
EMP11541,2022-04-01,42778.0,1283.0,No Change
EMP11541,2023-04-01,47121.0,5654.0,Market Adjustment
EMP11541,2024-04-01,49455.0,3956.0,Annual Revision
EMP11541,2025-04-01,51878.0,4150.0,Market Adjustment
EMP11541,2026-04-01,57487.0,2874.0,Promotion
EMP11542,2024-04-01,120080.0,9606.0,Annual Revision
EMP11542,2025-04-01,135319.0,6766.0,Annual Revision
EMP11542,2026-04-01,141524.0,7076.0,Annual Revision
EMP11543,2019-04-01,43212.0,5185.0,Market Adjustment
EMP11543,2020-04-01,44961.0,3597.0,Annual Revision
EMP11543,2021-04-01,45771.0,2289.0,Market Adjustment
EMP11543,2022-04-01,53219.0,2661.0,Annual Revision
EMP11543,2023-04-01,57823.0,4626.0,Annual Revision
EMP11543,2024-04-01,61928.0,1858.0,Market Adjustment
EMP11543,2025-04-01,67649.0,2029.0,Annual Revision
EMP11543,2026-04-01,76208.0,9145.0,Annual Revision
EMP11544,2019-04-01,45275.0,3622.0,Annual Revision
EMP11544,2020-04-01,50236.0,2512.0,Promotion
EMP11544,2021-04-01,48925.0,1468.0,Market Adjustment
EMP11544,2022-04-01,52614.0,2631.0,Market Adjustment
EMP11544,2023-04-01,63085.0,7570.0,Market Adjustment
EMP11544,2024-04-01,72418.0,5793.0,Annual Revision
EMP11544,2025-04-01,77309.0,3865.0,Promotion
EMP11544,2026-04-01,83643.0,4182.0,Annual Revision
EMP11545,2023-04-01,32670.0,1634.0,Annual Revision
EMP11545,2024-04-01,36740.0,1102.0,Annual Revision
EMP11545,2025-04-01,39386.0,1182.0,Promotion
EMP11545,2026-04-01,42910.0,3433.0,Annual Revision
EMP11546,2023-04-01,45867.0,3669.0,Promotion
EMP11546,2024-04-01,46981.0,3758.0,Annual Revision
EMP11546,2025-04-01,51491.0,1545.0,Market Adjustment
EMP11546,2026-04-01,52345.0,2617.0,No Change
EMP11547,2023-04-01,41353.0,3308.0,Promotion
EMP11547,2024-04-01,43333.0,5200.0,No Change
EMP11547,2025-04-01,50842.0,4067.0,Annual Revision
EMP11547,2026-04-01,47581.0,3807.0,Annual Revision
EMP11548,2022-04-01,67271.0,3364.0,Annual Revision
EMP11548,2023-04-01,73296.0,5864.0,Annual Revision
EMP11548,2024-04-01,78472.0,6278.0,Promotion
EMP11548,2025-04-01,85558.0,2567.0,Annual Revision
EMP11548,2026-04-01,97337.0,11680.0,Annual Revision
EMP11549,2020-04-01,46514.0,2326.0,Market Adjustment
EMP11549,2021-04-01,47653.0,2383.0,Promotion
EMP11549,2022-04-01,52604.0,4208.0,Promotion
EMP11549,2023-04-01,57903.0,2895.0,Annual Revision
EMP11549,2024-04-01,69964.0,2099.0,Market Adjustment
EMP11549,2025-04-01,74196.0,5936.0,Annual Revision
EMP11549,2026-04-01,73095.0,5848.0,Annual Revision
EMP11550,2020-04-01,32726.0,1636.0,Annual Revision
EMP11550,2021-04-01,34073.0,2726.0,Annual Revision
EMP11550,2022-04-01,34667.0,1040.0,Annual Revision
EMP11550,2023-04-01,41295.0,1239.0,Market Adjustment
EMP11550,2024-04-01,47101.0,3768.0,Market Adjustment
EMP11550,2025-04-01,45569.0,3646.0,Promotion
EMP11550,2026-04-01,53976.0,2699.0,Annual Revision
EMP11551,2026-04-01,32160.0,965.0,Annual Revision
EMP11552,2025-04-01,89869.0,7190.0,Annual Revision
EMP11552,2026-04-01,97906.0,7832.0,Annual Revision
EMP11553,2025-04-01,67115.0,3356.0,Annual Revision
EMP11553,2026-04-01,78005.0,9361.0,Annual Revision
EMP11554,2019-04-01,67226.0,3361.0,Promotion
EMP11554,2020-04-01,66926.0,3346.0,Annual Revision
EMP11554,2021-04-01,73276.0,3664.0,Promotion
EMP11554,2022-04-01,79361.0,6349.0,Market Adjustment
EMP11554,2023-04-01,87956.0,10555.0,No Change
EMP11554,2024-04-01,91774.0,11013.0,Annual Revision
EMP11554,2025-04-01,108360.0,8669.0,Annual Revision
EMP11554,2026-04-01,112287.0,3369.0,Market Adjustment
EMP11555,2024-04-01,40031.0,1201.0,No Change
EMP11555,2025-04-01,47361.0,2368.0,Annual Revision
EMP11555,2026-04-01,51319.0,2566.0,Promotion
EMP11556,2025-04-01,66140.0,3307.0,No Change
EMP11556,2026-04-01,74712.0,2241.0,Market Adjustment
EMP11557,2024-04-01,69592.0,3480.0,Annual Revision
EMP11557,2025-04-01,77787.0,2334.0,No Change
EMP11557,2026-04-01,85541.0,6843.0,Annual Revision
EMP11558,2022-04-01,41735.0,2087.0,Annual Revision
EMP11558,2023-04-01,46596.0,1398.0,No Change
EMP11558,2024-04-01,50240.0,2512.0,No Change
EMP11558,2025-04-01,56333.0,2817.0,No Change
EMP11558,2026-04-01,56792.0,1704.0,Annual Revision
EMP11559,2023-04-01,91085.0,7287.0,Annual Revision
EMP11559,2024-04-01,96810.0,2904.0,Promotion
EMP11559,2025-04-01,107580.0,3227.0,Annual Revision
EMP11559,2026-04-01,121326.0,3640.0,Annual Revision
EMP11560,2020-04-01,40289.0,2014.0,Promotion
EMP11560,2021-04-01,41370.0,3310.0,Annual Revision
EMP11560,2022-04-01,46280.0,2314.0,Annual Revision
EMP11560,2023-04-01,55919.0,2796.0,Annual Revision
EMP11560,2024-04-01,58945.0,1768.0,Annual Revision
EMP11560,2025-04-01,67660.0,5413.0,Promotion
EMP11560,2026-04-01,70553.0,2117.0,Annual Revision
EMP11561,2023-04-01,44310.0,2216.0,Annual Revision
EMP11561,2024-04-01,46060.0,5527.0,Market Adjustment
EMP11561,2025-04-01,53126.0,2656.0,No Change
EMP11561,2026-04-01,58169.0,2908.0,Annual Revision
EMP11562,2020-04-01,65355.0,1961.0,Annual Revision
EMP11562,2021-04-01,70276.0,2108.0,Promotion
EMP11562,2022-04-01,76829.0,6146.0,Market Adjustment
EMP11562,2023-04-01,84374.0,2531.0,No Change
EMP11562,2024-04-01,88406.0,7072.0,Annual Revision
EMP11562,2025-04-01,98179.0,2945.0,Annual Revision
EMP11562,2026-04-01,102426.0,5121.0,Market Adjustment
EMP11563,2022-04-01,95560.0,11467.0,Annual Revision
EMP11563,2023-04-01,101004.0,,Annual Revision
EMP11563,2024-04-01,110533.0,3316.0,No Change
EMP11563,2025-04-01,126885.0,3807.0,Annual Revision
EMP11563,2026-04-01,142042.0,4261.0,Promotion
EMP11564,2021-04-01,32807.0,2625.0,Annual Revision
EMP11564,2022-04-01,32090.0,1604.0,Market Adjustment
EMP11564,2023-04-01,37257.0,1118.0,Promotion
EMP11564,2024-04-01,43061.0,3445.0,Promotion
EMP11564,2025-04-01,43376.0,,Promotion
EMP11564,2026-04-01,47868.0,3829.0,Annual Revision
EMP11565,2023-04-01,67926.0,2038.0,Promotion
EMP11565,2024-04-01,74813.0,3741.0,Annual Revision
EMP11565,2025-04-01,72773.0,8733.0,Promotion
EMP11565,2026-04-01,86209.0,6897.0,Annual Revision
EMP11566,2019-04-01,42704.0,3416.0,No Change
EMP11566,2020-04-01,43462.0,5215.0,No Change
EMP11566,2021-04-01,47971.0,2399.0,Annual Revision
EMP11566,2022-04-01,52130.0,2607.0,Annual Revision
EMP11566,2023-04-01,59185.0,4735.0,Annual Revision
EMP11566,2024-04-01,65529.0,3276.0,Market Adjustment
EMP11566,2025-04-01,66040.0,3302.0,Annual Revision
EMP11566,2026-04-01,78521.0,2356.0,Annual Revision
EMP11567,2022-04-01,31297.0,939.0,Promotion
EMP11567,2023-04-01,35596.0,1780.0,Market Adjustment
EMP11567,2024-04-01,37901.0,1895.0,Annual Revision
EMP11567,2025-04-01,46874.0,2344.0,Market Adjustment
EMP11567,2026-04-01,50498.0,2525.0,Market Adjustment
EMP11568,2019-04-01,63887.0,7666.0,Market Adjustment
EMP11568,2020-04-01,66238.0,1987.0,Annual Revision
EMP11568,2021-04-01,72929.0,5834.0,Promotion
EMP11568,2022-04-01,77988.0,3899.0,Annual Revision
EMP11568,2023-04-01,82084.0,4104.0,Market Adjustment
EMP11568,2024-04-01,99555.0,4978.0,Market Adjustment
EMP11568,2025-04-01,105283.0,3159.0,Annual Revision
EMP11568,2026-04-01,116102.0,5805.0,Market Adjustment
EMP11569,2022-04-01,31268.0,1563.0,Market Adjustment
EMP11569,2023-04-01,37389.0,1869.0,Annual Revision
EMP11569,2024-04-01,37852.0,1893.0,Market Adjustment
EMP11569,2025-04-01,40195.0,4823.0,Annual Revision
EMP11569,2026-04-01,46481.0,2324.0,No Change
EMP11570,2024-04-01,69923.0,5594.0,Annual Revision
EMP11570,2025-04-01,75687.0,3784.0,Annual Revision
EMP11570,2026-04-01,82067.0,4103.0,Annual Revision
EMP11571,2025-04-01,65267.0,5221.0,Market Adjustment
EMP11571,2026-04-01,73440.0,3672.0,Annual Revision
EMP11572,2021-04-01,31577.0,947.0,Annual Revision
EMP11572,2022-04-01,33887.0,1694.0,Promotion
EMP11572,2023-04-01,38638.0,1159.0,Annual Revision
EMP11572,2024-04-01,42133.0,3371.0,Promotion
EMP11572,2025-04-01,43822.0,2191.0,Annual Revision
EMP11572,2026-04-01,51405.0,4112.0,Annual Revision
EMP11573,2020-04-01,62723.0,7527.0,Promotion
EMP11573,2021-04-01,71548.0,3577.0,Promotion
EMP11573,2022-04-01,71216.0,3561.0,Annual Revision
EMP11573,2023-04-01,76437.0,9172.0,Annual Revision
EMP11573,2024-04-01,95421.0,2863.0,Market Adjustment
EMP11573,2025-04-01,103267.0,3098.0,Annual Revision
EMP11573,2026-04-01,109297.0,5465.0,No Change
EMP11574,2023-04-01,30321.0,1516.0,Annual Revision
EMP11574,2024-04-01,34837.0,1742.0,Market Adjustment
EMP11574,2025-04-01,39167.0,3133.0,Promotion
EMP11574,2026-04-01,39677.0,3174.0,Market Adjustment
EMP11575,2020-04-01,68241.0,2047.0,No Change
EMP11575,2021-04-01,69556.0,3478.0,Market Adjustment
EMP11575,2022-04-01,72521.0,5802.0,Promotion
EMP11575,2023-04-01,89661.0,7173.0,Annual Revision
EMP11575,2024-04-01,104291.0,8343.0,Promotion
EMP11575,2025-04-01,111750.0,8940.0,Annual Revision
EMP11575,2026-04-01,114623.0,9170.0,Annual Revision
EMP11576,2025-04-01,68011.0,3401.0,Market Adjustment
EMP11576,2026-04-01,80116.0,6409.0,Annual Revision
EMP11577,2020-04-01,33325.0,1000.0,Market Adjustment
EMP11577,2021-04-01,34029.0,4084.0,Annual Revision
EMP11577,2022-04-01,38741.0,3099.0,Promotion
EMP11577,2023-04-01,44145.0,1324.0,No Change
EMP11577,2024-04-01,47345.0,5681.0,Annual Revision
EMP11577,2025-04-01,50002.0,6000.0,No Change
EMP11577,2026-04-01,64103.0,3205.0,Annual Revision
EMP11578,2026-04-01,42403.0,2120.0,Promotion
EMP11579,2019-04-01,32748.0,2620.0,Annual Revision
EMP11579,2020-04-01,35718.0,1786.0,No Change
EMP11579,2021-04-01,36572.0,1097.0,Annual Revision
EMP11579,2022-04-01,35429.0,2834.0,Market Adjustment
EMP11579,2023-04-01,45795.0,3664.0,Market Adjustment
EMP11579,2024-04-01,51395.0,6167.0,Annual Revision
EMP11579,2025-04-01,55278.0,2764.0,Annual Revision
EMP11579,2026-04-01,57677.0,1730.0,Annual Revision
EMP11580,2025-04-01,41402.0,4968.0,Promotion
EMP11580,2026-04-01,45638.0,1369.0,Market Adjustment
EMP11581,2019-04-01,68778.0,2063.0,Annual Revision
EMP11581,2020-04-01,69424.0,8331.0,Promotion
EMP11581,2021-04-01,75714.0,6057.0,Annual Revision
EMP11581,2022-04-01,73901.0,3695.0,Promotion
EMP11581,2023-04-01,95252.0,11430.0,Annual Revision
EMP11581,2024-04-01,95729.0,7658.0,No Change
EMP11581,2025-04-01,110098.0,3303.0,No Change
EMP11581,2026-04-01,119333.0,14320.0,Market Adjustment
EMP11582,2024-04-01,42060.0,2103.0,Promotion
EMP11582,2025-04-01,44883.0,2244.0,Annual Revision
EMP11582,2026-04-01,51910.0,2595.0,No Change
EMP11583,2020-04-01,44936.0,1348.0,Annual Revision
EMP11583,2021-04-01,49510.0,3961.0,Promotion
EMP11583,2022-04-01,51723.0,6207.0,Annual Revision
EMP11583,2023-04-01,61706.0,7405.0,Annual Revision
EMP11583,2024-04-01,68042.0,5443.0,Promotion
EMP11583,2025-04-01,79244.0,3962.0,Market Adjustment
EMP11583,2026-04-01,87393.0,2622.0,Promotion
EMP11584,2021-04-01,121051.0,3632.0,Annual Revision
EMP11584,2022-04-01,128269.0,6413.0,Promotion
EMP11584,2023-04-01,136598.0,6830.0,Promotion
EMP11584,2024-04-01,153620.0,4609.0,Annual Revision
EMP11584,2025-04-01,169614.0,8481.0,Market Adjustment
EMP11584,2026-04-01,198346.0,5950.0,Annual Revision
EMP11585,2024-04-01,93966.0,4698.0,Annual Revision
EMP11585,2025-04-01,95016.0,7601.0,Annual Revision
EMP11585,2026-04-01,108979.0,5449.0,Annual Revision
EMP11586,2022-04-01,68130.0,5450.0,Promotion
EMP11586,2023-04-01,77980.0,2339.0,Annual Revision
EMP11586,2024-04-01,73320.0,3666.0,Market Adjustment
EMP11586,2025-04-01,86002.0,4300.0,No Change
EMP11586,2026-04-01,92617.0,7409.0,Annual Revision
EMP11587,2024-04-01,31807.0,1590.0,Annual Revision
EMP11587,2025-04-01,36979.0,4437.0,Annual Revision
EMP11587,2026-04-01,39344.0,1180.0,Annual Revision
EMP11588,2023-04-01,41551.0,3324.0,Market Adjustment
EMP11588,2024-04-01,47699.0,3816.0,Promotion
EMP11588,2025-04-01,49356.0,2468.0,Promotion
EMP11588,2026-04-01,52497.0,6300.0,No Change
EMP11589,2019-04-01,47772.0,2389.0,Annual Revision
EMP11589,2020-04-01,45578.0,2279.0,Annual Revision
EMP11589,2021-04-01,49876.0,3990.0,Market Adjustment
EMP11589,2022-04-01,52334.0,4187.0,Annual Revision
EMP11589,2023-04-01,61590.0,3080.0,Annual Revision
EMP11589,2024-04-01,70151.0,5612.0,Annual Revision
EMP11589,2025-04-01,78722.0,6298.0,Promotion
EMP11589,2026-04-01,83687.0,6695.0,No Change
EMP11590,2019-04-01,125228.0,10018.0,Promotion
EMP11590,2020-04-01,132536.0,6627.0,Market Adjustment
EMP11590,2021-04-01,138897.0,6945.0,Market Adjustment
EMP11590,2022-04-01,164953.0,4949.0,Annual Revision
EMP11590,2023-04-01,184282.0,22114.0,Annual Revision
EMP11590,2024-04-01,199137.0,23896.0,Annual Revision
EMP11590,2025-04-01,225271.0,11264.0,Promotion
EMP11590,2026-04-01,255997.0,12800.0,Market Adjustment
EMP11591,2023-04-01,31637.0,1582.0,Market Adjustment
EMP11591,2024-04-01,35580.0,1779.0,Market Adjustment
EMP11591,2025-04-01,37256.0,1863.0,Promotion
EMP11591,2026-04-01,41737.0,3339.0,Annual Revision
EMP11592,2019-04-01,41559.0,1247.0,Promotion
EMP11592,2020-04-01,45189.0,2259.0,Annual Revision
EMP11592,2021-04-01,47495.0,2375.0,Annual Revision
EMP11592,2022-04-01,50689.0,2534.0,Annual Revision
EMP11592,2023-04-01,59780.0,2989.0,Promotion
EMP11592,2024-04-01,62434.0,1873.0,Promotion
EMP11592,2025-04-01,72499.0,5800.0,Annual Revision
EMP11592,2026-04-01,81961.0,4098.0,Annual Revision
EMP11593,2022-04-01,92253.0,4613.0,No Change
EMP11593,2023-04-01,104208.0,5210.0,Market Adjustment
EMP11593,2024-04-01,108823.0,3265.0,Annual Revision
EMP11593,2025-04-01,125070.0,6254.0,Market Adjustment
EMP11593,2026-04-01,136825.0,10946.0,Annual Revision
EMP11594,2021-04-01,31901.0,3828.0,Annual Revision
EMP11594,2022-04-01,35855.0,1793.0,Promotion
EMP11594,2023-04-01,40115.0,1203.0,Annual Revision
EMP11594,2024-04-01,39687.0,3175.0,Promotion
EMP11594,2025-04-01,45115.0,3609.0,Promotion
EMP11594,2026-04-01,50720.0,4058.0,Annual Revision
EMP11595,2023-04-01,86048.0,4302.0,Annual Revision
EMP11595,2024-04-01,99494.0,7960.0,Annual Revision
EMP11595,2025-04-01,107908.0,8633.0,No Change
EMP11595,2026-04-01,133587.0,6679.0,Annual Revision
EMP11596,2019-04-01,42560.0,3405.0,Annual Revision
EMP11596,2020-04-01,45707.0,3657.0,No Change
EMP11596,2021-04-01,44785.0,3583.0,Promotion
EMP11596,2022-04-01,47192.0,1416.0,Annual Revision
EMP11596,2023-04-01,58757.0,1763.0,Annual Revision
EMP11596,2024-04-01,64412.0,7729.0,Annual Revision
EMP11596,2025-04-01,66762.0,5341.0,Market Adjustment
EMP11596,2026-04-01,73157.0,3658.0,Market Adjustment
EMP11597,2023-04-01,44148.0,1324.0,Market Adjustment
EMP11597,2024-04-01,46022.0,3682.0,Annual Revision
EMP11597,2025-04-01,54566.0,2728.0,Annual Revision
EMP11597,2026-04-01,57176.0,2859.0,Market Adjustment
EMP11598,2023-04-01,42314.0,3385.0,Annual Revision
EMP11598,2024-04-01,47400.0,1422.0,Annual Revision
EMP11598,2025-04-01,48565.0,1457.0,Annual Revision
EMP11598,2026-04-01,56425.0,2821.0,Annual Revision
EMP11599,2021-04-01,124085.0,3723.0,Promotion
EMP11599,2022-04-01,128613.0,3858.0,Annual Revision
EMP11599,2023-04-01,151224.0,4537.0,Market Adjustment
EMP11599,2024-04-01,178754.0,21450.0,Promotion
EMP11599,2025-04-01,193556.0,15484.0,Promotion
EMP11599,2026-04-01,203875.0,16310.0,Annual Revision
EMP11600,2020-04-01,91642.0,7331.0,Promotion
EMP11600,2021-04-01,95035.0,7603.0,Promotion
EMP11600,2022-04-01,104032.0,3121.0,Annual Revision
EMP11600,2023-04-01,112906.0,3387.0,Annual Revision
EMP11600,2024-04-01,127938.0,6397.0,Promotion
EMP11600,2025-04-01,133437.0,16012.0,Market Adjustment
EMP11600,2026-04-01,149695.0,11976.0,Annual Revision
EMP11601,2021-04-01,41403.0,2070.0,No Change
EMP11601,2022-04-01,46297.0,5556.0,Annual Revision
EMP11601,2023-04-01,51546.0,4124.0,Annual Revision
EMP11601,2024-04-01,54743.0,4379.0,Annual Revision
EMP11601,2025-04-01,59083.0,4727.0,Annual Revision
EMP11601,2026-04-01,66031.0,5283.0,Annual Revision
EMP11602,2021-04-01,44520.0,1336.0,Annual Revision
EMP11602,2022-04-01,46697.0,1401.0,Annual Revision
EMP11602,2023-04-01,54649.0,2732.0,Annual Revision
EMP11602,2024-04-01,60335.0,3017.0,Promotion
EMP11602,2025-04-01,63428.0,3171.0,No Change
EMP11602,2026-04-01,69628.0,5570.0,Annual Revision
EMP11603,2019-04-01,127721.0,10218.0,Promotion
EMP11603,2020-04-01,128189.0,6409.0,Annual Revision
EMP11603,2021-04-01,148405.0,4452.0,Annual Revision
EMP11603,2022-04-01,149757.0,7488.0,Market Adjustment
EMP11603,2023-04-01,176567.0,8828.0,Annual Revision
EMP11603,2024-04-01,196397.0,15712.0,Annual Revision
EMP11603,2025-04-01,201042.0,10052.0,Annual Revision
EMP11603,2026-04-01,228423.0,6853.0,Promotion
EMP11604,2026-04-01,66929.0,3346.0,Annual Revision
EMP11605,2020-04-01,71353.0,3568.0,Annual Revision
EMP11605,2021-04-01,73670.0,2210.0,Promotion
EMP11605,2022-04-01,77323.0,3866.0,Promotion
EMP11605,2023-04-01,85012.0,10201.0,Annual Revision
EMP11605,2024-04-01,97210.0,7777.0,Promotion
EMP11605,2025-04-01,118557.0,3557.0,Annual Revision
EMP11605,2026-04-01,119567.0,9565.0,Annual Revision
EMP11606,2023-04-01,68324.0,3416.0,Annual Revision
EMP11606,2024-04-01,68917.0,5513.0,Annual Revision
EMP11606,2025-04-01,80978.0,6478.0,Annual Revision
EMP11606,2026-04-01,82635.0,4132.0,Annual Revision
EMP11607,2025-04-01,90836.0,4542.0,Annual Revision
EMP11607,2026-04-01,94947.0,2848.0,Promotion
EMP11608,2022-04-01,44385.0,2219.0,Annual Revision
EMP11608,2023-04-01,45355.0,2268.0,Annual Revision
EMP11608,2024-04-01,50549.0,4044.0,Promotion
EMP11608,2025-04-01,53590.0,4287.0,Promotion
EMP11608,2026-04-01,55758.0,2788.0,Annual Revision
EMP11609,2022-04-01,63040.0,5043.0,Annual Revision
EMP11609,2023-04-01,69535.0,2086.0,Annual Revision
EMP11609,2024-04-01,77410.0,6193.0,Annual Revision
EMP11609,2025-04-01,84185.0,6735.0,Promotion
EMP11609,2026-04-01,94211.0,4711.0,Annual Revision
EMP11610,2024-04-01,44435.0,5332.0,Annual Revision
EMP11610,2025-04-01,50091.0,6011.0,No Change
EMP11610,2026-04-01,57221.0,1717.0,Annual Revision
EMP11611,2026-04-01,44061.0,3525.0,Annual Revision
EMP11612,2026-04-01,73037.0,3652.0,Annual Revision
EMP11613,2023-04-01,89922.0,4496.0,Annual Revision
EMP11613,2024-04-01,98745.0,4937.0,No Change
EMP11613,2025-04-01,109009.0,3270.0,Annual Revision
EMP11613,2026-04-01,111634.0,5582.0,Annual Revision
EMP11614,2023-04-01,31796.0,2544.0,Annual Revision
EMP11614,2024-04-01,36070.0,2886.0,Market Adjustment
EMP11614,2025-04-01,39705.0,3176.0,Annual Revision
EMP11614,2026-04-01,42086.0,1263.0,Annual Revision
EMP11615,2023-04-01,42336.0,2117.0,Annual Revision
EMP11615,2024-04-01,50865.0,4069.0,Annual Revision
EMP11615,2025-04-01,51258.0,4101.0,Annual Revision
EMP11615,2026-04-01,61846.0,7422.0,Promotion
EMP11616,2026-04-01,67028.0,2011.0,Promotion
EMP11617,2019-04-01,129438.0,10355.0,No Change
EMP11617,2020-04-01,136408.0,6820.0,Market Adjustment
EMP11617,2021-04-01,136740.0,16409.0,Promotion
EMP11617,2022-04-01,154612.0,7731.0,No Change
EMP11617,2023-04-01,181483.0,9074.0,Annual Revision
EMP11617,2024-04-01,195183.0,15615.0,Annual Revision
EMP11617,2025-04-01,207708.0,6231.0,Annual Revision
EMP11617,2026-04-01,224604.0,11230.0,Annual Revision
EMP11618,2022-04-01,33047.0,1652.0,Annual Revision
EMP11618,2023-04-01,36276.0,2902.0,Annual Revision
EMP11618,2024-04-01,38847.0,3108.0,Market Adjustment
EMP11618,2025-04-01,42668.0,3413.0,No Change
EMP11618,2026-04-01,42785.0,1284.0,Annual Revision
EMP11619,2025-04-01,61412.0,3071.0,Annual Revision
EMP11619,2026-04-01,73049.0,5844.0,Annual Revision
EMP11620,2020-04-01,43962.0,1319.0,Annual Revision
EMP11620,2021-04-01,47559.0,1427.0,No Change
EMP11620,2022-04-01,52835.0,2642.0,Annual Revision
EMP11620,2023-04-01,58934.0,7072.0,Annual Revision
EMP11620,2024-04-01,57342.0,4587.0,Market Adjustment
EMP11620,2025-04-01,71120.0,2134.0,Promotion
EMP11620,2026-04-01,74949.0,2248.0,Market Adjustment
EMP11621,2025-04-01,40385.0,2019.0,Promotion
EMP11621,2026-04-01,47456.0,3796.0,Market Adjustment
EMP11622,2025-04-01,64273.0,5142.0,Market Adjustment
EMP11622,2026-04-01,73320.0,8798.0,Market Adjustment
EMP11623,2023-04-01,69367.0,8324.0,Annual Revision
EMP11623,2024-04-01,76468.0,2294.0,No Change
EMP11623,2025-04-01,86011.0,2580.0,Market Adjustment
EMP11623,2026-04-01,94534.0,7563.0,Market Adjustment
EMP11624,2020-04-01,42876.0,2144.0,Promotion
EMP11624,2021-04-01,45045.0,2252.0,Annual Revision
EMP11624,2022-04-01,51933.0,4155.0,Annual Revision
EMP11624,2023-04-01,57181.0,2859.0,Annual Revision
EMP11624,2024-04-01,66066.0,3303.0,Market Adjustment
EMP11624,2025-04-01,68155.0,5452.0,Market Adjustment
EMP11624,2026-04-01,80436.0,2413.0,Annual Revision
EMP11625,2024-04-01,41493.0,2075.0,Promotion
EMP11625,2025-04-01,43798.0,2190.0,Annual Revision
EMP11625,2026-04-01,52579.0,1577.0,Annual Revision
EMP11626,2025-04-01,39950.0,1998.0,No Change
EMP11626,2026-04-01,45371.0,3630.0,Annual Revision
EMP11627,2026-04-01,74194.0,5936.0,Annual Revision
EMP11628,2023-04-01,45355.0,3628.0,Annual Revision
EMP11628,2024-04-01,44134.0,2207.0,Annual Revision
EMP11628,2025-04-01,59482.0,4759.0,No Change
EMP11628,2026-04-01,62231.0,4979.0,No Change
EMP11629,2022-04-01,30706.0,921.0,Market Adjustment
EMP11629,2023-04-01,33884.0,2711.0,Promotion
EMP11629,2024-04-01,37443.0,1872.0,Market Adjustment
EMP11629,2025-04-01,44180.0,3534.0,Annual Revision
EMP11629,2026-04-01,45032.0,3603.0,Market Adjustment
EMP11630,2021-04-01,43274.0,3462.0,Annual Revision
EMP11630,2022-04-01,50098.0,4008.0,Market Adjustment
EMP11630,2023-04-01,50953.0,2548.0,Promotion
EMP11630,2024-04-01,57819.0,1735.0,No Change
EMP11630,2025-04-01,64733.0,1942.0,No Change
EMP11630,2026-04-01,69615.0,3481.0,Annual Revision
EMP11631,2024-04-01,30895.0,927.0,Annual Revision
EMP11631,2025-04-01,34967.0,1049.0,Market Adjustment
EMP11631,2026-04-01,40281.0,2014.0,Promotion
EMP11632,2022-04-01,33866.0,1016.0,Market Adjustment
EMP11632,2023-04-01,37086.0,4450.0,Annual Revision
EMP11632,2024-04-01,36478.0,1824.0,Market Adjustment
EMP11632,2025-04-01,40086.0,3207.0,No Change
EMP11632,2026-04-01,46894.0,1407.0,Annual Revision
EMP11633,2022-04-01,92048.0,11046.0,Annual Revision
EMP11633,2023-04-01,98674.0,11841.0,Promotion
EMP11633,2024-04-01,110421.0,3313.0,Market Adjustment
EMP11633,2025-04-01,123661.0,6183.0,Annual Revision
EMP11633,2026-04-01,118507.0,5925.0,No Change
EMP11634,2023-04-01,69969.0,8396.0,Promotion
EMP11634,2024-04-01,77051.0,6164.0,Market Adjustment
EMP11634,2025-04-01,83990.0,10079.0,Annual Revision
EMP11634,2026-04-01,92904.0,7432.0,Promotion
EMP11635,2024-04-01,39802.0,3184.0,Annual Revision
EMP11635,2025-04-01,46493.0,1395.0,Annual Revision
EMP11635,2026-04-01,47038.0,2352.0,Promotion
EMP11636,2023-04-01,30085.0,1504.0,Promotion
EMP11636,2024-04-01,33530.0,1006.0,Promotion
EMP11636,2025-04-01,37221.0,1117.0,Promotion
EMP11636,2026-04-01,42082.0,1262.0,Annual Revision
EMP11637,2021-04-01,66316.0,1989.0,Promotion
EMP11637,2022-04-01,75011.0,3751.0,Annual Revision
EMP11637,2023-04-01,87384.0,6991.0,Market Adjustment
EMP11637,2024-04-01,87675.0,7014.0,Annual Revision
EMP11637,2025-04-01,102331.0,12280.0,Annual Revision
EMP11637,2026-04-01,111321.0,8906.0,No Change
EMP11638,2021-04-01,64607.0,5169.0,Promotion
EMP11638,2022-04-01,70223.0,2107.0,Promotion
EMP11638,2023-04-01,82800.0,4140.0,Annual Revision
EMP11638,2024-04-01,92622.0,7410.0,Annual Revision
EMP11638,2025-04-01,99113.0,4956.0,Market Adjustment
EMP11638,2026-04-01,107641.0,12917.0,Annual Revision
EMP11639,2019-04-01,72143.0,2164.0,Promotion
EMP11639,2020-04-01,69535.0,2086.0,Annual Revision
EMP11639,2021-04-01,77427.0,2323.0,Promotion
EMP11639,2022-04-01,88098.0,7048.0,Promotion
EMP11639,2023-04-01,103457.0,8277.0,Annual Revision
EMP11639,2024-04-01,97824.0,7826.0,Annual Revision
EMP11639,2025-04-01,109763.0,3293.0,Annual Revision
EMP11639,2026-04-01,137214.0,6861.0,No Change
EMP11640,2023-04-01,63394.0,3170.0,Annual Revision
EMP11640,2024-04-01,69963.0,3498.0,Promotion
EMP11640,2025-04-01,86348.0,4317.0,Promotion
EMP11640,2026-04-01,84582.0,6767.0,Annual Revision
EMP11641,2022-04-01,33561.0,4027.0,Annual Revision
EMP11641,2023-04-01,37481.0,1124.0,Promotion
EMP11641,2024-04-01,40361.0,1211.0,Annual Revision
EMP11641,2025-04-01,44901.0,3592.0,Promotion
EMP11641,2026-04-01,48218.0,1447.0,Annual Revision
EMP11642,2022-04-01,64170.0,5134.0,Annual Revision
EMP11642,2023-04-01,71644.0,8597.0,Annual Revision
EMP11642,2024-04-01,77671.0,3884.0,No Change
EMP11642,2025-04-01,81307.0,9757.0,Annual Revision
EMP11642,2026-04-01,93758.0,11251.0,Promotion
EMP11643,2024-04-01,31711.0,1586.0,Annual Revision
EMP11643,2025-04-01,36490.0,1095.0,Market Adjustment
EMP11643,2026-04-01,41485.0,1245.0,Market Adjustment
EMP11644,2021-04-01,42023.0,1261.0,Annual Revision
EMP11644,2022-04-01,46360.0,2318.0,No Change
EMP11644,2023-04-01,52624.0,1579.0,Promotion
EMP11644,2024-04-01,56998.0,2850.0,Promotion
EMP11644,2025-04-01,61635.0,4931.0,No Change
EMP11644,2026-04-01,63047.0,1891.0,Market Adjustment
EMP11645,2019-04-01,67426.0,3371.0,Annual Revision
EMP11645,2020-04-01,71782.0,3589.0,Annual Revision
EMP11645,2021-04-01,82078.0,9849.0,Promotion
EMP11645,2022-04-01,82547.0,6604.0,Annual Revision
EMP11645,2023-04-01,98548.0,2956.0,Promotion
EMP11645,2024-04-01,104286.0,3129.0,Annual Revision
EMP11645,2025-04-01,115555.0,5778.0,Annual Revision
EMP11645,2026-04-01,133649.0,4009.0,Annual Revision
EMP11646,2026-04-01,64670.0,3234.0,Market Adjustment
EMP11647,2025-04-01,46648.0,2332.0,Annual Revision
EMP11647,2026-04-01,50214.0,4017.0,Annual Revision
EMP11648,2023-04-01,43120.0,2156.0,Annual Revision
EMP11648,2024-04-01,47137.0,3771.0,Market Adjustment
EMP11648,2025-04-01,53032.0,4243.0,Market Adjustment
EMP11648,2026-04-01,58589.0,2929.0,Promotion
EMP11649,2025-04-01,87900.0,4395.0,Annual Revision
EMP11649,2026-04-01,99232.0,7939.0,Annual Revision
EMP11650,2025-04-01,40987.0,2049.0,Annual Revision
EMP11650,2026-04-01,46186.0,5542.0,Promotion
EMP11651,2021-04-01,65428.0,3271.0,Promotion
EMP11651,2022-04-01,65885.0,3294.0,Promotion
EMP11651,2023-04-01,81036.0,4052.0,Annual Revision
EMP11651,2024-04-01,81723.0,4086.0,No Change
EMP11651,2025-04-01,88729.0,4436.0,Annual Revision
EMP11651,2026-04-01,100230.0,5012.0,Market Adjustment
EMP11652,2023-04-01,42258.0,2113.0,Promotion
EMP11652,2024-04-01,42806.0,1284.0,Annual Revision
EMP11652,2025-04-01,50289.0,4023.0,Annual Revision
EMP11652,2026-04-01,56306.0,2815.0,Annual Revision
EMP11653,2020-04-01,86795.0,10415.0,Market Adjustment
EMP11653,2021-04-01,88769.0,4438.0,Annual Revision
EMP11653,2022-04-01,95048.0,7604.0,Annual Revision
EMP11653,2023-04-01,110762.0,5538.0,No Change
EMP11653,2024-04-01,127177.0,3815.0,Market Adjustment
EMP11653,2025-04-01,140454.0,4214.0,Promotion
EMP11653,2026-04-01,157216.0,12577.0,Annual Revision
EMP11654,2023-04-01,32917.0,1646.0,Market Adjustment
EMP11654,2024-04-01,35948.0,1078.0,Annual Revision
EMP11654,2025-04-01,40939.0,1228.0,No Change
EMP11654,2026-04-01,43021.0,2151.0,Annual Revision
EMP11655,2020-04-01,89985.0,7199.0,Annual Revision
EMP11655,2021-04-01,102605.0,8208.0,Annual Revision
EMP11655,2022-04-01,103096.0,3093.0,Annual Revision
EMP11655,2023-04-01,112063.0,5603.0,Annual Revision
EMP11655,2024-04-01,128660.0,6433.0,Annual Revision
EMP11655,2025-04-01,140166.0,4205.0,No Change
EMP11655,2026-04-01,155918.0,7796.0,Annual Revision
EMP11656,2019-04-01,66881.0,2006.0,Annual Revision
EMP11656,2020-04-01,69830.0,8380.0,Annual Revision
EMP11656,2021-04-01,75254.0,6020.0,Annual Revision
EMP11656,2022-04-01,81142.0,9737.0,Annual Revision
EMP11656,2023-04-01,95423.0,11451.0,Promotion
EMP11656,2024-04-01,102677.0,3080.0,Annual Revision
EMP11656,2025-04-01,120997.0,9680.0,Annual Revision
EMP11656,2026-04-01,135558.0,16267.0,Annual Revision
EMP11657,2021-04-01,70051.0,3503.0,Promotion
EMP11657,2022-04-01,76647.0,3832.0,Market Adjustment
EMP11657,2023-04-01,87761.0,10531.0,Annual Revision
EMP11657,2024-04-01,96447.0,7716.0,Promotion
EMP11657,2025-04-01,106353.0,5318.0,Annual Revision
EMP11657,2026-04-01,120135.0,3604.0,Annual Revision
EMP11658,2020-04-01,62255.0,1868.0,Promotion
EMP11658,2021-04-01,68798.0,3440.0,Market Adjustment
EMP11658,2022-04-01,72199.0,5776.0,Promotion
EMP11658,2023-04-01,82804.0,2484.0,Annual Revision
EMP11658,2024-04-01,95044.0,7604.0,No Change
EMP11658,2025-04-01,100970.0,3029.0,Annual Revision
EMP11658,2026-04-01,109104.0,8728.0,Promotion
EMP11659,2020-04-01,69274.0,5542.0,Promotion
EMP11659,2021-04-01,74891.0,5991.0,Annual Revision
EMP11659,2022-04-01,77560.0,3878.0,Annual Revision
EMP11659,2023-04-01,96968.0,2909.0,Annual Revision
EMP11659,2024-04-01,115555.0,3467.0,No Change
EMP11659,2025-04-01,117477.0,5874.0,Market Adjustment
EMP11659,2026-04-01,133355.0,16003.0,Annual Revision
EMP11660,2019-04-01,91218.0,4561.0,Annual Revision
EMP11660,2020-04-01,100038.0,5002.0,No Change
EMP11660,2021-04-01,97334.0,4867.0,Annual Revision
EMP11660,2022-04-01,101700.0,8136.0,No Change
EMP11660,2023-04-01,121836.0,3655.0,Annual Revision
EMP11660,2024-04-01,139819.0,6991.0,No Change
EMP11660,2025-04-01,156331.0,18760.0,Promotion
EMP11660,2026-04-01,169052.0,13524.0,Annual Revision
EMP11661,2020-04-01,44315.0,3545.0,Market Adjustment
EMP11661,2021-04-01,50698.0,2535.0,Promotion
EMP11661,2022-04-01,51788.0,1554.0,Promotion
EMP11661,2023-04-01,59643.0,4771.0,Annual Revision
EMP11661,2024-04-01,64253.0,3213.0,Promotion
EMP11661,2025-04-01,71747.0,5740.0,Promotion
EMP11661,2026-04-01,79089.0,3954.0,Annual Revision
EMP11662,2021-04-01,45415.0,1362.0,Annual Revision
EMP11662,2022-04-01,48473.0,3878.0,Annual Revision
EMP11662,2023-04-01,51689.0,2584.0,Promotion
EMP11662,2024-04-01,60083.0,4807.0,Market Adjustment
EMP11662,2025-04-01,58224.0,1747.0,Annual Revision
EMP11662,2026-04-01,67272.0,5382.0,Promotion
EMP11663,2023-04-01,41180.0,2059.0,Promotion
EMP11663,2024-04-01,45614.0,2281.0,No Change
EMP11663,2025-04-01,50153.0,1505.0,Promotion
EMP11663,2026-04-01,56368.0,6764.0,Promotion
EMP11664,2022-04-01,45816.0,1374.0,Annual Revision
EMP11664,2023-04-01,49002.0,1470.0,Market Adjustment
EMP11664,2024-04-01,51826.0,1555.0,Annual Revision
EMP11664,2025-04-01,57994.0,1740.0,Annual Revision
EMP11664,2026-04-01,63583.0,5087.0,Promotion
EMP11665,2024-04-01,96430.0,2893.0,No Change
EMP11665,2025-04-01,97149.0,4857.0,Promotion
EMP11665,2026-04-01,106657.0,8533.0,Annual Revision
EMP11666,2019-04-01,31647.0,2532.0,Annual Revision
EMP11666,2020-04-01,34958.0,2797.0,Market Adjustment
EMP11666,2021-04-01,33482.0,1004.0,Annual Revision
EMP11666,2022-04-01,39609.0,3169.0,Annual Revision
EMP11666,2023-04-01,43523.0,1306.0,Annual Revision
EMP11666,2024-04-01,49918.0,2496.0,Annual Revision
EMP11666,2025-04-01,56610.0,4529.0,Promotion
EMP11666,2026-04-01,60959.0,3048.0,Market Adjustment
EMP11667,2022-04-01,46811.0,3745.0,Promotion
EMP11667,2023-04-01,49562.0,2478.0,Promotion
EMP11667,2024-04-01,57915.0,6950.0,Promotion
EMP11667,2025-04-01,61458.0,1844.0,Annual Revision
EMP11667,2026-04-01,73932.0,3697.0,Market Adjustment
EMP11668,2024-04-01,127380.0,10190.0,Annual Revision
EMP11668,2025-04-01,139301.0,4179.0,Annual Revision
EMP11668,2026-04-01,145671.0,11654.0,Annual Revision
EMP11669,2021-04-01,65140.0,5211.0,Annual Revision
EMP11669,2022-04-01,70243.0,3512.0,Annual Revision
EMP11669,2023-04-01,75923.0,3796.0,No Change
EMP11669,2024-04-01,87612.0,7009.0,Market Adjustment
EMP11669,2025-04-01,88960.0,4448.0,No Change
EMP11669,2026-04-01,103919.0,5196.0,Annual Revision
EMP11670,2023-04-01,33400.0,1670.0,Annual Revision
EMP11670,2024-04-01,36769.0,1103.0,No Change
EMP11670,2025-04-01,38941.0,3115.0,Annual Revision
EMP11670,2026-04-01,45648.0,2282.0,Market Adjustment
EMP11671,2021-04-01,69859.0,3493.0,Annual Revision
EMP11671,2022-04-01,71611.0,3581.0,Annual Revision
EMP11671,2023-04-01,78812.0,2364.0,Annual Revision
EMP11671,2024-04-01,93273.0,4664.0,No Change
EMP11671,2025-04-01,99075.0,4954.0,Annual Revision
EMP11671,2026-04-01,114577.0,5729.0,Annual Revision
EMP11672,2019-04-01,125532.0,6277.0,Promotion
EMP11672,2020-04-01,132710.0,10617.0,Promotion
EMP11672,2021-04-01,144096.0,4323.0,Annual Revision
EMP11672,2022-04-01,147548.0,7377.0,Annual Revision
EMP11672,2023-04-01,166997.0,5010.0,Market Adjustment
EMP11672,2024-04-01,191039.0,5731.0,Promotion
EMP11672,2025-04-01,211576.0,10579.0,Market Adjustment
EMP11672,2026-04-01,232210.0,27865.0,Annual Revision
EMP11673,2024-04-01,75740.0,9089.0,Annual Revision
EMP11673,2025-04-01,75629.0,2269.0,Annual Revision
EMP11673,2026-04-01,84730.0,2542.0,Annual Revision
EMP11674,2021-04-01,62931.0,3147.0,No Change
EMP11674,2022-04-01,70386.0,3519.0,Annual Revision
EMP11674,2023-04-01,81629.0,4081.0,No Change
EMP11674,2024-04-01,90265.0,2708.0,Annual Revision
EMP11674,2025-04-01,96754.0,11610.0,Promotion
EMP11674,2026-04-01,109000.0,8720.0,No Change
EMP11675,2020-04-01,31054.0,2484.0,No Change
EMP11675,2021-04-01,34893.0,2791.0,Annual Revision
EMP11675,2022-04-01,33021.0,1651.0,No Change
EMP11675,2023-04-01,39270.0,3142.0,Annual Revision
EMP11675,2024-04-01,48577.0,2429.0,Annual Revision
EMP11675,2025-04-01,49681.0,3974.0,No Change
EMP11675,2026-04-01,56336.0,2817.0,Annual Revision
EMP11676,2024-04-01,48170.0,2408.0,Market Adjustment
EMP11676,2025-04-01,50480.0,2524.0,Promotion
EMP11676,2026-04-01,51562.0,4125.0,Annual Revision
EMP11677,2019-04-01,46083.0,1382.0,Annual Revision
EMP11677,2020-04-01,47838.0,3827.0,Annual Revision
EMP11677,2021-04-01,48036.0,1441.0,Annual Revision
EMP11677,2022-04-01,56609.0,4529.0,Annual Revision
EMP11677,2023-04-01,66826.0,3341.0,Annual Revision
EMP11677,2024-04-01,75301.0,6024.0,Annual Revision
EMP11677,2025-04-01,88367.0,7069.0,Annual Revision
EMP11677,2026-04-01,95430.0,2863.0,Annual Revision
EMP11678,2021-04-01,91627.0,4581.0,Annual Revision
EMP11678,2022-04-01,92931.0,2788.0,Annual Revision
EMP11678,2023-04-01,103179.0,5159.0,Annual Revision
EMP11678,2024-04-01,120794.0,14495.0,Annual Revision
EMP11678,2025-04-01,131302.0,3939.0,Annual Revision
EMP11678,2026-04-01,140429.0,7021.0,Annual Revision
EMP11679,2025-04-01,61630.0,7396.0,Annual Revision
EMP11679,2026-04-01,70917.0,5673.0,No Change
EMP11680,2021-04-01,68414.0,5473.0,Annual Revision
EMP11680,2022-04-01,71309.0,3565.0,Annual Revision
EMP11680,2023-04-01,85952.0,2579.0,No Change
EMP11680,2024-04-01,98027.0,4901.0,No Change
EMP11680,2025-04-01,107606.0,3228.0,Promotion
EMP11680,2026-04-01,121897.0,9752.0,Market Adjustment
EMP11681,2023-04-01,88947.0,7116.0,Annual Revision
EMP11681,2024-04-01,99155.0,4958.0,Market Adjustment
EMP11681,2025-04-01,104416.0,8353.0,Annual Revision
EMP11681,2026-04-01,122912.0,6146.0,Annual Revision
EMP11682,2019-04-01,69948.0,5596.0,Annual Revision
EMP11682,2020-04-01,68187.0,2046.0,Annual Revision
EMP11682,2021-04-01,73288.0,3664.0,Annual Revision
EMP11682,2022-04-01,76156.0,6092.0,Annual Revision
EMP11682,2023-04-01,97562.0,7805.0,Annual Revision
EMP11682,2024-04-01,100120.0,8010.0,Annual Revision
EMP11682,2025-04-01,110650.0,3319.0,Annual Revision
EMP11682,2026-04-01,119625.0,3589.0,Annual Revision
EMP11683,2025-04-01,89735.0,7179.0,No Change
EMP11683,2026-04-01,99428.0,7954.0,No Change
EMP11684,2024-04-01,92198.0,4610.0,Market Adjustment
EMP11684,2025-04-01,103337.0,12400.0,Promotion
EMP11684,2026-04-01,107082.0,12850.0,Annual Revision
EMP11685,2022-04-01,89218.0,7137.0,Annual Revision
EMP11685,2023-04-01,101905.0,8152.0,Annual Revision
EMP11685,2024-04-01,108166.0,5408.0,Annual Revision
EMP11685,2025-04-01,111149.0,8892.0,No Change
EMP11685,2026-04-01,117051.0,9364.0,Promotion
EMP11686,2019-04-01,123031.0,9842.0,No Change
EMP11686,2020-04-01,132665.0,3980.0,No Change
EMP11686,2021-04-01,147145.0,7357.0,Annual Revision
EMP11686,2022-04-01,143790.0,11503.0,No Change
EMP11686,2023-04-01,176391.0,14111.0,Annual Revision
EMP11686,2024-04-01,193811.0,9691.0,Market Adjustment
EMP11686,2025-04-01,216890.0,6507.0,No Change
EMP11686,2026-04-01,215375.0,10769.0,Annual Revision
EMP11687,2021-04-01,73713.0,3686.0,Annual Revision
EMP11687,2022-04-01,70391.0,2112.0,Annual Revision
EMP11687,2023-04-01,82811.0,4141.0,Market Adjustment
EMP11687,2024-04-01,88310.0,4416.0,Market Adjustment
EMP11687,2025-04-01,102781.0,5139.0,Annual Revision
EMP11687,2026-04-01,111994.0,3360.0,No Change
EMP11688,2022-04-01,124703.0,9976.0,Promotion
EMP11688,2023-04-01,135373.0,10830.0,Market Adjustment
EMP11688,2024-04-01,149802.0,11984.0,Annual Revision
EMP11688,2025-04-01,161265.0,4838.0,No Change
EMP11688,2026-04-01,171698.0,5151.0,Annual Revision
EMP11689,2022-04-01,63410.0,5073.0,No Change
EMP11689,2023-04-01,69976.0,5598.0,Market Adjustment
EMP11689,2024-04-01,76443.0,3822.0,Market Adjustment
EMP11689,2025-04-01,85544.0,2566.0,Annual Revision
EMP11689,2026-04-01,87488.0,6999.0,Market Adjustment
EMP11690,2023-04-01,119647.0,5982.0,Annual Revision
EMP11690,2024-04-01,140086.0,11207.0,Annual Revision
EMP11690,2025-04-01,138369.0,16604.0,Annual Revision
EMP11690,2026-04-01,149085.0,7454.0,Annual Revision
EMP11691,2024-04-01,64642.0,1939.0,Annual Revision
EMP11691,2025-04-01,72414.0,2172.0,No Change
EMP11691,2026-04-01,78907.0,9469.0,No Change
EMP11692,2022-04-01,120433.0,6022.0,Market Adjustment
EMP11692,2023-04-01,143312.0,11465.0,Annual Revision
EMP11692,2024-04-01,151452.0,7573.0,Annual Revision
EMP11692,2025-04-01,166631.0,4999.0,Annual Revision
EMP11692,2026-04-01,197449.0,15796.0,Market Adjustment
EMP11693,2025-04-01,45699.0,3656.0,Promotion
EMP11693,2026-04-01,48179.0,2409.0,Annual Revision
EMP11694,2022-04-01,45480.0,3638.0,Annual Revision
EMP11694,2023-04-01,49185.0,2459.0,No Change
EMP11694,2024-04-01,57653.0,4612.0,No Change
EMP11694,2025-04-01,53950.0,1618.0,Market Adjustment
EMP11694,2026-04-01,66965.0,5357.0,Market Adjustment
EMP11695,2023-04-01,39787.0,1194.0,Promotion
EMP11695,2024-04-01,47969.0,3838.0,Market Adjustment
EMP11695,2025-04-01,52532.0,1576.0,No Change
EMP11695,2026-04-01,53353.0,1601.0,Annual Revision
EMP11696,2023-04-01,45607.0,2280.0,Annual Revision
EMP11696,2024-04-01,51018.0,6122.0,Annual Revision
EMP11696,2025-04-01,54022.0,4322.0,Annual Revision
EMP11696,2026-04-01,62732.0,3137.0,No Change
EMP11697,2024-04-01,89261.0,10711.0,Annual Revision
EMP11697,2025-04-01,96410.0,7713.0,Annual Revision
EMP11697,2026-04-01,110831.0,5542.0,Annual Revision
EMP11698,2021-04-01,126229.0,3787.0,Promotion
EMP11698,2022-04-01,137979.0,4139.0,Annual Revision
EMP11698,2023-04-01,161923.0,4858.0,Annual Revision
EMP11698,2024-04-01,164092.0,4923.0,Annual Revision
EMP11698,2025-04-01,189085.0,15127.0,No Change
EMP11698,2026-04-01,210991.0,25319.0,Annual Revision
EMP11699,2021-04-01,88701.0,7096.0,Market Adjustment
EMP11699,2022-04-01,90963.0,4548.0,Annual Revision
EMP11699,2023-04-01,113208.0,5660.0,Market Adjustment
EMP11699,2024-04-01,119945.0,5997.0,Promotion
EMP11699,2025-04-01,133910.0,4017.0,Annual Revision
EMP11699,2026-04-01,153243.0,18389.0,Annual Revision
EMP11700,2024-04-01,32386.0,1619.0,Market Adjustment
EMP11700,2025-04-01,33538.0,1006.0,Market Adjustment
EMP11700,2026-04-01,38827.0,3106.0,Promotion
EMP11701,2019-04-01,32331.0,970.0,Promotion
EMP11701,2020-04-01,33555.0,2684.0,Annual Revision
EMP11701,2021-04-01,36671.0,1100.0,Market Adjustment
EMP11701,2022-04-01,40508.0,4861.0,Promotion
EMP11701,2023-04-01,44867.0,3589.0,No Change
EMP11701,2024-04-01,49920.0,2496.0,Promotion
EMP11701,2025-04-01,53447.0,4276.0,Annual Revision
EMP11701,2026-04-01,56018.0,2801.0,Annual Revision
EMP11702,2026-04-01,45537.0,3643.0,Annual Revision
EMP11703,2025-04-01,63152.0,5052.0,Annual Revision
EMP11703,2026-04-01,73269.0,3663.0,Annual Revision
EMP11704,2025-04-01,32515.0,3902.0,Promotion
EMP11704,2026-04-01,33646.0,2692.0,Market Adjustment
EMP11705,2021-04-01,60339.0,1810.0,Market Adjustment
EMP11705,2022-04-01,66418.0,3321.0,Annual Revision
EMP11705,2023-04-01,77178.0,6174.0,No Change
EMP11705,2024-04-01,93709.0,2811.0,Annual Revision
EMP11705,2025-04-01,94566.0,7565.0,Market Adjustment
EMP11705,2026-04-01,107918.0,8633.0,Annual Revision
EMP11706,2020-04-01,42546.0,2127.0,Promotion
EMP11706,2021-04-01,42611.0,1278.0,Annual Revision
EMP11706,2022-04-01,46629.0,2331.0,Promotion
EMP11706,2023-04-01,54531.0,2727.0,Annual Revision
EMP11706,2024-04-01,66107.0,7933.0,Annual Revision
EMP11706,2025-04-01,69514.0,5561.0,Annual Revision
EMP11706,2026-04-01,78984.0,6319.0,Annual Revision
EMP11707,2025-04-01,64081.0,5126.0,No Change
EMP11707,2026-04-01,72439.0,5795.0,No Change
EMP11708,2021-04-01,89525.0,4476.0,Annual Revision
EMP11708,2022-04-01,98669.0,11840.0,Annual Revision
EMP11708,2023-04-01,107019.0,3211.0,Market Adjustment
EMP11708,2024-04-01,119895.0,5995.0,Market Adjustment
EMP11708,2025-04-01,122355.0,6118.0,Annual Revision
EMP11708,2026-04-01,138264.0,6913.0,Annual Revision
EMP11709,2019-04-01,42546.0,2127.0,Promotion
EMP11709,2020-04-01,41549.0,3324.0,Annual Revision
EMP11709,2021-04-01,49463.0,1484.0,Annual Revision
EMP11709,2022-04-01,53785.0,2689.0,Annual Revision
EMP11709,2023-04-01,60982.0,3049.0,Annual Revision
EMP11709,2024-04-01,65103.0,5208.0,Annual Revision
EMP11709,2025-04-01,68606.0,3430.0,No Change
EMP11709,2026-04-01,78203.0,2346.0,Promotion
EMP11710,2020-04-01,65252.0,3263.0,Annual Revision
EMP11710,2021-04-01,64969.0,5198.0,No Change
EMP11710,2022-04-01,70473.0,5638.0,Annual Revision
EMP11710,2023-04-01,80371.0,4019.0,Market Adjustment
EMP11710,2024-04-01,92482.0,4624.0,Market Adjustment
EMP11710,2025-04-01,104655.0,5233.0,Market Adjustment
EMP11710,2026-04-01,113802.0,9104.0,Promotion
EMP11711,2019-04-01,89011.0,4451.0,Market Adjustment
EMP11711,2020-04-01,94653.0,2840.0,Promotion
EMP11711,2021-04-01,101843.0,3055.0,Market Adjustment
EMP11711,2022-04-01,109656.0,13159.0,Market Adjustment
EMP11711,2023-04-01,119313.0,3579.0,No Change
EMP11711,2024-04-01,137766.0,11021.0,Annual Revision
EMP11711,2025-04-01,143170.0,17180.0,Promotion
EMP11711,2026-04-01,164568.0,13165.0,Promotion
EMP11712,2025-04-01,40475.0,3238.0,Market Adjustment
EMP11712,2026-04-01,45876.0,1376.0,Annual Revision
EMP11713,2022-04-01,32381.0,1619.0,Annual Revision
EMP11713,2023-04-01,37652.0,1883.0,Market Adjustment
EMP11713,2024-04-01,38364.0,4604.0,Market Adjustment
EMP11713,2025-04-01,45421.0,1363.0,Annual Revision
EMP11713,2026-04-01,44612.0,3569.0,Promotion
EMP11714,2026-04-01,67387.0,3369.0,Market Adjustment
EMP11715,2020-04-01,67837.0,2035.0,Market Adjustment
EMP11715,2021-04-01,69428.0,3471.0,Annual Revision
EMP11715,2022-04-01,79561.0,6365.0,Annual Revision
EMP11715,2023-04-01,96361.0,2891.0,Annual Revision
EMP11715,2024-04-01,105529.0,12663.0,Promotion
EMP11715,2025-04-01,113848.0,3415.0,Annual Revision
EMP11715,2026-04-01,131001.0,6550.0,Annual Revision
EMP11716,2023-04-01,65427.0,1963.0,Annual Revision
EMP11716,2024-04-01,70583.0,2117.0,Annual Revision
EMP11716,2025-04-01,78284.0,2349.0,No Change
EMP11716,2026-04-01,85289.0,4264.0,Annual Revision
EMP11717,2022-04-01,41119.0,2056.0,No Change
EMP11717,2023-04-01,46035.0,5524.0,Annual Revision
EMP11717,2024-04-01,48544.0,1456.0,No Change
EMP11717,2025-04-01,53256.0,4260.0,Annual Revision
EMP11717,2026-04-01,60081.0,3004.0,Annual Revision
EMP11718,2026-04-01,88860.0,2666.0,Annual Revision
EMP11719,2026-04-01,41648.0,2082.0,Annual Revision
EMP11720,2022-04-01,33887.0,1017.0,Promotion
EMP11720,2023-04-01,35760.0,,Annual Revision
EMP11720,2024-04-01,38629.0,1931.0,Market Adjustment
EMP11720,2025-04-01,41246.0,2062.0,Annual Revision
EMP11720,2026-04-01,46080.0,2304.0,No Change
EMP11721,2022-04-01,41696.0,2085.0,Annual Revision
EMP11721,2023-04-01,44369.0,5324.0,Annual Revision
EMP11721,2024-04-01,52444.0,2622.0,Promotion
EMP11721,2025-04-01,56354.0,6762.0,Annual Revision
EMP11721,2026-04-01,65789.0,3289.0,Annual Revision
EMP11722,2021-04-01,65277.0,1958.0,No Change
EMP11722,2022-04-01,70239.0,3512.0,Annual Revision
EMP11722,2023-04-01,75931.0,3797.0,No Change
EMP11722,2024-04-01,81531.0,2446.0,No Change
EMP11722,2025-04-01,91216.0,2736.0,Annual Revision
EMP11722,2026-04-01,94565.0,7565.0,Annual Revision
EMP11723,2019-04-01,33495.0,2680.0,Market Adjustment
EMP11723,2020-04-01,32643.0,3917.0,Annual Revision
EMP11723,2021-04-01,35693.0,2855.0,Annual Revision
EMP11723,2022-04-01,39270.0,4712.0,Market Adjustment
EMP11723,2023-04-01,45764.0,3661.0,Annual Revision
EMP11723,2024-04-01,48325.0,1450.0,Annual Revision
EMP11723,2025-04-01,56276.0,6753.0,Annual Revision
EMP11723,2026-04-01,59931.0,4794.0,Annual Revision
EMP11724,2021-04-01,32165.0,965.0,Annual Revision
EMP11724,2022-04-01,34710.0,1041.0,Annual Revision
EMP11724,2023-04-01,37982.0,1899.0,Market Adjustment
EMP11724,2024-04-01,40798.0,3264.0,Market Adjustment
EMP11724,2025-04-01,45530.0,3642.0,Promotion
EMP11724,2026-04-01,50325.0,1510.0,Promotion
EMP11725,2022-04-01,86350.0,4318.0,Annual Revision
EMP11725,2023-04-01,98040.0,2941.0,Annual Revision
EMP11725,2024-04-01,113324.0,9066.0,No Change
EMP11725,2025-04-01,117058.0,5853.0,Annual Revision
EMP11725,2026-04-01,127262.0,6363.0,Market Adjustment
EMP11726,2024-04-01,32762.0,1638.0,Market Adjustment
EMP11726,2025-04-01,37074.0,1854.0,Annual Revision
EMP11726,2026-04-01,38755.0,3100.0,Market Adjustment
EMP11727,2025-04-01,45395.0,3632.0,Annual Revision
EMP11727,2026-04-01,48684.0,2434.0,Annual Revision
EMP11728,2019-04-01,90790.0,2724.0,Market Adjustment
EMP11728,2020-04-01,99107.0,7929.0,Market Adjustment
EMP11728,2021-04-01,102255.0,5113.0,Annual Revision
EMP11728,2022-04-01,106725.0,8538.0,Annual Revision
EMP11728,2023-04-01,135948.0,6797.0,Market Adjustment
EMP11728,2024-04-01,145408.0,4362.0,Promotion
EMP11728,2025-04-01,160401.0,19248.0,Market Adjustment
EMP11728,2026-04-01,164324.0,13146.0,Annual Revision
EMP11729,2022-04-01,65655.0,1970.0,Market Adjustment
EMP11729,2023-04-01,69238.0,3462.0,No Change
EMP11729,2024-04-01,81305.0,4065.0,Promotion
EMP11729,2025-04-01,88180.0,4409.0,Annual Revision
EMP11729,2026-04-01,88690.0,2661.0,Market Adjustment
EMP11730,2020-04-01,42770.0,1283.0,Annual Revision
EMP11730,2021-04-01,45784.0,2289.0,Annual Revision
EMP11730,2022-04-01,47705.0,1431.0,Annual Revision
EMP11730,2023-04-01,55768.0,4461.0,Annual Revision
EMP11730,2024-04-01,60908.0,1827.0,No Change
EMP11730,2025-04-01,75821.0,6066.0,Annual Revision
EMP11730,2026-04-01,77124.0,2314.0,Annual Revision
EMP11731,2019-04-01,130555.0,3917.0,Annual Revision
EMP11731,2020-04-01,133021.0,6651.0,Market Adjustment
EMP11731,2021-04-01,139743.0,4192.0,Market Adjustment
EMP11731,2022-04-01,149034.0,11923.0,Annual Revision
EMP11731,2023-04-01,175242.0,8762.0,No Change
EMP11731,2024-04-01,185432.0,5563.0,Annual Revision
EMP11731,2025-04-01,195280.0,5858.0,Market Adjustment
EMP11731,2026-04-01,221315.0,11066.0,Annual Revision
EMP11732,2023-04-01,32669.0,2614.0,Promotion
EMP11732,2024-04-01,36099.0,1805.0,Promotion
EMP11732,2025-04-01,39985.0,1999.0,Annual Revision
EMP11732,2026-04-01,42494.0,3400.0,Annual Revision
EMP11733,2025-04-01,63912.0,1917.0,Market Adjustment
EMP11733,2026-04-01,73220.0,5858.0,No Change
EMP11734,2025-04-01,32625.0,2610.0,Annual Revision
EMP11734,2026-04-01,34956.0,2796.0,Promotion
EMP11735,2020-04-01,65428.0,1963.0,Annual Revision
EMP11735,2021-04-01,68518.0,3426.0,Annual Revision
EMP11735,2022-04-01,75948.0,2278.0,Market Adjustment
EMP11735,2023-04-01,89010.0,7121.0,Annual Revision
EMP11735,2024-04-01,98968.0,2969.0,Annual Revision
EMP11735,2025-04-01,107578.0,8606.0,Market Adjustment
EMP11735,2026-04-01,111606.0,3348.0,Promotion
EMP11736,2019-04-01,41782.0,5014.0,Annual Revision
EMP11736,2020-04-01,45230.0,1357.0,Annual Revision
EMP11736,2021-04-01,45778.0,2289.0,Annual Revision
EMP11736,2022-04-01,48806.0,2440.0,Annual Revision
EMP11736,2023-04-01,60497.0,4840.0,Annual Revision
EMP11736,2024-04-01,61757.0,1853.0,No Change
EMP11736,2025-04-01,67691.0,5415.0,Annual Revision
EMP11736,2026-04-01,77050.0,3852.0,Annual Revision
EMP11737,2023-04-01,86816.0,6945.0,Annual Revision
EMP11737,2024-04-01,100969.0,3029.0,Annual Revision
EMP11737,2025-04-01,112439.0,5622.0,Market Adjustment
EMP11737,2026-04-01,128735.0,6437.0,Market Adjustment
EMP11738,2019-04-01,92292.0,7383.0,Annual Revision
EMP11738,2020-04-01,91981.0,4599.0,Annual Revision
EMP11738,2021-04-01,97716.0,4886.0,No Change
EMP11738,2022-04-01,109887.0,5494.0,Market Adjustment
EMP11738,2023-04-01,128585.0,10287.0,Annual Revision
EMP11738,2024-04-01,132273.0,6614.0,Annual Revision
EMP11738,2025-04-01,146086.0,11687.0,Promotion
EMP11738,2026-04-01,173627.0,8681.0,Annual Revision
EMP11739,2023-04-01,63881.0,1916.0,Annual Revision
EMP11739,2024-04-01,71953.0,5756.0,Annual Revision
EMP11739,2025-04-01,72255.0,5780.0,Annual Revision
EMP11739,2026-04-01,85969.0,4298.0,No Change
EMP11740,2025-04-01,128808.0,6440.0,Market Adjustment
EMP11740,2026-04-01,130385.0,6519.0,Annual Revision
EMP11741,2025-04-01,42756.0,2138.0,Market Adjustment
EMP11741,2026-04-01,44768.0,3581.0,Market Adjustment
EMP11742,2019-04-01,32258.0,3871.0,Annual Revision
EMP11742,2020-04-01,35019.0,1051.0,Market Adjustment
EMP11742,2021-04-01,36535.0,2923.0,Annual Revision
EMP11742,2022-04-01,37421.0,1123.0,Annual Revision
EMP11742,2023-04-01,44826.0,2241.0,Promotion
EMP11742,2024-04-01,45130.0,1354.0,Annual Revision
EMP11742,2025-04-01,55694.0,2785.0,Promotion
EMP11742,2026-04-01,57595.0,2880.0,Market Adjustment
EMP11743,2022-04-01,64703.0,3235.0,Market Adjustment
EMP11743,2023-04-01,76739.0,3837.0,Annual Revision
EMP11743,2024-04-01,74962.0,5997.0,Promotion
EMP11743,2025-04-01,85025.0,2551.0,Annual Revision
EMP11743,2026-04-01,89124.0,7130.0,Annual Revision
EMP11744,2023-04-01,31213.0,1561.0,Promotion
EMP11744,2024-04-01,38291.0,3063.0,Annual Revision
EMP11744,2025-04-01,40295.0,2015.0,Annual Revision
EMP11744,2026-04-01,42248.0,1267.0,Annual Revision
EMP11745,2020-04-01,42433.0,1273.0,No Change
EMP11745,2021-04-01,44842.0,3587.0,Annual Revision
EMP11745,2022-04-01,45690.0,1371.0,No Change
EMP11745,2023-04-01,55575.0,4446.0,Market Adjustment
EMP11745,2024-04-01,65291.0,1959.0,Annual Revision
EMP11745,2025-04-01,68842.0,5507.0,Annual Revision
EMP11745,2026-04-01,79074.0,3954.0,Promotion
EMP11746,2019-04-01,64652.0,7758.0,Annual Revision
EMP11746,2020-04-01,69539.0,3477.0,No Change
EMP11746,2021-04-01,71016.0,8522.0,Annual Revision
EMP11746,2022-04-01,73853.0,3693.0,Annual Revision
EMP11746,2023-04-01,96377.0,4819.0,Promotion
EMP11746,2024-04-01,108515.0,5426.0,Annual Revision
EMP11746,2025-04-01,113052.0,9044.0,Promotion
EMP11746,2026-04-01,116246.0,3487.0,Annual Revision
EMP11747,2021-04-01,95735.0,11488.0,Promotion
EMP11747,2022-04-01,95602.0,7648.0,Annual Revision
EMP11747,2023-04-01,109445.0,5472.0,Annual Revision
EMP11747,2024-04-01,126465.0,3794.0,Market Adjustment
EMP11747,2025-04-01,133499.0,6675.0,Promotion
EMP11747,2026-04-01,143676.0,7184.0,Annual Revision
EMP11748,2021-04-01,43385.0,2169.0,Promotion
EMP11748,2022-04-01,45330.0,2267.0,Annual Revision
EMP11748,2023-04-01,48990.0,1470.0,Market Adjustment
EMP11748,2024-04-01,58317.0,4665.0,Annual Revision
EMP11748,2025-04-01,56892.0,1707.0,Market Adjustment
EMP11748,2026-04-01,64341.0,5147.0,No Change
EMP11749,2022-04-01,32794.0,984.0,Promotion
EMP11749,2023-04-01,35979.0,2878.0,Promotion
EMP11749,2024-04-01,37571.0,4509.0,Annual Revision
EMP11749,2025-04-01,42165.0,1265.0,Promotion
EMP11749,2026-04-01,52021.0,4162.0,No Change
EMP11750,2020-04-01,66083.0,3304.0,Annual Revision
EMP11750,2021-04-01,68162.0,3408.0,Annual Revision
EMP11750,2022-04-01,75662.0,3783.0,Annual Revision
EMP11750,2023-04-01,82938.0,4147.0,Annual Revision
EMP11750,2024-04-01,87804.0,7024.0,Market Adjustment
EMP11750,2025-04-01,97930.0,2938.0,Annual Revision
EMP11750,2026-04-01,111301.0,3339.0,Promotion
EMP11751,2023-04-01,42325.0,1270.0,Annual Revision
EMP11751,2024-04-01,44146.0,1324.0,Market Adjustment
EMP11751,2025-04-01,49455.0,3956.0,Market Adjustment
EMP11751,2026-04-01,54775.0,1643.0,Annual Revision
EMP11752,2025-04-01,67393.0,2022.0,Market Adjustment
EMP11752,2026-04-01,75656.0,3783.0,Market Adjustment
EMP11753,2024-04-01,90127.0,2704.0,Market Adjustment
EMP11753,2025-04-01,100238.0,3007.0,Promotion
EMP11753,2026-04-01,98628.0,7890.0,Annual Revision
EMP11754,2021-04-01,87232.0,2617.0,Promotion
EMP11754,2022-04-01,96649.0,4832.0,Market Adjustment
EMP11754,2023-04-01,112722.0,5636.0,Annual Revision
EMP11754,2024-04-01,127482.0,3824.0,Annual Revision
EMP11754,2025-04-01,140452.0,4214.0,No Change
EMP11754,2026-04-01,150890.0,4527.0,Annual Revision
EMP11755,2025-04-01,64214.0,3211.0,Market Adjustment
EMP11755,2026-04-01,70123.0,5610.0,Annual Revision
EMP11756,2023-04-01,42873.0,3430.0,Annual Revision
EMP11756,2024-04-01,47623.0,3810.0,Promotion
EMP11756,2025-04-01,52197.0,4176.0,Market Adjustment
EMP11756,2026-04-01,58216.0,1746.0,Annual Revision
EMP11757,2019-04-01,44331.0,2217.0,Annual Revision
EMP11757,2020-04-01,49684.0,1491.0,Market Adjustment
EMP11757,2021-04-01,48993.0,2450.0,Promotion
EMP11757,2022-04-01,55658.0,2783.0,Annual Revision
EMP11757,2023-04-01,62876.0,1886.0,Market Adjustment
EMP11757,2024-04-01,69687.0,5575.0,Annual Revision
EMP11757,2025-04-01,77345.0,2320.0,Market Adjustment
EMP11757,2026-04-01,83788.0,2514.0,Promotion
EMP11758,2021-04-01,41565.0,1247.0,Market Adjustment
EMP11758,2022-04-01,45937.0,1378.0,Annual Revision
EMP11758,2023-04-01,53184.0,4255.0,Annual Revision
EMP11758,2024-04-01,55067.0,2753.0,Annual Revision
EMP11758,2025-04-01,60367.0,4829.0,Market Adjustment
EMP11758,2026-04-01,64573.0,1937.0,Annual Revision
EMP11759,2021-04-01,89597.0,2688.0,Market Adjustment
EMP11759,2022-04-01,92759.0,2783.0,Annual Revision
EMP11759,2023-04-01,103078.0,12369.0,Market Adjustment
EMP11759,2024-04-01,116501.0,5825.0,No Change
EMP11759,2025-04-01,120052.0,6003.0,Annual Revision
EMP11759,2026-04-01,147170.0,11774.0,Market Adjustment
EMP11760,2022-04-01,31742.0,1587.0,Promotion
EMP11760,2023-04-01,34707.0,1041.0,Market Adjustment
EMP11760,2024-04-01,41116.0,3289.0,Annual Revision
EMP11760,2025-04-01,46678.0,1400.0,Annual Revision
EMP11760,2026-04-01,45797.0,3664.0,Annual Revision
EMP11761,2021-04-01,31898.0,1595.0,Annual Revision
EMP11761,2022-04-01,34000.0,4080.0,Annual Revision
EMP11761,2023-04-01,36176.0,1809.0,Promotion
EMP11761,2024-04-01,43377.0,3470.0,Annual Revision
EMP11761,2025-04-01,43710.0,3497.0,Market Adjustment
EMP11761,2026-04-01,50271.0,2514.0,Market Adjustment
EMP11762,2021-04-01,42737.0,2137.0,Market Adjustment
EMP11762,2022-04-01,45604.0,1368.0,Annual Revision
EMP11762,2023-04-01,48847.0,5862.0,Annual Revision
EMP11762,2024-04-01,52474.0,6297.0,Promotion
EMP11762,2025-04-01,59733.0,7168.0,Annual Revision
EMP11762,2026-04-01,64684.0,7762.0,Promotion
EMP11763,2024-04-01,124704.0,6235.0,Annual Revision
EMP11763,2025-04-01,141456.0,7073.0,Market Adjustment
EMP11763,2026-04-01,145661.0,7283.0,Promotion
EMP11764,2026-04-01,41858.0,2093.0,No Change
EMP11765,2021-04-01,41573.0,3326.0,Annual Revision
EMP11765,2022-04-01,47108.0,3769.0,Promotion
EMP11765,2023-04-01,52983.0,1589.0,Annual Revision
EMP11765,2024-04-01,62199.0,1866.0,Annual Revision
EMP11765,2025-04-01,63177.0,5054.0,No Change
EMP11765,2026-04-01,72382.0,2171.0,Annual Revision
EMP11766,2022-04-01,31391.0,1570.0,Market Adjustment
EMP11766,2023-04-01,34962.0,2797.0,Market Adjustment
EMP11766,2024-04-01,40024.0,3202.0,Annual Revision
EMP11766,2025-04-01,43654.0,1310.0,Annual Revision
EMP11766,2026-04-01,44153.0,2208.0,Annual Revision
EMP11767,2020-04-01,64226.0,3211.0,Annual Revision
EMP11767,2021-04-01,69900.0,3495.0,Annual Revision
EMP11767,2022-04-01,70356.0,5628.0,Annual Revision
EMP11767,2023-04-01,84990.0,2550.0,Annual Revision
EMP11767,2024-04-01,93856.0,2816.0,Market Adjustment
EMP11767,2025-04-01,96179.0,11541.0,Annual Revision
EMP11767,2026-04-01,108404.0,5420.0,Annual Revision
EMP11768,2024-04-01,40679.0,3254.0,Market Adjustment
EMP11768,2025-04-01,48066.0,2403.0,Annual Revision
EMP11768,2026-04-01,52108.0,4169.0,Annual Revision
EMP11769,2019-04-01,62578.0,3129.0,Annual Revision
EMP11769,2020-04-01,70434.0,5635.0,Annual Revision
EMP11769,2021-04-01,77125.0,9255.0,Annual Revision
EMP11769,2022-04-01,88892.0,4445.0,Annual Revision
EMP11769,2023-04-01,100002.0,5000.0,Annual Revision
EMP11769,2024-04-01,108530.0,8682.0,No Change
EMP11769,2025-04-01,128827.0,6441.0,Annual Revision
EMP11769,2026-04-01,133295.0,10664.0,Annual Revision
EMP11770,2020-04-01,63344.0,3167.0,No Change
EMP11770,2021-04-01,69972.0,3499.0,Promotion
EMP11770,2022-04-01,74177.0,5934.0,Promotion
EMP11770,2023-04-01,84976.0,2549.0,Annual Revision
EMP11770,2024-04-01,91781.0,2753.0,No Change
EMP11770,2025-04-01,96024.0,4801.0,Promotion
EMP11770,2026-04-01,113791.0,3414.0,Market Adjustment
EMP11771,2020-04-01,91962.0,11035.0,Market Adjustment
EMP11771,2021-04-01,94063.0,2822.0,Promotion
EMP11771,2022-04-01,100260.0,8021.0,No Change
EMP11771,2023-04-01,126857.0,15223.0,No Change
EMP11771,2024-04-01,134023.0,10722.0,Market Adjustment
EMP11771,2025-04-01,149277.0,11942.0,No Change
EMP11771,2026-04-01,163733.0,8187.0,Market Adjustment
EMP11772,2021-04-01,43322.0,1300.0,Annual Revision
EMP11772,2022-04-01,47021.0,1411.0,Annual Revision
EMP11772,2023-04-01,52981.0,2649.0,Annual Revision
EMP11772,2024-04-01,58135.0,4651.0,Market Adjustment
EMP11772,2025-04-01,60911.0,7309.0,Annual Revision
EMP11772,2026-04-01,67412.0,3371.0,Annual Revision
EMP11773,2021-04-01,124324.0,14919.0,Promotion
EMP11773,2022-04-01,130643.0,3919.0,Annual Revision
EMP11773,2023-04-01,145512.0,7276.0,No Change
EMP11773,2024-04-01,174565.0,13965.0,Market Adjustment
EMP11773,2025-04-01,176585.0,14127.0,Market Adjustment
EMP11773,2026-04-01,193499.0,5805.0,Market Adjustment
EMP11774,2023-04-01,63049.0,1891.0,Annual Revision
EMP11774,2024-04-01,71129.0,2134.0,Promotion
EMP11774,2025-04-01,80526.0,4026.0,Annual Revision
EMP11774,2026-04-01,84479.0,4224.0,Annual Revision
EMP11775,2019-04-01,33234.0,2659.0,Promotion
EMP11775,2020-04-01,33506.0,4021.0,Market Adjustment
EMP11775,2021-04-01,35297.0,2824.0,Promotion
EMP11775,2022-04-01,38430.0,1153.0,Promotion
EMP11775,2023-04-01,43889.0,1317.0,Promotion
EMP11775,2024-04-01,51195.0,2560.0,No Change
EMP11775,2025-04-01,52675.0,4214.0,Promotion
EMP11775,2026-04-01,58074.0,2904.0,Annual Revision
EMP11776,2024-04-01,43422.0,1303.0,Annual Revision
EMP11776,2025-04-01,45992.0,1380.0,Annual Revision
EMP11776,2026-04-01,48869.0,1466.0,Annual Revision
EMP11777,2024-04-01,73883.0,5911.0,Annual Revision
EMP11777,2025-04-01,75383.0,6031.0,Promotion
EMP11777,2026-04-01,83991.0,6719.0,Annual Revision
EMP11778,2019-04-01,93471.0,4674.0,Promotion
EMP11778,2020-04-01,102031.0,8162.0,Annual Revision
EMP11778,2021-04-01,102839.0,5142.0,Promotion
EMP11778,2022-04-01,114035.0,5702.0,Market Adjustment
EMP11778,2023-04-01,136794.0,6840.0,Promotion
EMP11778,2024-04-01,152836.0,4585.0,Annual Revision
EMP11778,2025-04-01,167177.0,8359.0,Annual Revision
EMP11778,2026-04-01,194162.0,9708.0,Annual Revision
EMP11779,2021-04-01,88784.0,7103.0,Market Adjustment
EMP11779,2022-04-01,103736.0,8299.0,Promotion
EMP11779,2023-04-01,115123.0,5756.0,Annual Revision
EMP11779,2024-04-01,117926.0,5896.0,Promotion
EMP11779,2025-04-01,122532.0,3676.0,Promotion
EMP11779,2026-04-01,153752.0,7688.0,Annual Revision
EMP11780,2025-04-01,66222.0,5298.0,Annual Revision
EMP11780,2026-04-01,72070.0,5766.0,Promotion
EMP11781,2019-04-01,91475.0,7318.0,Annual Revision
EMP11781,2020-04-01,94358.0,7549.0,Annual Revision
EMP11781,2021-04-01,101813.0,8145.0,Annual Revision
EMP11781,2022-04-01,117131.0,5857.0,Annual Revision
EMP11781,2023-04-01,134574.0,10766.0,Annual Revision
EMP11781,2024-04-01,136842.0,10947.0,Promotion
EMP11781,2025-04-01,167886.0,20146.0,No Change
EMP11781,2026-04-01,181568.0,5447.0,Annual Revision
EMP11782,2020-04-01,87640.0,2629.0,Annual Revision
EMP11782,2021-04-01,94849.0,4742.0,No Change
EMP11782,2022-04-01,106875.0,12825.0,Market Adjustment
EMP11782,2023-04-01,120975.0,6049.0,Annual Revision
EMP11782,2024-04-01,128203.0,3846.0,Promotion
EMP11782,2025-04-01,136345.0,10908.0,Market Adjustment
EMP11782,2026-04-01,147392.0,4422.0,No Change
EMP11783,2019-04-01,45474.0,2274.0,Market Adjustment
EMP11783,2020-04-01,44514.0,3561.0,No Change
EMP11783,2021-04-01,49134.0,2457.0,Annual Revision
EMP11783,2022-04-01,53807.0,4305.0,Promotion
EMP11783,2023-04-01,63677.0,1910.0,Market Adjustment
EMP11783,2024-04-01,65269.0,5222.0,Market Adjustment
EMP11783,2025-04-01,76583.0,3829.0,Annual Revision
EMP11783,2026-04-01,80440.0,4022.0,Annual Revision
EMP11784,2024-04-01,71941.0,5755.0,Market Adjustment
EMP11784,2025-04-01,72496.0,3625.0,Annual Revision
EMP11784,2026-04-01,85952.0,4298.0,Promotion
EMP11785,2024-04-01,40469.0,3238.0,Annual Revision
EMP11785,2025-04-01,48125.0,3850.0,Annual Revision
EMP11785,2026-04-01,49173.0,1475.0,Promotion
EMP11786,2023-04-01,43376.0,3470.0,Annual Revision
EMP11786,2024-04-01,48119.0,3850.0,Annual Revision
EMP11786,2025-04-01,51030.0,4082.0,Annual Revision
EMP11786,2026-04-01,57970.0,2899.0,Annual Revision
EMP11787,2019-04-01,89301.0,2679.0,Market Adjustment
EMP11787,2020-04-01,98834.0,7907.0,Annual Revision
EMP11787,2021-04-01,110193.0,5510.0,Annual Revision
EMP11787,2022-04-01,111106.0,8888.0,No Change
EMP11787,2023-04-01,136811.0,6841.0,Annual Revision
EMP11787,2024-04-01,149074.0,11926.0,No Change
EMP11787,2025-04-01,167448.0,5023.0,Market Adjustment
EMP11787,2026-04-01,194764.0,9738.0,Annual Revision
EMP11788,2026-04-01,32689.0,981.0,No Change
EMP11789,2024-04-01,45701.0,5484.0,Promotion
EMP11789,2025-04-01,50505.0,4040.0,Annual Revision
EMP11789,2026-04-01,56558.0,4525.0,Promotion
EMP11790,2020-04-01,69380.0,5550.0,Promotion
EMP11790,2021-04-01,69110.0,5529.0,Promotion
EMP11790,2022-04-01,74982.0,5999.0,Annual Revision
EMP11790,2023-04-01,100215.0,8017.0,Market Adjustment
EMP11790,2024-04-01,97365.0,4868.0,No Change
EMP11790,2025-04-01,110740.0,8859.0,Promotion
EMP11790,2026-04-01,116789.0,9343.0,Promotion
EMP11791,2022-04-01,70568.0,8468.0,Annual Revision
EMP11791,2023-04-01,71614.0,2148.0,Annual Revision
EMP11791,2024-04-01,83460.0,4173.0,Market Adjustment
EMP11791,2025-04-01,87200.0,6976.0,No Change
EMP11791,2026-04-01,98515.0,4926.0,Annual Revision
EMP11792,2021-04-01,33316.0,2665.0,Annual Revision
EMP11792,2022-04-01,34037.0,1702.0,Market Adjustment
EMP11792,2023-04-01,36658.0,2933.0,Market Adjustment
EMP11792,2024-04-01,41371.0,4965.0,Promotion
EMP11792,2025-04-01,43469.0,3477.0,No Change
EMP11792,2026-04-01,45201.0,1356.0,Annual Revision
EMP11793,2020-04-01,31699.0,951.0,Annual Revision
EMP11793,2021-04-01,37049.0,1111.0,Market Adjustment
EMP11793,2022-04-01,35199.0,1760.0,Annual Revision
EMP11793,2023-04-01,45129.0,1354.0,Annual Revision
EMP11793,2024-04-01,45573.0,2279.0,Annual Revision
EMP11793,2025-04-01,52872.0,2644.0,Market Adjustment
EMP11793,2026-04-01,59420.0,2971.0,Market Adjustment
EMP11794,2023-04-01,44600.0,1338.0,Annual Revision
EMP11794,2024-04-01,50977.0,4078.0,Annual Revision
EMP11794,2025-04-01,53095.0,6371.0,Annual Revision
EMP11794,2026-04-01,57817.0,1735.0,Annual Revision
EMP11795,2023-04-01,31178.0,1559.0,Annual Revision
EMP11795,2024-04-01,33597.0,1680.0,Promotion
EMP11795,2025-04-01,37347.0,1120.0,Annual Revision
EMP11795,2026-04-01,42004.0,2100.0,No Change
EMP11796,2019-04-01,66389.0,3319.0,Annual Revision
EMP11796,2020-04-01,71945.0,5756.0,Market Adjustment
EMP11796,2021-04-01,74400.0,8928.0,Annual Revision
EMP11796,2022-04-01,75494.0,3775.0,No Change
EMP11796,2023-04-01,83716.0,2511.0,Annual Revision
EMP11796,2024-04-01,100541.0,5027.0,Annual Revision
EMP11796,2025-04-01,104765.0,8381.0,No Change
EMP11796,2026-04-01,117515.0,5876.0,Annual Revision
EMP11797,2023-04-01,90568.0,7245.0,Annual Revision
EMP11797,2024-04-01,95627.0,4781.0,Annual Revision
EMP11797,2025-04-01,100023.0,12003.0,No Change
EMP11797,2026-04-01,112484.0,5624.0,Annual Revision
EMP11798,2024-04-01,31596.0,2528.0,Annual Revision
EMP11798,2025-04-01,36135.0,2891.0,Promotion
EMP11798,2026-04-01,40924.0,2046.0,Annual Revision
EMP11799,2023-04-01,43412.0,3473.0,Annual Revision
EMP11799,2024-04-01,47631.0,3810.0,Market Adjustment
EMP11799,2025-04-01,52218.0,6266.0,Annual Revision
EMP11799,2026-04-01,53514.0,1605.0,Promotion
EMP11800,2024-04-01,39937.0,1997.0,Promotion
EMP11800,2025-04-01,43710.0,1311.0,Annual Revision
EMP11800,2026-04-01,47267.0,1418.0,Annual Revision
EMP11801,2024-04-01,44386.0,3551.0,Annual Revision
EMP11801,2025-04-01,46405.0,2320.0,Annual Revision
EMP11801,2026-04-01,51734.0,2587.0,Annual Revision
EMP11802,2021-04-01,31359.0,941.0,Annual Revision
EMP11802,2022-04-01,34033.0,2723.0,Promotion
EMP11802,2023-04-01,39119.0,3130.0,Market Adjustment
EMP11802,2024-04-01,40922.0,3274.0,Annual Revision
EMP11802,2025-04-01,43626.0,3490.0,Annual Revision
EMP11802,2026-04-01,47689.0,3815.0,Promotion
EMP11803,2023-04-01,66820.0,8018.0,Annual Revision
EMP11803,2024-04-01,69062.0,8287.0,Promotion
EMP11803,2025-04-01,82868.0,2486.0,Annual Revision
EMP11803,2026-04-01,86944.0,6955.0,Market Adjustment
EMP11804,2021-04-01,62728.0,3136.0,Annual Revision
EMP11804,2022-04-01,71031.0,3552.0,Promotion
EMP11804,2023-04-01,79307.0,3965.0,Market Adjustment
EMP11804,2024-04-01,87833.0,4392.0,No Change
EMP11804,2025-04-01,102287.0,8183.0,No Change
EMP11804,2026-04-01,105528.0,8442.0,Market Adjustment
EMP11805,2024-04-01,76527.0,3826.0,Market Adjustment
EMP11805,2025-04-01,81636.0,2449.0,Promotion
EMP11805,2026-04-01,86551.0,4328.0,No Change
EMP11806,2024-04-01,32128.0,3855.0,No Change
EMP11806,2025-04-01,32478.0,2598.0,Promotion
EMP11806,2026-04-01,37574.0,3006.0,No Change
EMP11807,2021-04-01,65758.0,1973.0,No Change
EMP11807,2022-04-01,68064.0,5445.0,Annual Revision
EMP11807,2023-04-01,76296.0,2289.0,Annual Revision
EMP11807,2024-04-01,83279.0,6662.0,No Change
EMP11807,2025-04-01,87310.0,6985.0,No Change
EMP11807,2026-04-01,97848.0,4892.0,Market Adjustment
EMP11808,2023-04-01,46886.0,2344.0,Promotion
EMP11808,2024-04-01,44126.0,1324.0,Annual Revision
EMP11808,2025-04-01,53401.0,4272.0,Annual Revision
EMP11808,2026-04-01,58392.0,2920.0,No Change
EMP11809,2023-04-01,125280.0,3758.0,Market Adjustment
EMP11809,2024-04-01,141701.0,17004.0,Annual Revision
EMP11809,2025-04-01,160581.0,8029.0,Market Adjustment
EMP11809,2026-04-01,178954.0,14316.0,Annual Revision
EMP11810,2021-04-01,30980.0,2478.0,Promotion
EMP11810,2022-04-01,34024.0,2722.0,Annual Revision
EMP11810,2023-04-01,40043.0,3203.0,Market Adjustment
EMP11810,2024-04-01,41615.0,3329.0,Market Adjustment
EMP11810,2025-04-01,45779.0,2289.0,Promotion
EMP11810,2026-04-01,48627.0,2431.0,Annual Revision
EMP11811,2020-04-01,39996.0,3200.0,Promotion
EMP11811,2021-04-01,44815.0,1344.0,Annual Revision
EMP11811,2022-04-01,45455.0,2273.0,Annual Revision
EMP11811,2023-04-01,59222.0,2961.0,Annual Revision
EMP11811,2024-04-01,62833.0,5027.0,Annual Revision
EMP11811,2025-04-01,69887.0,5591.0,Annual Revision
EMP11811,2026-04-01,78902.0,2367.0,Annual Revision
EMP11812,2025-04-01,64424.0,1933.0,Market Adjustment
EMP11812,2026-04-01,67971.0,8157.0,Annual Revision
EMP11813,2020-04-01,124248.0,6212.0,Market Adjustment
EMP11813,2021-04-01,132225.0,6611.0,Annual Revision
EMP11813,2022-04-01,154676.0,7734.0,Promotion
EMP11813,2023-04-01,164122.0,4924.0,Annual Revision
EMP11813,2024-04-01,180971.0,14478.0,Market Adjustment
EMP11813,2025-04-01,192332.0,15387.0,Market Adjustment
EMP11813,2026-04-01,217270.0,10863.0,No Change
EMP11814,2024-04-01,63577.0,1907.0,Annual Revision
EMP11814,2025-04-01,74232.0,2227.0,Market Adjustment
EMP11814,2026-04-01,76776.0,6142.0,Market Adjustment
EMP11815,2023-04-01,68159.0,3408.0,Annual Revision
EMP11815,2024-04-01,73636.0,3682.0,Annual Revision
EMP11815,2025-04-01,81442.0,6515.0,Annual Revision
EMP11815,2026-04-01,94929.0,7594.0,Annual Revision
EMP11816,2020-04-01,127362.0,3821.0,Annual Revision
EMP11816,2021-04-01,124012.0,9921.0,Annual Revision
EMP11816,2022-04-01,147166.0,11773.0,Market Adjustment
EMP11816,2023-04-01,162444.0,19493.0,Promotion
EMP11816,2024-04-01,170850.0,5126.0,Promotion
EMP11816,2025-04-01,194325.0,23319.0,Annual Revision
EMP11816,2026-04-01,207995.0,6240.0,Annual Revision
EMP11817,2022-04-01,41845.0,2092.0,No Change
EMP11817,2023-04-01,43892.0,2195.0,Promotion
EMP11817,2024-04-01,47854.0,3828.0,Promotion
EMP11817,2025-04-01,54652.0,4372.0,Annual Revision
EMP11817,2026-04-01,63407.0,3170.0,Market Adjustment
EMP11818,2026-04-01,72988.0,2190.0,Annual Revision
EMP11819,2023-04-01,79016.0,2370.0,Market Adjustment
EMP11819,2024-04-01,98474.0,4924.0,Market Adjustment
EMP11819,2025-04-01,109454.0,3284.0,Annual Revision
EMP11819,2026-04-01,115785.0,5789.0,No Change
EMP11820,2023-04-01,126545.0,3796.0,Promotion
EMP11820,2024-04-01,138690.0,6935.0,Market Adjustment
EMP11820,2025-04-01,144198.0,11536.0,Promotion
EMP11820,2026-04-01,156587.0,4698.0,No Change
EMP11821,2021-04-01,40757.0,3261.0,Annual Revision
EMP11821,2022-04-01,46711.0,1401.0,Annual Revision
EMP11821,2023-04-01,50810.0,2540.0,Promotion
EMP11821,2024-04-01,55042.0,2752.0,Annual Revision
EMP11821,2025-04-01,59231.0,2962.0,Annual Revision
EMP11821,2026-04-01,66333.0,3317.0,Annual Revision
EMP11822,2023-04-01,120184.0,9615.0,Annual Revision
EMP11822,2024-04-01,140652.0,7033.0,Annual Revision
EMP11822,2025-04-01,140950.0,7047.0,Annual Revision
EMP11822,2026-04-01,162718.0,13017.0,Market Adjustment
EMP11823,2019-04-01,122958.0,3689.0,Annual Revision
EMP11823,2020-04-01,138730.0,6937.0,Annual Revision
EMP11823,2021-04-01,146984.0,11759.0,Annual Revision
EMP11823,2022-04-01,157374.0,4721.0,Market Adjustment
EMP11823,2023-04-01,188209.0,5646.0,Market Adjustment
EMP11823,2024-04-01,217214.0,17377.0,Market Adjustment
EMP11823,2025-04-01,219979.0,17598.0,Annual Revision
EMP11823,2026-04-01,258885.0,12944.0,Promotion
EMP11824,2020-04-01,129015.0,10321.0,Annual Revision
EMP11824,2021-04-01,130315.0,10425.0,Annual Revision
EMP11824,2022-04-01,147065.0,7353.0,Promotion
EMP11824,2023-04-01,146798.0,7340.0,Annual Revision
EMP11824,2024-04-01,171426.0,8571.0,Annual Revision
EMP11824,2025-04-01,189843.0,9492.0,Annual Revision
EMP11824,2026-04-01,203570.0,24428.0,Annual Revision
EMP11825,2023-04-01,65172.0,7821.0,Market Adjustment
EMP11825,2024-04-01,70296.0,3515.0,Annual Revision
EMP11825,2025-04-01,75438.0,6035.0,Annual Revision
EMP11825,2026-04-01,82381.0,4119.0,No Change
EMP11826,2024-04-01,117125.0,5856.0,Annual Revision
EMP11826,2025-04-01,147039.0,7352.0,Annual Revision
EMP11826,2026-04-01,155687.0,7784.0,Annual Revision
EMP11827,2025-04-01,64477.0,3224.0,Market Adjustment
EMP11827,2026-04-01,74142.0,3707.0,Annual Revision
EMP11828,2021-04-01,65003.0,1950.0,Market Adjustment
EMP11828,2022-04-01,69974.0,8397.0,No Change
EMP11828,2023-04-01,76924.0,2308.0,No Change
EMP11828,2024-04-01,87066.0,2612.0,Annual Revision
EMP11828,2025-04-01,88461.0,4423.0,Promotion
EMP11828,2026-04-01,101058.0,12127.0,Annual Revision
EMP11829,2022-04-01,89456.0,7156.0,Promotion
EMP11829,2023-04-01,97000.0,2910.0,Annual Revision
EMP11829,2024-04-01,108008.0,12961.0,Annual Revision
EMP11829,2025-04-01,116756.0,5838.0,Annual Revision
EMP11829,2026-04-01,132323.0,10586.0,Annual Revision
EMP11830,2020-04-01,84586.0,2538.0,Annual Revision
EMP11830,2021-04-01,98021.0,4901.0,Annual Revision
EMP11830,2022-04-01,102202.0,8176.0,Annual Revision
EMP11830,2023-04-01,108606.0,5430.0,Market Adjustment
EMP11830,2024-04-01,134969.0,6748.0,Annual Revision
EMP11830,2025-04-01,133333.0,10667.0,Market Adjustment
EMP11830,2026-04-01,149168.0,7458.0,Annual Revision
EMP11831,2022-04-01,68972.0,5518.0,Annual Revision
EMP11831,2023-04-01,77166.0,2315.0,Annual Revision
EMP11831,2024-04-01,84662.0,10159.0,Annual Revision
EMP11831,2025-04-01,94607.0,4730.0,Market Adjustment
EMP11831,2026-04-01,102064.0,8165.0,No Change
EMP11832,2022-04-01,44782.0,5374.0,Annual Revision
EMP11832,2023-04-01,44477.0,3558.0,Annual Revision
EMP11832,2024-04-01,50945.0,2547.0,No Change
EMP11832,2025-04-01,56300.0,2815.0,No Change
EMP11832,2026-04-01,61011.0,1830.0,Promotion
EMP11833,2019-04-01,32735.0,982.0,Annual Revision
EMP11833,2020-04-01,35827.0,2866.0,Annual Revision
EMP11833,2021-04-01,33504.0,1675.0,Annual Revision
EMP11833,2022-04-01,38811.0,1941.0,No Change
EMP11833,2023-04-01,44688.0,1341.0,Annual Revision
EMP11833,2024-04-01,50286.0,2514.0,Annual Revision
EMP11833,2025-04-01,53675.0,4294.0,Market Adjustment
EMP11833,2026-04-01,60006.0,4801.0,Annual Revision
EMP11834,2020-04-01,30471.0,2438.0,Market Adjustment
EMP11834,2021-04-01,33944.0,1697.0,Market Adjustment
EMP11834,2022-04-01,35215.0,1761.0,Promotion
EMP11834,2023-04-01,41522.0,1246.0,Promotion
EMP11834,2024-04-01,43572.0,1307.0,Annual Revision
EMP11834,2025-04-01,50132.0,1504.0,Annual Revision
EMP11834,2026-04-01,51987.0,2599.0,Market Adjustment
EMP11835,2026-04-01,42747.0,2137.0,No Change
EMP11836,2024-04-01,32181.0,1609.0,No Change
EMP11836,2025-04-01,33306.0,999.0,Market Adjustment
EMP11836,2026-04-01,39529.0,3162.0,Annual Revision
EMP11837,2022-04-01,132260.0,3968.0,Market Adjustment
EMP11837,2023-04-01,139811.0,16777.0,Annual Revision
EMP11837,2024-04-01,149771.0,11982.0,Market Adjustment
EMP11837,2025-04-01,175296.0,5259.0,Market Adjustment
EMP11837,2026-04-01,184832.0,5545.0,Annual Revision
EMP11838,2024-04-01,32426.0,1621.0,Promotion
EMP11838,2025-04-01,36525.0,2922.0,Annual Revision
EMP11838,2026-04-01,37861.0,1136.0,No Change
EMP11839,2023-04-01,71058.0,5685.0,Market Adjustment
EMP11839,2024-04-01,78319.0,2350.0,No Change
EMP11839,2025-04-01,88737.0,7099.0,Annual Revision
EMP11839,2026-04-01,87803.0,2634.0,Annual Revision
EMP11840,2020-04-01,30922.0,1546.0,Annual Revision
EMP11840,2021-04-01,35614.0,2849.0,Promotion
EMP11840,2022-04-01,34184.0,2735.0,Annual Revision
EMP11840,2023-04-01,42687.0,1281.0,Promotion
EMP11840,2024-04-01,44231.0,5308.0,Annual Revision
EMP11840,2025-04-01,48957.0,1469.0,Annual Revision
EMP11840,2026-04-01,53923.0,4314.0,Annual Revision
EMP11841,2024-04-01,74654.0,3733.0,Annual Revision
EMP11841,2025-04-01,80496.0,6440.0,Annual Revision
EMP11841,2026-04-01,83415.0,4171.0,Promotion
EMP11842,2026-04-01,45168.0,2258.0,Annual Revision
EMP11843,2023-04-01,43862.0,3509.0,Annual Revision
EMP11843,2024-04-01,48321.0,1450.0,Annual Revision
EMP11843,2025-04-01,50672.0,1520.0,No Change
EMP11843,2026-04-01,59477.0,2974.0,Annual Revision
EMP11844,2020-04-01,68247.0,2047.0,Promotion
EMP11844,2021-04-01,75597.0,3780.0,No Change
EMP11844,2022-04-01,80572.0,4029.0,Annual Revision
EMP11844,2023-04-01,91234.0,4562.0,Promotion
EMP11844,2024-04-01,100557.0,5028.0,Annual Revision
EMP11844,2025-04-01,107514.0,5376.0,Promotion
EMP11844,2026-04-01,113914.0,13670.0,Annual Revision
EMP11845,2019-04-01,44207.0,2210.0,Annual Revision
EMP11845,2020-04-01,43302.0,3464.0,No Change
EMP11845,2021-04-01,46847.0,3748.0,Promotion
EMP11845,2022-04-01,49801.0,2490.0,Annual Revision
EMP11845,2023-04-01,61619.0,3081.0,Annual Revision
EMP11845,2024-04-01,62843.0,3142.0,Annual Revision
EMP11845,2025-04-01,68242.0,3412.0,Market Adjustment
EMP11845,2026-04-01,74005.0,3700.0,Annual Revision
EMP11846,2021-04-01,120994.0,6050.0,Annual Revision
EMP11846,2022-04-01,138260.0,4148.0,Annual Revision
EMP11846,2023-04-01,157351.0,4721.0,Promotion
EMP11846,2024-04-01,171468.0,20576.0,Promotion
EMP11846,2025-04-01,194055.0,9703.0,Annual Revision
EMP11846,2026-04-01,219550.0,10977.0,Annual Revision
EMP11847,2020-04-01,125109.0,3753.0,Annual Revision
EMP11847,2021-04-01,136323.0,6816.0,Annual Revision
EMP11847,2022-04-01,144252.0,11540.0,Promotion
EMP11847,2023-04-01,167179.0,8359.0,No Change
EMP11847,2024-04-01,191416.0,5742.0,Annual Revision
EMP11847,2025-04-01,219129.0,6574.0,Annual Revision
EMP11847,2026-04-01,223127.0,11156.0,Promotion
EMP11848,2020-04-01,42660.0,1280.0,Annual Revision
EMP11848,2021-04-01,46559.0,3725.0,Promotion
EMP11848,2022-04-01,49636.0,2482.0,Annual Revision
EMP11848,2023-04-01,58555.0,4684.0,Annual Revision
EMP11848,2024-04-01,67636.0,3382.0,Annual Revision
EMP11848,2025-04-01,66902.0,5352.0,Promotion
EMP11848,2026-04-01,77003.0,3850.0,Market Adjustment
EMP11849,2020-04-01,72319.0,5786.0,Annual Revision
EMP11849,2021-04-01,76891.0,2307.0,Annual Revision
EMP11849,2022-04-01,77628.0,2329.0,Annual Revision
EMP11849,2023-04-01,88723.0,4436.0,No Change
EMP11849,2024-04-01,97684.0,7815.0,Market Adjustment
EMP11849,2025-04-01,110557.0,5528.0,Promotion
EMP11849,2026-04-01,107240.0,3217.0,Annual Revision
EMP11850,2019-04-01,75147.0,9018.0,Annual Revision
EMP11850,2020-04-01,70805.0,5664.0,Market Adjustment
EMP11850,2021-04-01,78559.0,3928.0,Market Adjustment
EMP11850,2022-04-01,82309.0,4115.0,Annual Revision
EMP11850,2023-04-01,94613.0,4731.0,Annual Revision
EMP11850,2024-04-01,105803.0,5290.0,Annual Revision
EMP11850,2025-04-01,117837.0,3535.0,Promotion
EMP11850,2026-04-01,129772.0,10382.0,Annual Revision
EMP11851,2025-04-01,73601.0,5888.0,Annual Revision
EMP11851,2026-04-01,77753.0,6220.0,Annual Revision
EMP11852,2022-04-01,75198.0,2256.0,Annual Revision
EMP11852,2023-04-01,81184.0,6495.0,Promotion
EMP11852,2024-04-01,75688.0,3784.0,Promotion
EMP11852,2025-04-01,90703.0,7256.0,Annual Revision
EMP11852,2026-04-01,97202.0,7776.0,Annual Revision
EMP11853,2019-04-01,63596.0,5088.0,Annual Revision
EMP11853,2020-04-01,66232.0,1987.0,Annual Revision
EMP11853,2021-04-01,74495.0,5960.0,Market Adjustment
EMP11853,2022-04-01,76302.0,3815.0,Annual Revision
EMP11853,2023-04-01,93243.0,4662.0,Market Adjustment
EMP11853,2024-04-01,104762.0,5238.0,Market Adjustment
EMP11853,2025-04-01,109885.0,5494.0,Annual Revision
EMP11853,2026-04-01,117466.0,3524.0,Annual Revision
EMP11854,2020-04-01,88058.0,10567.0,Market Adjustment
EMP11854,2021-04-01,91625.0,7330.0,Annual Revision
EMP11854,2022-04-01,99758.0,4988.0,Annual Revision
EMP11854,2023-04-01,119748.0,9580.0,Annual Revision
EMP11854,2024-04-01,127914.0,6396.0,Annual Revision
EMP11854,2025-04-01,139167.0,6958.0,Annual Revision
EMP11854,2026-04-01,161017.0,8051.0,Annual Revision
EMP11855,2019-04-01,75214.0,9026.0,Market Adjustment
EMP11855,2020-04-01,69552.0,5564.0,Annual Revision
EMP11855,2021-04-01,75110.0,6009.0,Market Adjustment
EMP11855,2022-04-01,81854.0,2456.0,No Change
EMP11855,2023-04-01,94830.0,7586.0,Annual Revision
EMP11855,2024-04-01,108126.0,8650.0,Annual Revision
EMP11855,2025-04-01,118119.0,9450.0,Annual Revision
EMP11855,2026-04-01,126340.0,15161.0,Promotion
EMP11856,2023-04-01,45686.0,3655.0,Annual Revision
EMP11856,2024-04-01,47743.0,2387.0,No Change
EMP11856,2025-04-01,52906.0,4232.0,Promotion
EMP11856,2026-04-01,57092.0,2855.0,Annual Revision
EMP11857,2025-04-01,122721.0,3682.0,Promotion
EMP11857,2026-04-01,138012.0,6901.0,Market Adjustment
EMP11858,2022-04-01,63593.0,3180.0,Promotion
EMP11858,2023-04-01,70268.0,3513.0,Annual Revision
EMP11858,2024-04-01,83225.0,2497.0,Market Adjustment
EMP11858,2025-04-01,83472.0,6678.0,Annual Revision
EMP11858,2026-04-01,100548.0,12066.0,Market Adjustment
EMP11859,2021-04-01,62127.0,4970.0,Annual Revision
EMP11859,2022-04-01,69776.0,2093.0,Market Adjustment
EMP11859,2023-04-01,77826.0,6226.0,Annual Revision
EMP11859,2024-04-01,82735.0,2482.0,Annual Revision
EMP11859,2025-04-01,91786.0,4589.0,No Change
EMP11859,2026-04-01,101714.0,5086.0,Annual Revision
EMP11860,2026-04-01,91554.0,7324.0,Market Adjustment
EMP11861,2021-04-01,32652.0,2612.0,Annual Revision
EMP11861,2022-04-01,33357.0,2669.0,Annual Revision
EMP11861,2023-04-01,36541.0,1827.0,Market Adjustment
EMP11861,2024-04-01,40996.0,2050.0,No Change
EMP11861,2025-04-01,43305.0,5197.0,Annual Revision
EMP11861,2026-04-01,48526.0,3882.0,Annual Revision
EMP11862,2019-04-01,43992.0,1320.0,Market Adjustment
EMP11862,2020-04-01,50350.0,2517.0,Market Adjustment
EMP11862,2021-04-01,53724.0,1612.0,No Change
EMP11862,2022-04-01,56559.0,1697.0,Promotion
EMP11862,2023-04-01,65373.0,3269.0,Promotion
EMP11862,2024-04-01,80135.0,6411.0,Annual Revision
EMP11862,2025-04-01,83298.0,2499.0,Annual Revision
EMP11862,2026-04-01,93807.0,,Annual Revision
EMP11863,2021-04-01,121346.0,9708.0,Annual Revision
EMP11863,2022-04-01,132760.0,15931.0,No Change
EMP11863,2023-04-01,146554.0,7328.0,Promotion
EMP11863,2024-04-01,159678.0,12774.0,Market Adjustment
EMP11863,2025-04-01,185143.0,9257.0,Annual Revision
EMP11863,2026-04-01,205871.0,24704.0,Promotion
EMP11864,2026-04-01,44603.0,2230.0,Annual Revision
EMP11865,2020-04-01,93359.0,4668.0,Promotion
EMP11865,2021-04-01,95375.0,2861.0,Annual Revision
EMP11865,2022-04-01,101061.0,5053.0,Promotion
EMP11865,2023-04-01,118166.0,14180.0,Annual Revision
EMP11865,2024-04-01,128111.0,10249.0,Annual Revision
EMP11865,2025-04-01,138640.0,4159.0,Market Adjustment
EMP11865,2026-04-01,157057.0,7853.0,No Change
EMP11866,2024-04-01,67956.0,3398.0,Annual Revision
EMP11866,2025-04-01,76143.0,3807.0,Annual Revision
EMP11866,2026-04-01,87020.0,10442.0,Market Adjustment
EMP11867,2024-04-01,40574.0,2029.0,Annual Revision
EMP11867,2025-04-01,45330.0,3626.0,Annual Revision
EMP11867,2026-04-01,46653.0,1400.0,Market Adjustment
EMP11868,2021-04-01,64758.0,3238.0,Promotion
EMP11868,2022-04-01,69544.0,5564.0,Annual Revision
EMP11868,2023-04-01,79834.0,6387.0,Annual Revision
EMP11868,2024-04-01,84180.0,4209.0,Annual Revision
EMP11868,2025-04-01,89945.0,7196.0,Annual Revision
EMP11868,2026-04-01,105330.0,5266.0,Annual Revision
EMP11869,2020-04-01,30842.0,925.0,Annual Revision
EMP11869,2021-04-01,35012.0,1751.0,Annual Revision
EMP11869,2022-04-01,35510.0,2841.0,No Change
EMP11869,2023-04-01,40239.0,3219.0,Market Adjustment
EMP11869,2024-04-01,47246.0,1417.0,Annual Revision
EMP11869,2025-04-01,51557.0,2578.0,Market Adjustment
EMP11869,2026-04-01,54388.0,4351.0,Annual Revision
EMP11870,2020-04-01,68360.0,2051.0,Annual Revision
EMP11870,2021-04-01,73032.0,8764.0,No Change
EMP11870,2022-04-01,77126.0,6170.0,No Change
EMP11870,2023-04-01,88267.0,4413.0,Market Adjustment
EMP11870,2024-04-01,89246.0,4462.0,Annual Revision
EMP11870,2025-04-01,105987.0,5299.0,Annual Revision
EMP11870,2026-04-01,115603.0,3468.0,Annual Revision
EMP11871,2026-04-01,40702.0,1221.0,Annual Revision
EMP11872,2023-04-01,70575.0,3529.0,Annual Revision
EMP11872,2024-04-01,79325.0,6346.0,Annual Revision
EMP11872,2025-04-01,81146.0,2434.0,Market Adjustment
EMP11872,2026-04-01,84968.0,4248.0,No Change
EMP11873,2021-04-01,41455.0,2073.0,Market Adjustment
EMP11873,2022-04-01,45986.0,2299.0,Annual Revision
EMP11873,2023-04-01,48632.0,2432.0,Annual Revision
EMP11873,2024-04-01,54695.0,1641.0,Market Adjustment
EMP11873,2025-04-01,60124.0,7215.0,Promotion
EMP11873,2026-04-01,67199.0,2016.0,Annual Revision
EMP11874,2025-04-01,135454.0,10836.0,Promotion
EMP11874,2026-04-01,135772.0,4073.0,Annual Revision
EMP11875,2022-04-01,41625.0,3330.0,Annual Revision
EMP11875,2023-04-01,44974.0,2249.0,Annual Revision
EMP11875,2024-04-01,50595.0,1518.0,Market Adjustment
EMP11875,2025-04-01,52657.0,2633.0,Annual Revision
EMP11875,2026-04-01,62522.0,5002.0,Promotion
EMP11876,2022-04-01,32055.0,2564.0,Annual Revision
EMP11876,2023-04-01,34085.0,1704.0,Annual Revision
EMP11876,2024-04-01,37346.0,4481.0,Annual Revision
EMP11876,2025-04-01,40712.0,1221.0,Promotion
EMP11876,2026-04-01,44358.0,3549.0,Annual Revision
EMP11877,2020-04-01,39622.0,1981.0,Annual Revision
EMP11877,2021-04-01,45520.0,1366.0,No Change
EMP11877,2022-04-01,46927.0,2346.0,Market Adjustment
EMP11877,2023-04-01,54791.0,1644.0,Promotion
EMP11877,2024-04-01,62483.0,3124.0,Market Adjustment
EMP11877,2025-04-01,63292.0,5063.0,Annual Revision
EMP11877,2026-04-01,72348.0,2170.0,Annual Revision
EMP11878,2023-04-01,65719.0,3286.0,Annual Revision
EMP11878,2024-04-01,72417.0,5793.0,Annual Revision
EMP11878,2025-04-01,86659.0,4333.0,Annual Revision
EMP11878,2026-04-01,94172.0,4709.0,Annual Revision
EMP11879,2024-04-01,68236.0,3412.0,Annual Revision
EMP11879,2025-04-01,81206.0,2436.0,Annual Revision
EMP11879,2026-04-01,89910.0,2697.0,Annual Revision
EMP11880,2025-04-01,45404.0,3632.0,Annual Revision
EMP11880,2026-04-01,44401.0,3552.0,Market Adjustment
EMP11881,2020-04-01,74034.0,3702.0,Annual Revision
EMP11881,2021-04-01,76864.0,3843.0,Annual Revision
EMP11881,2022-04-01,81408.0,6513.0,Market Adjustment
EMP11881,2023-04-01,86992.0,2610.0,Annual Revision
EMP11881,2024-04-01,97442.0,11693.0,Market Adjustment
EMP11881,2025-04-01,107219.0,8578.0,Promotion
EMP11881,2026-04-01,118813.0,5941.0,Market Adjustment
EMP11882,2019-04-01,69998.0,3500.0,Market Adjustment
EMP11882,2020-04-01,72870.0,2186.0,Annual Revision
EMP11882,2021-04-01,82509.0,2475.0,Promotion
EMP11882,2022-04-01,84378.0,2531.0,Annual Revision
EMP11882,2023-04-01,107198.0,8576.0,Annual Revision
EMP11882,2024-04-01,114493.0,3435.0,Annual Revision
EMP11882,2025-04-01,129484.0,10359.0,Promotion
EMP11882,2026-04-01,153698.0,4611.0,Annual Revision
EMP11883,2020-04-01,43346.0,2167.0,No Change
EMP11883,2021-04-01,44042.0,5285.0,No Change
EMP11883,2022-04-01,47223.0,5667.0,Annual Revision
EMP11883,2023-04-01,55533.0,1666.0,Annual Revision
EMP11883,2024-04-01,64443.0,5155.0,Promotion
EMP11883,2025-04-01,68701.0,3435.0,Promotion
EMP11883,2026-04-01,78228.0,2347.0,Annual Revision
EMP11884,2021-04-01,97188.0,4859.0,Annual Revision
EMP11884,2022-04-01,96480.0,4824.0,Annual Revision
EMP11884,2023-04-01,105568.0,8445.0,No Change
EMP11884,2024-04-01,117584.0,9407.0,Promotion
EMP11884,2025-04-01,126285.0,10103.0,Promotion
EMP11884,2026-04-01,135503.0,4065.0,Annual Revision
EMP11885,2025-04-01,126855.0,10148.0,Promotion
EMP11885,2026-04-01,134711.0,6736.0,Market Adjustment
EMP11886,2025-04-01,89674.0,4484.0,Promotion
EMP11886,2026-04-01,97158.0,4858.0,Annual Revision
EMP11887,2024-04-01,88944.0,4447.0,Promotion
EMP11887,2025-04-01,98961.0,2969.0,Annual Revision
EMP11887,2026-04-01,113701.0,9096.0,Annual Revision
EMP11888,2024-04-01,69067.0,8288.0,Promotion
EMP11888,2025-04-01,73682.0,3684.0,Annual Revision
EMP11888,2026-04-01,71096.0,2133.0,Promotion
EMP11889,2023-04-01,69923.0,5594.0,Market Adjustment
EMP11889,2024-04-01,74923.0,5994.0,Annual Revision
EMP11889,2025-04-01,85141.0,4257.0,Annual Revision
EMP11889,2026-04-01,98336.0,4917.0,Annual Revision
EMP11890,2023-04-01,47224.0,1417.0,Annual Revision
EMP11890,2024-04-01,47307.0,3785.0,Market Adjustment
EMP11890,2025-04-01,53694.0,4296.0,Market Adjustment
EMP11890,2026-04-01,60727.0,3036.0,Market Adjustment
EMP11891,2024-04-01,41891.0,3351.0,Annual Revision
EMP11891,2025-04-01,49318.0,1480.0,Promotion
EMP11891,2026-04-01,52086.0,4167.0,Annual Revision
EMP11892,2020-04-01,42055.0,2103.0,Market Adjustment
EMP11892,2021-04-01,44761.0,1343.0,Annual Revision
EMP11892,2022-04-01,44876.0,3590.0,Annual Revision
EMP11892,2023-04-01,53835.0,1615.0,Annual Revision
EMP11892,2024-04-01,58872.0,2944.0,Annual Revision
EMP11892,2025-04-01,65660.0,7879.0,Annual Revision
EMP11892,2026-04-01,71419.0,3571.0,Promotion
EMP11893,2024-04-01,31661.0,1583.0,Annual Revision
EMP11893,2025-04-01,35036.0,2803.0,Annual Revision
EMP11893,2026-04-01,39113.0,1173.0,Annual Revision
EMP11894,2024-04-01,127347.0,6367.0,Market Adjustment
EMP11894,2025-04-01,146076.0,7304.0,Market Adjustment
EMP11894,2026-04-01,160113.0,12809.0,No Change
EMP11895,2024-04-01,30830.0,2466.0,Annual Revision
EMP11895,2025-04-01,32438.0,2595.0,No Change
EMP11895,2026-04-01,38577.0,3086.0,Annual Revision
EMP11896,2022-04-01,31463.0,2517.0,Market Adjustment
EMP11896,2023-04-01,35931.0,2874.0,Promotion
EMP11896,2024-04-01,37391.0,1122.0,Promotion
EMP11896,2025-04-01,40239.0,3219.0,Annual Revision
EMP11896,2026-04-01,47091.0,5651.0,Market Adjustment
EMP11897,2025-04-01,41686.0,2084.0,No Change
EMP11897,2026-04-01,48275.0,3862.0,No Change
EMP11898,2019-04-01,66959.0,5357.0,Annual Revision
EMP11898,2020-04-01,69099.0,3455.0,Annual Revision
EMP11898,2021-04-01,75644.0,2269.0,Annual Revision
EMP11898,2022-04-01,83282.0,2498.0,Promotion
EMP11898,2023-04-01,96550.0,2896.0,Annual Revision
EMP11898,2024-04-01,104886.0,5244.0,Annual Revision
EMP11898,2025-04-01,126043.0,6302.0,Annual Revision
EMP11898,2026-04-01,124248.0,6212.0,Annual Revision
EMP11899,2025-04-01,41315.0,1239.0,Market Adjustment
EMP11899,2026-04-01,44112.0,1323.0,Market Adjustment
EMP11900,2021-04-01,32966.0,2637.0,Promotion
EMP11900,2022-04-01,34724.0,1042.0,No Change
EMP11900,2023-04-01,39069.0,3126.0,Market Adjustment
EMP11900,2024-04-01,43654.0,3492.0,Annual Revision
EMP11900,2025-04-01,47626.0,1429.0,Annual Revision
EMP11900,2026-04-01,53427.0,6411.0,Annual Revision
EMP11901,2021-04-01,73018.0,8762.0,Annual Revision
EMP11901,2022-04-01,75355.0,6028.0,Promotion
EMP11901,2023-04-01,80684.0,6455.0,Promotion
EMP11901,2024-04-01,91791.0,7343.0,Annual Revision
EMP11901,2025-04-01,101908.0,12229.0,Annual Revision
EMP11901,2026-04-01,119946.0,9596.0,Promotion
EMP11902,2025-04-01,42142.0,1264.0,Market Adjustment
EMP11902,2026-04-01,47702.0,2385.0,Annual Revision
EMP11903,2021-04-01,71883.0,5751.0,No Change
EMP11903,2022-04-01,69655.0,3483.0,Market Adjustment
EMP11903,2023-04-01,80119.0,4006.0,Annual Revision
EMP11903,2024-04-01,92614.0,11114.0,Annual Revision
EMP11903,2025-04-01,95544.0,4777.0,Annual Revision
EMP11903,2026-04-01,105568.0,3167.0,Annual Revision
EMP11904,2022-04-01,46332.0,2317.0,Annual Revision
EMP11904,2023-04-01,50242.0,2512.0,Promotion
EMP11904,2024-04-01,54986.0,1650.0,Market Adjustment
EMP11904,2025-04-01,58388.0,4671.0,Annual Revision
EMP11904,2026-04-01,64883.0,1946.0,No Change
EMP11905,2025-04-01,71094.0,2133.0,Annual Revision
EMP11905,2026-04-01,73992.0,3700.0,Annual Revision
EMP11906,2024-04-01,71921.0,2158.0,Market Adjustment
EMP11906,2025-04-01,76241.0,6099.0,No Change
EMP11906,2026-04-01,87727.0,10527.0,Market Adjustment
EMP11907,2020-04-01,89124.0,7130.0,Promotion
EMP11907,2021-04-01,92533.0,7403.0,Annual Revision
EMP11907,2022-04-01,108752.0,8700.0,Annual Revision
EMP11907,2023-04-01,128065.0,6403.0,Promotion
EMP11907,2024-04-01,134220.0,6711.0,Annual Revision
EMP11907,2025-04-01,145213.0,4356.0,No Change
EMP11907,2026-04-01,166051.0,8303.0,Annual Revision
EMP11908,2023-04-01,64570.0,7748.0,Annual Revision
EMP11908,2024-04-01,68429.0,2053.0,Annual Revision
EMP11908,2025-04-01,77051.0,2312.0,Annual Revision
EMP11908,2026-04-01,85257.0,6821.0,Market Adjustment
EMP11909,2024-04-01,32524.0,976.0,Promotion
EMP11909,2025-04-01,34553.0,1728.0,Annual Revision
EMP11909,2026-04-01,39215.0,4706.0,Annual Revision
EMP11910,2021-04-01,44352.0,2218.0,Annual Revision
EMP11910,2022-04-01,48599.0,5832.0,Annual Revision
EMP11910,2023-04-01,55007.0,1650.0,No Change
EMP11910,2024-04-01,62489.0,4999.0,Annual Revision
EMP11910,2025-04-01,66107.0,1983.0,Annual Revision
EMP11910,2026-04-01,75166.0,6013.0,Annual Revision
EMP11911,2019-04-01,68698.0,2061.0,Market Adjustment
EMP11911,2020-04-01,70398.0,8448.0,Annual Revision
EMP11911,2021-04-01,73836.0,3692.0,No Change
EMP11911,2022-04-01,78138.0,6251.0,Annual Revision
EMP11911,2023-04-01,91981.0,4599.0,Annual Revision
EMP11911,2024-04-01,100198.0,5010.0,Annual Revision
EMP11911,2025-04-01,113081.0,5654.0,Annual Revision
EMP11911,2026-04-01,116206.0,5810.0,No Change
EMP11912,2023-04-01,66173.0,5294.0,Annual Revision
EMP11912,2024-04-01,70098.0,5608.0,Annual Revision
EMP11912,2025-04-01,82096.0,2463.0,Annual Revision
EMP11912,2026-04-01,88375.0,4419.0,Market Adjustment
EMP11913,2021-04-01,67329.0,5386.0,Annual Revision
EMP11913,2022-04-01,74577.0,8949.0,Market Adjustment
EMP11913,2023-04-01,77783.0,6223.0,No Change
EMP11913,2024-04-01,86332.0,4317.0,Annual Revision
EMP11913,2025-04-01,98665.0,7893.0,Annual Revision
EMP11913,2026-04-01,106483.0,3194.0,No Change
EMP11914,2024-04-01,75852.0,3793.0,Promotion
EMP11914,2025-04-01,76580.0,9190.0,Annual Revision
EMP11914,2026-04-01,86012.0,4301.0,Market Adjustment
EMP11915,2022-04-01,93070.0,11168.0,Promotion
EMP11915,2023-04-01,94498.0,7560.0,Annual Revision
EMP11915,2024-04-01,112891.0,13547.0,No Change
EMP11915,2025-04-01,123323.0,3700.0,Market Adjustment
EMP11915,2026-04-01,132038.0,10563.0,Annual Revision
EMP11916,2022-04-01,43281.0,1298.0,Annual Revision
EMP11916,2023-04-01,45910.0,3673.0,Annual Revision
EMP11916,2024-04-01,49716.0,2486.0,Promotion
EMP11916,2025-04-01,52288.0,1569.0,Annual Revision
EMP11916,2026-04-01,64235.0,3212.0,Market Adjustment
EMP11917,2020-04-01,91085.0,4554.0,Promotion
EMP11917,2021-04-01,93366.0,4668.0,Annual Revision
EMP11917,2022-04-01,100281.0,8022.0,Promotion
EMP11917,2023-04-01,109295.0,13115.0,No Change
EMP11917,2024-04-01,129841.0,3895.0,Annual Revision
EMP11917,2025-04-01,135589.0,6779.0,Promotion
EMP11917,2026-04-01,145761.0,7288.0,Annual Revision
EMP11918,2022-04-01,121251.0,6063.0,Annual Revision
EMP11918,2023-04-01,134387.0,10751.0,Annual Revision
EMP11918,2024-04-01,150316.0,7516.0,Market Adjustment
EMP11918,2025-04-01,164425.0,4933.0,Annual Revision
EMP11918,2026-04-01,189531.0,15162.0,Promotion
EMP11919,2025-04-01,41833.0,1255.0,Annual Revision
EMP11919,2026-04-01,48153.0,1445.0,Annual Revision
EMP11920,2022-04-01,31217.0,2497.0,Annual Revision
EMP11920,2023-04-01,34770.0,4172.0,Promotion
EMP11920,2024-04-01,37076.0,1854.0,Annual Revision
EMP11920,2025-04-01,43407.0,2170.0,Market Adjustment
EMP11920,2026-04-01,49750.0,3980.0,No Change
EMP11921,2022-04-01,64133.0,7696.0,Promotion
EMP11921,2023-04-01,72159.0,5773.0,Annual Revision
EMP11921,2024-04-01,82303.0,2469.0,Promotion
EMP11921,2025-04-01,88628.0,2659.0,Annual Revision
EMP11921,2026-04-01,100075.0,8006.0,Annual Revision
EMP11922,2021-04-01,64837.0,3242.0,No Change
EMP11922,2022-04-01,74188.0,3709.0,Promotion
EMP11922,2023-04-01,75140.0,6011.0,Annual Revision
EMP11922,2024-04-01,86435.0,4322.0,No Change
EMP11922,2025-04-01,87926.0,2638.0,Annual Revision
EMP11922,2026-04-01,104866.0,8389.0,Annual Revision
EMP11923,2021-04-01,41195.0,3296.0,Annual Revision
EMP11923,2022-04-01,46712.0,5605.0,Annual Revision
EMP11923,2023-04-01,46645.0,3732.0,Promotion
EMP11923,2024-04-01,54291.0,2715.0,No Change
EMP11923,2025-04-01,57526.0,4602.0,Promotion
EMP11923,2026-04-01,65940.0,5275.0,Promotion
EMP11924,2019-04-01,85901.0,2577.0,Annual Revision
EMP11924,2020-04-01,94399.0,7552.0,Market Adjustment
EMP11924,2021-04-01,102541.0,5127.0,Promotion
EMP11924,2022-04-01,108965.0,13076.0,Market Adjustment
EMP11924,2023-04-01,130643.0,6532.0,Market Adjustment
EMP11924,2024-04-01,135787.0,4074.0,Promotion
EMP11924,2025-04-01,162105.0,8105.0,Annual Revision
EMP11924,2026-04-01,168880.0,8444.0,Annual Revision
EMP11925,2021-04-01,68833.0,2065.0,Promotion
EMP11925,2022-04-01,73550.0,3677.0,Market Adjustment
EMP11925,2023-04-01,80387.0,6431.0,Annual Revision
EMP11925,2024-04-01,91017.0,2731.0,Market Adjustment
EMP11925,2025-04-01,98333.0,2950.0,Market Adjustment
EMP11925,2026-04-01,108515.0,8681.0,Annual Revision
EMP11926,2019-04-01,31317.0,1566.0,Promotion
EMP11926,2020-04-01,34147.0,2732.0,Promotion
EMP11926,2021-04-01,37532.0,1877.0,Annual Revision
EMP11926,2022-04-01,38413.0,3073.0,No Change
EMP11926,2023-04-01,47170.0,1415.0,Market Adjustment
EMP11926,2024-04-01,55462.0,1664.0,Annual Revision
EMP11926,2025-04-01,60170.0,4814.0,Market Adjustment
EMP11926,2026-04-01,64094.0,5128.0,Annual Revision
EMP11927,2025-04-01,87878.0,7030.0,No Change
EMP11927,2026-04-01,103474.0,5174.0,Promotion
EMP11928,2025-04-01,66725.0,8007.0,Promotion
EMP11928,2026-04-01,79086.0,9490.0,Promotion
EMP11929,2023-04-01,69035.0,8284.0,No Change
EMP11929,2024-04-01,78400.0,6272.0,Promotion
EMP11929,2025-04-01,81946.0,6556.0,Annual Revision
EMP11929,2026-04-01,89091.0,4455.0,Market Adjustment
EMP11930,2021-04-01,121752.0,9740.0,Market Adjustment
EMP11930,2022-04-01,132442.0,10595.0,Market Adjustment
EMP11930,2023-04-01,142091.0,17051.0,Market Adjustment
EMP11930,2024-04-01,163545.0,8177.0,Annual Revision
EMP11930,2025-04-01,176772.0,5303.0,No Change
EMP11930,2026-04-01,196058.0,9803.0,Annual Revision
EMP11931,2026-04-01,39708.0,1985.0,Annual Revision
EMP11932,2021-04-01,85392.0,4270.0,Market Adjustment
EMP11932,2022-04-01,95720.0,7658.0,Promotion
EMP11932,2023-04-01,114545.0,3436.0,Annual Revision
EMP11932,2024-04-01,122591.0,6130.0,No Change
EMP11932,2025-04-01,125759.0,3773.0,Annual Revision
EMP11932,2026-04-01,134675.0,10774.0,Annual Revision
EMP11933,2025-04-01,41317.0,1240.0,No Change
EMP11933,2026-04-01,45190.0,1356.0,No Change
EMP11934,2019-04-01,71867.0,2156.0,No Change
EMP11934,2020-04-01,73062.0,3653.0,Annual Revision
EMP11934,2021-04-01,84820.0,4241.0,Annual Revision
EMP11934,2022-04-01,91527.0,4576.0,Annual Revision
EMP11934,2023-04-01,102901.0,8232.0,Annual Revision
EMP11934,2024-04-01,111738.0,5587.0,Promotion
EMP11934,2025-04-01,134130.0,16096.0,Annual Revision
EMP11934,2026-04-01,139103.0,6955.0,Promotion
EMP11935,2021-04-01,29379.0,2350.0,Market Adjustment
EMP11935,2022-04-01,36546.0,1827.0,No Change
EMP11935,2023-04-01,42410.0,3393.0,Promotion
EMP11935,2024-04-01,44830.0,3586.0,Annual Revision
EMP11935,2025-04-01,46572.0,2329.0,Promotion
EMP11935,2026-04-01,52710.0,6325.0,Annual Revision
EMP11936,2022-04-01,29041.0,871.0,Promotion
EMP11936,2023-04-01,35865.0,4304.0,Annual Revision
EMP11936,2024-04-01,34841.0,4181.0,Market Adjustment
EMP11936,2025-04-01,39443.0,1183.0,Annual Revision
EMP11936,2026-04-01,43152.0,1295.0,Annual Revision
EMP11937,2023-04-01,65951.0,3298.0,Annual Revision
EMP11937,2024-04-01,72413.0,2172.0,Annual Revision
EMP11937,2025-04-01,75634.0,3782.0,Annual Revision
EMP11937,2026-04-01,86391.0,2592.0,Annual Revision
EMP11938,2020-04-01,64991.0,3250.0,Market Adjustment
EMP11938,2021-04-01,70618.0,3531.0,Annual Revision
EMP11938,2022-04-01,76610.0,3830.0,Market Adjustment
EMP11938,2023-04-01,90196.0,2706.0,Market Adjustment
EMP11938,2024-04-01,102012.0,8161.0,Annual Revision
EMP11938,2025-04-01,110423.0,3313.0,Annual Revision
EMP11938,2026-04-01,112825.0,3385.0,No Change
EMP11939,2022-04-01,34086.0,1704.0,Annual Revision
EMP11939,2023-04-01,36270.0,1088.0,No Change
EMP11939,2024-04-01,39679.0,1984.0,Annual Revision
EMP11939,2025-04-01,45776.0,5493.0,Annual Revision
EMP11939,2026-04-01,46289.0,3703.0,Market Adjustment
EMP11940,2020-04-01,45405.0,2270.0,Promotion
EMP11940,2021-04-01,45166.0,2258.0,Annual Revision
EMP11940,2022-04-01,48016.0,1440.0,Annual Revision
EMP11940,2023-04-01,59316.0,2966.0,Market Adjustment
EMP11940,2024-04-01,66546.0,1996.0,Annual Revision
EMP11940,2025-04-01,71628.0,3581.0,No Change
EMP11940,2026-04-01,75434.0,6035.0,Annual Revision
EMP11941,2026-04-01,66596.0,5328.0,Promotion
EMP11942,2019-04-01,64595.0,5168.0,Annual Revision
EMP11942,2020-04-01,68320.0,8198.0,Annual Revision
EMP11942,2021-04-01,75138.0,2254.0,Market Adjustment
EMP11942,2022-04-01,73485.0,3674.0,Market Adjustment
EMP11942,2023-04-01,95990.0,2880.0,Annual Revision
EMP11942,2024-04-01,100144.0,3004.0,Market Adjustment
EMP11942,2025-04-01,107332.0,12880.0,Market Adjustment
EMP11942,2026-04-01,118052.0,3542.0,Market Adjustment
EMP11943,2025-04-01,43152.0,1295.0,Annual Revision
EMP11943,2026-04-01,46714.0,2336.0,Market Adjustment
EMP11944,2026-04-01,46084.0,1383.0,Annual Revision
EMP11945,2020-04-01,65876.0,1976.0,Market Adjustment
EMP11945,2021-04-01,68556.0,5484.0,Annual Revision
EMP11945,2022-04-01,69240.0,3462.0,Market Adjustment
EMP11945,2023-04-01,83636.0,4182.0,Market Adjustment
EMP11945,2024-04-01,90208.0,10825.0,Market Adjustment
EMP11945,2025-04-01,103356.0,8268.0,Market Adjustment
EMP11945,2026-04-01,104066.0,3122.0,Market Adjustment
EMP11946,2025-04-01,30665.0,920.0,Market Adjustment
EMP11946,2026-04-01,35042.0,1752.0,Annual Revision
EMP11947,2024-04-01,41891.0,2095.0,Annual Revision
EMP11947,2025-04-01,46550.0,2328.0,Market Adjustment
EMP11947,2026-04-01,48510.0,3881.0,Promotion
EMP11948,2023-04-01,45473.0,1364.0,Annual Revision
EMP11948,2024-04-01,50461.0,2523.0,Annual Revision
EMP11948,2025-04-01,52118.0,4169.0,Promotion
EMP11948,2026-04-01,55749.0,2787.0,Annual Revision
EMP11949,2025-04-01,42230.0,2112.0,Annual Revision
EMP11949,2026-04-01,44817.0,3585.0,Promotion
EMP11950,2026-04-01,61868.0,1856.0,Annual Revision
EMP11951,2024-04-01,30469.0,914.0,Annual Revision
EMP11951,2025-04-01,35609.0,1068.0,Promotion
EMP11951,2026-04-01,40829.0,2041.0,Annual Revision
EMP11952,2019-04-01,132629.0,10610.0,Annual Revision
EMP11952,2020-04-01,140142.0,7007.0,Promotion
EMP11952,2021-04-01,146753.0,4403.0,Annual Revision
EMP11952,2022-04-01,165259.0,8263.0,Market Adjustment
EMP11952,2023-04-01,198755.0,23851.0,Annual Revision
EMP11952,2024-04-01,208818.0,10441.0,Promotion
EMP11952,2025-04-01,242693.0,12135.0,No Change
EMP11952,2026-04-01,254309.0,20345.0,No Change
EMP11953,2023-04-01,33030.0,991.0,Market Adjustment
EMP11953,2024-04-01,33673.0,1684.0,Market Adjustment
EMP11953,2025-04-01,39842.0,1992.0,Annual Revision
EMP11953,2026-04-01,41600.0,3328.0,Market Adjustment
EMP11954,2022-04-01,32002.0,3840.0,Annual Revision
EMP11954,2023-04-01,34027.0,2722.0,Promotion
EMP11954,2024-04-01,36554.0,2924.0,Market Adjustment
EMP11954,2025-04-01,41996.0,5039.0,Promotion
EMP11954,2026-04-01,44439.0,3555.0,Annual Revision
EMP11955,2024-04-01,44410.0,5329.0,Annual Revision
EMP11955,2025-04-01,46035.0,3683.0,Annual Revision
EMP11955,2026-04-01,47867.0,3829.0,Promotion
EMP11956,2020-04-01,88921.0,4446.0,Annual Revision
EMP11956,2021-04-01,95330.0,4766.0,Market Adjustment
EMP11956,2022-04-01,105475.0,5274.0,Annual Revision
EMP11956,2023-04-01,118002.0,5900.0,Annual Revision
EMP11956,2024-04-01,129858.0,3896.0,Market Adjustment
EMP11956,2025-04-01,146271.0,7314.0,Annual Revision
EMP11956,2026-04-01,149168.0,7458.0,Annual Revision
EMP11957,2020-04-01,44099.0,2205.0,Annual Revision
EMP11957,2021-04-01,42757.0,1283.0,Annual Revision
EMP11957,2022-04-01,46230.0,1387.0,Market Adjustment
EMP11957,2023-04-01,55801.0,1674.0,Market Adjustment
EMP11957,2024-04-01,56737.0,4539.0,Annual Revision
EMP11957,2025-04-01,63036.0,1891.0,Promotion
EMP11957,2026-04-01,72679.0,3634.0,Annual Revision
EMP11958,2023-04-01,43351.0,2168.0,Annual Revision
EMP11958,2024-04-01,47145.0,1414.0,Market Adjustment
EMP11958,2025-04-01,50927.0,4074.0,Market Adjustment
EMP11958,2026-04-01,52327.0,1570.0,Market Adjustment
EMP11959,2022-04-01,59617.0,1789.0,No Change
EMP11959,2023-04-01,68887.0,2067.0,Annual Revision
EMP11959,2024-04-01,80352.0,9642.0,Annual Revision
EMP11959,2025-04-01,88711.0,7097.0,Annual Revision
EMP11959,2026-04-01,97307.0,2919.0,Promotion
EMP11960,2022-04-01,44211.0,2211.0,Annual Revision
EMP11960,2023-04-01,46291.0,1389.0,Promotion
EMP11960,2024-04-01,50003.0,4000.0,Annual Revision
EMP11960,2025-04-01,56324.0,6759.0,Promotion
EMP11960,2026-04-01,57310.0,4585.0,Annual Revision
EMP11961,2021-04-01,30783.0,1539.0,No Change
EMP11961,2022-04-01,34231.0,1712.0,Annual Revision
EMP11961,2023-04-01,37512.0,3001.0,Annual Revision
EMP11961,2024-04-01,40630.0,2032.0,Annual Revision
EMP11961,2025-04-01,45762.0,3661.0,Promotion
EMP11961,2026-04-01,48178.0,2409.0,Promotion
EMP11962,2026-04-01,72025.0,3601.0,Annual Revision
EMP11963,2025-04-01,47869.0,3830.0,Promotion
EMP11963,2026-04-01,49507.0,3961.0,Annual Revision
EMP11964,2020-04-01,46332.0,1390.0,Annual Revision
EMP11964,2021-04-01,45401.0,3632.0,No Change
EMP11964,2022-04-01,50363.0,2518.0,Market Adjustment
EMP11964,2023-04-01,57319.0,1720.0,Annual Revision
EMP11964,2024-04-01,61519.0,3076.0,Annual Revision
EMP11964,2025-04-01,66191.0,3310.0,Annual Revision
EMP11964,2026-04-01,75779.0,2273.0,Annual Revision
EMP11965,2021-04-01,86915.0,6953.0,No Change
EMP11965,2022-04-01,97553.0,2927.0,Market Adjustment
EMP11965,2023-04-01,105511.0,8441.0,Annual Revision
EMP11965,2024-04-01,118851.0,9508.0,Annual Revision
EMP11965,2025-04-01,133006.0,6650.0,No Change
EMP11965,2026-04-01,141270.0,4238.0,Annual Revision
EMP11966,2021-04-01,31969.0,1598.0,Annual Revision
EMP11966,2022-04-01,32977.0,2638.0,Annual Revision
EMP11966,2023-04-01,38642.0,,Market Adjustment
EMP11966,2024-04-01,41106.0,1233.0,Market Adjustment
EMP11966,2025-04-01,47794.0,2390.0,No Change
EMP11966,2026-04-01,50251.0,6030.0,Promotion
EMP11967,2022-04-01,30895.0,3707.0,Annual Revision
EMP11967,2023-04-01,35333.0,1060.0,Annual Revision
EMP11967,2024-04-01,36649.0,1832.0,Annual Revision
EMP11967,2025-04-01,42500.0,2125.0,Market Adjustment
EMP11967,2026-04-01,45953.0,2298.0,Market Adjustment
EMP11968,2022-04-01,64131.0,1924.0,Annual Revision
EMP11968,2023-04-01,68180.0,3409.0,Annual Revision
EMP11968,2024-04-01,81400.0,6512.0,Annual Revision
EMP11968,2025-04-01,80601.0,2418.0,Annual Revision
EMP11968,2026-04-01,87970.0,7038.0,Annual Revision
EMP11969,2021-04-01,122519.0,9801.0,Market Adjustment
EMP11969,2022-04-01,143559.0,4307.0,Annual Revision
EMP11969,2023-04-01,158554.0,7928.0,Promotion
EMP11969,2024-04-01,173516.0,5205.0,Promotion
EMP11969,2025-04-01,183664.0,9183.0,Annual Revision
EMP11969,2026-04-01,218087.0,10904.0,Promotion
EMP11970,2023-04-01,123650.0,9892.0,Annual Revision
EMP11970,2024-04-01,135745.0,16289.0,Annual Revision
EMP11970,2025-04-01,159581.0,7979.0,Annual Revision
EMP11970,2026-04-01,158818.0,7941.0,Annual Revision
EMP11971,2021-04-01,43865.0,3509.0,No Change
EMP11971,2022-04-01,45974.0,2299.0,Annual Revision
EMP11971,2023-04-01,55608.0,2780.0,Market Adjustment
EMP11971,2024-04-01,60759.0,4861.0,Market Adjustment
EMP11971,2025-04-01,71321.0,8558.0,No Change
EMP11971,2026-04-01,77033.0,3852.0,Annual Revision
EMP11972,2021-04-01,68683.0,5495.0,No Change
EMP11972,2022-04-01,75265.0,2258.0,Promotion
EMP11972,2023-04-01,83217.0,2496.0,Annual Revision
EMP11972,2024-04-01,91700.0,7336.0,Promotion
EMP11972,2025-04-01,94960.0,11395.0,Annual Revision
EMP11972,2026-04-01,113766.0,3413.0,Market Adjustment
EMP11973,2025-04-01,93525.0,7482.0,Annual Revision
EMP11973,2026-04-01,97291.0,2919.0,Market Adjustment
EMP11974,2020-04-01,65457.0,5237.0,Market Adjustment
EMP11974,2021-04-01,75148.0,3757.0,Annual Revision
EMP11974,2022-04-01,72818.0,3641.0,Market Adjustment
EMP11974,2023-04-01,89198.0,2676.0,Market Adjustment
EMP11974,2024-04-01,99432.0,4972.0,Annual Revision
EMP11974,2025-04-01,109441.0,3283.0,No Change
EMP11974,2026-04-01,126398.0,3792.0,Annual Revision
EMP11975,2025-04-01,45110.0,3609.0,Annual Revision
EMP11975,2026-04-01,48644.0,1459.0,Annual Revision
EMP11976,2022-04-01,42074.0,1262.0,Promotion
EMP11976,2023-04-01,47706.0,2385.0,Promotion
EMP11976,2024-04-01,45997.0,3680.0,No Change
EMP11976,2025-04-01,53755.0,2688.0,Annual Revision
EMP11976,2026-04-01,61962.0,3098.0,Promotion
EMP11977,2025-04-01,70380.0,5630.0,Annual Revision
EMP11977,2026-04-01,77370.0,2321.0,Annual Revision
EMP11978,2024-04-01,40694.0,3256.0,Market Adjustment
EMP11978,2025-04-01,47127.0,5655.0,No Change
EMP11978,2026-04-01,47583.0,2379.0,Annual Revision
EMP11979,2021-04-01,33088.0,2647.0,Market Adjustment
EMP11979,2022-04-01,34966.0,1049.0,Promotion
EMP11979,2023-04-01,37534.0,1877.0,Promotion
EMP11979,2024-04-01,40227.0,1207.0,No Change
EMP11979,2025-04-01,41984.0,2099.0,Annual Revision
EMP11979,2026-04-01,51442.0,4115.0,Annual Revision
EMP11980,2021-04-01,65674.0,5254.0,Market Adjustment
EMP11980,2022-04-01,74543.0,3727.0,Market Adjustment
EMP11980,2023-04-01,82838.0,2485.0,Market Adjustment
EMP11980,2024-04-01,85671.0,4284.0,Market Adjustment
EMP11980,2025-04-01,100825.0,3025.0,Annual Revision
EMP11980,2026-04-01,110304.0,5515.0,Promotion
EMP11981,2023-04-01,60771.0,1823.0,Promotion
EMP11981,2024-04-01,77803.0,3890.0,Annual Revision
EMP11981,2025-04-01,81282.0,6503.0,Annual Revision
EMP11981,2026-04-01,85962.0,6877.0,Annual Revision
EMP11982,2022-04-01,94153.0,7532.0,Annual Revision
EMP11982,2023-04-01,101798.0,3054.0,Annual Revision
EMP11982,2024-04-01,110383.0,8831.0,Annual Revision
EMP11982,2025-04-01,120227.0,3607.0,Annual Revision
EMP11982,2026-04-01,128958.0,6448.0,Market Adjustment
EMP11983,2024-04-01,90012.0,2700.0,Market Adjustment
EMP11983,2025-04-01,98783.0,11854.0,Annual Revision
EMP11983,2026-04-01,109121.0,13094.0,Market Adjustment
EMP11984,2020-04-01,33321.0,2666.0,Annual Revision
EMP11984,2021-04-01,33511.0,1005.0,Promotion
EMP11984,2022-04-01,35250.0,1762.0,Market Adjustment
EMP11984,2023-04-01,42946.0,2147.0,Annual Revision
EMP11984,2024-04-01,49157.0,2458.0,Market Adjustment
EMP11984,2025-04-01,54859.0,1646.0,Annual Revision
EMP11984,2026-04-01,59658.0,4773.0,Promotion
EMP11985,2019-04-01,30877.0,3705.0,Promotion
EMP11985,2020-04-01,35779.0,2862.0,Market Adjustment
EMP11985,2021-04-01,37553.0,3004.0,Annual Revision
EMP11985,2022-04-01,38644.0,1932.0,Market Adjustment
EMP11985,2023-04-01,53460.0,1604.0,Annual Revision
EMP11985,2024-04-01,54794.0,4384.0,Annual Revision
EMP11985,2025-04-01,57154.0,1715.0,Annual Revision
EMP11985,2026-04-01,62127.0,1864.0,Annual Revision
EMP11986,2023-04-01,67243.0,8069.0,Market Adjustment
EMP11986,2024-04-01,68289.0,3414.0,Annual Revision
EMP11986,2025-04-01,77958.0,9355.0,Annual Revision
EMP11986,2026-04-01,86938.0,4347.0,No Change
EMP11987,2024-04-01,37622.0,3010.0,Annual Revision
EMP11987,2025-04-01,47031.0,1411.0,Market Adjustment
EMP11987,2026-04-01,50277.0,2514.0,Promotion
EMP11988,2025-04-01,42930.0,3434.0,Annual Revision
EMP11988,2026-04-01,51212.0,1536.0,Market Adjustment
EMP11989,2021-04-01,62508.0,5001.0,Annual Revision
EMP11989,2022-04-01,71031.0,3552.0,No Change
EMP11989,2023-04-01,74186.0,2226.0,Annual Revision
EMP11989,2024-04-01,84911.0,6793.0,Annual Revision
EMP11989,2025-04-01,88345.0,4417.0,Annual Revision
EMP11989,2026-04-01,96429.0,4821.0,Annual Revision
EMP11990,2023-04-01,41811.0,1254.0,Annual Revision
EMP11990,2024-04-01,46934.0,2347.0,Promotion
EMP11990,2025-04-01,52503.0,2625.0,Annual Revision
EMP11990,2026-04-01,54089.0,1623.0,Annual Revision
EMP11991,2020-04-01,68606.0,5488.0,Annual Revision
EMP11991,2021-04-01,77273.0,6182.0,Annual Revision
EMP11991,2022-04-01,78624.0,6290.0,Annual Revision
EMP11991,2023-04-01,86827.0,6946.0,Market Adjustment
EMP11991,2024-04-01,89722.0,4486.0,Annual Revision
EMP11991,2025-04-01,105275.0,5264.0,Promotion
EMP11991,2026-04-01,120116.0,6006.0,Annual Revision
EMP11992,2022-04-01,30640.0,919.0,Promotion
EMP11992,2023-04-01,34505.0,1035.0,Annual Revision
EMP11992,2024-04-01,40157.0,3213.0,No Change
EMP11992,2025-04-01,41831.0,2092.0,Annual Revision
EMP11992,2026-04-01,45557.0,3645.0,Annual Revision
EMP11993,2019-04-01,91895.0,4595.0,Market Adjustment
EMP11993,2020-04-01,96996.0,7760.0,No Change
EMP11993,2021-04-01,106737.0,8539.0,Annual Revision
EMP11993,2022-04-01,112134.0,3364.0,No Change
EMP11993,2023-04-01,127107.0,6355.0,Market Adjustment
EMP11993,2024-04-01,139628.0,6981.0,Annual Revision
EMP11993,2025-04-01,158454.0,19014.0,Annual Revision
EMP11993,2026-04-01,160816.0,8041.0,Annual Revision
EMP11994,2021-04-01,59907.0,4793.0,Promotion
EMP11994,2022-04-01,69260.0,3463.0,Promotion
EMP11994,2023-04-01,75966.0,3798.0,Annual Revision
EMP11994,2024-04-01,85339.0,2560.0,Promotion
EMP11994,2025-04-01,93837.0,11260.0,Annual Revision
EMP11994,2026-04-01,97383.0,2921.0,Annual Revision
EMP11995,2022-04-01,62206.0,3110.0,Market Adjustment
EMP11995,2023-04-01,68000.0,3400.0,Annual Revision
EMP11995,2024-04-01,82698.0,2481.0,Annual Revision
EMP11995,2025-04-01,85789.0,2574.0,No Change
EMP11995,2026-04-01,100247.0,8020.0,Promotion
EMP11996,2023-04-01,39660.0,3173.0,Annual Revision
EMP11996,2024-04-01,43968.0,1319.0,Market Adjustment
EMP11996,2025-04-01,50252.0,4020.0,Market Adjustment
EMP11996,2026-04-01,59246.0,4740.0,Market Adjustment
EMP11997,2019-04-01,41713.0,1251.0,Market Adjustment
EMP11997,2020-04-01,43057.0,3445.0,Market Adjustment
EMP11997,2021-04-01,46560.0,2328.0,No Change
EMP11997,2022-04-01,51088.0,4087.0,Market Adjustment
EMP11997,2023-04-01,58914.0,4713.0,Annual Revision
EMP11997,2024-04-01,65253.0,3263.0,Annual Revision
EMP11997,2025-04-01,70707.0,3535.0,Market Adjustment
EMP11997,2026-04-01,75285.0,6023.0,Annual Revision
EMP11998,2025-04-01,73867.0,3693.0,Annual Revision
EMP11998,2026-04-01,74732.0,3737.0,Annual Revision
EMP11999,2024-04-01,45756.0,1373.0,No Change
EMP11999,2025-04-01,50006.0,2500.0,Annual Revision
EMP11999,2026-04-01,56321.0,4506.0,Promotion
EMP12000,2025-04-01,69392.0,3470.0,No Change
EMP12000,2026-04-01,76735.0,3837.0,Annual Revision
EMP12001,2020-04-01,70922.0,5674.0,Market Adjustment
EMP12001,2021-04-01,73333.0,5867.0,Annual Revision
EMP12001,2022-04-01,74481.0,3724.0,Annual Revision
EMP12001,2023-04-01,87332.0,2620.0,Market Adjustment
EMP12001,2024-04-01,92401.0,7392.0,Market Adjustment
EMP12001,2025-04-01,99885.0,2997.0,Annual Revision
EMP12001,2026-04-01,114814.0,5741.0,Annual Revision
EMP12002,2023-04-01,64511.0,3226.0,Promotion
EMP12002,2024-04-01,73957.0,3698.0,Market Adjustment
EMP12002,2025-04-01,75247.0,9030.0,Annual Revision
EMP12002,2026-04-01,84885.0,4244.0,Annual Revision
EMP12003,2020-04-01,32542.0,1627.0,Annual Revision
EMP12003,2021-04-01,34346.0,4122.0,Annual Revision
EMP12003,2022-04-01,37160.0,4459.0,Annual Revision
EMP12003,2023-04-01,43960.0,2198.0,Annual Revision
EMP12003,2024-04-01,44797.0,1344.0,Annual Revision
EMP12003,2025-04-01,55027.0,2751.0,Annual Revision
EMP12003,2026-04-01,63120.0,3156.0,No Change
EMP12004,2021-04-01,42335.0,1270.0,Promotion
EMP12004,2022-04-01,47817.0,3825.0,Annual Revision
EMP12004,2023-04-01,52503.0,1575.0,Market Adjustment
EMP12004,2024-04-01,58827.0,1765.0,No Change
EMP12004,2025-04-01,67521.0,8103.0,Annual Revision
EMP12004,2026-04-01,65886.0,5271.0,Promotion
EMP12005,2022-04-01,42252.0,3380.0,No Change
EMP12005,2023-04-01,46399.0,2320.0,Market Adjustment
EMP12005,2024-04-01,50773.0,2539.0,Promotion
EMP12005,2025-04-01,56080.0,1682.0,Annual Revision
EMP12005,2026-04-01,61465.0,4917.0,Annual Revision
EMP12006,2020-04-01,90178.0,7214.0,Promotion
EMP12006,2021-04-01,97153.0,2915.0,No Change
EMP12006,2022-04-01,107120.0,12854.0,Annual Revision
EMP12006,2023-04-01,117933.0,5897.0,Market Adjustment
EMP12006,2024-04-01,133095.0,6655.0,Market Adjustment
EMP12006,2025-04-01,152347.0,18282.0,Annual Revision
EMP12006,2026-04-01,175255.0,14020.0,Annual Revision
EMP12007,2020-04-01,44454.0,5335.0,Promotion
EMP12007,2021-04-01,44159.0,2208.0,Annual Revision
EMP12007,2022-04-01,50041.0,4003.0,Annual Revision
EMP12007,2023-04-01,54363.0,4349.0,Market Adjustment
EMP12007,2024-04-01,64519.0,7742.0,Annual Revision
EMP12007,2025-04-01,72407.0,8689.0,No Change
EMP12007,2026-04-01,77245.0,9269.0,No Change
EMP12008,2026-04-01,132506.0,3975.0,Market Adjustment
EMP12009,2024-04-01,97182.0,2915.0,Annual Revision
EMP12009,2025-04-01,96482.0,4824.0,Promotion
EMP12009,2026-04-01,107992.0,5400.0,No Change
EMP12010,2021-04-01,32287.0,3874.0,Promotion
EMP12010,2022-04-01,33892.0,1695.0,Market Adjustment
EMP12010,2023-04-01,41108.0,4933.0,Annual Revision
EMP12010,2024-04-01,41986.0,2099.0,Annual Revision
EMP12010,2025-04-01,43586.0,1308.0,Annual Revision
EMP12010,2026-04-01,46957.0,2348.0,Market Adjustment
EMP12011,2022-04-01,69945.0,2098.0,Market Adjustment
EMP12011,2023-04-01,77658.0,3883.0,Annual Revision
EMP12011,2024-04-01,83928.0,10071.0,Market Adjustment
EMP12011,2025-04-01,97193.0,4860.0,Promotion
EMP12011,2026-04-01,107743.0,5387.0,Promotion
EMP12012,2019-04-01,46538.0,2327.0,Annual Revision
EMP12012,2020-04-01,51289.0,2564.0,Annual Revision
EMP12012,2021-04-01,55187.0,2759.0,Annual Revision
EMP12012,2022-04-01,51987.0,2599.0,Market Adjustment
EMP12012,2023-04-01,69246.0,5540.0,Market Adjustment
EMP12012,2024-04-01,73203.0,5856.0,Annual Revision
EMP12012,2025-04-01,87343.0,6987.0,Promotion
EMP12012,2026-04-01,91995.0,2760.0,Annual Revision
EMP12013,2024-04-01,70910.0,2127.0,Promotion
EMP12013,2025-04-01,75080.0,9010.0,Annual Revision
EMP12013,2026-04-01,87514.0,2625.0,No Change
EMP12014,2023-04-01,72567.0,3628.0,Market Adjustment
EMP12014,2024-04-01,73979.0,5918.0,Annual Revision
EMP12014,2025-04-01,87978.0,7038.0,Annual Revision
EMP12014,2026-04-01,95312.0,4766.0,No Change
EMP12015,2024-04-01,123601.0,3708.0,Annual Revision
EMP12015,2025-04-01,132069.0,6603.0,No Change
EMP12015,2026-04-01,164607.0,4938.0,Annual Revision
EMP12016,2023-04-01,43442.0,1303.0,Annual Revision
EMP12016,2024-04-01,47333.0,1420.0,Market Adjustment
EMP12016,2025-04-01,49895.0,2495.0,Annual Revision
EMP12016,2026-04-01,60468.0,4837.0,Promotion
EMP12017,2023-04-01,32651.0,2612.0,Annual Revision
EMP12017,2024-04-01,35658.0,2853.0,Annual Revision
EMP12017,2025-04-01,40145.0,1204.0,Annual Revision
EMP12017,2026-04-01,43466.0,2173.0,Annual Revision
EMP12018,2023-04-01,41295.0,1239.0,Promotion
EMP12018,2024-04-01,47183.0,3775.0,Market Adjustment
EMP12018,2025-04-01,49581.0,2479.0,Annual Revision
EMP12018,2026-04-01,57341.0,2867.0,Annual Revision
EMP12019,2025-04-01,45658.0,2283.0,No Change
EMP12019,2026-04-01,51575.0,2579.0,Annual Revision
EMP12020,2020-04-01,134209.0,6710.0,No Change
EMP12020,2021-04-01,127366.0,6368.0,Annual Revision
EMP12020,2022-04-01,138231.0,6912.0,Annual Revision
EMP12020,2023-04-01,163171.0,19581.0,Promotion
EMP12020,2024-04-01,185955.0,14876.0,Annual Revision
EMP12020,2025-04-01,201035.0,16083.0,No Change
EMP12020,2026-04-01,198455.0,23815.0,No Change
EMP12021,2025-04-01,71408.0,5713.0,Annual Revision
EMP12021,2026-04-01,74111.0,5929.0,No Change
EMP12022,2023-04-01,87441.0,4372.0,Promotion
EMP12022,2024-04-01,97384.0,4869.0,Annual Revision
EMP12022,2025-04-01,108035.0,5402.0,No Change
EMP12022,2026-04-01,121819.0,3655.0,Annual Revision
EMP12023,2023-04-01,126502.0,6325.0,Market Adjustment
EMP12023,2024-04-01,137203.0,6860.0,Annual Revision
EMP12023,2025-04-01,153219.0,4597.0,Annual Revision
EMP12023,2026-04-01,164085.0,4923.0,Annual Revision
EMP12024,2025-04-01,42980.0,2149.0,Annual Revision
EMP12024,2026-04-01,44911.0,3593.0,Annual Revision
EMP12025,2024-04-01,30715.0,3686.0,Annual Revision
EMP12025,2025-04-01,36454.0,1823.0,Market Adjustment
EMP12025,2026-04-01,38656.0,1933.0,Annual Revision
EMP12026,2021-04-01,41376.0,1241.0,No Change
EMP12026,2022-04-01,43533.0,3483.0,Annual Revision
EMP12026,2023-04-01,50262.0,2513.0,Annual Revision
EMP12026,2024-04-01,54819.0,2741.0,Annual Revision
EMP12026,2025-04-01,59468.0,4757.0,Annual Revision
EMP12026,2026-04-01,65136.0,1954.0,Annual Revision
EMP12027,2021-04-01,32182.0,2575.0,Market Adjustment
EMP12027,2022-04-01,32987.0,990.0,Market Adjustment
EMP12027,2023-04-01,37300.0,2984.0,Annual Revision
EMP12027,2024-04-01,42982.0,5158.0,Annual Revision
EMP12027,2025-04-01,48509.0,1455.0,Annual Revision
EMP12027,2026-04-01,55252.0,2763.0,Promotion
EMP12028,2024-04-01,43259.0,5191.0,Annual Revision
EMP12028,2025-04-01,45078.0,2254.0,Annual Revision
EMP12028,2026-04-01,49555.0,2478.0,Market Adjustment
EMP12029,2022-04-01,71648.0,5732.0,Annual Revision
EMP12029,2023-04-01,81097.0,4055.0,Annual Revision
EMP12029,2024-04-01,88036.0,10564.0,Annual Revision
EMP12029,2025-04-01,88508.0,2655.0,Annual Revision
EMP12029,2026-04-01,102218.0,8177.0,Annual Revision
EMP12030,2021-04-01,66286.0,3314.0,Market Adjustment
EMP12030,2022-04-01,68005.0,5440.0,Promotion
EMP12030,2023-04-01,81374.0,4069.0,Market Adjustment
EMP12030,2024-04-01,81137.0,6491.0,No Change
EMP12030,2025-04-01,95957.0,2879.0,Promotion
EMP12030,2026-04-01,104173.0,3125.0,Market Adjustment
EMP12031,2019-04-01,89626.0,7170.0,Annual Revision
EMP12031,2020-04-01,100731.0,8058.0,Annual Revision
EMP12031,2021-04-01,101838.0,3055.0,Annual Revision
EMP12031,2022-04-01,111427.0,3343.0,Annual Revision
EMP12031,2023-04-01,144850.0,7243.0,Market Adjustment
EMP12031,2024-04-01,148056.0,4442.0,Promotion
EMP12031,2025-04-01,169630.0,8481.0,Annual Revision
EMP12031,2026-04-01,195904.0,15672.0,Annual Revision
EMP12032,2023-04-01,69266.0,5541.0,No Change
EMP12032,2024-04-01,73672.0,3684.0,Annual Revision
EMP12032,2025-04-01,79675.0,3984.0,Annual Revision
EMP12032,2026-04-01,87575.0,2627.0,Market Adjustment
EMP12033,2023-04-01,32770.0,1638.0,Annual Revision
EMP12033,2024-04-01,38014.0,4562.0,Annual Revision
EMP12033,2025-04-01,37611.0,3009.0,Annual Revision
EMP12033,2026-04-01,44226.0,1327.0,No Change
EMP12034,2020-04-01,64327.0,7719.0,Market Adjustment
EMP12034,2021-04-01,70592.0,3530.0,Annual Revision
EMP12034,2022-04-01,74342.0,2230.0,Annual Revision
EMP12034,2023-04-01,95532.0,11464.0,Annual Revision
EMP12034,2024-04-01,94798.0,2844.0,Market Adjustment
EMP12034,2025-04-01,113096.0,3393.0,Annual Revision
EMP12034,2026-04-01,130534.0,6527.0,Market Adjustment
EMP12035,2021-04-01,41824.0,1255.0,No Change
EMP12035,2022-04-01,46642.0,2332.0,Annual Revision
EMP12035,2023-04-01,51549.0,6186.0,Promotion
EMP12035,2024-04-01,58990.0,2950.0,Promotion
EMP12035,2025-04-01,67682.0,2030.0,No Change
EMP12035,2026-04-01,70918.0,2128.0,Annual Revision
EMP12036,2019-04-01,44090.0,3527.0,Promotion
EMP12036,2020-04-01,46861.0,5623.0,Market Adjustment
EMP12036,2021-04-01,51786.0,2589.0,Promotion
EMP12036,2022-04-01,53993.0,6479.0,Annual Revision
EMP12036,2023-04-01,63316.0,3166.0,Annual Revision
EMP12036,2024-04-01,82228.0,4111.0,Annual Revision
EMP12036,2025-04-01,87522.0,10503.0,Market Adjustment
EMP12036,2026-04-01,97387.0,4869.0,No Change
EMP12037,2024-04-01,33016.0,990.0,Annual Revision
EMP12037,2025-04-01,36034.0,1802.0,Promotion
EMP12037,2026-04-01,39821.0,1195.0,Market Adjustment
EMP12038,2026-04-01,42378.0,1271.0,Annual Revision
EMP12039,2025-04-01,29549.0,2364.0,Promotion
EMP12039,2026-04-01,37097.0,2968.0,Market Adjustment
EMP12040,2021-04-01,45641.0,2282.0,Annual Revision
EMP12040,2022-04-01,46722.0,1402.0,Annual Revision
EMP12040,2023-04-01,55599.0,2780.0,No Change
EMP12040,2024-04-01,61195.0,4896.0,Annual Revision
EMP12040,2025-04-01,67379.0,3369.0,No Change
EMP12040,2026-04-01,72762.0,3638.0,Annual Revision
EMP12041,2022-04-01,34308.0,2745.0,Promotion
EMP12041,2023-04-01,36675.0,2934.0,Annual Revision
EMP12041,2024-04-01,39401.0,1970.0,Annual Revision
EMP12041,2025-04-01,42775.0,1283.0,Promotion
EMP12041,2026-04-01,43185.0,3455.0,Annual Revision
EMP12042,2020-04-01,66455.0,1994.0,Annual Revision
EMP12042,2021-04-01,68428.0,5474.0,Annual Revision
EMP12042,2022-04-01,79598.0,3980.0,Annual Revision
EMP12042,2023-04-01,86920.0,6954.0,Annual Revision
EMP12042,2024-04-01,99152.0,4958.0,Market Adjustment
EMP12042,2025-04-01,107052.0,5353.0,Annual Revision
EMP12042,2026-04-01,118621.0,5931.0,Annual Revision
EMP12043,2020-04-01,31366.0,1568.0,Market Adjustment
EMP12043,2021-04-01,34725.0,1042.0,Annual Revision
EMP12043,2022-04-01,34253.0,4110.0,Annual Revision
EMP12043,2023-04-01,43620.0,3490.0,Annual Revision
EMP12043,2024-04-01,42714.0,1281.0,Market Adjustment
EMP12043,2025-04-01,46080.0,3686.0,Market Adjustment
EMP12043,2026-04-01,52404.0,1572.0,Annual Revision
EMP12044,2019-04-01,45310.0,3625.0,Annual Revision
EMP12044,2020-04-01,47340.0,5681.0,No Change
EMP12044,2021-04-01,50638.0,2532.0,Annual Revision
EMP12044,2022-04-01,59898.0,4792.0,Annual Revision
EMP12044,2023-04-01,68230.0,5458.0,Promotion
EMP12044,2024-04-01,75278.0,3764.0,Market Adjustment
EMP12044,2025-04-01,82946.0,4147.0,Annual Revision
EMP12044,2026-04-01,93746.0,7500.0,Annual Revision
EMP12045,2025-04-01,64844.0,3242.0,Annual Revision
EMP12045,2026-04-01,71464.0,2144.0,Promotion
EMP12046,2025-04-01,67622.0,5410.0,Promotion
EMP12046,2026-04-01,74002.0,3700.0,Market Adjustment
EMP12047,2019-04-01,121353.0,3641.0,Annual Revision
EMP12047,2020-04-01,117281.0,5864.0,Annual Revision
EMP12047,2021-04-01,135459.0,4064.0,Market Adjustment
EMP12047,2022-04-01,153536.0,7677.0,Market Adjustment
EMP12047,2023-04-01,182225.0,9111.0,Annual Revision
EMP12047,2024-04-01,184903.0,22188.0,No Change
EMP12047,2025-04-01,217264.0,,No Change
EMP12047,2026-04-01,224380.0,11219.0,Annual Revision
EMP12048,2022-04-01,87924.0,2638.0,Promotion
EMP12048,2023-04-01,101972.0,3059.0,Market Adjustment
EMP12048,2024-04-01,106462.0,8517.0,Market Adjustment
EMP12048,2025-04-01,117704.0,5885.0,Annual Revision
EMP12048,2026-04-01,127333.0,3820.0,Annual Revision
EMP12049,2024-04-01,67583.0,8110.0,Market Adjustment
EMP12049,2025-04-01,70248.0,3512.0,Annual Revision
EMP12049,2026-04-01,80746.0,2422.0,Annual Revision
EMP12050,2023-04-01,47362.0,1421.0,Annual Revision
EMP12050,2024-04-01,49530.0,2477.0,Annual Revision
EMP12050,2025-04-01,57893.0,4631.0,Promotion
EMP12050,2026-04-01,61329.0,4906.0,Annual Revision
EMP12051,2026-04-01,43507.0,5221.0,Annual Revision
EMP12052,2021-04-01,62217.0,1867.0,Annual Revision
EMP12052,2022-04-01,71864.0,5749.0,Annual Revision
EMP12052,2023-04-01,78075.0,3904.0,Annual Revision
EMP12052,2024-04-01,87200.0,6976.0,Annual Revision
EMP12052,2025-04-01,95209.0,2856.0,Annual Revision
EMP12052,2026-04-01,97760.0,7821.0,Annual Revision
EMP12053,2025-04-01,65419.0,3271.0,Market Adjustment
EMP12053,2026-04-01,75623.0,2269.0,Annual Revision
EMP12054,2020-04-01,44627.0,3570.0,Annual Revision
EMP12054,2021-04-01,44279.0,1328.0,Annual Revision
EMP12054,2022-04-01,51347.0,2567.0,Annual Revision
EMP12054,2023-04-01,57636.0,2882.0,No Change
EMP12054,2024-04-01,64766.0,3238.0,Annual Revision
EMP12054,2025-04-01,69686.0,5575.0,No Change
EMP12054,2026-04-01,74968.0,5997.0,Promotion
EMP12055,2024-04-01,42233.0,1267.0,Annual Revision
EMP12055,2025-04-01,44060.0,2203.0,Market Adjustment
EMP12055,2026-04-01,49231.0,5908.0,Promotion
EMP12056,2024-04-01,40328.0,2016.0,Annual Revision
EMP12056,2025-04-01,45461.0,5455.0,Market Adjustment
EMP12056,2026-04-01,50395.0,4032.0,Annual Revision
EMP12057,2024-04-01,94797.0,2844.0,Promotion
EMP12057,2025-04-01,103370.0,8270.0,Market Adjustment
EMP12057,2026-04-01,110556.0,8844.0,Market Adjustment
EMP12058,2020-04-01,31300.0,939.0,Annual Revision
EMP12058,2021-04-01,34696.0,2776.0,Annual Revision
EMP12058,2022-04-01,38829.0,4660.0,Market Adjustment
EMP12058,2023-04-01,42229.0,1267.0,Annual Revision
EMP12058,2024-04-01,47880.0,3830.0,Annual Revision
EMP12058,2025-04-01,52330.0,6280.0,Promotion
EMP12058,2026-04-01,60727.0,1822.0,Annual Revision
EMP12059,2021-04-01,30183.0,1509.0,Annual Revision
EMP12059,2022-04-01,34062.0,1022.0,Promotion
EMP12059,2023-04-01,38201.0,1146.0,Annual Revision
EMP12059,2024-04-01,40407.0,3233.0,Annual Revision
EMP12059,2025-04-01,45452.0,1364.0,Annual Revision
EMP12059,2026-04-01,51404.0,4112.0,No Change
EMP12060,2024-04-01,66822.0,3341.0,Annual Revision
EMP12060,2025-04-01,68665.0,5493.0,Market Adjustment
EMP12060,2026-04-01,73676.0,3684.0,Annual Revision
EMP12061,2019-04-01,43030.0,5164.0,Promotion
EMP12061,2020-04-01,45311.0,2266.0,Annual Revision
EMP12061,2021-04-01,49083.0,2454.0,Promotion
EMP12061,2022-04-01,53844.0,6461.0,Market Adjustment
EMP12061,2023-04-01,61555.0,1847.0,Annual Revision
EMP12061,2024-04-01,73166.0,3658.0,Market Adjustment
EMP12061,2025-04-01,78754.0,6300.0,Annual Revision
EMP12061,2026-04-01,92287.0,4614.0,Market Adjustment
EMP12062,2023-04-01,67148.0,5372.0,Annual Revision
EMP12062,2024-04-01,68991.0,2070.0,Annual Revision
EMP12062,2025-04-01,72482.0,5799.0,Annual Revision
EMP12062,2026-04-01,89085.0,7127.0,Annual Revision
EMP12063,2019-04-01,44445.0,1333.0,Annual Revision
EMP12063,2020-04-01,49610.0,2480.0,Annual Revision
EMP12063,2021-04-01,53275.0,6393.0,Annual Revision
EMP12063,2022-04-01,53435.0,2672.0,Promotion
EMP12063,2023-04-01,60620.0,1819.0,Market Adjustment
EMP12063,2024-04-01,71866.0,5749.0,Market Adjustment
EMP12063,2025-04-01,75800.0,2274.0,Annual Revision
EMP12063,2026-04-01,79616.0,6369.0,Promotion
EMP12064,2021-04-01,31784.0,2543.0,Annual Revision
EMP12064,2022-04-01,35116.0,2809.0,Annual Revision
EMP12064,2023-04-01,36768.0,2941.0,Market Adjustment
EMP12064,2024-04-01,44927.0,5391.0,Promotion
EMP12064,2025-04-01,50630.0,2532.0,Annual Revision
EMP12064,2026-04-01,55349.0,4428.0,Annual Revision
EMP12065,2019-04-01,62722.0,3136.0,Annual Revision
EMP12065,2020-04-01,72152.0,5772.0,Promotion
EMP12065,2021-04-01,83216.0,4161.0,Annual Revision
EMP12065,2022-04-01,82665.0,9920.0,Annual Revision
EMP12065,2023-04-01,98232.0,7859.0,Promotion
EMP12065,2024-04-01,110146.0,8812.0,Annual Revision
EMP12065,2025-04-01,124251.0,9940.0,Market Adjustment
EMP12065,2026-04-01,128973.0,6449.0,Market Adjustment
EMP12066,2020-04-01,44683.0,1341.0,Annual Revision
EMP12066,2021-04-01,48204.0,1446.0,Annual Revision
EMP12066,2022-04-01,49620.0,2481.0,Annual Revision
EMP12066,2023-04-01,56698.0,6804.0,Market Adjustment
EMP12066,2024-04-01,61759.0,1853.0,Market Adjustment
EMP12066,2025-04-01,67121.0,2014.0,Annual Revision
EMP12066,2026-04-01,70762.0,3538.0,Annual Revision
EMP12067,2020-04-01,30787.0,1539.0,No Change
EMP12067,2021-04-01,32925.0,1646.0,Promotion
EMP12067,2022-04-01,36186.0,1809.0,Annual Revision
EMP12067,2023-04-01,42002.0,3360.0,Annual Revision
EMP12067,2024-04-01,44130.0,2206.0,Promotion
EMP12067,2025-04-01,49402.0,2470.0,Annual Revision
EMP12067,2026-04-01,54851.0,4388.0,No Change
EMP12068,2024-04-01,47567.0,1427.0,Market Adjustment
EMP12068,2025-04-01,49075.0,3926.0,Promotion
EMP12068,2026-04-01,54580.0,4366.0,Annual Revision
EMP12069,2020-04-01,91119.0,7290.0,No Change
EMP12069,2021-04-01,93791.0,4690.0,Annual Revision
EMP12069,2022-04-01,101982.0,3059.0,Market Adjustment
EMP12069,2023-04-01,109295.0,5465.0,Annual Revision
EMP12069,2024-04-01,122898.0,6145.0,No Change
EMP12069,2025-04-01,148336.0,7417.0,Annual Revision
EMP12069,2026-04-01,150977.0,12078.0,Annual Revision
EMP12070,2024-04-01,42438.0,1273.0,Promotion
EMP12070,2025-04-01,48588.0,3887.0,Market Adjustment
EMP12070,2026-04-01,52920.0,4234.0,Promotion
EMP12071,2019-04-01,31083.0,932.0,Promotion
EMP12071,2020-04-01,33395.0,1670.0,Annual Revision
EMP12071,2021-04-01,35632.0,1069.0,Market Adjustment
EMP12071,2022-04-01,37633.0,1129.0,Annual Revision
EMP12071,2023-04-01,45627.0,1369.0,Annual Revision
EMP12071,2024-04-01,48819.0,2441.0,Promotion
EMP12071,2025-04-01,54458.0,4357.0,Annual Revision
EMP12071,2026-04-01,60568.0,3028.0,Annual Revision
EMP12072,2020-04-01,65984.0,7918.0,Annual Revision
EMP12072,2021-04-01,68547.0,2056.0,Annual Revision
EMP12072,2022-04-01,70671.0,3534.0,Annual Revision
EMP12072,2023-04-01,87145.0,6972.0,Promotion
EMP12072,2024-04-01,92524.0,11103.0,No Change
EMP12072,2025-04-01,103171.0,8254.0,Annual Revision
EMP12072,2026-04-01,111015.0,5551.0,Promotion
EMP12073,2020-04-01,45029.0,3602.0,Promotion
EMP12073,2021-04-01,48174.0,3854.0,Annual Revision
EMP12073,2022-04-01,51406.0,6169.0,Annual Revision
EMP12073,2023-04-01,53577.0,4286.0,Annual Revision
EMP12073,2024-04-01,62831.0,7540.0,Promotion
EMP12073,2025-04-01,63744.0,1912.0,Market Adjustment
EMP12073,2026-04-01,76684.0,3834.0,No Change
EMP12074,2024-04-01,70772.0,5662.0,Annual Revision
EMP12074,2025-04-01,81163.0,6493.0,Market Adjustment
EMP12074,2026-04-01,88329.0,4416.0,Annual Revision
EMP12075,2019-04-01,70881.0,3544.0,No Change
EMP12075,2020-04-01,72235.0,3612.0,No Change
EMP12075,2021-04-01,82587.0,6607.0,No Change
EMP12075,2022-04-01,85807.0,4290.0,Promotion
EMP12075,2023-04-01,104822.0,5241.0,Promotion
EMP12075,2024-04-01,119952.0,9596.0,Annual Revision
EMP12075,2025-04-01,130241.0,6512.0,Annual Revision
EMP12075,2026-04-01,146286.0,7314.0,Market Adjustment
EMP12076,2021-04-01,43619.0,2181.0,Annual Revision
EMP12076,2022-04-01,39186.0,1176.0,Annual Revision
EMP12076,2023-04-01,51365.0,2568.0,Annual Revision
EMP12076,2024-04-01,54661.0,2733.0,Promotion
EMP12076,2025-04-01,58711.0,1761.0,Annual Revision
EMP12076,2026-04-01,63226.0,3161.0,No Change
EMP12077,2025-04-01,32614.0,2609.0,Annual Revision
EMP12077,2026-04-01,35526.0,1776.0,Promotion
EMP12078,2023-04-01,30745.0,922.0,Annual Revision
EMP12078,2024-04-01,35068.0,1753.0,Annual Revision
EMP12078,2025-04-01,39980.0,3198.0,Annual Revision
EMP12078,2026-04-01,42762.0,2138.0,Market Adjustment
EMP12079,2021-04-01,45325.0,1360.0,Annual Revision
EMP12079,2022-04-01,48707.0,5845.0,Market Adjustment
EMP12079,2023-04-01,58525.0,1756.0,No Change
EMP12079,2024-04-01,59157.0,4733.0,Annual Revision
EMP12079,2025-04-01,61355.0,3068.0,Annual Revision
EMP12079,2026-04-01,69834.0,5587.0,Market Adjustment
EMP12080,2021-04-01,45224.0,2261.0,Market Adjustment
EMP12080,2022-04-01,47524.0,2376.0,Annual Revision
EMP12080,2023-04-01,52151.0,4172.0,Annual Revision
EMP12080,2024-04-01,58257.0,2913.0,Promotion
EMP12080,2025-04-01,62648.0,5012.0,Promotion
EMP12080,2026-04-01,66772.0,2003.0,Promotion
EMP12081,2024-04-01,45486.0,5458.0,Annual Revision
EMP12081,2025-04-01,44933.0,3595.0,Annual Revision
EMP12081,2026-04-01,48811.0,2441.0,Promotion
EMP12082,2022-04-01,90386.0,4519.0,Promotion
EMP12082,2023-04-01,101791.0,5090.0,Market Adjustment
EMP12082,2024-04-01,107219.0,8578.0,Annual Revision
EMP12082,2025-04-01,122676.0,9814.0,Market Adjustment
EMP12082,2026-04-01,131759.0,3953.0,Promotion
EMP12083,2019-04-01,40088.0,3207.0,Promotion
EMP12083,2020-04-01,41748.0,5010.0,Market Adjustment
EMP12083,2021-04-01,46586.0,1398.0,Promotion
EMP12083,2022-04-01,49559.0,3965.0,No Change
EMP12083,2023-04-01,54698.0,1641.0,Annual Revision
EMP12083,2024-04-01,65065.0,3253.0,No Change
EMP12083,2025-04-01,69290.0,8315.0,Promotion
EMP12083,2026-04-01,80253.0,4013.0,Promotion
EMP12084,2019-04-01,30421.0,913.0,Annual Revision
EMP12084,2020-04-01,35077.0,2806.0,Market Adjustment
EMP12084,2021-04-01,36040.0,1802.0,Promotion
EMP12084,2022-04-01,39736.0,3179.0,Annual Revision
EMP12084,2023-04-01,49293.0,3943.0,Annual Revision
EMP12084,2024-04-01,49901.0,2495.0,Market Adjustment
EMP12084,2025-04-01,61615.0,1848.0,Annual Revision
EMP12084,2026-04-01,65964.0,5277.0,Annual Revision
EMP12085,2022-04-01,72711.0,5817.0,Annual Revision
EMP12085,2023-04-01,80953.0,6476.0,No Change
EMP12085,2024-04-01,80386.0,4019.0,Annual Revision
EMP12085,2025-04-01,89036.0,4452.0,Annual Revision
EMP12085,2026-04-01,98613.0,11834.0,No Change
EMP12086,2020-04-01,45796.0,3664.0,Annual Revision
EMP12086,2021-04-01,45537.0,3643.0,Annual Revision
EMP12086,2022-04-01,51960.0,1559.0,Market Adjustment
EMP12086,2023-04-01,58674.0,2934.0,Promotion
EMP12086,2024-04-01,60524.0,1816.0,Annual Revision
EMP12086,2025-04-01,68048.0,8166.0,Annual Revision
EMP12086,2026-04-01,72900.0,5832.0,Annual Revision
EMP12087,2020-04-01,74091.0,3705.0,Annual Revision
EMP12087,2021-04-01,74323.0,2230.0,Annual Revision
EMP12087,2022-04-01,79316.0,3966.0,Annual Revision
EMP12087,2023-04-01,88942.0,7115.0,Promotion
EMP12087,2024-04-01,103740.0,5187.0,Annual Revision
EMP12087,2025-04-01,112694.0,9016.0,Annual Revision
EMP12087,2026-04-01,110980.0,3329.0,Promotion
EMP12088,2019-04-01,32432.0,973.0,No Change
EMP12088,2020-04-01,33313.0,999.0,Promotion
EMP12088,2021-04-01,35968.0,2877.0,Annual Revision
EMP12088,2022-04-01,39111.0,3129.0,No Change
EMP12088,2023-04-01,47989.0,1440.0,Annual Revision
EMP12088,2024-04-01,53320.0,1600.0,Market Adjustment
EMP12088,2025-04-01,58280.0,4662.0,Annual Revision
EMP12088,2026-04-01,65947.0,1978.0,Annual Revision
EMP12089,2025-04-01,42820.0,3426.0,Annual Revision
EMP12089,2026-04-01,45350.0,3628.0,Annual Revision
EMP12090,2024-04-01,30629.0,1531.0,Market Adjustment
EMP12090,2025-04-01,35069.0,4208.0,Annual Revision
EMP12090,2026-04-01,40124.0,1204.0,No Change
EMP12091,2019-04-01,89613.0,7169.0,Promotion
EMP12091,2020-04-01,95754.0,4788.0,Annual Revision
EMP12091,2021-04-01,102081.0,5104.0,Annual Revision
EMP12091,2022-04-01,110965.0,5548.0,Promotion
EMP12091,2023-04-01,127267.0,6363.0,Annual Revision
EMP12091,2024-04-01,140732.0,7037.0,Promotion
EMP12091,2025-04-01,157724.0,18927.0,Promotion
EMP12091,2026-04-01,164430.0,4933.0,No Change
EMP12092,2023-04-01,67918.0,8150.0,Market Adjustment
EMP12092,2024-04-01,70108.0,3505.0,Annual Revision
EMP12092,2025-04-01,79235.0,3962.0,Annual Revision
EMP12092,2026-04-01,82581.0,4129.0,Promotion
EMP12093,2025-04-01,63123.0,5050.0,Promotion
EMP12093,2026-04-01,74344.0,3717.0,Annual Revision
EMP12094,2021-04-01,129668.0,6483.0,Annual Revision
EMP12094,2022-04-01,134705.0,10776.0,Promotion
EMP12094,2023-04-01,151696.0,12136.0,Annual Revision
EMP12094,2024-04-01,172920.0,8646.0,No Change
EMP12094,2025-04-01,195312.0,5859.0,Annual Revision
EMP12094,2026-04-01,204426.0,10221.0,Annual Revision
EMP12095,2021-04-01,92556.0,2777.0,Promotion
EMP12095,2022-04-01,93689.0,4684.0,Annual Revision
EMP12095,2023-04-01,109527.0,8762.0,Annual Revision
EMP12095,2024-04-01,110810.0,8865.0,Annual Revision
EMP12095,2025-04-01,130803.0,3924.0,No Change
EMP12095,2026-04-01,138569.0,6928.0,Market Adjustment
EMP12096,2022-04-01,44030.0,1321.0,No Change
EMP12096,2023-04-01,44719.0,3578.0,Annual Revision
EMP12096,2024-04-01,48502.0,2425.0,Annual Revision
EMP12096,2025-04-01,55588.0,4447.0,Market Adjustment
EMP12096,2026-04-01,57072.0,2854.0,Annual Revision
EMP12097,2019-04-01,66803.0,5344.0,Promotion
EMP12097,2020-04-01,73716.0,3686.0,Market Adjustment
EMP12097,2021-04-01,76096.0,6088.0,Promotion
EMP12097,2022-04-01,80536.0,2416.0,Annual Revision
EMP12097,2023-04-01,96105.0,7688.0,Annual Revision
EMP12097,2024-04-01,105555.0,12667.0,Annual Revision
EMP12097,2025-04-01,113661.0,9093.0,Market Adjustment
EMP12097,2026-04-01,125014.0,3750.0,Promotion
EMP12098,2021-04-01,40498.0,1215.0,Annual Revision
EMP12098,2022-04-01,44358.0,2218.0,Market Adjustment
EMP12098,2023-04-01,50064.0,2503.0,Market Adjustment
EMP12098,2024-04-01,60927.0,1828.0,Promotion
EMP12098,2025-04-01,64671.0,1940.0,Annual Revision
EMP12098,2026-04-01,72080.0,5766.0,Market Adjustment
EMP12099,2021-04-01,41705.0,1251.0,No Change
EMP12099,2022-04-01,46464.0,5576.0,Annual Revision
EMP12099,2023-04-01,49717.0,1491.0,No Change
EMP12099,2024-04-01,55347.0,6642.0,Annual Revision
EMP12099,2025-04-01,58652.0,4692.0,Annual Revision
EMP12099,2026-04-01,67227.0,3361.0,Annual Revision
EMP12100,2019-04-01,39908.0,3193.0,Annual Revision
EMP12100,2020-04-01,42893.0,1287.0,Annual Revision
EMP12100,2021-04-01,45579.0,2279.0,Market Adjustment
EMP12100,2022-04-01,53864.0,2693.0,Annual Revision
EMP12100,2023-04-01,58361.0,2918.0,Annual Revision
EMP12100,2024-04-01,65265.0,5221.0,Annual Revision
EMP12100,2025-04-01,72365.0,3618.0,Annual Revision
EMP12100,2026-04-01,78948.0,2368.0,Annual Revision
EMP12101,2023-04-01,66169.0,5294.0,Market Adjustment
EMP12101,2024-04-01,79601.0,3980.0,No Change
EMP12101,2025-04-01,85571.0,4279.0,Annual Revision
EMP12101,2026-04-01,90253.0,10830.0,No Change
EMP12102,2020-04-01,43474.0,2174.0,Annual Revision
EMP12102,2021-04-01,43050.0,3444.0,Annual Revision
EMP12102,2022-04-01,50019.0,4002.0,Market Adjustment
EMP12102,2023-04-01,54226.0,2711.0,Annual Revision
EMP12102,2024-04-01,62956.0,5037.0,Market Adjustment
EMP12102,2025-04-01,62900.0,3145.0,No Change
EMP12102,2026-04-01,70784.0,2124.0,Market Adjustment
EMP12103,2024-04-01,66521.0,3326.0,No Change
EMP12103,2025-04-01,76282.0,2288.0,Annual Revision
EMP12103,2026-04-01,77354.0,2321.0,Market Adjustment
EMP12104,2026-04-01,67516.0,2025.0,No Change
EMP12105,2021-04-01,42239.0,1267.0,Market Adjustment
EMP12105,2022-04-01,45471.0,3638.0,Annual Revision
EMP12105,2023-04-01,46554.0,3724.0,Annual Revision
EMP12105,2024-04-01,55543.0,2777.0,Annual Revision
EMP12105,2025-04-01,57547.0,2877.0,Annual Revision
EMP12105,2026-04-01,62828.0,5026.0,Promotion
EMP12106,2024-04-01,34696.0,1735.0,Annual Revision
EMP12106,2025-04-01,34520.0,1036.0,Promotion
EMP12106,2026-04-01,39443.0,1972.0,Market Adjustment
EMP12107,2025-04-01,72533.0,3627.0,Annual Revision
EMP12107,2026-04-01,80849.0,4042.0,Promotion
EMP12108,2024-04-01,44153.0,2208.0,Annual Revision
EMP12108,2025-04-01,50907.0,2545.0,Promotion
EMP12108,2026-04-01,55446.0,4436.0,Annual Revision
EMP12109,2026-04-01,43009.0,2150.0,Annual Revision
EMP12110,2020-04-01,65826.0,3291.0,No Change
EMP12110,2021-04-01,67103.0,3355.0,Market Adjustment
EMP12110,2022-04-01,72497.0,5800.0,Annual Revision
EMP12110,2023-04-01,84322.0,4216.0,Promotion
EMP12110,2024-04-01,89556.0,4478.0,Market Adjustment
EMP12110,2025-04-01,96437.0,2893.0,Annual Revision
EMP12110,2026-04-01,112652.0,9012.0,Market Adjustment
EMP12111,2022-04-01,68423.0,5474.0,No Change
EMP12111,2023-04-01,78518.0,9422.0,Market Adjustment
EMP12111,2024-04-01,85710.0,4286.0,Annual Revision
EMP12111,2025-04-01,90049.0,4502.0,Market Adjustment
EMP12111,2026-04-01,93905.0,11269.0,Annual Revision
EMP12112,2021-04-01,42050.0,3364.0,Annual Revision
EMP12112,2022-04-01,49282.0,2464.0,Annual Revision
EMP12112,2023-04-01,53118.0,2656.0,Annual Revision
EMP12112,2024-04-01,58234.0,4659.0,Annual Revision
EMP12112,2025-04-01,61312.0,1839.0,Annual Revision
EMP12112,2026-04-01,68237.0,3412.0,Promotion
EMP12113,2021-04-01,41016.0,3281.0,Annual Revision
EMP12113,2022-04-01,43599.0,5232.0,No Change
EMP12113,2023-04-01,50029.0,4002.0,Annual Revision
EMP12113,2024-04-01,54911.0,2746.0,No Change
EMP12113,2025-04-01,62202.0,4976.0,Annual Revision
EMP12113,2026-04-01,66276.0,5302.0,Annual Revision
EMP12114,2024-04-01,44103.0,5292.0,Annual Revision
EMP12114,2025-04-01,46534.0,1396.0,Annual Revision
EMP12114,2026-04-01,54212.0,1626.0,Market Adjustment
EMP12115,2023-04-01,88857.0,4443.0,Annual Revision
EMP12115,2024-04-01,101254.0,5063.0,Annual Revision
EMP12115,2025-04-01,106896.0,5345.0,Promotion
EMP12115,2026-04-01,107849.0,8628.0,Annual Revision
EMP12116,2026-04-01,41204.0,4944.0,Market Adjustment
EMP12117,2025-04-01,87301.0,6984.0,Annual Revision
EMP12117,2026-04-01,98526.0,7882.0,Annual Revision
EMP12118,2025-04-01,49183.0,5902.0,Promotion
EMP12118,2026-04-01,52158.0,2608.0,No Change
EMP12119,2019-04-01,41811.0,1254.0,Promotion
EMP12119,2020-04-01,41806.0,3344.0,Annual Revision
EMP12119,2021-04-01,50971.0,2549.0,Market Adjustment
EMP12119,2022-04-01,54005.0,4320.0,Annual Revision
EMP12119,2023-04-01,61144.0,4892.0,Annual Revision
EMP12119,2024-04-01,67316.0,8078.0,No Change
EMP12119,2025-04-01,79728.0,6378.0,Annual Revision
EMP12119,2026-04-01,88241.0,4412.0,Promotion
EMP12120,2021-04-01,41495.0,3320.0,Annual Revision
EMP12120,2022-04-01,44482.0,2224.0,Annual Revision
EMP12120,2023-04-01,51502.0,1545.0,Annual Revision
EMP12120,2024-04-01,55349.0,2767.0,Market Adjustment
EMP12120,2025-04-01,60685.0,3034.0,Annual Revision
EMP12120,2026-04-01,65024.0,1951.0,No Change
EMP12121,2022-04-01,40509.0,1215.0,No Change
EMP12121,2023-04-01,41265.0,2063.0,Annual Revision
EMP12121,2024-04-01,48161.0,3853.0,Promotion
EMP12121,2025-04-01,52071.0,2604.0,No Change
EMP12121,2026-04-01,56276.0,2814.0,Annual Revision
EMP12122,2020-04-01,40932.0,2047.0,No Change
EMP12122,2021-04-01,46091.0,2305.0,Annual Revision
EMP12122,2022-04-01,50403.0,1512.0,No Change
EMP12122,2023-04-01,57750.0,2887.0,Annual Revision
EMP12122,2024-04-01,62975.0,7557.0,Annual Revision
EMP12122,2025-04-01,70982.0,8518.0,Annual Revision
EMP12122,2026-04-01,82119.0,6569.0,Market Adjustment
EMP12123,2024-04-01,32761.0,2621.0,Promotion
EMP12123,2025-04-01,34551.0,2764.0,Annual Revision
EMP12123,2026-04-01,38349.0,1150.0,Annual Revision
EMP12124,2021-04-01,32533.0,976.0,Annual Revision
EMP12124,2022-04-01,33734.0,4048.0,Promotion
EMP12124,2023-04-01,40496.0,1215.0,No Change
EMP12124,2024-04-01,40299.0,2015.0,Promotion
EMP12124,2025-04-01,44987.0,3599.0,Annual Revision
EMP12124,2026-04-01,48441.0,2422.0,No Change
EMP12125,2024-04-01,43053.0,2153.0,Annual Revision
EMP12125,2025-04-01,42882.0,1286.0,Annual Revision
EMP12125,2026-04-01,52436.0,2622.0,No Change
EMP12126,2026-04-01,64607.0,5169.0,No Change
EMP12127,2019-04-01,66557.0,7987.0,Market Adjustment
EMP12127,2020-04-01,66575.0,5326.0,No Change
EMP12127,2021-04-01,73380.0,2201.0,Promotion
EMP12127,2022-04-01,76243.0,2287.0,Annual Revision
EMP12127,2023-04-01,91592.0,7327.0,Market Adjustment
EMP12127,2024-04-01,104000.0,5200.0,Market Adjustment
EMP12127,2025-04-01,112415.0,5621.0,Market Adjustment
EMP12127,2026-04-01,116009.0,9281.0,Promotion
EMP12128,2024-04-01,89535.0,4477.0,Market Adjustment
EMP12128,2025-04-01,104582.0,3137.0,Promotion
EMP12128,2026-04-01,100748.0,3022.0,Annual Revision
EMP12129,2024-04-01,69543.0,5563.0,No Change
EMP12129,2025-04-01,68416.0,8210.0,Annual Revision
EMP12129,2026-04-01,81064.0,2432.0,No Change
EMP12130,2023-04-01,32533.0,1627.0,Annual Revision
EMP12130,2024-04-01,33362.0,1001.0,Market Adjustment
EMP12130,2025-04-01,37133.0,1857.0,No Change
EMP12130,2026-04-01,42730.0,1282.0,Annual Revision
EMP12131,2026-04-01,67670.0,3384.0,Market Adjustment
EMP12132,2024-04-01,38433.0,1153.0,Market Adjustment
EMP12132,2025-04-01,46219.0,2311.0,Promotion
EMP12132,2026-04-01,52046.0,4164.0,Annual Revision
EMP12133,2026-04-01,41874.0,1256.0,Annual Revision
EMP12134,2020-04-01,32470.0,974.0,Annual Revision
EMP12134,2021-04-01,35507.0,4261.0,Annual Revision
EMP12134,2022-04-01,36579.0,1097.0,Annual Revision
EMP12134,2023-04-01,42886.0,3431.0,Annual Revision
EMP12134,2024-04-01,43819.0,2191.0,Annual Revision
EMP12134,2025-04-01,48099.0,2405.0,Market Adjustment
EMP12134,2026-04-01,50970.0,1529.0,Annual Revision
EMP12135,2023-04-01,44447.0,2222.0,No Change
EMP12135,2024-04-01,50582.0,6070.0,Annual Revision
EMP12135,2025-04-01,58725.0,4698.0,Promotion
EMP12135,2026-04-01,62988.0,1890.0,Annual Revision
EMP12136,2024-04-01,92263.0,2768.0,Annual Revision
EMP12136,2025-04-01,95541.0,2866.0,No Change
EMP12136,2026-04-01,102864.0,3086.0,Annual Revision
EMP12137,2020-04-01,45762.0,1373.0,Promotion
EMP12137,2021-04-01,46170.0,1385.0,Annual Revision
EMP12137,2022-04-01,50256.0,4020.0,Annual Revision
EMP12137,2023-04-01,58015.0,4641.0,Annual Revision
EMP12137,2024-04-01,65916.0,5273.0,Annual Revision
EMP12137,2025-04-01,68532.0,5483.0,Promotion
EMP12137,2026-04-01,79746.0,3987.0,Annual Revision
EMP12138,2022-04-01,40755.0,2038.0,Annual Revision
EMP12138,2023-04-01,46208.0,3697.0,No Change
EMP12138,2024-04-01,52999.0,1590.0,Annual Revision
EMP12138,2025-04-01,58493.0,2925.0,Promotion
EMP12138,2026-04-01,62504.0,1875.0,Market Adjustment
EMP12139,2020-04-01,67862.0,2036.0,Promotion
EMP12139,2021-04-01,73055.0,3653.0,Market Adjustment
EMP12139,2022-04-01,78743.0,6299.0,Annual Revision
EMP12139,2023-04-01,87236.0,6979.0,Annual Revision
EMP12139,2024-04-01,94949.0,4747.0,Annual Revision
EMP12139,2025-04-01,101552.0,5078.0,Promotion
EMP12139,2026-04-01,118466.0,3554.0,Promotion
EMP12140,2025-04-01,46087.0,1383.0,Market Adjustment
EMP12140,2026-04-01,47043.0,5645.0,Annual Revision
EMP12141,2022-04-01,87472.0,6998.0,Market Adjustment
EMP12141,2023-04-01,97665.0,11720.0,Annual Revision
EMP12141,2024-04-01,110648.0,5532.0,Annual Revision
EMP12141,2025-04-01,111902.0,13428.0,Annual Revision
EMP12141,2026-04-01,132916.0,6646.0,No Change
EMP12142,2020-04-01,86967.0,4348.0,Annual Revision
EMP12142,2021-04-01,96827.0,2905.0,Annual Revision
EMP12142,2022-04-01,101258.0,8101.0,No Change
EMP12142,2023-04-01,118997.0,3570.0,Annual Revision
EMP12142,2024-04-01,134972.0,4049.0,Annual Revision
EMP12142,2025-04-01,141235.0,4237.0,Promotion
EMP12142,2026-04-01,146527.0,4396.0,No Change
EMP12143,2019-04-01,42300.0,3384.0,No Change
EMP12143,2020-04-01,43390.0,3471.0,Annual Revision
EMP12143,2021-04-01,49854.0,1496.0,Annual Revision
EMP12143,2022-04-01,54155.0,1625.0,Promotion
EMP12143,2023-04-01,61773.0,4942.0,No Change
EMP12143,2024-04-01,72971.0,5838.0,Annual Revision
EMP12143,2025-04-01,77527.0,6202.0,Annual Revision
EMP12143,2026-04-01,90245.0,7220.0,Annual Revision
EMP12144,2025-04-01,46650.0,2333.0,No Change
EMP12144,2026-04-01,46372.0,3710.0,Annual Revision
EMP12145,2024-04-01,41815.0,1254.0,Promotion
EMP12145,2025-04-01,48601.0,2430.0,Annual Revision
EMP12145,2026-04-01,52664.0,4213.0,Promotion
EMP12146,2022-04-01,127189.0,6359.0,Annual Revision
EMP12146,2023-04-01,128737.0,6437.0,Promotion
EMP12146,2024-04-01,143336.0,4300.0,Promotion
EMP12146,2025-04-01,164079.0,13126.0,Annual Revision
EMP12146,2026-04-01,174543.0,5236.0,Promotion
EMP12147,2025-04-01,45795.0,2290.0,Annual Revision
EMP12147,2026-04-01,44423.0,2221.0,Annual Revision
EMP12148,2022-04-01,46769.0,2338.0,Annual Revision
EMP12148,2023-04-01,47622.0,1429.0,Promotion
EMP12148,2024-04-01,51771.0,2589.0,Annual Revision
EMP12148,2025-04-01,59110.0,1773.0,Annual Revision
EMP12148,2026-04-01,64472.0,3224.0,Annual Revision
EMP12149,2023-04-01,33752.0,1013.0,Market Adjustment
EMP12149,2024-04-01,32725.0,1636.0,Market Adjustment
EMP12149,2025-04-01,39878.0,1994.0,Annual Revision
EMP12149,2026-04-01,42150.0,2108.0,Market Adjustment
EMP12150,2022-04-01,70456.0,5637.0,No Change
EMP12150,2023-04-01,70648.0,3532.0,No Change
EMP12150,2024-04-01,82454.0,6596.0,Promotion
EMP12150,2025-04-01,91893.0,11027.0,Promotion
EMP12150,2026-04-01,93684.0,2811.0,Promotion
EMP12151,2019-04-01,46336.0,3707.0,Annual Revision
EMP12151,2020-04-01,49171.0,2459.0,Annual Revision
EMP12151,2021-04-01,48921.0,3914.0,Promotion
EMP12151,2022-04-01,52881.0,1586.0,Market Adjustment
EMP12151,2023-04-01,66564.0,5325.0,Annual Revision
EMP12151,2024-04-01,71176.0,3559.0,Promotion
EMP12151,2025-04-01,75855.0,2276.0,Annual Revision
EMP12151,2026-04-01,78358.0,2351.0,Promotion
EMP12152,2024-04-01,37961.0,1139.0,No Change
EMP12152,2025-04-01,47739.0,3819.0,Annual Revision
EMP12152,2026-04-01,50003.0,4000.0,No Change
EMP12153,2019-04-01,44105.0,1323.0,Annual Revision
EMP12153,2020-04-01,42464.0,3397.0,Annual Revision
EMP12153,2021-04-01,46665.0,2333.0,Annual Revision
EMP12153,2022-04-01,50038.0,1501.0,Promotion
EMP12153,2023-04-01,63189.0,1896.0,Market Adjustment
EMP12153,2024-04-01,71461.0,3573.0,Annual Revision
EMP12153,2025-04-01,78723.0,6298.0,Promotion
EMP12153,2026-04-01,87230.0,6978.0,Market Adjustment
EMP12154,2024-04-01,125081.0,3752.0,Annual Revision
EMP12154,2025-04-01,131652.0,6583.0,Annual Revision
EMP12154,2026-04-01,152095.0,7605.0,No Change
EMP12155,2022-04-01,30001.0,900.0,Annual Revision
EMP12155,2023-04-01,32365.0,1618.0,Annual Revision
EMP12155,2024-04-01,40967.0,3277.0,Promotion
EMP12155,2025-04-01,42699.0,5124.0,Annual Revision
EMP12155,2026-04-01,50853.0,4068.0,Market Adjustment
EMP12156,2019-04-01,41979.0,5037.0,No Change
EMP12156,2020-04-01,43068.0,1292.0,Promotion
EMP12156,2021-04-01,45387.0,3631.0,Annual Revision
EMP12156,2022-04-01,52518.0,4201.0,Market Adjustment
EMP12156,2023-04-01,61866.0,3093.0,No Change
EMP12156,2024-04-01,67820.0,3391.0,Annual Revision
EMP12156,2025-04-01,67607.0,2028.0,Market Adjustment
EMP12156,2026-04-01,76799.0,9216.0,Market Adjustment
EMP12157,2025-04-01,32274.0,2582.0,Promotion
EMP12157,2026-04-01,33207.0,996.0,Promotion
EMP12158,2025-04-01,87384.0,6991.0,Promotion
EMP12158,2026-04-01,104725.0,5236.0,Market Adjustment
EMP12159,2024-04-01,70102.0,3505.0,Annual Revision
EMP12159,2025-04-01,77449.0,6196.0,Promotion
EMP12159,2026-04-01,87170.0,2615.0,No Change
EMP12160,2019-04-01,43564.0,1307.0,Annual Revision
EMP12160,2020-04-01,42326.0,3386.0,Annual Revision
EMP12160,2021-04-01,45037.0,2252.0,Promotion
EMP12160,2022-04-01,50568.0,6068.0,No Change
EMP12160,2023-04-01,59604.0,4768.0,Annual Revision
EMP12160,2024-04-01,64365.0,3218.0,Annual Revision
EMP12160,2025-04-01,72107.0,3605.0,Promotion
EMP12160,2026-04-01,76084.0,3804.0,Annual Revision
EMP12161,2019-04-01,88668.0,7093.0,Annual Revision
EMP12161,2020-04-01,100984.0,5049.0,Promotion
EMP12161,2021-04-01,107960.0,5398.0,Annual Revision
EMP12161,2022-04-01,111729.0,8938.0,Annual Revision
EMP12161,2023-04-01,133034.0,10643.0,No Change
EMP12161,2024-04-01,156057.0,7803.0,Promotion
EMP12161,2025-04-01,171784.0,13743.0,Promotion
EMP12161,2026-04-01,186285.0,5589.0,Annual Revision
EMP12162,2025-04-01,114038.0,5702.0,Annual Revision
EMP12162,2026-04-01,136625.0,10930.0,Promotion
EMP12163,2019-04-01,71772.0,5742.0,Market Adjustment
EMP12163,2020-04-01,75031.0,6002.0,Promotion
EMP12163,2021-04-01,83107.0,6649.0,Market Adjustment
EMP12163,2022-04-01,86228.0,4311.0,Annual Revision
EMP12163,2023-04-01,102372.0,5119.0,Annual Revision
EMP12163,2024-04-01,125003.0,6250.0,Annual Revision
EMP12163,2025-04-01,134827.0,4045.0,Annual Revision
EMP12163,2026-04-01,151088.0,7554.0,Annual Revision
EMP12164,2021-04-01,32537.0,1627.0,Annual Revision
EMP12164,2022-04-01,34613.0,2769.0,Annual Revision
EMP12164,2023-04-01,37483.0,2999.0,Annual Revision
EMP12164,2024-04-01,42435.0,1273.0,Promotion
EMP12164,2025-04-01,46410.0,3713.0,Market Adjustment
EMP12164,2026-04-01,45862.0,1376.0,Promotion
EMP12165,2024-04-01,66404.0,5312.0,Market Adjustment
EMP12165,2025-04-01,73632.0,3682.0,No Change
EMP12165,2026-04-01,83301.0,2499.0,No Change
EMP12166,2021-04-01,31607.0,1580.0,Annual Revision
EMP12166,2022-04-01,34414.0,4130.0,No Change
EMP12166,2023-04-01,39786.0,1194.0,No Change
EMP12166,2024-04-01,41646.0,2082.0,Annual Revision
EMP12166,2025-04-01,50648.0,4052.0,Annual Revision
EMP12166,2026-04-01,54292.0,4343.0,Annual Revision
EMP12167,2021-04-01,68532.0,2056.0,Promotion
EMP12167,2022-04-01,70576.0,5646.0,Promotion
EMP12167,2023-04-01,85516.0,4276.0,Annual Revision
EMP12167,2024-04-01,88822.0,4441.0,Annual Revision
EMP12167,2025-04-01,95259.0,4763.0,Annual Revision
EMP12167,2026-04-01,103920.0,3118.0,Annual Revision
EMP12168,2019-04-01,62703.0,3135.0,No Change
EMP12168,2020-04-01,69067.0,3453.0,Promotion
EMP12168,2021-04-01,69212.0,5537.0,Market Adjustment
EMP12168,2022-04-01,77787.0,6223.0,No Change
EMP12168,2023-04-01,97700.0,7816.0,Annual Revision
EMP12168,2024-04-01,100432.0,3013.0,Annual Revision
EMP12168,2025-04-01,107223.0,3217.0,Annual Revision
EMP12168,2026-04-01,119078.0,5954.0,Annual Revision
EMP12169,2024-04-01,43941.0,1318.0,Annual Revision
EMP12169,2025-04-01,51046.0,1531.0,Annual Revision
EMP12169,2026-04-01,53206.0,2660.0,Market Adjustment
EMP12170,2022-04-01,32439.0,2595.0,Promotion
EMP12170,2023-04-01,34678.0,4161.0,Annual Revision
EMP12170,2024-04-01,38961.0,3117.0,Market Adjustment
EMP12170,2025-04-01,42903.0,2145.0,Promotion
EMP12170,2026-04-01,48200.0,3856.0,Annual Revision
EMP12171,2019-04-01,65949.0,1978.0,Annual Revision
EMP12171,2020-04-01,71935.0,5755.0,Annual Revision
EMP12171,2021-04-01,74500.0,5960.0,Annual Revision
EMP12171,2022-04-01,75891.0,2277.0,Annual Revision
EMP12171,2023-04-01,94246.0,4712.0,Annual Revision
EMP12171,2024-04-01,104969.0,8398.0,Promotion
EMP12171,2025-04-01,104983.0,8399.0,Annual Revision
EMP12171,2026-04-01,119249.0,5962.0,Annual Revision
EMP12172,2021-04-01,66585.0,1998.0,Annual Revision
EMP12172,2022-04-01,74590.0,3729.0,Annual Revision
EMP12172,2023-04-01,77959.0,9355.0,Annual Revision
EMP12172,2024-04-01,87373.0,6990.0,Annual Revision
EMP12172,2025-04-01,85736.0,6859.0,Annual Revision
EMP12172,2026-04-01,105387.0,8431.0,Annual Revision
EMP12173,2026-04-01,41488.0,1245.0,Annual Revision
EMP12174,2022-04-01,30502.0,1525.0,Promotion
EMP12174,2023-04-01,34297.0,2744.0,Market Adjustment
EMP12174,2024-04-01,38424.0,1921.0,Annual Revision
EMP12174,2025-04-01,38818.0,1165.0,Annual Revision
EMP12174,2026-04-01,50507.0,1515.0,Market Adjustment
EMP12175,2019-04-01,68071.0,3404.0,Promotion
EMP12175,2020-04-01,70054.0,5604.0,Annual Revision
EMP12175,2021-04-01,72005.0,3600.0,Promotion
EMP12175,2022-04-01,83024.0,2491.0,Annual Revision
EMP12175,2023-04-01,93075.0,11169.0,Annual Revision
EMP12175,2024-04-01,97542.0,4877.0,No Change
EMP12175,2025-04-01,105109.0,5255.0,Promotion
EMP12175,2026-04-01,114826.0,3445.0,Promotion
EMP12176,2020-04-01,42596.0,5111.0,Promotion
EMP12176,2021-04-01,42041.0,3363.0,Promotion
EMP12176,2022-04-01,50645.0,4052.0,Market Adjustment
EMP12176,2023-04-01,53891.0,4311.0,Promotion
EMP12176,2024-04-01,64107.0,7693.0,Annual Revision
EMP12176,2025-04-01,64214.0,7706.0,Annual Revision
EMP12176,2026-04-01,67089.0,3354.0,Promotion
EMP12177,2022-04-01,32789.0,1639.0,Annual Revision
EMP12177,2023-04-01,34894.0,1745.0,Promotion
EMP12177,2024-04-01,38347.0,4602.0,Annual Revision
EMP12177,2025-04-01,39900.0,1197.0,Annual Revision
EMP12177,2026-04-01,43986.0,2199.0,No Change
EMP12178,2026-04-01,65296.0,1959.0,Market Adjustment
EMP12179,2022-04-01,67976.0,5438.0,Annual Revision
EMP12179,2023-04-01,69293.0,3465.0,Promotion
EMP12179,2024-04-01,83363.0,2501.0,Market Adjustment
EMP12179,2025-04-01,83618.0,2509.0,Annual Revision
EMP12179,2026-04-01,90919.0,2728.0,Promotion
EMP12180,2023-04-01,40689.0,2034.0,Annual Revision
EMP12180,2024-04-01,45215.0,5426.0,Annual Revision
EMP12180,2025-04-01,51104.0,2555.0,Annual Revision
EMP12180,2026-04-01,60854.0,1826.0,Annual Revision
EMP12181,2022-04-01,69605.0,3480.0,Promotion
EMP12181,2023-04-01,77687.0,3884.0,No Change
EMP12181,2024-04-01,78607.0,9433.0,Market Adjustment
EMP12181,2025-04-01,90670.0,7254.0,Market Adjustment
EMP12181,2026-04-01,98066.0,4903.0,Annual Revision
EMP12182,2026-04-01,70344.0,5628.0,Annual Revision
EMP12183,2025-04-01,62523.0,5002.0,No Change
EMP12183,2026-04-01,67170.0,2015.0,Annual Revision
EMP12184,2021-04-01,31028.0,931.0,Annual Revision
EMP12184,2022-04-01,32451.0,2596.0,No Change
EMP12184,2023-04-01,41303.0,3304.0,No Change
EMP12184,2024-04-01,42494.0,2125.0,Market Adjustment
EMP12184,2025-04-01,43456.0,3476.0,Annual Revision
EMP12184,2026-04-01,53188.0,2659.0,Market Adjustment
EMP12185,2022-04-01,44471.0,1334.0,Annual Revision
EMP12185,2023-04-01,51902.0,4152.0,Annual Revision
EMP12185,2024-04-01,53051.0,4244.0,Annual Revision
EMP12185,2025-04-01,51349.0,4108.0,Annual Revision
EMP12185,2026-04-01,65780.0,5262.0,Promotion
EMP12186,2025-04-01,32745.0,1637.0,Annual Revision
EMP12186,2026-04-01,36419.0,1821.0,Annual Revision
EMP12187,2019-04-01,42131.0,2107.0,Promotion
EMP12187,2020-04-01,49392.0,2470.0,Market Adjustment
EMP12187,2021-04-01,50939.0,2547.0,No Change
EMP12187,2022-04-01,55201.0,2760.0,Promotion
EMP12187,2023-04-01,65008.0,1950.0,Annual Revision
EMP12187,2024-04-01,71171.0,8541.0,Promotion
EMP12187,2025-04-01,77401.0,3870.0,Market Adjustment
EMP12187,2026-04-01,77066.0,3853.0,Promotion
EMP12188,2019-04-01,33857.0,1693.0,Annual Revision
EMP12188,2020-04-01,32868.0,1643.0,Annual Revision
EMP12188,2021-04-01,35395.0,2832.0,Annual Revision
EMP12188,2022-04-01,37844.0,3028.0,Promotion
EMP12188,2023-04-01,47030.0,3762.0,Annual Revision
EMP12188,2024-04-01,46875.0,1406.0,Annual Revision
EMP12188,2025-04-01,53327.0,2666.0,Promotion
EMP12188,2026-04-01,57500.0,4600.0,Annual Revision
EMP12189,2025-04-01,68011.0,5441.0,Promotion
EMP12189,2026-04-01,71992.0,5759.0,Market Adjustment
EMP12190,2025-04-01,72955.0,3648.0,Annual Revision
EMP12190,2026-04-01,78831.0,6306.0,Annual Revision
EMP12191,2020-04-01,64208.0,3210.0,No Change
EMP12191,2021-04-01,74505.0,8941.0,Market Adjustment
EMP12191,2022-04-01,75149.0,6012.0,Annual Revision
EMP12191,2023-04-01,91098.0,4555.0,Annual Revision
EMP12191,2024-04-01,102722.0,12327.0,Annual Revision
EMP12191,2025-04-01,103074.0,8246.0,Annual Revision
EMP12191,2026-04-01,119389.0,9551.0,Annual Revision
EMP12192,2024-04-01,68033.0,5443.0,Annual Revision
EMP12192,2025-04-01,76635.0,3832.0,No Change
EMP12192,2026-04-01,81834.0,2455.0,Annual Revision
EMP12193,2024-04-01,39056.0,1953.0,Market Adjustment
EMP12193,2025-04-01,45288.0,1359.0,Annual Revision
EMP12193,2026-04-01,50519.0,1516.0,Annual Revision
EMP12194,2023-04-01,66850.0,2005.0,Promotion
EMP12194,2024-04-01,74176.0,3709.0,Promotion
EMP12194,2025-04-01,75081.0,6006.0,Annual Revision
EMP12194,2026-04-01,87277.0,4364.0,Market Adjustment
EMP12195,2022-04-01,33160.0,2653.0,Annual Revision
EMP12195,2023-04-01,34270.0,4112.0,Annual Revision
EMP12195,2024-04-01,39043.0,1171.0,Market Adjustment
EMP12195,2025-04-01,44628.0,1339.0,Annual Revision
EMP12195,2026-04-01,49024.0,3922.0,Annual Revision
EMP12196,2021-04-01,68926.0,2068.0,Annual Revision
EMP12196,2022-04-01,75754.0,2273.0,Annual Revision
EMP12196,2023-04-01,84772.0,4239.0,Annual Revision
EMP12196,2024-04-01,87905.0,7032.0,Annual Revision
EMP12196,2025-04-01,101976.0,12237.0,Promotion
EMP12196,2026-04-01,111155.0,8892.0,Annual Revision
EMP12197,2020-04-01,94664.0,11360.0,Annual Revision
EMP12197,2021-04-01,98222.0,4911.0,Annual Revision
EMP12197,2022-04-01,97584.0,2928.0,Annual Revision
EMP12197,2023-04-01,113594.0,13631.0,No Change
EMP12197,2024-04-01,125782.0,6289.0,Annual Revision
EMP12197,2025-04-01,135544.0,4066.0,No Change
EMP12197,2026-04-01,145984.0,4380.0,Market Adjustment
EMP12198,2019-04-01,66929.0,3346.0,No Change
EMP12198,2020-04-01,76601.0,3830.0,Annual Revision
EMP12198,2021-04-01,77293.0,6183.0,No Change
EMP12198,2022-04-01,83047.0,4152.0,Annual Revision
EMP12198,2023-04-01,92482.0,7399.0,Market Adjustment
EMP12198,2024-04-01,98152.0,2945.0,Annual Revision
EMP12198,2025-04-01,112427.0,5621.0,Annual Revision
EMP12198,2026-04-01,133645.0,10692.0,Annual Revision
EMP12199,2021-04-01,70259.0,3513.0,No Change
EMP12199,2022-04-01,73986.0,2220.0,Annual Revision
EMP12199,2023-04-01,84995.0,6800.0,Promotion
EMP12199,2024-04-01,98698.0,4935.0,Market Adjustment
EMP12199,2025-04-01,102146.0,8172.0,Market Adjustment
EMP12199,2026-04-01,120108.0,3603.0,Promotion
EMP12200,2023-04-01,72488.0,5799.0,Annual Revision
EMP12200,2024-04-01,74770.0,3739.0,Annual Revision
EMP12200,2025-04-01,87284.0,2619.0,Promotion
EMP12200,2026-04-01,95634.0,4782.0,No Change
EMP12201,2021-04-01,68551.0,5484.0,Promotion
EMP12201,2022-04-01,72598.0,2178.0,Annual Revision
EMP12201,2023-04-01,83022.0,4151.0,Annual Revision
EMP12201,2024-04-01,93696.0,7496.0,Annual Revision
EMP12201,2025-04-01,104771.0,5239.0,Annual Revision
EMP12201,2026-04-01,110541.0,8843.0,Promotion
EMP12202,2021-04-01,64893.0,1947.0,Market Adjustment
EMP12202,2022-04-01,71956.0,3598.0,Annual Revision
EMP12202,2023-04-01,84918.0,2548.0,Annual Revision
EMP12202,2024-04-01,88739.0,4437.0,No Change
EMP12202,2025-04-01,104021.0,5201.0,Annual Revision
EMP12202,2026-04-01,112158.0,3365.0,Annual Revision
EMP12203,2022-04-01,31357.0,1568.0,Annual Revision
EMP12203,2023-04-01,32735.0,982.0,Annual Revision
EMP12203,2024-04-01,37536.0,3003.0,Annual Revision
EMP12203,2025-04-01,39579.0,1187.0,Annual Revision
EMP12203,2026-04-01,45957.0,5515.0,No Change
EMP12204,2022-04-01,65741.0,5259.0,Annual Revision
EMP12204,2023-04-01,78144.0,6252.0,Annual Revision
EMP12204,2024-04-01,80907.0,2427.0,Market Adjustment
EMP12204,2025-04-01,85363.0,4268.0,Annual Revision
EMP12204,2026-04-01,100937.0,5047.0,Market Adjustment
EMP12205,2020-04-01,41333.0,2067.0,Annual Revision
EMP12205,2021-04-01,44754.0,5370.0,No Change
EMP12205,2022-04-01,47651.0,1430.0,Annual Revision
EMP12205,2023-04-01,54053.0,2703.0,Annual Revision
EMP12205,2024-04-01,56243.0,2812.0,Promotion
EMP12205,2025-04-01,66456.0,5316.0,Annual Revision
EMP12205,2026-04-01,75040.0,3752.0,Market Adjustment
EMP12206,2025-04-01,32122.0,1606.0,Promotion
EMP12206,2026-04-01,33700.0,4044.0,Market Adjustment
EMP12207,2020-04-01,41678.0,3334.0,Market Adjustment
EMP12207,2021-04-01,44598.0,3568.0,Market Adjustment
EMP12207,2022-04-01,47408.0,2370.0,Market Adjustment
EMP12207,2023-04-01,52611.0,4209.0,Annual Revision
EMP12207,2024-04-01,56603.0,4528.0,Promotion
EMP12207,2025-04-01,66236.0,7948.0,Market Adjustment
EMP12207,2026-04-01,67602.0,5408.0,Promotion
EMP12208,2022-04-01,65457.0,5237.0,Market Adjustment
EMP12208,2023-04-01,69020.0,5522.0,Annual Revision
EMP12208,2024-04-01,74560.0,3728.0,Promotion
EMP12208,2025-04-01,88818.0,7105.0,Annual Revision
EMP12208,2026-04-01,95835.0,7667.0,Annual Revision
EMP12209,2022-04-01,72215.0,5777.0,Annual Revision
EMP12209,2023-04-01,69131.0,5530.0,Annual Revision
EMP12209,2024-04-01,85101.0,6808.0,Annual Revision
EMP12209,2025-04-01,93482.0,7479.0,Annual Revision
EMP12209,2026-04-01,99669.0,11960.0,Annual Revision
EMP12210,2019-04-01,64341.0,1930.0,Promotion
EMP12210,2020-04-01,70635.0,5651.0,Annual Revision
EMP12210,2021-04-01,73430.0,2203.0,No Change
EMP12210,2022-04-01,77270.0,2318.0,Promotion
EMP12210,2023-04-01,90523.0,7242.0,Annual Revision
EMP12210,2024-04-01,99887.0,7991.0,Annual Revision
EMP12210,2025-04-01,103084.0,8247.0,Promotion
EMP12210,2026-04-01,118325.0,9466.0,Annual Revision
EMP12211,2020-04-01,46079.0,2304.0,Market Adjustment
EMP12211,2021-04-01,46442.0,2322.0,Annual Revision
EMP12211,2022-04-01,48708.0,1461.0,Annual Revision
EMP12211,2023-04-01,59097.0,2955.0,Annual Revision
EMP12211,2024-04-01,61948.0,3097.0,Promotion
EMP12211,2025-04-01,71755.0,5740.0,Annual Revision
EMP12211,2026-04-01,73748.0,5900.0,Annual Revision
EMP12212,2025-04-01,93729.0,4686.0,Annual Revision
EMP12212,2026-04-01,98691.0,4935.0,No Change
EMP12213,2022-04-01,67595.0,3380.0,Annual Revision
EMP12213,2023-04-01,77815.0,6225.0,Annual Revision
EMP12213,2024-04-01,84441.0,4222.0,Promotion
EMP12213,2025-04-01,91735.0,2752.0,Annual Revision
EMP12213,2026-04-01,100467.0,3014.0,Promotion
EMP12214,2023-04-01,30997.0,2480.0,Annual Revision
EMP12214,2024-04-01,34628.0,2770.0,Annual Revision
EMP12214,2025-04-01,36671.0,2934.0,Annual Revision
EMP12214,2026-04-01,39747.0,1987.0,Annual Revision
EMP12215,2019-04-01,45686.0,2284.0,Annual Revision
EMP12215,2020-04-01,46155.0,2308.0,Annual Revision
EMP12215,2021-04-01,53113.0,2656.0,Annual Revision
EMP12215,2022-04-01,52588.0,4207.0,Annual Revision
EMP12215,2023-04-01,64971.0,7797.0,Annual Revision
EMP12215,2024-04-01,70849.0,2125.0,Annual Revision
EMP12215,2025-04-01,75212.0,2256.0,Market Adjustment
EMP12215,2026-04-01,89812.0,4491.0,Annual Revision
EMP12216,2025-04-01,67792.0,5423.0,Annual Revision
EMP12216,2026-04-01,74250.0,2227.0,No Change
EMP12217,2023-04-01,34100.0,1023.0,Annual Revision
EMP12217,2024-04-01,34521.0,2762.0,Annual Revision
EMP12217,2025-04-01,41320.0,4958.0,Promotion
EMP12217,2026-04-01,41890.0,2094.0,Annual Revision
EMP12218,2024-04-01,124842.0,6242.0,Market Adjustment
EMP12218,2025-04-01,142830.0,7141.0,Annual Revision
EMP12218,2026-04-01,151018.0,4531.0,Market Adjustment
EMP12219,2022-04-01,45576.0,3646.0,Market Adjustment
EMP12219,2023-04-01,47297.0,5676.0,Annual Revision
EMP12219,2024-04-01,53531.0,2677.0,Annual Revision
EMP12219,2025-04-01,58287.0,4663.0,Promotion
EMP12219,2026-04-01,62768.0,5021.0,Market Adjustment
EMP12220,2020-04-01,72347.0,3617.0,Annual Revision
EMP12220,2021-04-01,73448.0,3672.0,Annual Revision
EMP12220,2022-04-01,78972.0,6318.0,Promotion
EMP12220,2023-04-01,98999.0,7920.0,Annual Revision
EMP12220,2024-04-01,108753.0,3263.0,Annual Revision
EMP12220,2025-04-01,121017.0,6051.0,Annual Revision
EMP12220,2026-04-01,134178.0,4025.0,Annual Revision
EMP12221,2024-04-01,69299.0,3465.0,Market Adjustment
EMP12221,2025-04-01,74733.0,5979.0,Promotion
EMP12221,2026-04-01,84872.0,4244.0,No Change
EMP12222,2019-04-01,64624.0,5170.0,Annual Revision
EMP12222,2020-04-01,68696.0,3435.0,Promotion
EMP12222,2021-04-01,69905.0,8389.0,Annual Revision
EMP12222,2022-04-01,83549.0,4177.0,Promotion
EMP12222,2023-04-01,90738.0,10889.0,Annual Revision
EMP12222,2024-04-01,92959.0,4648.0,Promotion
EMP12222,2025-04-01,101674.0,8134.0,Annual Revision
EMP12222,2026-04-01,110620.0,13274.0,No Change
EMP12223,2020-04-01,95576.0,2867.0,Promotion
EMP12223,2021-04-01,96916.0,4846.0,No Change
EMP12223,2022-04-01,103450.0,5173.0,Market Adjustment
EMP12223,2023-04-01,123640.0,3709.0,No Change
EMP12223,2024-04-01,131112.0,6556.0,Annual Revision
EMP12223,2025-04-01,138203.0,4146.0,Market Adjustment
EMP12223,2026-04-01,153798.0,7690.0,Annual Revision
EMP12224,2024-04-01,42986.0,2149.0,Market Adjustment
EMP12224,2025-04-01,49329.0,2466.0,Annual Revision
EMP12224,2026-04-01,53664.0,2683.0,Market Adjustment
EMP12225,2025-04-01,40987.0,1230.0,Annual Revision
EMP12225,2026-04-01,47603.0,2380.0,Annual Revision
EMP12226,2023-04-01,45211.0,2261.0,Promotion
EMP12226,2024-04-01,49232.0,2462.0,Annual Revision
EMP12226,2025-04-01,54085.0,2704.0,Annual Revision
EMP12226,2026-04-01,60926.0,4874.0,Market Adjustment
EMP12227,2021-04-01,31080.0,1554.0,No Change
EMP12227,2022-04-01,33430.0,1003.0,Market Adjustment
EMP12227,2023-04-01,37852.0,1136.0,Annual Revision
EMP12227,2024-04-01,42255.0,2113.0,Market Adjustment
EMP12227,2025-04-01,44318.0,1330.0,Annual Revision
EMP12227,2026-04-01,53721.0,1612.0,No Change
EMP12228,2019-04-01,66190.0,3310.0,Annual Revision
EMP12228,2020-04-01,71834.0,3592.0,No Change
EMP12228,2021-04-01,72848.0,8742.0,Market Adjustment
EMP12228,2022-04-01,77163.0,2315.0,Annual Revision
EMP12228,2023-04-01,99704.0,4985.0,Annual Revision
EMP12228,2024-04-01,104731.0,5237.0,Market Adjustment
EMP12228,2025-04-01,120354.0,6018.0,Market Adjustment
EMP12228,2026-04-01,136273.0,16353.0,No Change
EMP12229,2020-04-01,62518.0,1876.0,Annual Revision
EMP12229,2021-04-01,69830.0,5586.0,Annual Revision
EMP12229,2022-04-01,70520.0,2116.0,Market Adjustment
EMP12229,2023-04-01,85730.0,6858.0,No Change
EMP12229,2024-04-01,93908.0,4695.0,Market Adjustment
EMP12229,2025-04-01,93910.0,2817.0,Annual Revision
EMP12229,2026-04-01,109054.0,5453.0,Annual Revision
EMP12230,2019-04-01,30700.0,921.0,Annual Revision
EMP12230,2020-04-01,34952.0,2796.0,Annual Revision
EMP12230,2021-04-01,36227.0,1087.0,Annual Revision
EMP12230,2022-04-01,36946.0,1847.0,No Change
EMP12230,2023-04-01,42222.0,2111.0,Market Adjustment
EMP12230,2024-04-01,48945.0,3916.0,No Change
EMP12230,2025-04-01,55028.0,1651.0,Annual Revision
EMP12230,2026-04-01,58039.0,4643.0,No Change
EMP12231,2022-04-01,63193.0,1896.0,Annual Revision
EMP12231,2023-04-01,74996.0,9000.0,Promotion
EMP12231,2024-04-01,79499.0,3975.0,Market Adjustment
EMP12231,2025-04-01,85210.0,6817.0,Annual Revision
EMP12231,2026-04-01,92217.0,7377.0,No Change
EMP12232,2024-04-01,67938.0,3397.0,No Change
EMP12232,2025-04-01,70716.0,5657.0,No Change
EMP12232,2026-04-01,76444.0,3822.0,Annual Revision
EMP12233,2021-04-01,42203.0,3376.0,Annual Revision
EMP12233,2022-04-01,48836.0,3907.0,Annual Revision
EMP12233,2023-04-01,53522.0,4282.0,Annual Revision
EMP12233,2024-04-01,62706.0,7525.0,Market Adjustment
EMP12233,2025-04-01,67946.0,8154.0,Promotion
EMP12233,2026-04-01,73916.0,2217.0,Promotion
EMP12234,2022-04-01,90535.0,2716.0,Promotion
EMP12234,2023-04-01,97901.0,7832.0,No Change
EMP12234,2024-04-01,103209.0,8257.0,Promotion
EMP12234,2025-04-01,113810.0,5690.0,Promotion
EMP12234,2026-04-01,121536.0,6077.0,Promotion
EMP12235,2023-04-01,126529.0,3796.0,Annual Revision
EMP12235,2024-04-01,145049.0,11604.0,Annual Revision
EMP12235,2025-04-01,143618.0,11489.0,Market Adjustment
EMP12235,2026-04-01,151170.0,18140.0,Market Adjustment
EMP12236,2020-04-01,41469.0,2073.0,Annual Revision
EMP12236,2021-04-01,45665.0,3653.0,Promotion
EMP12236,2022-04-01,46375.0,2319.0,Annual Revision
EMP12236,2023-04-01,52742.0,4219.0,Annual Revision
EMP12236,2024-04-01,59875.0,1796.0,Annual Revision
EMP12236,2025-04-01,63631.0,1909.0,Annual Revision
EMP12236,2026-04-01,70626.0,8475.0,Annual Revision
EMP12237,2022-04-01,41648.0,2082.0,No Change
EMP12237,2023-04-01,45274.0,5433.0,Annual Revision
EMP12237,2024-04-01,52033.0,2602.0,Market Adjustment
EMP12237,2025-04-01,60836.0,4867.0,Promotion
EMP12237,2026-04-01,62537.0,5003.0,Annual Revision
EMP12238,2020-04-01,89499.0,10740.0,Market Adjustment
EMP12238,2021-04-01,98790.0,7903.0,Promotion
EMP12238,2022-04-01,103690.0,5185.0,Annual Revision
EMP12238,2023-04-01,112129.0,8970.0,Market Adjustment
EMP12238,2024-04-01,127402.0,10192.0,Promotion
EMP12238,2025-04-01,141933.0,11355.0,No Change
EMP12238,2026-04-01,144972.0,17397.0,No Change
EMP12239,2026-04-01,30787.0,1539.0,Market Adjustment
EMP12240,2026-04-01,45585.0,3647.0,No Change
EMP12241,2024-04-01,93609.0,7489.0,Market Adjustment
EMP12241,2025-04-01,99810.0,11977.0,Annual Revision
EMP12241,2026-04-01,111315.0,3339.0,Market Adjustment
EMP12242,2021-04-01,41939.0,3355.0,Annual Revision
EMP12242,2022-04-01,43786.0,2189.0,Annual Revision
EMP12242,2023-04-01,54442.0,4355.0,Annual Revision
EMP12242,2024-04-01,58263.0,4661.0,Promotion
EMP12242,2025-04-01,60516.0,3026.0,Annual Revision
EMP12242,2026-04-01,72574.0,2177.0,Promotion
EMP12243,2019-04-01,66093.0,5287.0,Market Adjustment
EMP12243,2020-04-01,68568.0,3428.0,Promotion
EMP12243,2021-04-01,75325.0,2260.0,Promotion
EMP12243,2022-04-01,75542.0,6043.0,Promotion
EMP12243,2023-04-01,93634.0,4682.0,Annual Revision
EMP12243,2024-04-01,99622.0,2989.0,Annual Revision
EMP12243,2025-04-01,112439.0,8995.0,Annual Revision
EMP12243,2026-04-01,118233.0,9459.0,Annual Revision
EMP12244,2026-04-01,31136.0,2491.0,Promotion
EMP12245,2024-04-01,126168.0,3785.0,Promotion
EMP12245,2025-04-01,138800.0,6940.0,Annual Revision
EMP12245,2026-04-01,142069.0,11366.0,Promotion
EMP12246,2023-04-01,44288.0,3543.0,Promotion
EMP12246,2024-04-01,45653.0,1370.0,Promotion
EMP12246,2025-04-01,49391.0,2470.0,Annual Revision
EMP12246,2026-04-01,55394.0,6647.0,Promotion
EMP12247,2020-04-01,61070.0,3054.0,Annual Revision
EMP12247,2021-04-01,71610.0,5729.0,Promotion
EMP12247,2022-04-01,75018.0,3751.0,Market Adjustment
EMP12247,2023-04-01,81668.0,2450.0,No Change
EMP12247,2024-04-01,86168.0,6893.0,Annual Revision
EMP12247,2025-04-01,101653.0,3050.0,No Change
EMP12247,2026-04-01,106026.0,8482.0,Annual Revision
EMP12248,2022-04-01,119991.0,6000.0,Promotion
EMP12248,2023-04-01,138977.0,11118.0,Promotion
EMP12248,2024-04-01,153618.0,7681.0,Promotion
EMP12248,2025-04-01,165126.0,19815.0,Market Adjustment
EMP12248,2026-04-01,193547.0,9677.0,Annual Revision
EMP12249,2025-04-01,42713.0,3417.0,Annual Revision
EMP12249,2026-04-01,45685.0,3655.0,Promotion
EMP12250,2019-04-01,44114.0,2206.0,Promotion
EMP12250,2020-04-01,42322.0,2116.0,Promotion
EMP12250,2021-04-01,49883.0,5986.0,Annual Revision
EMP12250,2022-04-01,52068.0,1562.0,Annual Revision
EMP12250,2023-04-01,58551.0,4684.0,Annual Revision
EMP12250,2024-04-01,62253.0,1868.0,Annual Revision
EMP12250,2025-04-01,67114.0,2013.0,Annual Revision
EMP12250,2026-04-01,74723.0,3736.0,Annual Revision
EMP12251,2022-04-01,91238.0,2737.0,No Change
EMP12251,2023-04-01,101730.0,5086.0,No Change
EMP12251,2024-04-01,109644.0,3289.0,Annual Revision
EMP12251,2025-04-01,114095.0,5705.0,Annual Revision
EMP12251,2026-04-01,121529.0,6076.0,Annual Revision
EMP12252,2024-04-01,47089.0,2354.0,Annual Revision
EMP12252,2025-04-01,49617.0,1489.0,Annual Revision
EMP12252,2026-04-01,54210.0,2710.0,Annual Revision
EMP12253,2023-04-01,128062.0,6403.0,Promotion
EMP12253,2024-04-01,134569.0,10766.0,Market Adjustment
EMP12253,2025-04-01,149717.0,7486.0,Market Adjustment
EMP12253,2026-04-01,165359.0,13229.0,Annual Revision
EMP12254,2019-04-01,44846.0,2242.0,Annual Revision
EMP12254,2020-04-01,47914.0,3833.0,Annual Revision
EMP12254,2021-04-01,49303.0,2465.0,Annual Revision
EMP12254,2022-04-01,52181.0,2609.0,Annual Revision
EMP12254,2023-04-01,61132.0,3057.0,Promotion
EMP12254,2024-04-01,70069.0,3503.0,Annual Revision
EMP12254,2025-04-01,74113.0,5929.0,Annual Revision
EMP12254,2026-04-01,82427.0,4121.0,Annual Revision
EMP12255,2023-04-01,67960.0,2039.0,Annual Revision
EMP12255,2024-04-01,69281.0,5542.0,Annual Revision
EMP12255,2025-04-01,79597.0,3980.0,No Change
EMP12255,2026-04-01,79157.0,3958.0,Market Adjustment
EMP12256,2022-04-01,67611.0,2028.0,Annual Revision
EMP12256,2023-04-01,68870.0,8264.0,Annual Revision
EMP12256,2024-04-01,74589.0,3729.0,Annual Revision
EMP12256,2025-04-01,85613.0,4281.0,Market Adjustment
EMP12256,2026-04-01,93070.0,4654.0,No Change
EMP12257,2025-04-01,73849.0,5908.0,Promotion
EMP12257,2026-04-01,75920.0,2278.0,Promotion
EMP12258,2026-04-01,64453.0,3223.0,Market Adjustment
EMP12259,2022-04-01,44085.0,,Annual Revision
EMP12259,2023-04-01,49316.0,1479.0,Promotion
EMP12259,2024-04-01,53794.0,2690.0,No Change
EMP12259,2025-04-01,58506.0,2925.0,Promotion
EMP12259,2026-04-01,60536.0,1816.0,Promotion
EMP12260,2020-04-01,63913.0,3196.0,No Change
EMP12260,2021-04-01,69418.0,5553.0,Annual Revision
EMP12260,2022-04-01,75287.0,6023.0,Promotion
EMP12260,2023-04-01,79419.0,6354.0,Annual Revision
EMP12260,2024-04-01,90236.0,4512.0,Annual Revision
EMP12260,2025-04-01,100274.0,3008.0,Annual Revision
EMP12260,2026-04-01,106653.0,3200.0,No Change
EMP12261,2022-04-01,44343.0,3547.0,No Change
EMP12261,2023-04-01,45507.0,5461.0,Market Adjustment
EMP12261,2024-04-01,52821.0,2641.0,Market Adjustment
EMP12261,2025-04-01,52439.0,6293.0,No Change
EMP12261,2026-04-01,60465.0,4837.0,Market Adjustment
EMP12262,2019-04-01,122019.0,6101.0,Annual Revision
EMP12262,2020-04-01,137764.0,4133.0,Promotion
EMP12262,2021-04-01,150207.0,12017.0,Promotion
EMP12262,2022-04-01,158837.0,4765.0,Promotion
EMP12262,2023-04-01,188343.0,5650.0,Annual Revision
EMP12262,2024-04-01,211837.0,16947.0,Market Adjustment
EMP12262,2025-04-01,218435.0,17475.0,Promotion
EMP12262,2026-04-01,267549.0,32106.0,Promotion
EMP12263,2019-04-01,43316.0,5198.0,No Change
EMP12263,2020-04-01,49982.0,5998.0,Promotion
EMP12263,2021-04-01,48221.0,2411.0,Annual Revision
EMP12263,2022-04-01,50590.0,2530.0,Promotion
EMP12263,2023-04-01,65574.0,5246.0,Annual Revision
EMP12263,2024-04-01,65863.0,3293.0,Market Adjustment
EMP12263,2025-04-01,78557.0,3928.0,Market Adjustment
EMP12263,2026-04-01,95126.0,2854.0,Annual Revision
EMP12264,2025-04-01,32028.0,961.0,No Change
EMP12264,2026-04-01,35849.0,1792.0,Annual Revision
EMP12265,2019-04-01,32058.0,1603.0,Market Adjustment
EMP12265,2020-04-01,33806.0,1014.0,No Change
EMP12265,2021-04-01,36378.0,1819.0,Annual Revision
EMP12265,2022-04-01,38431.0,1153.0,Annual Revision
EMP12265,2023-04-01,47952.0,5754.0,Annual Revision
EMP12265,2024-04-01,47681.0,3814.0,No Change
EMP12265,2025-04-01,53767.0,2688.0,Annual Revision
EMP12265,2026-04-01,60276.0,7233.0,Annual Revision
EMP12266,2020-04-01,40688.0,3255.0,Annual Revision
EMP12266,2021-04-01,43906.0,2195.0,Market Adjustment
EMP12266,2022-04-01,48730.0,3898.0,Market Adjustment
EMP12266,2023-04-01,56714.0,1701.0,Annual Revision
EMP12266,2024-04-01,63006.0,7561.0,Market Adjustment
EMP12266,2025-04-01,69973.0,2099.0,Annual Revision
EMP12266,2026-04-01,75240.0,3762.0,Annual Revision
EMP12267,2020-04-01,124343.0,14921.0,Annual Revision
EMP12267,2021-04-01,129503.0,6475.0,No Change
EMP12267,2022-04-01,143717.0,17246.0,Annual Revision
EMP12267,2023-04-01,160002.0,12800.0,Annual Revision
EMP12267,2024-04-01,175508.0,8775.0,Market Adjustment
EMP12267,2025-04-01,197233.0,9862.0,Annual Revision
EMP12267,2026-04-01,199282.0,5978.0,Market Adjustment
EMP12268,2019-04-01,32663.0,1633.0,Market Adjustment
EMP12268,2020-04-01,31801.0,,Annual Revision
EMP12268,2021-04-01,36456.0,1094.0,Annual Revision
EMP12268,2022-04-01,37539.0,1877.0,Annual Revision
EMP12268,2023-04-01,42690.0,1281.0,Promotion
EMP12268,2024-04-01,51213.0,2561.0,Promotion
EMP12268,2025-04-01,55664.0,2783.0,Annual Revision
EMP12268,2026-04-01,62938.0,3147.0,Annual Revision
EMP12269,2022-04-01,90282.0,4514.0,Promotion
EMP12269,2023-04-01,94897.0,2847.0,Annual Revision
EMP12269,2024-04-01,110454.0,5523.0,Annual Revision
EMP12269,2025-04-01,110086.0,5504.0,Annual Revision
EMP12269,2026-04-01,120495.0,6025.0,No Change
EMP12270,2021-04-01,92395.0,4620.0,Annual Revision
EMP12270,2022-04-01,94350.0,2830.0,Annual Revision
EMP12270,2023-04-01,107939.0,8635.0,Promotion
EMP12270,2024-04-01,120589.0,14471.0,Annual Revision
EMP12270,2025-04-01,145745.0,11660.0,Annual Revision
EMP12270,2026-04-01,148361.0,7418.0,Annual Revision
EMP12271,2026-04-01,86661.0,4333.0,Annual Revision
EMP12272,2023-04-01,31934.0,1597.0,Promotion
EMP12272,2024-04-01,35106.0,1053.0,Annual Revision
EMP12272,2025-04-01,37736.0,1132.0,Promotion
EMP12272,2026-04-01,42321.0,3386.0,Annual Revision
EMP12273,2023-04-01,69747.0,3487.0,Annual Revision
EMP12273,2024-04-01,75938.0,2278.0,Promotion
EMP12273,2025-04-01,87556.0,4378.0,Annual Revision
EMP12273,2026-04-01,95438.0,4772.0,Annual Revision
EMP12274,2024-04-01,67358.0,5389.0,Annual Revision
EMP12274,2025-04-01,68136.0,5451.0,Annual Revision
EMP12274,2026-04-01,80563.0,9668.0,Annual Revision
EMP12275,2020-04-01,44445.0,2222.0,Annual Revision
EMP12275,2021-04-01,49615.0,3969.0,Annual Revision
EMP12275,2022-04-01,51313.0,2566.0,Annual Revision
EMP12275,2023-04-01,60840.0,1825.0,Annual Revision
EMP12275,2024-04-01,72289.0,3614.0,Annual Revision
EMP12275,2025-04-01,81233.0,9748.0,Annual Revision
EMP12275,2026-04-01,85001.0,2550.0,Annual Revision
EMP12276,2025-04-01,41747.0,3340.0,Annual Revision
EMP12276,2026-04-01,43971.0,1319.0,Market Adjustment
EMP12277,2021-04-01,119587.0,3588.0,Annual Revision
EMP12277,2022-04-01,139992.0,7000.0,Annual Revision
EMP12277,2023-04-01,143315.0,11465.0,Annual Revision
EMP12277,2024-04-01,159810.0,12785.0,Annual Revision
EMP12277,2025-04-01,176199.0,8810.0,Annual Revision
EMP12277,2026-04-01,190045.0,9502.0,Annual Revision
EMP12278,2022-04-01,86782.0,4339.0,Annual Revision
EMP12278,2023-04-01,98463.0,7877.0,Annual Revision
EMP12278,2024-04-01,108284.0,3249.0,No Change
EMP12278,2025-04-01,120986.0,6049.0,No Change
EMP12278,2026-04-01,129804.0,10384.0,Annual Revision
EMP12279,2025-04-01,41957.0,1259.0,Annual Revision
EMP12279,2026-04-01,45353.0,2268.0,Annual Revision
EMP12280,2023-04-01,30044.0,1502.0,No Change
EMP12280,2024-04-01,35969.0,1798.0,Promotion
EMP12280,2025-04-01,36089.0,2887.0,Annual Revision
EMP12280,2026-04-01,41659.0,3333.0,No Change
EMP12281,2023-04-01,32127.0,3855.0,No Change
EMP12281,2024-04-01,34614.0,1038.0,Annual Revision
EMP12281,2025-04-01,39455.0,3156.0,Annual Revision
EMP12281,2026-04-01,42883.0,3431.0,Annual Revision
EMP12282,2023-04-01,69104.0,5528.0,Market Adjustment
EMP12282,2024-04-01,76751.0,9210.0,Annual Revision
EMP12282,2025-04-01,83165.0,9980.0,Annual Revision
EMP12282,2026-04-01,94193.0,4710.0,No Change
EMP12283,2020-04-01,31355.0,2508.0,Annual Revision
EMP12283,2021-04-01,33957.0,1698.0,Annual Revision
EMP12283,2022-04-01,37021.0,1851.0,Promotion
EMP12283,2023-04-01,40942.0,2047.0,Annual Revision
EMP12283,2024-04-01,45932.0,3675.0,Market Adjustment
EMP12283,2025-04-01,49838.0,3987.0,Annual Revision
EMP12283,2026-04-01,52749.0,2637.0,Promotion
EMP12284,2022-04-01,41634.0,1249.0,No Change
EMP12284,2023-04-01,46123.0,2306.0,Promotion
EMP12284,2024-04-01,51686.0,2584.0,Promotion
EMP12284,2025-04-01,58444.0,1753.0,Annual Revision
EMP12284,2026-04-01,69427.0,5554.0,No Change
EMP12285,2025-04-01,60902.0,4872.0,Promotion
EMP12285,2026-04-01,68548.0,3427.0,Market Adjustment
EMP12286,2020-04-01,31054.0,932.0,Market Adjustment
EMP12286,2021-04-01,32977.0,2638.0,Promotion
EMP12286,2022-04-01,36893.0,4427.0,Annual Revision
EMP12286,2023-04-01,44219.0,3538.0,Annual Revision
EMP12286,2024-04-01,50983.0,4079.0,Annual Revision
EMP12286,2025-04-01,55190.0,1656.0,Annual Revision
EMP12286,2026-04-01,61564.0,4925.0,Annual Revision
EMP12287,2020-04-01,62681.0,3134.0,Annual Revision
EMP12287,2021-04-01,67482.0,2024.0,Annual Revision
EMP12287,2022-04-01,69252.0,8310.0,Promotion
EMP12287,2023-04-01,78510.0,6281.0,Promotion
EMP12287,2024-04-01,95535.0,4777.0,Market Adjustment
EMP12287,2025-04-01,101212.0,5061.0,Annual Revision
EMP12287,2026-04-01,108429.0,8674.0,Annual Revision
EMP12288,2024-04-01,46517.0,2326.0,Annual Revision
EMP12288,2025-04-01,49411.0,3953.0,Annual Revision
EMP12288,2026-04-01,53002.0,4240.0,Annual Revision
EMP12289,2020-04-01,66075.0,3304.0,Annual Revision
EMP12289,2021-04-01,68984.0,3449.0,Promotion
EMP12289,2022-04-01,75119.0,6010.0,Annual Revision
EMP12289,2023-04-01,92381.0,4619.0,Annual Revision
EMP12289,2024-04-01,88412.0,2652.0,Promotion
EMP12289,2025-04-01,98161.0,2945.0,Annual Revision
EMP12289,2026-04-01,108792.0,3264.0,Promotion
EMP12290,2020-04-01,45732.0,1372.0,Annual Revision
EMP12290,2021-04-01,46204.0,3696.0,Annual Revision
EMP12290,2022-04-01,49564.0,2478.0,Promotion
EMP12290,2023-04-01,58508.0,4681.0,Market Adjustment
EMP12290,2024-04-01,66991.0,3350.0,Annual Revision
EMP12290,2025-04-01,69338.0,2080.0,Annual Revision
EMP12290,2026-04-01,83709.0,6697.0,No Change
EMP12291,2024-04-01,42953.0,2148.0,Market Adjustment
EMP12291,2025-04-01,49415.0,2471.0,Annual Revision
EMP12291,2026-04-01,53491.0,4279.0,Annual Revision
EMP12292,2025-04-01,44712.0,3577.0,No Change
EMP12292,2026-04-01,47187.0,1416.0,Annual Revision
EMP12293,2021-04-01,30626.0,1531.0,Promotion
EMP12293,2022-04-01,37692.0,3015.0,Annual Revision
EMP12293,2023-04-01,41142.0,3291.0,Annual Revision
EMP12293,2024-04-01,44582.0,1337.0,Annual Revision
EMP12293,2025-04-01,47898.0,2395.0,Annual Revision
EMP12293,2026-04-01,49111.0,1473.0,Promotion
EMP12294,2019-04-01,41853.0,5022.0,Market Adjustment
EMP12294,2020-04-01,49044.0,3924.0,Annual Revision
EMP12294,2021-04-01,47529.0,2376.0,Promotion
EMP12294,2022-04-01,54066.0,1622.0,Promotion
EMP12294,2023-04-01,61205.0,4896.0,Promotion
EMP12294,2024-04-01,70372.0,3519.0,Annual Revision
EMP12294,2025-04-01,76766.0,3838.0,Market Adjustment
EMP12294,2026-04-01,87127.0,2614.0,Market Adjustment
EMP12295,2021-04-01,63977.0,5118.0,Annual Revision
EMP12295,2022-04-01,67252.0,3363.0,Market Adjustment
EMP12295,2023-04-01,70182.0,2105.0,Annual Revision
EMP12295,2024-04-01,83223.0,9987.0,Promotion
EMP12295,2025-04-01,89496.0,2685.0,Market Adjustment
EMP12295,2026-04-01,98747.0,2962.0,Annual Revision
EMP12296,2022-04-01,90146.0,7212.0,Annual Revision
EMP12296,2023-04-01,98722.0,2962.0,Annual Revision
EMP12296,2024-04-01,105514.0,3165.0,Annual Revision
EMP12296,2025-04-01,121485.0,3645.0,Annual Revision
EMP12296,2026-04-01,122942.0,6147.0,Annual Revision
EMP12297,2022-04-01,31644.0,1582.0,No Change
EMP12297,2023-04-01,35371.0,2830.0,Promotion
EMP12297,2024-04-01,37027.0,2962.0,Market Adjustment
EMP12297,2025-04-01,41180.0,1235.0,Market Adjustment
EMP12297,2026-04-01,45470.0,2273.0,Promotion
EMP12298,2021-04-01,40653.0,1220.0,Promotion
EMP12298,2022-04-01,44073.0,2204.0,Promotion
EMP12298,2023-04-01,51118.0,1534.0,Annual Revision
EMP12298,2024-04-01,56220.0,4498.0,Annual Revision
EMP12298,2025-04-01,56421.0,2821.0,Annual Revision
EMP12298,2026-04-01,66164.0,3308.0,Market Adjustment
EMP12299,2020-04-01,88692.0,4435.0,No Change
EMP12299,2021-04-01,101289.0,5064.0,Market Adjustment
EMP12299,2022-04-01,100472.0,5024.0,No Change
EMP12299,2023-04-01,123528.0,6176.0,Annual Revision
EMP12299,2024-04-01,139992.0,11199.0,Market Adjustment
EMP12299,2025-04-01,149067.0,11925.0,Market Adjustment
EMP12299,2026-04-01,175123.0,8756.0,Annual Revision
EMP12300,2019-04-01,70097.0,5608.0,Promotion
EMP12300,2020-04-01,72413.0,5793.0,Promotion
EMP12300,2021-04-01,76708.0,3835.0,Annual Revision
EMP12300,2022-04-01,82043.0,6563.0,Promotion
EMP12300,2023-04-01,101417.0,5071.0,Annual Revision
EMP12300,2024-04-01,107043.0,5352.0,Market Adjustment
EMP12300,2025-04-01,116004.0,9280.0,No Change
EMP12300,2026-04-01,132761.0,3983.0,Market Adjustment
EMP12301,2022-04-01,49994.0,2500.0,No Change
EMP12301,2023-04-01,46984.0,2349.0,Market Adjustment
EMP12301,2024-04-01,53415.0,4273.0,Market Adjustment
EMP12301,2025-04-01,57719.0,1732.0,Promotion
EMP12301,2026-04-01,63966.0,3198.0,Annual Revision
EMP12302,2025-04-01,32454.0,1623.0,Annual Revision
EMP12302,2026-04-01,36867.0,,Annual Revision
EMP12303,2021-04-01,44699.0,1341.0,Annual Revision
EMP12303,2022-04-01,48992.0,3919.0,Annual Revision
EMP12303,2023-04-01,52263.0,2613.0,Market Adjustment
EMP12303,2024-04-01,59561.0,2978.0,Market Adjustment
EMP12303,2025-04-01,61987.0,1860.0,Promotion
EMP12303,2026-04-01,70302.0,2109.0,Promotion
EMP12304,2021-04-01,42498.0,2125.0,Annual Revision
EMP12304,2022-04-01,43562.0,3485.0,Annual Revision
EMP12304,2023-04-01,49683.0,3975.0,Annual Revision
EMP12304,2024-04-01,52370.0,2618.0,Market Adjustment
EMP12304,2025-04-01,64921.0,7791.0,Annual Revision
EMP12304,2026-04-01,65158.0,5213.0,No Change
EMP12305,2025-04-01,46667.0,3733.0,Annual Revision
EMP12305,2026-04-01,47174.0,2359.0,Promotion
EMP12306,2025-04-01,43243.0,1297.0,Annual Revision
EMP12306,2026-04-01,45979.0,3678.0,Promotion
EMP12307,2023-04-01,59296.0,4744.0,Annual Revision
EMP12307,2024-04-01,71667.0,8600.0,Annual Revision
EMP12307,2025-04-01,75383.0,6031.0,Promotion
EMP12307,2026-04-01,81583.0,6527.0,Promotion
EMP12308,2019-04-01,44011.0,3521.0,Promotion
EMP12308,2020-04-01,45547.0,2277.0,Promotion
EMP12308,2021-04-01,46847.0,2342.0,Market Adjustment
EMP12308,2022-04-01,47546.0,3804.0,Annual Revision
EMP12308,2023-04-01,55629.0,4450.0,Market Adjustment
EMP12308,2024-04-01,66021.0,7922.0,No Change
EMP12308,2025-04-01,69888.0,2097.0,Promotion
EMP12308,2026-04-01,76879.0,3844.0,Market Adjustment
EMP12309,2023-04-01,43826.0,2191.0,No Change
EMP12309,2024-04-01,45058.0,1352.0,Market Adjustment
EMP12309,2025-04-01,50281.0,2514.0,Annual Revision
EMP12309,2026-04-01,49919.0,3994.0,Annual Revision
EMP12310,2024-04-01,32927.0,988.0,Annual Revision
EMP12310,2025-04-01,35102.0,1053.0,No Change
EMP12310,2026-04-01,37853.0,4542.0,Annual Revision
EMP12311,2024-04-01,32168.0,1608.0,No Change
EMP12311,2025-04-01,34502.0,2760.0,Annual Revision
EMP12311,2026-04-01,36119.0,4334.0,Annual Revision
EMP12312,2021-04-01,65893.0,5271.0,Annual Revision
EMP12312,2022-04-01,70965.0,5677.0,Annual Revision
EMP12312,2023-04-01,77112.0,6169.0,Promotion
EMP12312,2024-04-01,92839.0,4642.0,Annual Revision
EMP12312,2025-04-01,98498.0,7880.0,Annual Revision
EMP12312,2026-04-01,108664.0,5433.0,No Change
EMP12313,2020-04-01,87924.0,7034.0,Market Adjustment
EMP12313,2021-04-01,100365.0,12044.0,Annual Revision
EMP12313,2022-04-01,105800.0,5290.0,Annual Revision
EMP12313,2023-04-01,123884.0,6194.0,Annual Revision
EMP12313,2024-04-01,138843.0,11107.0,Annual Revision
EMP12313,2025-04-01,149760.0,4493.0,No Change
EMP12313,2026-04-01,163529.0,13082.0,Promotion
EMP12314,2024-04-01,86908.0,4345.0,Annual Revision
EMP12314,2025-04-01,95988.0,11519.0,Annual Revision
EMP12314,2026-04-01,101065.0,12128.0,Annual Revision
EMP12315,2022-04-01,45722.0,1372.0,Annual Revision
EMP12315,2023-04-01,50168.0,2508.0,Market Adjustment
EMP12315,2024-04-01,54632.0,2732.0,Market Adjustment
EMP12315,2025-04-01,56446.0,4516.0,Promotion
EMP12315,2026-04-01,64210.0,3211.0,Annual Revision
EMP12316,2020-04-01,88052.0,4403.0,Annual Revision
EMP12316,2021-04-01,91249.0,2737.0,Promotion
EMP12316,2022-04-01,105745.0,3172.0,Annual Revision
EMP12316,2023-04-01,121120.0,14534.0,Annual Revision
EMP12316,2024-04-01,126575.0,6329.0,No Change
EMP12316,2025-04-01,142211.0,7111.0,Annual Revision
EMP12316,2026-04-01,147014.0,17642.0,Annual Revision
EMP12317,2024-04-01,123320.0,6166.0,Promotion
EMP12317,2025-04-01,140120.0,7006.0,Annual Revision
EMP12317,2026-04-01,151947.0,12156.0,No Change
EMP12318,2020-04-01,62284.0,1869.0,Annual Revision
EMP12318,2021-04-01,68825.0,5506.0,Market Adjustment
EMP12318,2022-04-01,73250.0,2197.0,Annual Revision
EMP12318,2023-04-01,84919.0,10190.0,Promotion
EMP12318,2024-04-01,91964.0,7357.0,Promotion
EMP12318,2025-04-01,100437.0,3013.0,Promotion
EMP12318,2026-04-01,107106.0,8568.0,Annual Revision
EMP12319,2024-04-01,58586.0,2929.0,Promotion
EMP12319,2025-04-01,68976.0,5518.0,Annual Revision
EMP12319,2026-04-01,75486.0,3774.0,No Change
EMP12320,2020-04-01,121069.0,,No Change
EMP12320,2021-04-01,134601.0,6730.0,Annual Revision
EMP12320,2022-04-01,144356.0,11549.0,Promotion
EMP12320,2023-04-01,160554.0,12844.0,Annual Revision
EMP12320,2024-04-01,172891.0,13831.0,Annual Revision
EMP12320,2025-04-01,191980.0,23038.0,Promotion
EMP12320,2026-04-01,207264.0,6218.0,Annual Revision
EMP12321,2022-04-01,37621.0,1881.0,Annual Revision
EMP12321,2023-04-01,44155.0,1325.0,Annual Revision
EMP12321,2024-04-01,48571.0,3886.0,Annual Revision
EMP12321,2025-04-01,55727.0,2786.0,Annual Revision
EMP12321,2026-04-01,57631.0,2882.0,Market Adjustment
EMP12322,2024-04-01,68630.0,5490.0,Annual Revision
EMP12322,2025-04-01,69687.0,5575.0,No Change
EMP12322,2026-04-01,75299.0,9036.0,Annual Revision
EMP12323,2023-04-01,47000.0,2350.0,Promotion
EMP12323,2024-04-01,48018.0,2401.0,Annual Revision
EMP12323,2025-04-01,49646.0,2482.0,Promotion
EMP12323,2026-04-01,58359.0,7003.0,Market Adjustment
EMP12324,2026-04-01,45732.0,2287.0,No Change
EMP12325,2026-04-01,70093.0,3505.0,Annual Revision
EMP12326,2023-04-01,64694.0,7763.0,Promotion
EMP12326,2024-04-01,65433.0,3272.0,No Change
EMP12326,2025-04-01,76612.0,3831.0,Annual Revision
EMP12326,2026-04-01,79859.0,3993.0,Promotion
EMP12327,2024-04-01,45989.0,1380.0,Annual Revision
EMP12327,2025-04-01,49499.0,3960.0,Market Adjustment
EMP12327,2026-04-01,54781.0,2739.0,Market Adjustment
EMP12328,2025-04-01,63664.0,3183.0,Market Adjustment
EMP12328,2026-04-01,72754.0,3638.0,Annual Revision
EMP12329,2024-04-01,66430.0,5314.0,Annual Revision
EMP12329,2025-04-01,72991.0,5839.0,Annual Revision
EMP12329,2026-04-01,79553.0,2387.0,Annual Revision
EMP12330,2019-04-01,45310.0,2266.0,Annual Revision
EMP12330,2020-04-01,46290.0,2314.0,Promotion
EMP12330,2021-04-01,48913.0,1467.0,Annual Revision
EMP12330,2022-04-01,53293.0,2665.0,Promotion
EMP12330,2023-04-01,62526.0,5002.0,No Change
EMP12330,2024-04-01,69709.0,3485.0,Annual Revision
EMP12330,2025-04-01,76084.0,6087.0,No Change
EMP12330,2026-04-01,81669.0,4083.0,Promotion
EMP12331,2024-04-01,68406.0,5472.0,Annual Revision
EMP12331,2025-04-01,79939.0,6395.0,Annual Revision
EMP12331,2026-04-01,85987.0,2580.0,Annual Revision
EMP12332,2020-04-01,32251.0,3870.0,Market Adjustment
EMP12332,2021-04-01,33976.0,1019.0,Annual Revision
EMP12332,2022-04-01,35252.0,1058.0,Annual Revision
EMP12332,2023-04-01,42422.0,1273.0,Annual Revision
EMP12332,2024-04-01,42700.0,2135.0,Annual Revision
EMP12332,2025-04-01,49545.0,2477.0,Annual Revision
EMP12332,2026-04-01,56106.0,4488.0,Annual Revision
EMP12333,2021-04-01,87856.0,7029.0,Annual Revision
EMP12333,2022-04-01,91664.0,2750.0,Annual Revision
EMP12333,2023-04-01,100560.0,3017.0,Annual Revision
EMP12333,2024-04-01,118729.0,9498.0,Annual Revision
EMP12333,2025-04-01,130931.0,10474.0,Annual Revision
EMP12333,2026-04-01,139883.0,11191.0,Annual Revision
EMP12334,2019-04-01,41313.0,2066.0,Annual Revision
EMP12334,2020-04-01,42249.0,2112.0,No Change
EMP12334,2021-04-01,48216.0,2411.0,Annual Revision
EMP12334,2022-04-01,48684.0,2434.0,Annual Revision
EMP12334,2023-04-01,60206.0,3010.0,Annual Revision
EMP12334,2024-04-01,66283.0,3314.0,Annual Revision
EMP12334,2025-04-01,72274.0,3614.0,Annual Revision
EMP12334,2026-04-01,76294.0,9155.0,Market Adjustment
EMP12335,2024-04-01,32812.0,1641.0,Annual Revision
EMP12335,2025-04-01,35263.0,1763.0,Annual Revision
EMP12335,2026-04-01,38565.0,1157.0,No Change
EMP12336,2022-04-01,29301.0,2344.0,No Change
EMP12336,2023-04-01,33847.0,1692.0,Annual Revision
EMP12336,2024-04-01,38298.0,1149.0,Annual Revision
EMP12336,2025-04-01,40070.0,2003.0,Promotion
EMP12336,2026-04-01,48892.0,2445.0,Market Adjustment
EMP12337,2024-04-01,44570.0,3566.0,Annual Revision
EMP12337,2025-04-01,47676.0,1430.0,Market Adjustment
EMP12337,2026-04-01,52941.0,1588.0,Market Adjustment
EMP12338,2025-04-01,141207.0,11297.0,Annual Revision
EMP12338,2026-04-01,142946.0,17153.0,Annual Revision
EMP12339,2023-04-01,39840.0,1992.0,Annual Revision
EMP12339,2024-04-01,44430.0,1333.0,Annual Revision
EMP12339,2025-04-01,52003.0,1560.0,No Change
EMP12339,2026-04-01,55202.0,4416.0,Annual Revision
EMP12340,2023-04-01,45465.0,2273.0,Annual Revision
EMP12340,2024-04-01,48659.0,1460.0,Market Adjustment
EMP12340,2025-04-01,54031.0,2702.0,Promotion
EMP12340,2026-04-01,56542.0,2827.0,Annual Revision
EMP12341,2025-04-01,72938.0,3647.0,No Change
EMP12341,2026-04-01,73637.0,2209.0,Market Adjustment
EMP12342,2023-04-01,41353.0,2068.0,Annual Revision
EMP12342,2024-04-01,45311.0,2266.0,Market Adjustment
EMP12342,2025-04-01,47429.0,3794.0,No Change
EMP12342,2026-04-01,52557.0,2628.0,Market Adjustment
EMP12343,2019-04-01,71618.0,2149.0,Annual Revision
EMP12343,2020-04-01,73121.0,3656.0,Annual Revision
EMP12343,2021-04-01,80367.0,2411.0,Annual Revision
EMP12343,2022-04-01,82632.0,6611.0,Annual Revision
EMP12343,2023-04-01,94369.0,2831.0,Annual Revision
EMP12343,2024-04-01,107645.0,3229.0,Market Adjustment
EMP12343,2025-04-01,116975.0,5849.0,Promotion
EMP12343,2026-04-01,125058.0,10005.0,Market Adjustment
EMP12344,2023-04-01,68200.0,2046.0,Annual Revision
EMP12344,2024-04-01,77284.0,3864.0,Annual Revision
EMP12344,2025-04-01,89370.0,4469.0,Annual Revision
EMP12344,2026-04-01,91916.0,2757.0,No Change
EMP12345,2023-04-01,46052.0,1382.0,Annual Revision
EMP12345,2024-04-01,48623.0,2431.0,Annual Revision
EMP12345,2025-04-01,49999.0,1500.0,Promotion
EMP12345,2026-04-01,61133.0,7336.0,Promotion
EMP12346,2019-04-01,33418.0,2673.0,Market Adjustment
EMP12346,2020-04-01,35106.0,4213.0,Market Adjustment
EMP12346,2021-04-01,38065.0,3045.0,Promotion
EMP12346,2022-04-01,39288.0,1179.0,Promotion
EMP12346,2023-04-01,42139.0,2107.0,Market Adjustment
EMP12346,2024-04-01,49624.0,3970.0,Promotion
EMP12346,2025-04-01,52887.0,4231.0,Annual Revision
EMP12346,2026-04-01,58878.0,4710.0,Market Adjustment
EMP12347,2026-04-01,45926.0,2296.0,Market Adjustment
EMP12348,2019-04-01,29670.0,2374.0,Annual Revision
EMP12348,2020-04-01,35186.0,2815.0,Annual Revision
EMP12348,2021-04-01,37810.0,4537.0,Market Adjustment
EMP12348,2022-04-01,36975.0,1109.0,Annual Revision
EMP12348,2023-04-01,46806.0,1404.0,Promotion
EMP12348,2024-04-01,50655.0,2533.0,Promotion
EMP12348,2025-04-01,54808.0,2740.0,Annual Revision
EMP12348,2026-04-01,58704.0,1761.0,Market Adjustment
EMP12349,2020-04-01,31106.0,1555.0,Market Adjustment
EMP12349,2021-04-01,34413.0,1721.0,Annual Revision
EMP12349,2022-04-01,36785.0,1104.0,Annual Revision
EMP12349,2023-04-01,44372.0,2219.0,Promotion
EMP12349,2024-04-01,48403.0,2420.0,Annual Revision
EMP12349,2025-04-01,55388.0,1662.0,No Change
EMP12349,2026-04-01,61848.0,4948.0,Market Adjustment
EMP12350,2024-04-01,68062.0,2042.0,Annual Revision
EMP12350,2025-04-01,77876.0,3894.0,Market Adjustment
EMP12350,2026-04-01,85793.0,6863.0,No Change
EMP12351,2025-04-01,40435.0,1213.0,Market Adjustment
EMP12351,2026-04-01,46771.0,2339.0,Annual Revision
EMP12352,2022-04-01,43887.0,1317.0,Annual Revision
EMP12352,2023-04-01,45598.0,1368.0,Annual Revision
EMP12352,2024-04-01,50858.0,1526.0,Annual Revision
EMP12352,2025-04-01,51885.0,4151.0,Annual Revision
EMP12352,2026-04-01,59962.0,1799.0,Annual Revision
EMP12353,2023-04-01,40991.0,4919.0,Annual Revision
EMP12353,2024-04-01,47107.0,1413.0,Annual Revision
EMP12353,2025-04-01,49827.0,3986.0,Market Adjustment
EMP12353,2026-04-01,55340.0,1660.0,No Change
EMP12354,2024-04-01,34165.0,2733.0,Annual Revision
EMP12354,2025-04-01,31640.0,1582.0,Annual Revision
EMP12354,2026-04-01,37419.0,2994.0,Market Adjustment
EMP12355,2024-04-01,45136.0,2257.0,Market Adjustment
EMP12355,2025-04-01,47503.0,2375.0,Promotion
EMP12355,2026-04-01,52047.0,2602.0,Promotion
EMP12356,2024-04-01,67475.0,2024.0,Annual Revision
EMP12356,2025-04-01,72224.0,5778.0,Promotion
EMP12356,2026-04-01,85233.0,2557.0,Market Adjustment
EMP12357,2021-04-01,41954.0,1259.0,Promotion
EMP12357,2022-04-01,43450.0,1304.0,No Change
EMP12357,2023-04-01,52480.0,6298.0,Annual Revision
EMP12357,2024-04-01,52648.0,6318.0,Annual Revision
EMP12357,2025-04-01,57494.0,4600.0,Annual Revision
EMP12357,2026-04-01,69835.0,5587.0,Promotion
EMP12358,2025-04-01,70344.0,2110.0,Market Adjustment
EMP12358,2026-04-01,78009.0,6241.0,Annual Revision
EMP12359,2024-04-01,91586.0,4579.0,Annual Revision
EMP12359,2025-04-01,102076.0,8166.0,Promotion
EMP12359,2026-04-01,105864.0,3176.0,Annual Revision
EMP12360,2021-04-01,43667.0,2183.0,Market Adjustment
EMP12360,2022-04-01,45858.0,2293.0,Market Adjustment
EMP12360,2023-04-01,51301.0,1539.0,Annual Revision
EMP12360,2024-04-01,55927.0,1678.0,Promotion
EMP12360,2025-04-01,60129.0,3006.0,Annual Revision
EMP12360,2026-04-01,64350.0,3218.0,Annual Revision
EMP12361,2026-04-01,60990.0,3049.0,Promotion
EMP12362,2021-04-01,45824.0,2291.0,No Change
EMP12362,2022-04-01,48801.0,2440.0,Annual Revision
EMP12362,2023-04-01,53649.0,2682.0,Promotion
EMP12362,2024-04-01,55279.0,1658.0,Market Adjustment
EMP12362,2025-04-01,63449.0,3172.0,Promotion
EMP12362,2026-04-01,70911.0,8509.0,Annual Revision
EMP12363,2019-04-01,42990.0,1290.0,Annual Revision
EMP12363,2020-04-01,47431.0,2372.0,Annual Revision
EMP12363,2021-04-01,50557.0,1517.0,Annual Revision
EMP12363,2022-04-01,54844.0,4388.0,Market Adjustment
EMP12363,2023-04-01,59280.0,4742.0,Promotion
EMP12363,2024-04-01,64042.0,5123.0,Annual Revision
EMP12363,2025-04-01,76226.0,2287.0,Promotion
EMP12363,2026-04-01,81538.0,4077.0,Annual Revision
EMP12364,2021-04-01,41567.0,4988.0,Market Adjustment
EMP12364,2022-04-01,45817.0,2291.0,No Change
EMP12364,2023-04-01,51075.0,4086.0,Annual Revision
EMP12364,2024-04-01,53731.0,4299.0,Annual Revision
EMP12364,2025-04-01,62772.0,1883.0,Market Adjustment
EMP12364,2026-04-01,67143.0,5371.0,Annual Revision
EMP12365,2019-04-01,63728.0,3186.0,Promotion
EMP12365,2020-04-01,74306.0,8917.0,Promotion
EMP12365,2021-04-01,76081.0,2282.0,No Change
EMP12365,2022-04-01,80562.0,4028.0,Annual Revision
EMP12365,2023-04-01,91591.0,4580.0,Promotion
EMP12365,2024-04-01,97965.0,11756.0,Market Adjustment
EMP12365,2025-04-01,107123.0,3214.0,Annual Revision
EMP12365,2026-04-01,117433.0,5872.0,Annual Revision
EMP12366,2021-04-01,41418.0,2071.0,No Change
EMP12366,2022-04-01,43255.0,2163.0,Market Adjustment
EMP12366,2023-04-01,51139.0,6137.0,Annual Revision
EMP12366,2024-04-01,55342.0,2767.0,Annual Revision
EMP12366,2025-04-01,63866.0,3193.0,Market Adjustment
EMP12366,2026-04-01,74703.0,8964.0,Annual Revision
EMP12367,2025-04-01,68335.0,2050.0,Market Adjustment
EMP12367,2026-04-01,68888.0,3444.0,Market Adjustment
EMP12368,2019-04-01,92372.0,7390.0,Promotion
EMP12368,2020-04-01,98687.0,4934.0,Market Adjustment
EMP12368,2021-04-01,99946.0,2998.0,Annual Revision
EMP12368,2022-04-01,103979.0,5199.0,No Change
EMP12368,2023-04-01,123521.0,9882.0,No Change
EMP12368,2024-04-01,140040.0,4201.0,Market Adjustment
EMP12368,2025-04-01,155045.0,4651.0,Promotion
EMP12368,2026-04-01,159532.0,12763.0,Market Adjustment
EMP12369,2023-04-01,85252.0,10230.0,Annual Revision
EMP12369,2024-04-01,100140.0,5007.0,Annual Revision
EMP12369,2025-04-01,105277.0,5264.0,Promotion
EMP12369,2026-04-01,131428.0,6571.0,Market Adjustment
EMP12370,2025-04-01,31300.0,1565.0,No Change
EMP12370,2026-04-01,36040.0,1081.0,No Change
EMP12371,2021-04-01,66692.0,5335.0,Promotion
EMP12371,2022-04-01,72521.0,5802.0,Annual Revision
EMP12371,2023-04-01,84367.0,2531.0,Market Adjustment
EMP12371,2024-04-01,95088.0,4754.0,Annual Revision
EMP12371,2025-04-01,99465.0,2984.0,Market Adjustment
EMP12371,2026-04-01,111751.0,3353.0,Annual Revision
EMP12372,2022-04-01,93739.0,7499.0,Annual Revision
EMP12372,2023-04-01,100758.0,8061.0,Annual Revision
EMP12372,2024-04-01,104817.0,5241.0,Promotion
EMP12372,2025-04-01,124459.0,9957.0,Annual Revision
EMP12372,2026-04-01,134391.0,6720.0,Annual Revision
EMP12373,2025-04-01,42000.0,3360.0,Annual Revision
EMP12373,2026-04-01,47267.0,2363.0,Promotion
EMP12374,2023-04-01,31210.0,1561.0,Annual Revision
EMP12374,2024-04-01,34443.0,4133.0,No Change
EMP12374,2025-04-01,38405.0,4609.0,Market Adjustment
EMP12374,2026-04-01,47190.0,3775.0,Annual Revision
EMP12375,2026-04-01,44959.0,3597.0,Market Adjustment
EMP12376,2021-04-01,44614.0,5354.0,Annual Revision
EMP12376,2022-04-01,50675.0,2534.0,Promotion
EMP12376,2023-04-01,55305.0,4424.0,Promotion
EMP12376,2024-04-01,69043.0,3452.0,Annual Revision
EMP12376,2025-04-01,66067.0,3303.0,Annual Revision
EMP12376,2026-04-01,74490.0,3725.0,Annual Revision
EMP12377,2020-04-01,66675.0,3334.0,Promotion
EMP12377,2021-04-01,78220.0,9386.0,Market Adjustment
EMP12377,2022-04-01,80756.0,4038.0,Annual Revision
EMP12377,2023-04-01,100778.0,8062.0,Market Adjustment
EMP12377,2024-04-01,103051.0,5153.0,Annual Revision
EMP12377,2025-04-01,114793.0,3444.0,Market Adjustment
EMP12377,2026-04-01,135385.0,6769.0,No Change
EMP12378,2026-04-01,91700.0,4585.0,Annual Revision
EMP12379,2020-04-01,43656.0,2183.0,Promotion
EMP12379,2021-04-01,45891.0,2295.0,Annual Revision
EMP12379,2022-04-01,47329.0,5679.0,Annual Revision
EMP12379,2023-04-01,56274.0,1688.0,Annual Revision
EMP12379,2024-04-01,53422.0,6411.0,Annual Revision
EMP12379,2025-04-01,64032.0,3202.0,Market Adjustment
EMP12379,2026-04-01,69563.0,3478.0,Promotion
EMP12380,2023-04-01,42800.0,3424.0,Market Adjustment
EMP12380,2024-04-01,45554.0,2278.0,Annual Revision
EMP12380,2025-04-01,50211.0,4017.0,Promotion
EMP12380,2026-04-01,56674.0,1700.0,Market Adjustment
EMP12381,2021-04-01,32761.0,983.0,Market Adjustment
EMP12381,2022-04-01,35120.0,2810.0,No Change
EMP12381,2023-04-01,37762.0,1133.0,Annual Revision
EMP12381,2024-04-01,41970.0,1259.0,No Change
EMP12381,2025-04-01,46492.0,2325.0,Promotion
EMP12381,2026-04-01,47049.0,1411.0,No Change
EMP12382,2024-04-01,64021.0,1921.0,Market Adjustment
EMP12382,2025-04-01,74259.0,5941.0,Annual Revision
EMP12382,2026-04-01,75961.0,3798.0,Annual Revision
EMP12383,2021-04-01,64007.0,1920.0,Promotion
EMP12383,2022-04-01,68452.0,5476.0,Promotion
EMP12383,2023-04-01,76528.0,9183.0,Promotion
EMP12383,2024-04-01,83278.0,2498.0,Annual Revision
EMP12383,2025-04-01,93867.0,11264.0,Annual Revision
EMP12383,2026-04-01,100064.0,8005.0,Promotion
EMP12384,2022-04-01,31589.0,2527.0,Annual Revision
EMP12384,2023-04-01,33950.0,1698.0,Annual Revision
EMP12384,2024-04-01,39894.0,3192.0,Promotion
EMP12384,2025-04-01,43440.0,2172.0,Promotion
EMP12384,2026-04-01,47296.0,2365.0,Market Adjustment
EMP12385,2022-04-01,123904.0,6195.0,Annual Revision
EMP12385,2023-04-01,145489.0,11639.0,No Change
EMP12385,2024-04-01,146824.0,17619.0,Market Adjustment
EMP12385,2025-04-01,160080.0,4802.0,Annual Revision
EMP12385,2026-04-01,166768.0,13341.0,Market Adjustment
EMP12386,2023-04-01,69887.0,5591.0,Annual Revision
EMP12386,2024-04-01,76025.0,3801.0,Annual Revision
EMP12386,2025-04-01,82665.0,9920.0,Promotion
EMP12386,2026-04-01,88914.0,7113.0,Market Adjustment
EMP12387,2022-04-01,40855.0,3268.0,Annual Revision
EMP12387,2023-04-01,46006.0,2300.0,Annual Revision
EMP12387,2024-04-01,52034.0,4163.0,Promotion
EMP12387,2025-04-01,60416.0,1812.0,Market Adjustment
EMP12387,2026-04-01,60842.0,1825.0,Annual Revision
EMP12388,2019-04-01,68323.0,5466.0,Annual Revision
EMP12388,2020-04-01,76271.0,3814.0,Annual Revision
EMP12388,2021-04-01,75854.0,,No Change
EMP12388,2022-04-01,85873.0,10305.0,Market Adjustment
EMP12388,2023-04-01,94643.0,7571.0,Annual Revision
EMP12388,2024-04-01,107196.0,8576.0,Annual Revision
EMP12388,2025-04-01,112078.0,8966.0,Annual Revision
EMP12388,2026-04-01,129588.0,15551.0,Promotion
EMP12389,2023-04-01,66372.0,5310.0,Market Adjustment
EMP12389,2024-04-01,71608.0,2148.0,Annual Revision
EMP12389,2025-04-01,83427.0,2503.0,Market Adjustment
EMP12389,2026-04-01,81642.0,9797.0,Promotion
EMP12390,2024-04-01,62343.0,7481.0,Annual Revision
EMP12390,2025-04-01,67685.0,2031.0,Annual Revision
EMP12390,2026-04-01,76668.0,3833.0,Market Adjustment
EMP12391,2024-04-01,121008.0,6050.0,Annual Revision
EMP12391,2025-04-01,136411.0,10913.0,Market Adjustment
EMP12391,2026-04-01,151048.0,7552.0,Annual Revision
EMP12392,2020-04-01,31480.0,1574.0,Annual Revision
EMP12392,2021-04-01,34432.0,1722.0,Annual Revision
EMP12392,2022-04-01,38928.0,1168.0,Annual Revision
EMP12392,2023-04-01,44078.0,2204.0,Annual Revision
EMP12392,2024-04-01,49431.0,1483.0,Annual Revision
EMP12392,2025-04-01,54868.0,2743.0,Annual Revision
EMP12392,2026-04-01,62767.0,,Promotion
EMP12393,2019-04-01,43687.0,2184.0,Market Adjustment
EMP12393,2020-04-01,42668.0,5120.0,Market Adjustment
EMP12393,2021-04-01,51351.0,4108.0,No Change
EMP12393,2022-04-01,54264.0,4341.0,Market Adjustment
EMP12393,2023-04-01,63541.0,1906.0,No Change
EMP12393,2024-04-01,73343.0,8801.0,Market Adjustment
EMP12393,2025-04-01,77301.0,6184.0,Annual Revision
EMP12393,2026-04-01,88369.0,7069.0,No Change
EMP12394,2019-04-01,43937.0,2197.0,Annual Revision
EMP12394,2020-04-01,44737.0,3579.0,Promotion
EMP12394,2021-04-01,51922.0,4154.0,Annual Revision
EMP12394,2022-04-01,52626.0,1579.0,Promotion
EMP12394,2023-04-01,66003.0,7920.0,Annual Revision
EMP12394,2024-04-01,66987.0,8038.0,Promotion
EMP12394,2025-04-01,73419.0,2203.0,Annual Revision
EMP12394,2026-04-01,82027.0,4101.0,Annual Revision
EMP12395,2025-04-01,31955.0,959.0,Annual Revision
EMP12395,2026-04-01,34411.0,1032.0,Annual Revision
EMP12396,2024-04-01,122183.0,3665.0,Promotion
EMP12396,2025-04-01,137071.0,4112.0,Promotion
EMP12396,2026-04-01,147552.0,11804.0,Annual Revision
EMP12397,2024-04-01,44005.0,3520.0,Promotion
EMP12397,2025-04-01,49782.0,3983.0,Annual Revision
EMP12397,2026-04-01,52719.0,6326.0,Annual Revision
EMP12398,2024-04-01,43464.0,1304.0,Annual Revision
EMP12398,2025-04-01,50710.0,4057.0,Promotion
EMP12398,2026-04-01,53649.0,4292.0,Annual Revision
EMP12399,2026-04-01,67147.0,3357.0,Annual Revision
EMP12400,2023-04-01,45508.0,2275.0,Annual Revision
EMP12400,2024-04-01,49565.0,3965.0,Market Adjustment
EMP12400,2025-04-01,55203.0,1656.0,No Change
EMP12400,2026-04-01,62632.0,3132.0,No Change
EMP12401,2022-04-01,63746.0,3187.0,Annual Revision
EMP12401,2023-04-01,71789.0,3589.0,Promotion
EMP12401,2024-04-01,78659.0,6293.0,Annual Revision
EMP12401,2025-04-01,88610.0,4430.0,Annual Revision
EMP12401,2026-04-01,101957.0,8157.0,Annual Revision
EMP12402,2019-04-01,62957.0,3148.0,Annual Revision
EMP12402,2020-04-01,75568.0,3778.0,Annual Revision
EMP12402,2021-04-01,79306.0,2379.0,Annual Revision
EMP12402,2022-04-01,75016.0,3751.0,Annual Revision
EMP12402,2023-04-01,96951.0,4848.0,Annual Revision
EMP12402,2024-04-01,97969.0,4898.0,Market Adjustment
EMP12402,2025-04-01,104943.0,5247.0,Market Adjustment
EMP12402,2026-04-01,120456.0,3614.0,Annual Revision
EMP12403,2020-04-01,31923.0,958.0,Annual Revision
EMP12403,2021-04-01,35360.0,1061.0,Annual Revision
EMP12403,2022-04-01,36129.0,1084.0,Promotion
EMP12403,2023-04-01,40314.0,2016.0,Annual Revision
EMP12403,2024-04-01,48483.0,3879.0,Annual Revision
EMP12403,2025-04-01,54224.0,1627.0,Promotion
EMP12403,2026-04-01,61891.0,7427.0,Market Adjustment
EMP12404,2020-04-01,92652.0,2780.0,Annual Revision
EMP12404,2021-04-01,94182.0,4709.0,Annual Revision
EMP12404,2022-04-01,107527.0,3226.0,Annual Revision
EMP12404,2023-04-01,115672.0,5784.0,Promotion
EMP12404,2024-04-01,127513.0,3825.0,Annual Revision
EMP12404,2025-04-01,139289.0,4179.0,Promotion
EMP12404,2026-04-01,150245.0,12020.0,Annual Revision
EMP12405,2024-04-01,61566.0,3078.0,Promotion
EMP12405,2025-04-01,71901.0,5752.0,Annual Revision
EMP12405,2026-04-01,76143.0,6091.0,Annual Revision
EMP12406,2022-04-01,65278.0,5222.0,Annual Revision
EMP12406,2023-04-01,69358.0,5549.0,No Change
EMP12406,2024-04-01,77227.0,,Annual Revision
EMP12406,2025-04-01,83992.0,2520.0,Market Adjustment
EMP12406,2026-04-01,95912.0,4796.0,No Change
EMP12407,2020-04-01,65753.0,7890.0,Annual Revision
EMP12407,2021-04-01,67795.0,3390.0,Promotion
EMP12407,2022-04-01,78396.0,9408.0,Market Adjustment
EMP12407,2023-04-01,84119.0,10094.0,Annual Revision
EMP12407,2024-04-01,84547.0,2536.0,Annual Revision
EMP12407,2025-04-01,97775.0,11733.0,Annual Revision
EMP12407,2026-04-01,108507.0,8681.0,No Change
EMP12408,2020-04-01,45773.0,3662.0,Annual Revision
EMP12408,2021-04-01,47005.0,2350.0,Annual Revision
EMP12408,2022-04-01,48817.0,2441.0,Annual Revision
EMP12408,2023-04-01,60556.0,1817.0,No Change
EMP12408,2024-04-01,67387.0,2022.0,No Change
EMP12408,2025-04-01,68866.0,3443.0,Annual Revision
EMP12408,2026-04-01,77526.0,6202.0,Market Adjustment
EMP12409,2019-04-01,74993.0,8999.0,Annual Revision
EMP12409,2020-04-01,77568.0,3878.0,Promotion
EMP12409,2021-04-01,81066.0,9728.0,Annual Revision
EMP12409,2022-04-01,82386.0,6591.0,Promotion
EMP12409,2023-04-01,99045.0,2971.0,Annual Revision
EMP12409,2024-04-01,106503.0,8520.0,Annual Revision
EMP12409,2025-04-01,117693.0,3531.0,Market Adjustment
EMP12409,2026-04-01,119422.0,14331.0,No Change
EMP12410,2024-04-01,30990.0,930.0,Market Adjustment
EMP12410,2025-04-01,35792.0,1074.0,Market Adjustment
EMP12410,2026-04-01,36116.0,2889.0,Annual Revision
EMP12411,2019-04-01,64145.0,1924.0,Promotion
EMP12411,2020-04-01,63868.0,3193.0,Market Adjustment
EMP12411,2021-04-01,67668.0,3383.0,Market Adjustment
EMP12411,2022-04-01,79600.0,6368.0,Annual Revision
EMP12411,2023-04-01,90502.0,4525.0,Annual Revision
EMP12411,2024-04-01,98900.0,2967.0,No Change
EMP12411,2025-04-01,113296.0,5665.0,Annual Revision
EMP12411,2026-04-01,123133.0,6157.0,Annual Revision
EMP12412,2022-04-01,122746.0,9820.0,No Change
EMP12412,2023-04-01,143991.0,7200.0,No Change
EMP12412,2024-04-01,148634.0,17836.0,No Change
EMP12412,2025-04-01,159261.0,12741.0,Annual Revision
EMP12412,2026-04-01,176582.0,5297.0,Annual Revision
EMP12413,2023-04-01,70438.0,3522.0,Annual Revision
EMP12413,2024-04-01,75692.0,9083.0,Annual Revision
EMP12413,2025-04-01,78317.0,6265.0,Promotion
EMP12413,2026-04-01,89558.0,2687.0,Annual Revision
EMP12414,2025-04-01,33768.0,4052.0,Promotion
EMP12414,2026-04-01,35911.0,1077.0,Annual Revision
EMP12415,2024-04-01,45365.0,2268.0,Annual Revision
EMP12415,2025-04-01,49150.0,3932.0,Annual Revision
EMP12415,2026-04-01,56602.0,2830.0,Market Adjustment
EMP12416,2020-04-01,32988.0,2639.0,Annual Revision
EMP12416,2021-04-01,35382.0,4246.0,Market Adjustment
EMP12416,2022-04-01,35515.0,1065.0,Annual Revision
EMP12416,2023-04-01,42353.0,3388.0,Annual Revision
EMP12416,2024-04-01,43001.0,1290.0,No Change
EMP12416,2025-04-01,51792.0,1554.0,Market Adjustment
EMP12416,2026-04-01,50461.0,4037.0,Annual Revision
EMP12417,2023-04-01,42792.0,2140.0,No Change
EMP12417,2024-04-01,43016.0,3441.0,Promotion
EMP12417,2025-04-01,50084.0,1503.0,Annual Revision
EMP12417,2026-04-01,55939.0,2797.0,Market Adjustment
EMP12418,2026-04-01,42176.0,1265.0,Annual Revision
EMP12419,2023-04-01,34375.0,1719.0,Promotion
EMP12419,2024-04-01,32167.0,965.0,Annual Revision
EMP12419,2025-04-01,39779.0,3182.0,Annual Revision
EMP12419,2026-04-01,41701.0,2085.0,Promotion
EMP12420,2024-04-01,30122.0,2410.0,Annual Revision
EMP12420,2025-04-01,35880.0,2870.0,No Change
EMP12420,2026-04-01,37395.0,1122.0,Annual Revision
EMP12421,2025-04-01,47343.0,3787.0,Annual Revision
EMP12421,2026-04-01,48084.0,2404.0,Promotion
EMP12422,2021-04-01,70790.0,2124.0,Annual Revision
EMP12422,2022-04-01,68722.0,8247.0,Annual Revision
EMP12422,2023-04-01,76264.0,2288.0,Market Adjustment
EMP12422,2024-04-01,83080.0,4154.0,Market Adjustment
EMP12422,2025-04-01,83947.0,2518.0,Promotion
EMP12422,2026-04-01,102739.0,5137.0,Annual Revision
EMP12423,2021-04-01,65329.0,5226.0,Annual Revision
EMP12423,2022-04-01,71677.0,2150.0,Annual Revision
EMP12423,2023-04-01,77632.0,2329.0,Annual Revision
EMP12423,2024-04-01,83724.0,6698.0,Annual Revision
EMP12423,2025-04-01,86041.0,6883.0,Market Adjustment
EMP12423,2026-04-01,104672.0,5234.0,Promotion
EMP12424,2025-04-01,45215.0,3617.0,Promotion
EMP12424,2026-04-01,49257.0,1478.0,Market Adjustment
EMP12425,2019-04-01,29383.0,3526.0,No Change
EMP12425,2020-04-01,34627.0,1039.0,Promotion
EMP12425,2021-04-01,36270.0,2902.0,Promotion
EMP12425,2022-04-01,37886.0,1894.0,No Change
EMP12425,2023-04-01,43815.0,3505.0,Promotion
EMP12425,2024-04-01,50186.0,2509.0,Annual Revision
EMP12425,2025-04-01,53025.0,1591.0,Annual Revision
EMP12425,2026-04-01,62010.0,7441.0,Promotion
EMP12426,2020-04-01,62370.0,3119.0,No Change
EMP12426,2021-04-01,69593.0,3480.0,Annual Revision
EMP12426,2022-04-01,72096.0,5768.0,Annual Revision
EMP12426,2023-04-01,91255.0,2738.0,Annual Revision
EMP12426,2024-04-01,103564.0,5178.0,Annual Revision
EMP12426,2025-04-01,103809.0,8305.0,Annual Revision
EMP12426,2026-04-01,127515.0,6376.0,Annual Revision
EMP12427,2021-04-01,30987.0,1549.0,Annual Revision
EMP12427,2022-04-01,32997.0,3960.0,Annual Revision
EMP12427,2023-04-01,38890.0,1945.0,Annual Revision
EMP12427,2024-04-01,44006.0,3520.0,Annual Revision
EMP12427,2025-04-01,44325.0,3546.0,Annual Revision
EMP12427,2026-04-01,50893.0,2545.0,Annual Revision
EMP12428,2021-04-01,40549.0,2027.0,Annual Revision
EMP12428,2022-04-01,44131.0,2207.0,Annual Revision
EMP12428,2023-04-01,48819.0,2441.0,Promotion
EMP12428,2024-04-01,53488.0,2674.0,Market Adjustment
EMP12428,2025-04-01,59492.0,1785.0,No Change
EMP12428,2026-04-01,63401.0,3170.0,Annual Revision
EMP12429,2023-04-01,44637.0,3571.0,Market Adjustment
EMP12429,2024-04-01,48600.0,1458.0,Market Adjustment
EMP12429,2025-04-01,52408.0,2620.0,Annual Revision
EMP12429,2026-04-01,58175.0,1745.0,No Change
EMP12430,2025-04-01,40772.0,2039.0,No Change
EMP12430,2026-04-01,47697.0,2385.0,Annual Revision
EMP12431,2021-04-01,91204.0,2736.0,Annual Revision
EMP12431,2022-04-01,95533.0,2866.0,Promotion
EMP12431,2023-04-01,111180.0,3335.0,No Change
EMP12431,2024-04-01,117070.0,3512.0,Annual Revision
EMP12431,2025-04-01,134616.0,6731.0,Annual Revision
EMP12431,2026-04-01,144235.0,4327.0,Market Adjustment
EMP12432,2019-04-01,66076.0,1982.0,Annual Revision
EMP12432,2020-04-01,69492.0,5559.0,Annual Revision
EMP12432,2021-04-01,67624.0,2029.0,Market Adjustment
EMP12432,2022-04-01,75836.0,2275.0,Annual Revision
EMP12432,2023-04-01,89216.0,2676.0,Promotion
EMP12432,2024-04-01,98703.0,4935.0,Annual Revision
EMP12432,2025-04-01,109620.0,13154.0,Annual Revision
EMP12432,2026-04-01,122753.0,6138.0,Promotion
EMP12433,2019-04-01,67552.0,5404.0,Annual Revision
EMP12433,2020-04-01,65908.0,1977.0,Annual Revision
EMP12433,2021-04-01,72695.0,5816.0,Promotion
EMP12433,2022-04-01,76418.0,6113.0,Annual Revision
EMP12433,2023-04-01,89439.0,7155.0,Annual Revision
EMP12433,2024-04-01,99915.0,4996.0,Market Adjustment
EMP12433,2025-04-01,108899.0,3267.0,Market Adjustment
EMP12433,2026-04-01,120464.0,3614.0,Promotion
EMP12434,2020-04-01,41993.0,2100.0,Promotion
EMP12434,2021-04-01,45727.0,3658.0,Annual Revision
EMP12434,2022-04-01,49499.0,5940.0,Annual Revision
EMP12434,2023-04-01,60465.0,3023.0,Annual Revision
EMP12434,2024-04-01,63360.0,1901.0,Annual Revision
EMP12434,2025-04-01,74555.0,2237.0,Annual Revision
EMP12434,2026-04-01,76774.0,3839.0,Market Adjustment
EMP12435,2023-04-01,67140.0,3357.0,Market Adjustment
EMP12435,2024-04-01,67666.0,3383.0,Market Adjustment
EMP12435,2025-04-01,80179.0,4009.0,No Change
EMP12435,2026-04-01,90694.0,7256.0,Annual Revision
EMP12436,2025-04-01,30195.0,1510.0,Market Adjustment
EMP12436,2026-04-01,36438.0,1822.0,Market Adjustment
EMP12437,2020-04-01,30142.0,2411.0,Market Adjustment
EMP12437,2021-04-01,34459.0,1723.0,Annual Revision
EMP12437,2022-04-01,34769.0,2781.0,Market Adjustment
EMP12437,2023-04-01,42489.0,1275.0,Annual Revision
EMP12437,2024-04-01,47121.0,1414.0,Annual Revision
EMP12437,2025-04-01,48883.0,3911.0,Annual Revision
EMP12437,2026-04-01,52314.0,6278.0,Annual Revision
EMP12438,2024-04-01,46589.0,2329.0,Annual Revision
EMP12438,2025-04-01,52254.0,1568.0,No Change
EMP12438,2026-04-01,55231.0,6628.0,Annual Revision
EMP12439,2020-04-01,65285.0,7834.0,Annual Revision
EMP12439,2021-04-01,69558.0,5565.0,Annual Revision
EMP12439,2022-04-01,74623.0,5970.0,No Change
EMP12439,2023-04-01,82329.0,2470.0,Annual Revision
EMP12439,2024-04-01,97329.0,2920.0,No Change
EMP12439,2025-04-01,101642.0,3049.0,Annual Revision
EMP12439,2026-04-01,130694.0,10456.0,Annual Revision
EMP12440,2024-04-01,42794.0,2140.0,Annual Revision
EMP12440,2025-04-01,47889.0,5747.0,Annual Revision
EMP12440,2026-04-01,53234.0,4259.0,Promotion
EMP12441,2021-04-01,64269.0,5141.0,Market Adjustment
EMP12441,2022-04-01,68873.0,5510.0,Market Adjustment
EMP12441,2023-04-01,79594.0,6368.0,Annual Revision
EMP12441,2024-04-01,80940.0,6475.0,Promotion
EMP12441,2025-04-01,90908.0,10909.0,Annual Revision
EMP12441,2026-04-01,93648.0,7492.0,Annual Revision
EMP12442,2025-04-01,68937.0,2068.0,Annual Revision
EMP12442,2026-04-01,72452.0,5796.0,Annual Revision
EMP12443,2026-04-01,31850.0,1593.0,Promotion
EMP12444,2020-04-01,88390.0,2652.0,No Change
EMP12444,2021-04-01,93135.0,4657.0,Annual Revision
EMP12444,2022-04-01,102017.0,3061.0,Market Adjustment
EMP12444,2023-04-01,119596.0,14351.0,Annual Revision
EMP12444,2024-04-01,141658.0,11333.0,Market Adjustment
EMP12444,2025-04-01,152029.0,7601.0,No Change
EMP12444,2026-04-01,168699.0,8435.0,Market Adjustment
EMP12445,2023-04-01,62991.0,7559.0,Annual Revision
EMP12445,2024-04-01,71698.0,2151.0,Annual Revision
EMP12445,2025-04-01,77616.0,3881.0,Annual Revision
EMP12445,2026-04-01,85567.0,6845.0,Annual Revision
EMP12446,2026-04-01,92647.0,11118.0,Promotion
EMP12447,2019-04-01,66141.0,1984.0,Annual Revision
EMP12447,2020-04-01,70828.0,5666.0,Annual Revision
EMP12447,2021-04-01,73635.0,2209.0,Annual Revision
EMP12447,2022-04-01,76193.0,3810.0,Annual Revision
EMP12447,2023-04-01,87013.0,4351.0,Annual Revision
EMP12447,2024-04-01,100347.0,3010.0,Market Adjustment
EMP12447,2025-04-01,102639.0,12317.0,Annual Revision
EMP12447,2026-04-01,114648.0,5732.0,Annual Revision
EMP12448,2020-04-01,133983.0,6699.0,Promotion
EMP12448,2021-04-01,133608.0,4008.0,Annual Revision
EMP12448,2022-04-01,136903.0,6845.0,Market Adjustment
EMP12448,2023-04-01,156505.0,4695.0,No Change
EMP12448,2024-04-01,176008.0,14081.0,Annual Revision
EMP12448,2025-04-01,195160.0,5855.0,Annual Revision
EMP12448,2026-04-01,199710.0,9986.0,Market Adjustment
EMP12449,2020-04-01,43209.0,2160.0,Market Adjustment
EMP12449,2021-04-01,42980.0,2149.0,Market Adjustment
EMP12449,2022-04-01,48908.0,2445.0,Annual Revision
EMP12449,2023-04-01,55018.0,1651.0,Annual Revision
EMP12449,2024-04-01,60049.0,3002.0,Annual Revision
EMP12449,2025-04-01,64070.0,1922.0,Promotion
EMP12449,2026-04-01,73841.0,3692.0,Annual Revision
EMP12450,2025-04-01,43227.0,1297.0,Annual Revision
EMP12450,2026-04-01,48478.0,1454.0,Annual Revision
EMP12451,2024-04-01,126625.0,10130.0,Annual Revision
EMP12451,2025-04-01,137452.0,4124.0,Annual Revision
EMP12451,2026-04-01,162212.0,4866.0,Annual Revision
EMP12452,2022-04-01,42592.0,3407.0,Annual Revision
EMP12452,2023-04-01,46244.0,2312.0,Market Adjustment
EMP12452,2024-04-01,47075.0,3766.0,Annual Revision
EMP12452,2025-04-01,54497.0,4360.0,Annual Revision
EMP12452,2026-04-01,60763.0,1823.0,Annual Revision
EMP12453,2019-04-01,40116.0,3209.0,Annual Revision
EMP12453,2020-04-01,44926.0,2246.0,Annual Revision
EMP12453,2021-04-01,46914.0,2346.0,Promotion
EMP12453,2022-04-01,49915.0,1497.0,Annual Revision
EMP12453,2023-04-01,56855.0,1706.0,Annual Revision
EMP12453,2024-04-01,64028.0,5122.0,Annual Revision
EMP12453,2025-04-01,68810.0,2064.0,No Change
EMP12453,2026-04-01,81039.0,4052.0,Annual Revision
EMP12454,2020-04-01,31975.0,959.0,Market Adjustment
EMP12454,2021-04-01,33600.0,2688.0,Annual Revision
EMP12454,2022-04-01,35305.0,1059.0,Annual Revision
EMP12454,2023-04-01,43873.0,2194.0,Annual Revision
EMP12454,2024-04-01,47956.0,3837.0,Market Adjustment
EMP12454,2025-04-01,50823.0,1525.0,Promotion
EMP12454,2026-04-01,58825.0,2941.0,No Change
EMP12455,2023-04-01,30947.0,2476.0,Annual Revision
EMP12455,2024-04-01,34659.0,1733.0,Annual Revision
EMP12455,2025-04-01,39981.0,1999.0,Market Adjustment
EMP12455,2026-04-01,44350.0,5322.0,Annual Revision
EMP12456,2020-04-01,61280.0,7354.0,Annual Revision
EMP12456,2021-04-01,64984.0,1950.0,Promotion
EMP12456,2022-04-01,76389.0,3819.0,Annual Revision
EMP12456,2023-04-01,78742.0,9449.0,Annual Revision
EMP12456,2024-04-01,92411.0,7393.0,Promotion
EMP12456,2025-04-01,98620.0,4931.0,No Change
EMP12456,2026-04-01,111496.0,8920.0,Annual Revision
EMP12457,2023-04-01,31913.0,3830.0,Annual Revision
EMP12457,2024-04-01,35040.0,1752.0,Annual Revision
EMP12457,2025-04-01,38547.0,1927.0,Promotion
EMP12457,2026-04-01,43752.0,3500.0,Annual Revision
EMP12458,2020-04-01,65659.0,3283.0,Market Adjustment
EMP12458,2021-04-01,68922.0,3446.0,Annual Revision
EMP12458,2022-04-01,71775.0,5742.0,Promotion
EMP12458,2023-04-01,80838.0,6467.0,Annual Revision
EMP12458,2024-04-01,84862.0,4243.0,Promotion
EMP12458,2025-04-01,101979.0,5099.0,Market Adjustment
EMP12458,2026-04-01,108894.0,8711.0,Annual Revision
EMP12459,2021-04-01,45092.0,5411.0,Market Adjustment
EMP12459,2022-04-01,48547.0,3884.0,Market Adjustment
EMP12459,2023-04-01,53916.0,2696.0,Annual Revision
EMP12459,2024-04-01,56974.0,4558.0,Promotion
EMP12459,2025-04-01,60415.0,7250.0,Promotion
EMP12459,2026-04-01,67191.0,3360.0,Market Adjustment
EMP12460,2024-04-01,40744.0,2037.0,Market Adjustment
EMP12460,2025-04-01,46251.0,2313.0,Annual Revision
EMP12460,2026-04-01,47550.0,1426.0,Promotion
EMP12461,2021-04-01,44499.0,2225.0,Promotion
EMP12461,2022-04-01,51143.0,1534.0,Annual Revision
EMP12461,2023-04-01,55623.0,2781.0,No Change
EMP12461,2024-04-01,59504.0,2975.0,Market Adjustment
EMP12461,2025-04-01,65917.0,5273.0,Promotion
EMP12461,2026-04-01,73617.0,5889.0,No Change
EMP12462,2020-04-01,58929.0,4714.0,Promotion
EMP12462,2021-04-01,69905.0,2097.0,Annual Revision
EMP12462,2022-04-01,72953.0,5836.0,Promotion
EMP12462,2023-04-01,86566.0,6925.0,No Change
EMP12462,2024-04-01,97077.0,2912.0,Annual Revision
EMP12462,2025-04-01,103769.0,5188.0,Promotion
EMP12462,2026-04-01,111552.0,8924.0,Market Adjustment
EMP12463,2026-04-01,41375.0,1241.0,Annual Revision
EMP12464,2023-04-01,31382.0,1569.0,Market Adjustment
EMP12464,2024-04-01,38099.0,3048.0,No Change
EMP12464,2025-04-01,40852.0,2043.0,No Change
EMP12464,2026-04-01,42935.0,1288.0,Market Adjustment
EMP12465,2022-04-01,66247.0,3312.0,Annual Revision
EMP12465,2023-04-01,72114.0,2163.0,Annual Revision
EMP12465,2024-04-01,85350.0,4268.0,No Change
EMP12465,2025-04-01,85920.0,4296.0,Annual Revision
EMP12465,2026-04-01,96494.0,2895.0,Annual Revision
EMP12466,2021-04-01,92826.0,4641.0,Annual Revision
EMP12466,2022-04-01,88057.0,4403.0,No Change
EMP12466,2023-04-01,107927.0,12951.0,Market Adjustment
EMP12466,2024-04-01,120908.0,9673.0,Promotion
EMP12466,2025-04-01,129931.0,6497.0,Market Adjustment
EMP12466,2026-04-01,138603.0,11088.0,Promotion
EMP12467,2023-04-01,66482.0,1994.0,Annual Revision
EMP12467,2024-04-01,76858.0,6149.0,Market Adjustment
EMP12467,2025-04-01,88317.0,4416.0,Annual Revision
EMP12467,2026-04-01,99609.0,4980.0,Market Adjustment
EMP12468,2021-04-01,32031.0,961.0,Annual Revision
EMP12468,2022-04-01,33737.0,1012.0,Annual Revision
EMP12468,2023-04-01,41224.0,1237.0,Annual Revision
EMP12468,2024-04-01,42953.0,2148.0,No Change
EMP12468,2025-04-01,47662.0,2383.0,Annual Revision
EMP12468,2026-04-01,53350.0,1601.0,Annual Revision
EMP12469,2020-04-01,64870.0,3244.0,Annual Revision
EMP12469,2021-04-01,70264.0,5621.0,Annual Revision
EMP12469,2022-04-01,79377.0,6350.0,Market Adjustment
EMP12469,2023-04-01,92933.0,2788.0,Market Adjustment
EMP12469,2024-04-01,99515.0,4976.0,No Change
EMP12469,2025-04-01,112799.0,5640.0,Annual Revision
EMP12469,2026-04-01,121994.0,6100.0,Annual Revision
EMP12470,2020-04-01,46595.0,2330.0,Market Adjustment
EMP12470,2021-04-01,47789.0,,Annual Revision
EMP12470,2022-04-01,52789.0,4223.0,Annual Revision
EMP12470,2023-04-01,58238.0,4659.0,Annual Revision
EMP12470,2024-04-01,64173.0,1925.0,Annual Revision
EMP12470,2025-04-01,64125.0,5130.0,Annual Revision
EMP12470,2026-04-01,73273.0,2198.0,Promotion
EMP12471,2020-04-01,46227.0,3698.0,Market Adjustment
EMP12471,2021-04-01,48637.0,3891.0,Annual Revision
EMP12471,2022-04-01,47941.0,2397.0,Promotion
EMP12471,2023-04-01,59142.0,7097.0,Market Adjustment
EMP12471,2024-04-01,61521.0,4922.0,Annual Revision
EMP12471,2025-04-01,70956.0,3548.0,Annual Revision
EMP12471,2026-04-01,76207.0,6097.0,No Change
EMP12472,2020-04-01,41886.0,2094.0,Market Adjustment
EMP12472,2021-04-01,44700.0,5364.0,Annual Revision
EMP12472,2022-04-01,48133.0,2407.0,Annual Revision
EMP12472,2023-04-01,54823.0,2741.0,Market Adjustment
EMP12472,2024-04-01,62466.0,3123.0,Annual Revision
EMP12472,2025-04-01,60591.0,4847.0,Annual Revision
EMP12472,2026-04-01,72510.0,5801.0,Market Adjustment
EMP12473,2022-04-01,42697.0,1281.0,Market Adjustment
EMP12473,2023-04-01,46753.0,3740.0,Annual Revision
EMP12473,2024-04-01,50606.0,2530.0,Annual Revision
EMP12473,2025-04-01,57254.0,2863.0,Annual Revision
EMP12473,2026-04-01,64750.0,7770.0,Annual Revision
EMP12474,2024-04-01,71379.0,3569.0,Annual Revision
EMP12474,2025-04-01,74541.0,2236.0,Annual Revision
EMP12474,2026-04-01,81162.0,9739.0,No Change
EMP12475,2025-04-01,63809.0,5105.0,Annual Revision
EMP12475,2026-04-01,70535.0,3527.0,Promotion
EMP12476,2020-04-01,98294.0,4915.0,Annual Revision
EMP12476,2021-04-01,92758.0,7421.0,Promotion
EMP12476,2022-04-01,105059.0,5253.0,Annual Revision
EMP12476,2023-04-01,120500.0,9640.0,Annual Revision
EMP12476,2024-04-01,132033.0,3961.0,Annual Revision
EMP12476,2025-04-01,137223.0,10978.0,Market Adjustment
EMP12476,2026-04-01,152042.0,4561.0,Market Adjustment
EMP12477,2025-04-01,66449.0,5316.0,Annual Revision
EMP12477,2026-04-01,77893.0,2337.0,Annual Revision
EMP12478,2019-04-01,42768.0,3421.0,Market Adjustment
EMP12478,2020-04-01,44292.0,2215.0,Promotion
EMP12478,2021-04-01,48500.0,2425.0,Annual Revision
EMP12478,2022-04-01,52708.0,4217.0,Market Adjustment
EMP12478,2023-04-01,62854.0,5028.0,Annual Revision
EMP12478,2024-04-01,71145.0,3557.0,Annual Revision
EMP12478,2025-04-01,76877.0,6150.0,No Change
EMP12478,2026-04-01,85702.0,10284.0,Promotion
EMP12479,2021-04-01,122747.0,14730.0,Promotion
EMP12479,2022-04-01,137532.0,11003.0,No Change
EMP12479,2023-04-01,147573.0,7379.0,Market Adjustment
EMP12479,2024-04-01,155700.0,7785.0,Annual Revision
EMP12479,2025-04-01,179523.0,5386.0,Promotion
EMP12479,2026-04-01,189292.0,5679.0,Annual Revision
EMP12480,2025-04-01,64698.0,3235.0,Annual Revision
EMP12480,2026-04-01,66079.0,3304.0,Market Adjustment
EMP12481,2024-04-01,71796.0,5744.0,Annual Revision
EMP12481,2025-04-01,72828.0,2185.0,No Change
EMP12481,2026-04-01,83389.0,4169.0,No Change
EMP12482,2021-04-01,66614.0,5329.0,No Change
EMP12482,2022-04-01,68056.0,5444.0,Market Adjustment
EMP12482,2023-04-01,83970.0,4199.0,Annual Revision
EMP12482,2024-04-01,93516.0,4676.0,Annual Revision
EMP12482,2025-04-01,94294.0,2829.0,Market Adjustment
EMP12482,2026-04-01,108688.0,8695.0,Promotion
EMP12483,2023-04-01,71406.0,5712.0,Promotion
EMP12483,2024-04-01,76935.0,2308.0,Market Adjustment
EMP12483,2025-04-01,86238.0,6899.0,Promotion
EMP12483,2026-04-01,100749.0,3022.0,Annual Revision
EMP12484,2024-04-01,65311.0,1959.0,Annual Revision
EMP12484,2025-04-01,69386.0,8326.0,Market Adjustment
EMP12484,2026-04-01,77704.0,2331.0,Annual Revision
EMP12485,2022-04-01,125165.0,10013.0,No Change
EMP12485,2023-04-01,130834.0,10467.0,Market Adjustment
EMP12485,2024-04-01,147774.0,11822.0,Promotion
EMP12485,2025-04-01,169096.0,8455.0,Market Adjustment
EMP12485,2026-04-01,165489.0,4965.0,Annual Revision
EMP12486,2023-04-01,31937.0,2555.0,Market Adjustment
EMP12486,2024-04-01,34204.0,4104.0,Annual Revision
EMP12486,2025-04-01,37718.0,1886.0,Market Adjustment
EMP12486,2026-04-01,39917.0,4790.0,No Change
EMP12487,2024-04-01,30774.0,923.0,Promotion
EMP12487,2025-04-01,35931.0,4312.0,Market Adjustment
EMP12487,2026-04-01,39708.0,1985.0,Market Adjustment
EMP12488,2020-04-01,121510.0,6076.0,Annual Revision
EMP12488,2021-04-01,130271.0,10422.0,Annual Revision
EMP12488,2022-04-01,151335.0,7567.0,Annual Revision
EMP12488,2023-04-01,164254.0,13140.0,Annual Revision
EMP12488,2024-04-01,182246.0,14580.0,Annual Revision
EMP12488,2025-04-01,204383.0,10219.0,No Change
EMP12488,2026-04-01,239325.0,19146.0,Market Adjustment
EMP12489,2022-04-01,31925.0,2554.0,No Change
EMP12489,2023-04-01,35330.0,1060.0,Market Adjustment
EMP12489,2024-04-01,40531.0,1216.0,Promotion
EMP12489,2025-04-01,44133.0,1324.0,No Change
EMP12489,2026-04-01,48845.0,1465.0,Annual Revision
EMP12490,2020-04-01,63699.0,1911.0,Annual Revision
EMP12490,2021-04-01,70549.0,2116.0,No Change
EMP12490,2022-04-01,73514.0,3676.0,Market Adjustment
EMP12490,2023-04-01,86513.0,2595.0,Annual Revision
EMP12490,2024-04-01,93704.0,4685.0,Market Adjustment
EMP12490,2025-04-01,100600.0,12072.0,Annual Revision
EMP12490,2026-04-01,112664.0,3380.0,Annual Revision
EMP12491,2022-04-01,33903.0,2712.0,Annual Revision
EMP12491,2023-04-01,35183.0,1055.0,Annual Revision
EMP12491,2024-04-01,38908.0,3113.0,Annual Revision
EMP12491,2025-04-01,39346.0,1180.0,Annual Revision
EMP12491,2026-04-01,46775.0,3742.0,Annual Revision
EMP12492,2026-04-01,42056.0,3365.0,Annual Revision
EMP12493,2020-04-01,46472.0,2324.0,Annual Revision
EMP12493,2021-04-01,49821.0,3986.0,Annual Revision
EMP12493,2022-04-01,51815.0,1554.0,Annual Revision
EMP12493,2023-04-01,58149.0,4652.0,Market Adjustment
EMP12493,2024-04-01,57343.0,4587.0,No Change
EMP12493,2025-04-01,70572.0,8469.0,No Change
EMP12493,2026-04-01,76121.0,2284.0,Market Adjustment
EMP12494,2025-04-01,64746.0,1942.0,Annual Revision
EMP12494,2026-04-01,70000.0,2100.0,Market Adjustment
EMP12495,2020-04-01,92291.0,11075.0,Annual Revision
EMP12495,2021-04-01,94610.0,2838.0,No Change
EMP12495,2022-04-01,101790.0,3054.0,No Change
EMP12495,2023-04-01,119930.0,3598.0,Annual Revision
EMP12495,2024-04-01,126365.0,6318.0,Annual Revision
EMP12495,2025-04-01,143134.0,7157.0,Promotion
EMP12495,2026-04-01,143049.0,11444.0,No Change
EMP12496,2023-04-01,74338.0,5947.0,Market Adjustment
EMP12496,2024-04-01,77300.0,3865.0,Annual Revision
EMP12496,2025-04-01,81632.0,4082.0,Annual Revision
EMP12496,2026-04-01,88501.0,4425.0,Market Adjustment
EMP12497,2019-04-01,67050.0,3352.0,Annual Revision
EMP12497,2020-04-01,77852.0,6228.0,Promotion
EMP12497,2021-04-01,83718.0,6697.0,Annual Revision
EMP12497,2022-04-01,87622.0,2629.0,Promotion
EMP12497,2023-04-01,99819.0,2995.0,Market Adjustment
EMP12497,2024-04-01,121137.0,6057.0,Promotion
EMP12497,2025-04-01,132995.0,6650.0,Promotion
EMP12497,2026-04-01,153458.0,12277.0,Market Adjustment
EMP12498,2021-04-01,43971.0,1319.0,Promotion
EMP12498,2022-04-01,47321.0,2366.0,No Change
EMP12498,2023-04-01,55593.0,1668.0,Market Adjustment
EMP12498,2024-04-01,59740.0,7169.0,Annual Revision
EMP12498,2025-04-01,68631.0,5490.0,Annual Revision
EMP12498,2026-04-01,71420.0,2143.0,Market Adjustment
EMP12499,2026-04-01,33148.0,994.0,Annual Revision
EMP12500,2022-04-01,40560.0,2028.0,Promotion
EMP12500,2023-04-01,45572.0,2279.0,Annual Revision
EMP12500,2024-04-01,46373.0,3710.0,No Change
EMP12500,2025-04-01,57193.0,1716.0,Market Adjustment
EMP12500,2026-04-01,57506.0,2875.0,Annual Revision
EMP12501,2021-04-01,41818.0,3345.0,Market Adjustment
EMP12501,2022-04-01,43407.0,2170.0,Annual Revision
EMP12501,2023-04-01,52462.0,4197.0,Annual Revision
EMP12501,2024-04-01,57527.0,6903.0,Annual Revision
EMP12501,2025-04-01,62906.0,1887.0,Promotion
EMP12501,2026-04-01,68174.0,8181.0,Annual Revision
EMP12502,2024-04-01,71638.0,5731.0,Annual Revision
EMP12502,2025-04-01,77018.0,3851.0,Market Adjustment
EMP12502,2026-04-01,85324.0,2560.0,Annual Revision
EMP12503,2025-04-01,45037.0,2252.0,No Change
EMP12503,2026-04-01,50227.0,6027.0,Annual Revision
EMP12504,2025-04-01,64409.0,5153.0,No Change
EMP12504,2026-04-01,70209.0,5617.0,Promotion
EMP12505,2024-04-01,46753.0,3740.0,Annual Revision
EMP12505,2025-04-01,48057.0,1442.0,Promotion
EMP12505,2026-04-01,54151.0,1625.0,Market Adjustment
EMP12506,2023-04-01,45964.0,1379.0,No Change
EMP12506,2024-04-01,50377.0,4030.0,Market Adjustment
EMP12506,2025-04-01,56674.0,1700.0,Promotion
EMP12506,2026-04-01,57825.0,4626.0,Promotion
EMP12507,2020-04-01,31442.0,3773.0,No Change
EMP12507,2021-04-01,32244.0,2579.0,Annual Revision
EMP12507,2022-04-01,39340.0,1180.0,Annual Revision
EMP12507,2023-04-01,42970.0,3438.0,Market Adjustment
EMP12507,2024-04-01,44319.0,5318.0,Promotion
EMP12507,2025-04-01,51109.0,1533.0,Annual Revision
EMP12507,2026-04-01,54749.0,2737.0,Annual Revision
EMP12508,2019-04-01,41713.0,2086.0,No Change
EMP12508,2020-04-01,42549.0,3404.0,Market Adjustment
EMP12508,2021-04-01,47281.0,1418.0,Market Adjustment
EMP12508,2022-04-01,48386.0,1452.0,Annual Revision
EMP12508,2023-04-01,62530.0,1876.0,Market Adjustment
EMP12508,2024-04-01,69260.0,3463.0,Annual Revision
EMP12508,2025-04-01,70873.0,3544.0,Market Adjustment
EMP12508,2026-04-01,73685.0,2211.0,Promotion
EMP12509,2023-04-01,42700.0,1281.0,Annual Revision
EMP12509,2024-04-01,45313.0,2266.0,Annual Revision
EMP12509,2025-04-01,52207.0,4177.0,Annual Revision
EMP12509,2026-04-01,59671.0,4774.0,Annual Revision
EMP12510,2025-04-01,113541.0,3406.0,Annual Revision
EMP12510,2026-04-01,135049.0,10804.0,Annual Revision
EMP12511,2019-04-01,62635.0,3132.0,Promotion
EMP12511,2020-04-01,71915.0,3596.0,Annual Revision
EMP12511,2021-04-01,72530.0,5802.0,No Change
EMP12511,2022-04-01,74696.0,3735.0,Promotion
EMP12511,2023-04-01,90479.0,4524.0,Promotion
EMP12511,2024-04-01,98499.0,2955.0,Annual Revision
EMP12511,2025-04-01,115557.0,9245.0,Annual Revision
EMP12511,2026-04-01,118273.0,5914.0,Market Adjustment
EMP12512,2025-04-01,41150.0,2057.0,Market Adjustment
EMP12512,2026-04-01,45836.0,1375.0,Market Adjustment
EMP12513,2020-04-01,32498.0,1625.0,Annual Revision
EMP12513,2021-04-01,34906.0,1745.0,Annual Revision
EMP12513,2022-04-01,37478.0,2998.0,No Change
EMP12513,2023-04-01,41612.0,1248.0,No Change
EMP12513,2024-04-01,50016.0,6002.0,No Change
EMP12513,2025-04-01,51923.0,1558.0,Promotion
EMP12513,2026-04-01,58702.0,1761.0,No Change
EMP12514,2024-04-01,43548.0,5226.0,Promotion
EMP12514,2025-04-01,48572.0,2429.0,Annual Revision
EMP12514,2026-04-01,52492.0,1575.0,Market Adjustment
EMP12515,2026-04-01,73365.0,5869.0,Market Adjustment
EMP12516,2022-04-01,41668.0,2083.0,Annual Revision
EMP12516,2023-04-01,44906.0,5389.0,Promotion
EMP12516,2024-04-01,50013.0,2501.0,No Change
EMP12516,2025-04-01,54443.0,4355.0,Promotion
EMP12516,2026-04-01,59047.0,1771.0,Annual Revision
EMP12517,2025-04-01,33742.0,1687.0,Promotion
EMP12517,2026-04-01,34973.0,1749.0,No Change
EMP12518,2020-04-01,65179.0,1955.0,Market Adjustment
EMP12518,2021-04-01,70836.0,5667.0,Annual Revision
EMP12518,2022-04-01,80121.0,4006.0,Market Adjustment
EMP12518,2023-04-01,93007.0,2790.0,Annual Revision
EMP12518,2024-04-01,92586.0,4629.0,Annual Revision
EMP12518,2025-04-01,107283.0,3219.0,Market Adjustment
EMP12518,2026-04-01,112577.0,3377.0,Market Adjustment
EMP12519,2023-04-01,43438.0,5213.0,Market Adjustment
EMP12519,2024-04-01,44183.0,2209.0,Market Adjustment
EMP12519,2025-04-01,52329.0,2616.0,Annual Revision
EMP12519,2026-04-01,53873.0,6465.0,Promotion
EMP12520,2026-04-01,40954.0,2048.0,Promotion
EMP12521,2019-04-01,70226.0,3511.0,Market Adjustment
EMP12521,2020-04-01,74591.0,3730.0,No Change
EMP12521,2021-04-01,77702.0,6216.0,Market Adjustment
EMP12521,2022-04-01,82689.0,,Market Adjustment
EMP12521,2023-04-01,97054.0,4853.0,Annual Revision
EMP12521,2024-04-01,105978.0,3179.0,Annual Revision
EMP12521,2025-04-01,116297.0,3489.0,Annual Revision
EMP12521,2026-04-01,138640.0,6932.0,Market Adjustment
EMP12522,2022-04-01,68357.0,5469.0,Promotion
EMP12522,2023-04-01,80985.0,4049.0,Annual Revision
EMP12522,2024-04-01,86577.0,6926.0,Promotion
EMP12522,2025-04-01,100827.0,8066.0,Annual Revision
EMP12522,2026-04-01,102434.0,8195.0,Annual Revision
EMP12523,2026-04-01,41713.0,2086.0,Promotion
EMP12524,2022-04-01,31821.0,955.0,Annual Revision
EMP12524,2023-04-01,37339.0,1867.0,Annual Revision
EMP12524,2024-04-01,36484.0,1824.0,Promotion
EMP12524,2025-04-01,43079.0,1292.0,Annual Revision
EMP12524,2026-04-01,50080.0,4006.0,Annual Revision
EMP12525,2023-04-01,30313.0,909.0,Annual Revision
EMP12525,2024-04-01,34128.0,2730.0,Annual Revision
EMP12525,2025-04-01,39259.0,1178.0,Annual Revision
EMP12525,2026-04-01,42063.0,1262.0,Annual Revision
EMP12526,2024-04-01,43224.0,3458.0,Market Adjustment
EMP12526,2025-04-01,44948.0,2247.0,No Change
EMP12526,2026-04-01,46497.0,2325.0,Annual Revision
EMP12527,2024-04-01,71483.0,8578.0,Annual Revision
EMP12527,2025-04-01,77075.0,3854.0,Market Adjustment
EMP12527,2026-04-01,83895.0,10067.0,Promotion
EMP12528,2023-04-01,89729.0,7178.0,Promotion
EMP12528,2024-04-01,95753.0,2873.0,Promotion
EMP12528,2025-04-01,105495.0,5275.0,Annual Revision
EMP12528,2026-04-01,114784.0,9183.0,Annual Revision
EMP12529,2021-04-01,30281.0,2422.0,Annual Revision
EMP12529,2022-04-01,36683.0,1100.0,Annual Revision
EMP12529,2023-04-01,38801.0,1164.0,Annual Revision
EMP12529,2024-04-01,41929.0,3354.0,Annual Revision
EMP12529,2025-04-01,45475.0,3638.0,Annual Revision
EMP12529,2026-04-01,53744.0,2687.0,Annual Revision
EMP12530,2019-04-01,38950.0,3116.0,Market Adjustment
EMP12530,2020-04-01,45299.0,5436.0,Annual Revision
EMP12530,2021-04-01,49817.0,3985.0,Annual Revision
EMP12530,2022-04-01,51741.0,6209.0,Annual Revision
EMP12530,2023-04-01,63621.0,5090.0,Annual Revision
EMP12530,2024-04-01,68055.0,5444.0,Annual Revision
EMP12530,2025-04-01,79219.0,3961.0,Annual Revision
EMP12530,2026-04-01,86260.0,4313.0,Annual Revision
EMP12531,2021-04-01,43250.0,2162.0,Annual Revision
EMP12531,2022-04-01,46279.0,3702.0,Promotion
EMP12531,2023-04-01,50614.0,2531.0,No Change
EMP12531,2024-04-01,56139.0,1684.0,Annual Revision
EMP12531,2025-04-01,68385.0,3419.0,Annual Revision
EMP12531,2026-04-01,69858.0,2096.0,Annual Revision
EMP12532,2022-04-01,59401.0,2970.0,Promotion
EMP12532,2023-04-01,68370.0,2051.0,Market Adjustment
EMP12532,2024-04-01,78672.0,6294.0,Promotion
EMP12532,2025-04-01,82608.0,4130.0,Annual Revision
EMP12532,2026-04-01,95233.0,7619.0,Market Adjustment
EMP12533,2020-04-01,70742.0,2122.0,Annual Revision
EMP12533,2021-04-01,76171.0,3809.0,Market Adjustment
EMP12533,2022-04-01,80489.0,2415.0,Annual Revision
EMP12533,2023-04-01,89200.0,4460.0,Market Adjustment
EMP12533,2024-04-01,101972.0,5099.0,Annual Revision
EMP12533,2025-04-01,109640.0,3289.0,No Change
EMP12533,2026-04-01,115891.0,9271.0,Annual Revision
EMP12534,2021-04-01,45814.0,3665.0,No Change
EMP12534,2022-04-01,48554.0,5827.0,Promotion
EMP12534,2023-04-01,50608.0,1518.0,Market Adjustment
EMP12534,2024-04-01,58309.0,4665.0,Annual Revision
EMP12534,2025-04-01,59761.0,4781.0,Promotion
EMP12534,2026-04-01,70038.0,5603.0,No Change
EMP12535,2023-04-01,64936.0,3247.0,Market Adjustment
EMP12535,2024-04-01,69164.0,3458.0,Annual Revision
EMP12535,2025-04-01,73965.0,5917.0,Market Adjustment
EMP12535,2026-04-01,83933.0,4197.0,No Change
EMP12536,2023-04-01,90744.0,10889.0,Annual Revision
EMP12536,2024-04-01,93305.0,4665.0,No Change
EMP12536,2025-04-01,109393.0,13127.0,Market Adjustment
EMP12536,2026-04-01,116070.0,5804.0,Promotion
EMP12537,2022-04-01,31162.0,935.0,Annual Revision
EMP12537,2023-04-01,36021.0,4322.0,Annual Revision
EMP12537,2024-04-01,37309.0,1119.0,Annual Revision
EMP12537,2025-04-01,45230.0,1357.0,No Change
EMP12537,2026-04-01,44923.0,5391.0,Annual Revision
EMP12538,2021-04-01,46377.0,2319.0,Annual Revision
EMP12538,2022-04-01,48637.0,5836.0,Annual Revision
EMP12538,2023-04-01,53070.0,1592.0,Annual Revision
EMP12538,2024-04-01,59981.0,2999.0,Annual Revision
EMP12538,2025-04-01,65092.0,5207.0,Promotion
EMP12538,2026-04-01,68440.0,5475.0,Annual Revision
EMP12539,2023-04-01,65094.0,7811.0,Annual Revision
EMP12539,2024-04-01,73711.0,2211.0,No Change
EMP12539,2025-04-01,75668.0,6053.0,Market Adjustment
EMP12539,2026-04-01,85514.0,2565.0,Market Adjustment
EMP12540,2019-04-01,32289.0,2583.0,Annual Revision
EMP12540,2020-04-01,33922.0,2714.0,Annual Revision
EMP12540,2021-04-01,35057.0,1052.0,Promotion
EMP12540,2022-04-01,41032.0,3283.0,Promotion
EMP12540,2023-04-01,41918.0,3353.0,Annual Revision
EMP12540,2024-04-01,50130.0,1504.0,Annual Revision
EMP12540,2025-04-01,57096.0,2855.0,Annual Revision
EMP12540,2026-04-01,56219.0,2811.0,Market Adjustment
EMP12541,2021-04-01,64325.0,5146.0,Annual Revision
EMP12541,2022-04-01,73577.0,3679.0,Annual Revision
EMP12541,2023-04-01,78289.0,2349.0,Annual Revision
EMP12541,2024-04-01,86819.0,2605.0,Promotion
EMP12541,2025-04-01,98973.0,7918.0,Annual Revision
EMP12541,2026-04-01,109271.0,3278.0,Annual Revision
EMP12542,2023-04-01,69591.0,8351.0,Annual Revision
EMP12542,2024-04-01,76554.0,3828.0,Promotion
EMP12542,2025-04-01,87466.0,6997.0,No Change
EMP12542,2026-04-01,90920.0,7274.0,Annual Revision
EMP12543,2023-04-01,40609.0,4873.0,Market Adjustment
EMP12543,2024-04-01,45007.0,1350.0,No Change
EMP12543,2025-04-01,50806.0,4064.0,Annual Revision
EMP12543,2026-04-01,57208.0,2860.0,Annual Revision
EMP12544,2019-04-01,43766.0,3501.0,Promotion
EMP12544,2020-04-01,49209.0,3937.0,Market Adjustment
EMP12544,2021-04-01,52392.0,2620.0,Promotion
EMP12544,2022-04-01,53138.0,1594.0,Annual Revision
EMP12544,2023-04-01,63561.0,7627.0,Annual Revision
EMP12544,2024-04-01,69246.0,3462.0,Annual Revision
EMP12544,2025-04-01,76261.0,3813.0,Annual Revision
EMP12544,2026-04-01,85491.0,6839.0,Annual Revision
EMP12545,2019-04-01,40260.0,2013.0,Annual Revision
EMP12545,2020-04-01,44483.0,5338.0,Annual Revision
EMP12545,2021-04-01,50664.0,2533.0,Market Adjustment
EMP12545,2022-04-01,51054.0,4084.0,Annual Revision
EMP12545,2023-04-01,62261.0,4981.0,Market Adjustment
EMP12545,2024-04-01,74523.0,5962.0,Annual Revision
EMP12545,2025-04-01,82053.0,2462.0,Annual Revision
EMP12545,2026-04-01,88990.0,4449.0,Annual Revision
EMP12546,2025-04-01,87429.0,2623.0,Market Adjustment
EMP12546,2026-04-01,102467.0,5123.0,Annual Revision
EMP12547,2022-04-01,92739.0,7419.0,Annual Revision
EMP12547,2023-04-01,99929.0,4996.0,Promotion
EMP12547,2024-04-01,112937.0,9035.0,Market Adjustment
EMP12547,2025-04-01,126543.0,10123.0,Annual Revision
EMP12547,2026-04-01,134991.0,6750.0,Annual Revision
EMP12548,2023-04-01,67293.0,5383.0,Promotion
EMP12548,2024-04-01,73142.0,3657.0,Annual Revision
EMP12548,2025-04-01,79669.0,3983.0,Annual Revision
EMP12548,2026-04-01,89728.0,7178.0,Annual Revision
EMP12549,2023-04-01,66984.0,5359.0,Annual Revision
EMP12549,2024-04-01,72141.0,2164.0,Promotion
EMP12549,2025-04-01,81128.0,6490.0,Annual Revision
EMP12549,2026-04-01,85192.0,2556.0,Annual Revision
EMP12550,2020-04-01,34182.0,1709.0,Annual Revision
EMP12550,2021-04-01,33271.0,998.0,Annual Revision
EMP12550,2022-04-01,33945.0,,Annual Revision
EMP12550,2023-04-01,41046.0,3284.0,Annual Revision
EMP12550,2024-04-01,43733.0,1312.0,No Change
EMP12550,2025-04-01,50958.0,2548.0,Promotion
EMP12550,2026-04-01,53918.0,2696.0,Annual Revision
EMP12551,2022-04-01,89884.0,4494.0,Annual Revision
EMP12551,2023-04-01,98493.0,4925.0,No Change
EMP12551,2024-04-01,107015.0,5351.0,Market Adjustment
EMP12551,2025-04-01,115239.0,9219.0,No Change
EMP12551,2026-04-01,128922.0,6446.0,No Change
EMP12552,2022-04-01,90929.0,10911.0,Annual Revision
EMP12552,2023-04-01,99811.0,4991.0,Annual Revision
EMP12552,2024-04-01,110860.0,8869.0,Annual Revision
EMP12552,2025-04-01,126600.0,6330.0,Annual Revision
EMP12552,2026-04-01,140785.0,4224.0,Promotion
EMP12553,2025-04-01,65721.0,5258.0,Promotion
EMP12553,2026-04-01,71670.0,3584.0,No Change
EMP12554,2025-04-01,64644.0,5171.0,Promotion
EMP12554,2026-04-01,72207.0,,Market Adjustment
EMP12555,2020-04-01,44463.0,3557.0,Annual Revision
EMP12555,2021-04-01,50648.0,4052.0,Annual Revision
EMP12555,2022-04-01,50063.0,4005.0,Promotion
EMP12555,2023-04-01,57665.0,4613.0,Market Adjustment
EMP12555,2024-04-01,68230.0,5458.0,Annual Revision
EMP12555,2025-04-01,79344.0,6348.0,Promotion
EMP12555,2026-04-01,86359.0,4318.0,Promotion
EMP12556,2021-04-01,91062.0,2732.0,Promotion
EMP12556,2022-04-01,96974.0,4849.0,Promotion
EMP12556,2023-04-01,112494.0,3375.0,No Change
EMP12556,2024-04-01,121201.0,6060.0,Annual Revision
EMP12556,2025-04-01,124064.0,9925.0,Annual Revision
EMP12556,2026-04-01,135440.0,6772.0,Annual Revision
EMP12557,2020-04-01,69048.0,3452.0,No Change
EMP12557,2021-04-01,70294.0,5623.0,Annual Revision
EMP12557,2022-04-01,79107.0,9493.0,Market Adjustment
EMP12557,2023-04-01,91831.0,4592.0,Promotion
EMP12557,2024-04-01,93823.0,11259.0,No Change
EMP12557,2025-04-01,113443.0,5672.0,Market Adjustment
EMP12557,2026-04-01,113487.0,9079.0,Annual Revision
EMP12558,2021-04-01,88305.0,7064.0,No Change
EMP12558,2022-04-01,90704.0,10884.0,Annual Revision
EMP12558,2023-04-01,104756.0,3143.0,Annual Revision
EMP12558,2024-04-01,119252.0,9540.0,Annual Revision
EMP12558,2025-04-01,131199.0,6560.0,Annual Revision
EMP12558,2026-04-01,136555.0,10924.0,Annual Revision
EMP12559,2022-04-01,31127.0,3735.0,Promotion
EMP12559,2023-04-01,35629.0,1069.0,Promotion
EMP12559,2024-04-01,37970.0,3038.0,Annual Revision
EMP12559,2025-04-01,42740.0,3419.0,Annual Revision
EMP12559,2026-04-01,49611.0,1488.0,Annual Revision
EMP12560,2026-04-01,31967.0,959.0,No Change
EMP12561,2024-04-01,32672.0,980.0,Market Adjustment
EMP12561,2025-04-01,34159.0,1025.0,Annual Revision
EMP12561,2026-04-01,36854.0,2948.0,Annual Revision
EMP12562,2024-04-01,73744.0,3687.0,Promotion
EMP12562,2025-04-01,80233.0,2407.0,Annual Revision
EMP12562,2026-04-01,84814.0,6785.0,No Change
EMP12563,2023-04-01,90253.0,2708.0,Annual Revision
EMP12563,2024-04-01,103474.0,5174.0,Market Adjustment
EMP12563,2025-04-01,107389.0,5369.0,Annual Revision
EMP12563,2026-04-01,117417.0,3523.0,Promotion
EMP12564,2020-04-01,87576.0,4379.0,Market Adjustment
EMP12564,2021-04-01,97458.0,7797.0,Promotion
EMP12564,2022-04-01,107192.0,12863.0,Annual Revision
EMP12564,2023-04-01,123127.0,6156.0,No Change
EMP12564,2024-04-01,136146.0,10892.0,No Change
EMP12564,2025-04-01,149677.0,4490.0,Market Adjustment
EMP12564,2026-04-01,172474.0,13798.0,Promotion
EMP12565,2024-04-01,65830.0,5266.0,Annual Revision
EMP12565,2025-04-01,72154.0,3608.0,Promotion
EMP12565,2026-04-01,81905.0,2457.0,Promotion
EMP12566,2022-04-01,65730.0,1972.0,Annual Revision
EMP12566,2023-04-01,76637.0,2299.0,Annual Revision
EMP12566,2024-04-01,80924.0,9711.0,Annual Revision
EMP12566,2025-04-01,89916.0,4496.0,Annual Revision
EMP12566,2026-04-01,91255.0,2738.0,Annual Revision
EMP12567,2025-04-01,123418.0,14810.0,Annual Revision
EMP12567,2026-04-01,139031.0,11122.0,Market Adjustment
EMP12568,2023-04-01,32889.0,1644.0,Annual Revision
EMP12568,2024-04-01,35610.0,1068.0,Market Adjustment
EMP12568,2025-04-01,37647.0,4518.0,Annual Revision
EMP12568,2026-04-01,44661.0,2233.0,Annual Revision
EMP12569,2023-04-01,44382.0,1331.0,Market Adjustment
EMP12569,2024-04-01,50381.0,1511.0,Annual Revision
EMP12569,2025-04-01,48307.0,1449.0,No Change
EMP12569,2026-04-01,64046.0,3202.0,Annual Revision
EMP12570,2019-04-01,32184.0,1609.0,Annual Revision
EMP12570,2020-04-01,32570.0,1629.0,Annual Revision
EMP12570,2021-04-01,35077.0,1754.0,Promotion
EMP12570,2022-04-01,40756.0,2038.0,No Change
EMP12570,2023-04-01,44671.0,5360.0,Promotion
EMP12570,2024-04-01,48369.0,5804.0,Market Adjustment
EMP12570,2025-04-01,55649.0,4452.0,Annual Revision
EMP12570,2026-04-01,54967.0,4397.0,Promotion
EMP12571,2024-04-01,66411.0,7969.0,Annual Revision
EMP12571,2025-04-01,70519.0,3526.0,No Change
EMP12571,2026-04-01,77130.0,3856.0,Market Adjustment
EMP12572,2023-04-01,86085.0,2583.0,Annual Revision
EMP12572,2024-04-01,100090.0,5005.0,Promotion
EMP12572,2025-04-01,106477.0,5324.0,Market Adjustment
EMP12572,2026-04-01,118491.0,5925.0,Annual Revision
EMP12573,2022-04-01,35034.0,1752.0,Promotion
EMP12573,2023-04-01,35430.0,1063.0,No Change
EMP12573,2024-04-01,39205.0,1960.0,Market Adjustment
EMP12573,2025-04-01,44252.0,1328.0,Annual Revision
EMP12573,2026-04-01,50404.0,1512.0,Market Adjustment
EMP12574,2019-04-01,62509.0,1875.0,Market Adjustment
EMP12574,2020-04-01,67850.0,5428.0,Annual Revision
EMP12574,2021-04-01,72820.0,3641.0,Promotion
EMP12574,2022-04-01,79506.0,6360.0,Promotion
EMP12574,2023-04-01,92807.0,4640.0,No Change
EMP12574,2024-04-01,100692.0,3021.0,No Change
EMP12574,2025-04-01,99569.0,2987.0,Annual Revision
EMP12574,2026-04-01,123873.0,3716.0,Annual Revision
EMP12575,2019-04-01,70774.0,5662.0,Market Adjustment
EMP12575,2020-04-01,74465.0,5957.0,Promotion
EMP12575,2021-04-01,77147.0,3857.0,Promotion
EMP12575,2022-04-01,81113.0,2433.0,Promotion
EMP12575,2023-04-01,98131.0,2944.0,Market Adjustment
EMP12575,2024-04-01,102112.0,5106.0,Annual Revision
EMP12575,2025-04-01,115279.0,9222.0,Market Adjustment
EMP12575,2026-04-01,125515.0,10041.0,No Change
EMP12576,2019-04-01,46664.0,5600.0,Promotion
EMP12576,2020-04-01,50039.0,2502.0,Annual Revision
EMP12576,2021-04-01,50219.0,1507.0,Annual Revision
EMP12576,2022-04-01,54257.0,6511.0,No Change
EMP12576,2023-04-01,65409.0,7849.0,Annual Revision
EMP12576,2024-04-01,66280.0,3314.0,No Change
EMP12576,2025-04-01,73349.0,3667.0,Annual Revision
EMP12576,2026-04-01,81343.0,2440.0,Annual Revision
EMP12577,2023-04-01,32588.0,2607.0,Annual Revision
EMP12577,2024-04-01,34291.0,2743.0,No Change
EMP12577,2025-04-01,38232.0,1147.0,No Change
EMP12577,2026-04-01,40347.0,3228.0,Promotion
EMP12578,2020-04-01,33995.0,2720.0,Market Adjustment
EMP12578,2021-04-01,34683.0,1040.0,Market Adjustment
EMP12578,2022-04-01,37248.0,1117.0,Promotion
EMP12578,2023-04-01,42697.0,5124.0,Annual Revision
EMP12578,2024-04-01,46452.0,2323.0,Annual Revision
EMP12578,2025-04-01,47313.0,5678.0,Annual Revision
EMP12578,2026-04-01,57442.0,2872.0,Market Adjustment
EMP12579,2019-04-01,31095.0,1555.0,Promotion
EMP12579,2020-04-01,35345.0,,Annual Revision
EMP12579,2021-04-01,35070.0,1754.0,Annual Revision
EMP12579,2022-04-01,38653.0,3092.0,Annual Revision
EMP12579,2023-04-01,45562.0,1367.0,Promotion
EMP12579,2024-04-01,49433.0,1483.0,Promotion
EMP12579,2025-04-01,51432.0,4115.0,Annual Revision
EMP12579,2026-04-01,55488.0,1665.0,Annual Revision
EMP12580,2021-04-01,41768.0,2088.0,Market Adjustment
EMP12580,2022-04-01,46230.0,5548.0,Promotion
EMP12580,2023-04-01,48675.0,3894.0,Annual Revision
EMP12580,2024-04-01,52577.0,4206.0,Annual Revision
EMP12580,2025-04-01,63141.0,5051.0,Promotion
EMP12580,2026-04-01,73201.0,3660.0,Annual Revision
EMP12581,2020-04-01,44270.0,3542.0,Market Adjustment
EMP12581,2021-04-01,48572.0,2429.0,Annual Revision
EMP12581,2022-04-01,55812.0,2791.0,Annual Revision
EMP12581,2023-04-01,60130.0,3007.0,Promotion
EMP12581,2024-04-01,69485.0,5559.0,Promotion
EMP12581,2025-04-01,80005.0,2400.0,Annual Revision
EMP12581,2026-04-01,88225.0,10587.0,Annual Revision
EMP12582,2025-04-01,45799.0,5496.0,Annual Revision
EMP12582,2026-04-01,48110.0,2406.0,Market Adjustment
EMP12583,2025-04-01,68474.0,2054.0,Promotion
EMP12583,2026-04-01,70999.0,8520.0,Annual Revision
EMP12584,2023-04-01,136141.0,10891.0,Annual Revision
EMP12584,2024-04-01,130315.0,3909.0,Market Adjustment
EMP12584,2025-04-01,150464.0,12037.0,No Change
EMP12584,2026-04-01,153811.0,7691.0,Annual Revision
EMP12585,2020-04-01,86804.0,10416.0,Annual Revision
EMP12585,2021-04-01,102824.0,5141.0,Annual Revision
EMP12585,2022-04-01,95902.0,7672.0,Annual Revision
EMP12585,2023-04-01,113540.0,9083.0,Annual Revision
EMP12585,2024-04-01,123235.0,9859.0,Promotion
EMP12585,2025-04-01,135536.0,10843.0,Market Adjustment
EMP12585,2026-04-01,147499.0,7375.0,Annual Revision
EMP12586,2022-04-01,71231.0,3562.0,Market Adjustment
EMP12586,2023-04-01,75315.0,6025.0,Promotion
EMP12586,2024-04-01,83681.0,4184.0,Annual Revision
EMP12586,2025-04-01,92748.0,11130.0,Promotion
EMP12586,2026-04-01,99505.0,11941.0,Annual Revision
EMP12587,2021-04-01,125734.0,3772.0,Annual Revision
EMP12587,2022-04-01,123803.0,9904.0,Promotion
EMP12587,2023-04-01,153889.0,12311.0,Annual Revision
EMP12587,2024-04-01,161413.0,12913.0,Annual Revision
EMP12587,2025-04-01,161832.0,19420.0,Market Adjustment
EMP12587,2026-04-01,185650.0,9282.0,Market Adjustment
EMP12588,2021-04-01,64782.0,5183.0,Annual Revision
EMP12588,2022-04-01,72401.0,3620.0,Annual Revision
EMP12588,2023-04-01,74344.0,2230.0,Annual Revision
EMP12588,2024-04-01,81821.0,6546.0,Market Adjustment
EMP12588,2025-04-01,85497.0,2565.0,Promotion
EMP12588,2026-04-01,102747.0,5137.0,Market Adjustment
EMP12589,2024-04-01,42945.0,2147.0,Annual Revision
EMP12589,2025-04-01,45419.0,1363.0,Annual Revision
EMP12589,2026-04-01,50137.0,4011.0,Promotion
EMP12590,2024-04-01,61409.0,1842.0,Annual Revision
EMP12590,2025-04-01,71066.0,3553.0,Annual Revision
EMP12590,2026-04-01,73182.0,3659.0,No Change
EMP12591,2022-04-01,62496.0,5000.0,Annual Revision
EMP12591,2023-04-01,73131.0,3657.0,Annual Revision
EMP12591,2024-04-01,82567.0,2477.0,Annual Revision
EMP12591,2025-04-01,86941.0,6955.0,No Change
EMP12591,2026-04-01,97612.0,7809.0,Annual Revision
EMP12592,2022-04-01,31432.0,943.0,Promotion
EMP12592,2023-04-01,34054.0,1703.0,Promotion
EMP12592,2024-04-01,37042.0,2963.0,Annual Revision
EMP12592,2025-04-01,42903.0,1287.0,Annual Revision
EMP12592,2026-04-01,48053.0,3844.0,Annual Revision
EMP12593,2021-04-01,32305.0,2584.0,No Change
EMP12593,2022-04-01,36444.0,1822.0,Promotion
EMP12593,2023-04-01,38308.0,1915.0,No Change
EMP12593,2024-04-01,43394.0,1302.0,Annual Revision
EMP12593,2025-04-01,49302.0,2465.0,Annual Revision
EMP12593,2026-04-01,52625.0,6315.0,Annual Revision
EMP12594,2025-04-01,66883.0,5351.0,No Change
EMP12594,2026-04-01,73557.0,5885.0,Market Adjustment
EMP12595,2019-04-01,32968.0,989.0,Promotion
EMP12595,2020-04-01,32911.0,2633.0,Annual Revision
EMP12595,2021-04-01,36817.0,4418.0,Promotion
EMP12595,2022-04-01,39469.0,3158.0,Annual Revision
EMP12595,2023-04-01,46054.0,3684.0,Promotion
EMP12595,2024-04-01,49272.0,3942.0,Promotion
EMP12595,2025-04-01,54657.0,2733.0,Market Adjustment
EMP12595,2026-04-01,53872.0,2694.0,Promotion
EMP12596,2019-04-01,40530.0,4864.0,Promotion
EMP12596,2020-04-01,41825.0,3346.0,Annual Revision
EMP12596,2021-04-01,47118.0,3769.0,Market Adjustment
EMP12596,2022-04-01,50418.0,4033.0,No Change
EMP12596,2023-04-01,58007.0,4641.0,Promotion
EMP12596,2024-04-01,62598.0,5008.0,Annual Revision
EMP12596,2025-04-01,70234.0,3512.0,Promotion
EMP12596,2026-04-01,79648.0,6372.0,No Change
EMP12597,2022-04-01,70294.0,2109.0,No Change
EMP12597,2023-04-01,75503.0,2265.0,Annual Revision
EMP12597,2024-04-01,81307.0,9757.0,Annual Revision
EMP12597,2025-04-01,91163.0,2735.0,Annual Revision
EMP12597,2026-04-01,98873.0,4944.0,Annual Revision
EMP12598,2026-04-01,32147.0,1607.0,Annual Revision
EMP12599,2020-04-01,92218.0,4611.0,No Change
EMP12599,2021-04-01,91925.0,4596.0,Annual Revision
EMP12599,2022-04-01,104272.0,8342.0,Promotion
EMP12599,2023-04-01,125594.0,6280.0,Annual Revision
EMP12599,2024-04-01,140239.0,11219.0,No Change
EMP12599,2025-04-01,145733.0,7287.0,Annual Revision
EMP12599,2026-04-01,157390.0,12591.0,No Change
EMP12600,2021-04-01,42770.0,3422.0,No Change
EMP12600,2022-04-01,47475.0,2374.0,Annual Revision
EMP12600,2023-04-01,50674.0,2534.0,Annual Revision
EMP12600,2024-04-01,61591.0,3080.0,Annual Revision
EMP12600,2025-04-01,63353.0,3168.0,Annual Revision
EMP12600,2026-04-01,72835.0,3642.0,Promotion
EMP12601,2026-04-01,90275.0,7222.0,Annual Revision
EMP12602,2024-04-01,68749.0,3437.0,Market Adjustment
EMP12602,2025-04-01,76975.0,3849.0,Annual Revision
EMP12602,2026-04-01,86632.0,6931.0,Annual Revision
EMP12603,2019-04-01,45748.0,2287.0,Promotion
EMP12603,2020-04-01,49493.0,1485.0,Promotion
EMP12603,2021-04-01,50605.0,1518.0,Promotion
EMP12603,2022-04-01,53334.0,2667.0,Promotion
EMP12603,2023-04-01,60590.0,3029.0,Market Adjustment
EMP12603,2024-04-01,72578.0,8709.0,Promotion
EMP12603,2025-04-01,77709.0,3885.0,Annual Revision
EMP12603,2026-04-01,84382.0,4219.0,Annual Revision
EMP12604,2019-04-01,32281.0,,No Change
EMP12604,2020-04-01,35829.0,1791.0,Market Adjustment
EMP12604,2021-04-01,35378.0,1769.0,Annual Revision
EMP12604,2022-04-01,39852.0,1993.0,Annual Revision
EMP12604,2023-04-01,44231.0,1327.0,Promotion
EMP12604,2024-04-01,50574.0,4046.0,Market Adjustment
EMP12604,2025-04-01,50585.0,4047.0,No Change
EMP12604,2026-04-01,60402.0,4832.0,Annual Revision
EMP12605,2024-04-01,62389.0,3119.0,Promotion
EMP12605,2025-04-01,68745.0,5500.0,Promotion
EMP12605,2026-04-01,79697.0,6376.0,No Change
EMP12606,2023-04-01,42154.0,2108.0,Annual Revision
EMP12606,2024-04-01,43441.0,5213.0,Promotion
EMP12606,2025-04-01,50173.0,4014.0,Market Adjustment
EMP12606,2026-04-01,53411.0,4273.0,Promotion
EMP12607,2020-04-01,62676.0,7521.0,Annual Revision
EMP12607,2021-04-01,71436.0,2143.0,Annual Revision
EMP12607,2022-04-01,78724.0,2362.0,Annual Revision
EMP12607,2023-04-01,88721.0,2662.0,Annual Revision
EMP12607,2024-04-01,94855.0,11383.0,Market Adjustment
EMP12607,2025-04-01,108740.0,8699.0,Annual Revision
EMP12607,2026-04-01,125068.0,3752.0,No Change
EMP12608,2020-04-01,72399.0,5792.0,Market Adjustment
EMP12608,2021-04-01,75643.0,2269.0,Annual Revision
EMP12608,2022-04-01,75945.0,6076.0,Annual Revision
EMP12608,2023-04-01,96679.0,7734.0,Annual Revision
EMP12608,2024-04-01,103761.0,5188.0,Annual Revision
EMP12608,2025-04-01,104637.0,5232.0,Promotion
EMP12608,2026-04-01,114206.0,9136.0,Market Adjustment
EMP12609,2020-04-01,42432.0,2122.0,Annual Revision
EMP12609,2021-04-01,43322.0,1300.0,Market Adjustment
EMP12609,2022-04-01,48534.0,2427.0,Market Adjustment
EMP12609,2023-04-01,55248.0,2762.0,Promotion
EMP12609,2024-04-01,58249.0,4660.0,Annual Revision
EMP12609,2025-04-01,63164.0,7580.0,Promotion
EMP12609,2026-04-01,74923.0,3746.0,Annual Revision
EMP12610,2022-04-01,46300.0,5556.0,Annual Revision
EMP12610,2023-04-01,47731.0,3818.0,Market Adjustment
EMP12610,2024-04-01,55195.0,6623.0,No Change
EMP12610,2025-04-01,56581.0,1697.0,Market Adjustment
EMP12610,2026-04-01,68553.0,5484.0,Annual Revision
EMP12611,2022-04-01,39650.0,1983.0,No Change
EMP12611,2023-04-01,44192.0,3535.0,Market Adjustment
EMP12611,2024-04-01,47383.0,1421.0,Annual Revision
EMP12611,2025-04-01,55796.0,1674.0,Annual Revision
EMP12611,2026-04-01,60692.0,1821.0,Promotion
EMP12612,2024-04-01,71634.0,5731.0,Promotion
EMP12612,2025-04-01,77969.0,6238.0,No Change
EMP12612,2026-04-01,84528.0,4226.0,Promotion
EMP12613,2025-04-01,43410.0,3473.0,Market Adjustment
EMP12613,2026-04-01,45716.0,5486.0,Market Adjustment
EMP12614,2021-04-01,58388.0,4671.0,Annual Revision
EMP12614,2022-04-01,70607.0,2118.0,Annual Revision
EMP12614,2023-04-01,83096.0,4155.0,Promotion
EMP12614,2024-04-01,86317.0,10358.0,Market Adjustment
EMP12614,2025-04-01,95042.0,11405.0,Promotion
EMP12614,2026-04-01,119143.0,9531.0,Market Adjustment
EMP12615,2025-04-01,43493.0,1305.0,No Change
EMP12615,2026-04-01,47661.0,2383.0,Annual Revision
EMP12616,2024-04-01,46179.0,1385.0,Annual Revision
EMP12616,2025-04-01,47464.0,2373.0,Market Adjustment
EMP12616,2026-04-01,53086.0,2654.0,Annual Revision
EMP12617,2021-04-01,42624.0,2131.0,No Change
EMP12617,2022-04-01,46579.0,1397.0,Market Adjustment
EMP12617,2023-04-01,52410.0,2620.0,No Change
EMP12617,2024-04-01,56987.0,1710.0,Market Adjustment
EMP12617,2025-04-01,63289.0,5063.0,Annual Revision
EMP12617,2026-04-01,70319.0,5626.0,Market Adjustment
EMP12618,2023-04-01,32177.0,965.0,Annual Revision
EMP12618,2024-04-01,35282.0,1058.0,Market Adjustment
EMP12618,2025-04-01,38334.0,3067.0,No Change
EMP12618,2026-04-01,40880.0,3270.0,Market Adjustment
EMP12619,2019-04-01,32067.0,962.0,Annual Revision
EMP12619,2020-04-01,32495.0,1625.0,Promotion
EMP12619,2021-04-01,35336.0,1060.0,Promotion
EMP12619,2022-04-01,36732.0,1837.0,No Change
EMP12619,2023-04-01,45689.0,2284.0,Market Adjustment
EMP12619,2024-04-01,48938.0,2447.0,Promotion
EMP12619,2025-04-01,52594.0,1578.0,Annual Revision
EMP12619,2026-04-01,58100.0,1743.0,No Change
EMP12620,2023-04-01,31646.0,2532.0,Annual Revision
EMP12620,2024-04-01,32298.0,2584.0,Annual Revision
EMP12620,2025-04-01,37544.0,3004.0,Promotion
EMP12620,2026-04-01,39579.0,1979.0,Market Adjustment
EMP12621,2024-04-01,30989.0,2479.0,Annual Revision
EMP12621,2025-04-01,33826.0,1691.0,Market Adjustment
EMP12621,2026-04-01,39372.0,4725.0,Market Adjustment
EMP12622,2024-04-01,65138.0,3257.0,Annual Revision
EMP12622,2025-04-01,73403.0,5872.0,Promotion
EMP12622,2026-04-01,80865.0,2426.0,Market Adjustment
EMP12623,2022-04-01,70067.0,3503.0,Annual Revision
EMP12623,2023-04-01,78005.0,3900.0,Market Adjustment
EMP12623,2024-04-01,83246.0,4162.0,Promotion
EMP12623,2025-04-01,92836.0,4642.0,Promotion
EMP12623,2026-04-01,98757.0,2963.0,Annual Revision
EMP12624,2024-04-01,91878.0,7350.0,Annual Revision
EMP12624,2025-04-01,95429.0,4771.0,Annual Revision
EMP12624,2026-04-01,102421.0,5121.0,Promotion
EMP12625,2025-04-01,31964.0,1598.0,Promotion
EMP12625,2026-04-01,33241.0,1662.0,Annual Revision
EMP12626,2023-04-01,67993.0,8159.0,Market Adjustment
EMP12626,2024-04-01,78030.0,2341.0,Annual Revision
EMP12626,2025-04-01,80165.0,9620.0,Annual Revision
EMP12626,2026-04-01,94698.0,7576.0,Annual Revision
EMP12627,2022-04-01,44520.0,3562.0,Annual Revision
EMP12627,2023-04-01,49708.0,2485.0,Promotion
EMP12627,2024-04-01,53473.0,2674.0,Promotion
EMP12627,2025-04-01,56623.0,4530.0,Promotion
EMP12627,2026-04-01,65751.0,5260.0,Annual Revision
EMP12628,2023-04-01,44117.0,5294.0,No Change
EMP12628,2024-04-01,47264.0,5672.0,Annual Revision
EMP12628,2025-04-01,58936.0,4715.0,Annual Revision
EMP12628,2026-04-01,63134.0,5051.0,Promotion
EMP12629,2023-04-01,44528.0,5343.0,Annual Revision
EMP12629,2024-04-01,45594.0,3648.0,Annual Revision
EMP12629,2025-04-01,48695.0,5843.0,Market Adjustment
EMP12629,2026-04-01,53636.0,1609.0,Annual Revision
EMP12630,2019-04-01,31153.0,935.0,Annual Revision
EMP12630,2020-04-01,36229.0,1087.0,Market Adjustment
EMP12630,2021-04-01,38162.0,4579.0,Annual Revision
EMP12630,2022-04-01,37937.0,4552.0,Promotion
EMP12630,2023-04-01,44773.0,1343.0,Annual Revision
EMP12630,2024-04-01,50987.0,6118.0,Promotion
EMP12630,2025-04-01,55220.0,4418.0,No Change
EMP12630,2026-04-01,59585.0,4767.0,Market Adjustment
EMP12631,2024-04-01,41365.0,1241.0,Annual Revision
EMP12631,2025-04-01,46731.0,3738.0,No Change
EMP12631,2026-04-01,49734.0,3979.0,Market Adjustment
EMP12632,2023-04-01,40040.0,1201.0,Market Adjustment
EMP12632,2024-04-01,45548.0,3644.0,Promotion
EMP12632,2025-04-01,51432.0,4115.0,Annual Revision
EMP12632,2026-04-01,51990.0,2599.0,Annual Revision
EMP12633,2023-04-01,71866.0,5749.0,Promotion
EMP12633,2024-04-01,79022.0,3951.0,Annual Revision
EMP12633,2025-04-01,86334.0,6907.0,Annual Revision
EMP12633,2026-04-01,93466.0,7477.0,Annual Revision
EMP12634,2023-04-01,44238.0,2212.0,No Change
EMP12634,2024-04-01,47350.0,3788.0,Annual Revision
EMP12634,2025-04-01,47691.0,1431.0,No Change
EMP12634,2026-04-01,54187.0,4335.0,Annual Revision
EMP12635,2022-04-01,66891.0,5351.0,Promotion
EMP12635,2023-04-01,74767.0,5981.0,Annual Revision
EMP12635,2024-04-01,81933.0,6555.0,Annual Revision
EMP12635,2025-04-01,87977.0,4399.0,Promotion
EMP12635,2026-04-01,95910.0,2877.0,Promotion
EMP12636,2020-04-01,40345.0,2017.0,Promotion
EMP12636,2021-04-01,44473.0,5337.0,Promotion
EMP12636,2022-04-01,46260.0,3701.0,No Change
EMP12636,2023-04-01,55658.0,2783.0,Annual Revision
EMP12636,2024-04-01,60803.0,4864.0,Annual Revision
EMP12636,2025-04-01,60735.0,3037.0,Annual Revision
EMP12636,2026-04-01,71856.0,2156.0,No Change
EMP12637,2025-04-01,121890.0,3657.0,No Change
EMP12637,2026-04-01,135691.0,6785.0,Annual Revision
EMP12638,2019-04-01,66164.0,3308.0,Annual Revision
EMP12638,2020-04-01,66094.0,5287.0,Annual Revision
EMP12638,2021-04-01,73239.0,5859.0,Promotion
EMP12638,2022-04-01,81406.0,4070.0,Promotion
EMP12638,2023-04-01,90705.0,4535.0,Annual Revision
EMP12638,2024-04-01,101282.0,8103.0,Annual Revision
EMP12638,2025-04-01,114667.0,3440.0,Market Adjustment
EMP12638,2026-04-01,118844.0,3565.0,Promotion
EMP12639,2024-04-01,32329.0,2586.0,Promotion
EMP12639,2025-04-01,36405.0,4369.0,Market Adjustment
EMP12639,2026-04-01,40271.0,3222.0,Annual Revision
EMP12640,2022-04-01,30390.0,1519.0,Annual Revision
EMP12640,2023-04-01,37366.0,1868.0,Annual Revision
EMP12640,2024-04-01,39046.0,3124.0,Market Adjustment
EMP12640,2025-04-01,42325.0,3386.0,Promotion
EMP12640,2026-04-01,46555.0,2328.0,No Change
EMP12641,2023-04-01,62791.0,1884.0,Annual Revision
EMP12641,2024-04-01,75623.0,6050.0,Promotion
EMP12641,2025-04-01,71452.0,5716.0,Annual Revision
EMP12641,2026-04-01,78334.0,6267.0,Annual Revision
EMP12642,2022-04-01,43158.0,2158.0,Market Adjustment
EMP12642,2023-04-01,44221.0,5306.0,Market Adjustment
EMP12642,2024-04-01,53642.0,2682.0,Annual Revision
EMP12642,2025-04-01,54924.0,6591.0,Promotion
EMP12642,2026-04-01,60417.0,4833.0,Annual Revision
EMP12643,2024-04-01,46348.0,3708.0,No Change
EMP12643,2025-04-01,50458.0,1514.0,Market Adjustment
EMP12643,2026-04-01,51978.0,1559.0,Promotion
EMP12644,2023-04-01,42471.0,1274.0,No Change
EMP12644,2024-04-01,46492.0,5579.0,Annual Revision
EMP12644,2025-04-01,50898.0,4072.0,Annual Revision
EMP12644,2026-04-01,56741.0,4539.0,Promotion
EMP12645,2026-04-01,68702.0,2061.0,Annual Revision
EMP12646,2022-04-01,71249.0,3562.0,Market Adjustment
EMP12646,2023-04-01,72949.0,2188.0,No Change
EMP12646,2024-04-01,81515.0,6521.0,Annual Revision
EMP12646,2025-04-01,90178.0,10821.0,Market Adjustment
EMP12646,2026-04-01,98680.0,2960.0,Promotion
EMP12647,2023-04-01,46532.0,1396.0,Annual Revision
EMP12647,2024-04-01,47432.0,3795.0,Annual Revision
EMP12647,2025-04-01,48191.0,1446.0,Promotion
EMP12647,2026-04-01,59297.0,7116.0,Annual Revision
EMP12648,2025-04-01,65732.0,1972.0,No Change
EMP12648,2026-04-01,69033.0,5523.0,Market Adjustment
EMP12649,2021-04-01,31872.0,1594.0,Annual Revision
EMP12649,2022-04-01,32841.0,2627.0,Market Adjustment
EMP12649,2023-04-01,37365.0,2989.0,Market Adjustment
EMP12649,2024-04-01,41340.0,3307.0,Promotion
EMP12649,2025-04-01,44665.0,1340.0,Annual Revision
EMP12649,2026-04-01,48772.0,3902.0,Promotion
EMP12650,2022-04-01,91918.0,11030.0,Promotion
EMP12650,2023-04-01,89884.0,7191.0,No Change
EMP12650,2024-04-01,113564.0,3407.0,Promotion
EMP12650,2025-04-01,118448.0,14214.0,Annual Revision
EMP12650,2026-04-01,141861.0,11349.0,Promotion
EMP12651,2023-04-01,61973.0,1859.0,Annual Revision
EMP12651,2024-04-01,72545.0,2176.0,No Change
EMP12651,2025-04-01,75268.0,6021.0,Market Adjustment
EMP12651,2026-04-01,80154.0,2405.0,Annual Revision
EMP12652,2019-04-01,87271.0,4364.0,Annual Revision
EMP12652,2020-04-01,102195.0,5110.0,Annual Revision
EMP12652,2021-04-01,102363.0,12284.0,Annual Revision
EMP12652,2022-04-01,107406.0,12889.0,Promotion
EMP12652,2023-04-01,128730.0,6437.0,Market Adjustment
EMP12652,2024-04-01,132297.0,3969.0,Annual Revision
EMP12652,2025-04-01,149470.0,4484.0,Promotion
EMP12652,2026-04-01,151858.0,7593.0,Annual Revision
EMP12653,2024-04-01,66623.0,1999.0,Annual Revision
EMP12653,2025-04-01,73764.0,3688.0,Annual Revision
EMP12653,2026-04-01,76269.0,9152.0,Promotion
EMP12654,2025-04-01,69427.0,3471.0,Promotion
EMP12654,2026-04-01,76305.0,6104.0,Market Adjustment
EMP12655,2020-04-01,42185.0,1266.0,Annual Revision
EMP12655,2021-04-01,43341.0,2167.0,Market Adjustment
EMP12655,2022-04-01,48288.0,2414.0,Promotion
EMP12655,2023-04-01,51966.0,2598.0,Annual Revision
EMP12655,2024-04-01,61991.0,3100.0,No Change
EMP12655,2025-04-01,60616.0,1818.0,Promotion
EMP12655,2026-04-01,71969.0,3598.0,No Change
EMP12656,2025-04-01,43458.0,3477.0,Promotion
EMP12656,2026-04-01,47209.0,3777.0,Annual Revision
EMP12657,2021-04-01,69747.0,2092.0,Annual Revision
EMP12657,2022-04-01,74962.0,5997.0,Annual Revision
EMP12657,2023-04-01,79720.0,6378.0,Market Adjustment
EMP12657,2024-04-01,89566.0,7165.0,Market Adjustment
EMP12657,2025-04-01,97815.0,2934.0,Promotion
EMP12657,2026-04-01,107304.0,3219.0,Annual Revision
EMP12658,2022-04-01,41004.0,1230.0,Promotion
EMP12658,2023-04-01,44639.0,2232.0,Annual Revision
EMP12658,2024-04-01,49775.0,2489.0,Market Adjustment
EMP12658,2025-04-01,55993.0,6719.0,Promotion
EMP12658,2026-04-01,56602.0,4528.0,Market Adjustment
EMP12659,2021-04-01,32734.0,3928.0,Annual Revision
EMP12659,2022-04-01,34475.0,2758.0,Market Adjustment
EMP12659,2023-04-01,38747.0,1162.0,Annual Revision
EMP12659,2024-04-01,42008.0,1260.0,Annual Revision
EMP12659,2025-04-01,44938.0,3595.0,Annual Revision
EMP12659,2026-04-01,49054.0,3924.0,Annual Revision
EMP12660,2024-04-01,71667.0,,Annual Revision
EMP12660,2025-04-01,77782.0,3889.0,Promotion
EMP12660,2026-04-01,84774.0,6782.0,Promotion
EMP12661,2019-04-01,64415.0,3221.0,No Change
EMP12661,2020-04-01,69979.0,5598.0,No Change
EMP12661,2021-04-01,73373.0,3669.0,Annual Revision
EMP12661,2022-04-01,78136.0,6251.0,Annual Revision
EMP12661,2023-04-01,88740.0,4437.0,Annual Revision
EMP12661,2024-04-01,104335.0,5217.0,Annual Revision
EMP12661,2025-04-01,114544.0,9164.0,No Change
EMP12661,2026-04-01,121279.0,9702.0,Annual Revision
EMP12662,2021-04-01,126588.0,10127.0,No Change
EMP12662,2022-04-01,132761.0,10621.0,Annual Revision
EMP12662,2023-04-01,143782.0,4313.0,Promotion
EMP12662,2024-04-01,167372.0,13390.0,No Change
EMP12662,2025-04-01,169583.0,13567.0,Annual Revision
EMP12662,2026-04-01,183263.0,21992.0,Market Adjustment
EMP12663,2023-04-01,32486.0,975.0,Annual Revision
EMP12663,2024-04-01,35890.0,1077.0,Annual Revision
EMP12663,2025-04-01,38622.0,3090.0,Promotion
EMP12663,2026-04-01,43438.0,2172.0,Annual Revision
EMP12664,2024-04-01,44801.0,2240.0,Annual Revision
EMP12664,2025-04-01,50185.0,4015.0,Promotion
EMP12664,2026-04-01,54514.0,2726.0,Annual Revision
EMP12665,2023-04-01,42106.0,5053.0,Market Adjustment
EMP12665,2024-04-01,48217.0,5786.0,Annual Revision
EMP12665,2025-04-01,49914.0,3993.0,Promotion
EMP12665,2026-04-01,53681.0,4294.0,Annual Revision
EMP12666,2026-04-01,43276.0,1298.0,No Change
EMP12667,2025-04-01,69801.0,5584.0,Annual Revision
EMP12667,2026-04-01,75484.0,2265.0,Market Adjustment
EMP12668,2019-04-01,32438.0,2595.0,Annual Revision
EMP12668,2020-04-01,36427.0,2914.0,Annual Revision
EMP12668,2021-04-01,36022.0,2882.0,Annual Revision
EMP12668,2022-04-01,38947.0,3116.0,Annual Revision
EMP12668,2023-04-01,49731.0,3979.0,Market Adjustment
EMP12668,2024-04-01,53346.0,2667.0,Annual Revision
EMP12668,2025-04-01,59109.0,7093.0,Promotion
EMP12668,2026-04-01,69624.0,2089.0,No Change
EMP12669,2022-04-01,91218.0,4561.0,Annual Revision
EMP12669,2023-04-01,96158.0,4808.0,No Change
EMP12669,2024-04-01,108577.0,3257.0,Annual Revision
EMP12669,2025-04-01,126770.0,10142.0,Annual Revision
EMP12669,2026-04-01,135538.0,10843.0,Annual Revision
EMP12670,2021-04-01,40931.0,2047.0,Annual Revision
EMP12670,2022-04-01,43178.0,2159.0,Market Adjustment
EMP12670,2023-04-01,48624.0,1459.0,Annual Revision
EMP12670,2024-04-01,54205.0,4336.0,Market Adjustment
EMP12670,2025-04-01,59307.0,2965.0,No Change
EMP12670,2026-04-01,66560.0,3328.0,Annual Revision
EMP12671,2020-04-01,46080.0,2304.0,Annual Revision
EMP12671,2021-04-01,48184.0,3855.0,Annual Revision
EMP12671,2022-04-01,50671.0,2534.0,Annual Revision
EMP12671,2023-04-01,56422.0,2821.0,Promotion
EMP12671,2024-04-01,63797.0,1914.0,Market Adjustment
EMP12671,2025-04-01,66010.0,5281.0,Market Adjustment
EMP12671,2026-04-01,75984.0,6079.0,No Change
EMP12672,2021-04-01,41800.0,1254.0,No Change
EMP12672,2022-04-01,44312.0,2216.0,No Change
EMP12672,2023-04-01,50760.0,6091.0,Promotion
EMP12672,2024-04-01,56024.0,1681.0,Promotion
EMP12672,2025-04-01,60707.0,7285.0,No Change
EMP12672,2026-04-01,62458.0,4997.0,Annual Revision
EMP12673,2024-04-01,65322.0,5226.0,Market Adjustment
EMP12673,2025-04-01,74114.0,3706.0,Promotion
EMP12673,2026-04-01,75429.0,3771.0,Market Adjustment
EMP12674,2019-04-01,32616.0,2609.0,Promotion
EMP12674,2020-04-01,35645.0,4277.0,Market Adjustment
EMP12674,2021-04-01,36898.0,1107.0,Annual Revision
EMP12674,2022-04-01,39049.0,3124.0,Annual Revision
EMP12674,2023-04-01,42102.0,3368.0,Promotion
EMP12674,2024-04-01,49290.0,2464.0,Market Adjustment
EMP12674,2025-04-01,56977.0,2849.0,Annual Revision
EMP12674,2026-04-01,58717.0,4697.0,Promotion
EMP12675,2024-04-01,48544.0,5825.0,No Change
EMP12675,2025-04-01,51868.0,2593.0,Annual Revision
EMP12675,2026-04-01,56962.0,4557.0,Promotion
EMP12676,2020-04-01,67764.0,2033.0,Promotion
EMP12676,2021-04-01,72822.0,3641.0,Market Adjustment
EMP12676,2022-04-01,75545.0,6044.0,Market Adjustment
EMP12676,2023-04-01,89602.0,4480.0,Annual Revision
EMP12676,2024-04-01,99580.0,7966.0,Annual Revision
EMP12676,2025-04-01,107615.0,8609.0,Annual Revision
EMP12676,2026-04-01,117218.0,14066.0,Annual Revision
EMP12677,2020-04-01,39911.0,1197.0,Annual Revision
EMP12677,2021-04-01,47382.0,3791.0,Promotion
EMP12677,2022-04-01,46725.0,3738.0,No Change
EMP12677,2023-04-01,56272.0,2814.0,Promotion
EMP12677,2024-04-01,63747.0,3187.0,Market Adjustment
EMP12677,2025-04-01,63580.0,5086.0,Annual Revision
EMP12677,2026-04-01,72118.0,5769.0,Annual Revision
EMP12678,2022-04-01,92394.0,4620.0,Annual Revision
EMP12678,2023-04-01,103032.0,3091.0,No Change
EMP12678,2024-04-01,111877.0,8950.0,Promotion
EMP12678,2025-04-01,121210.0,3636.0,Annual Revision
EMP12678,2026-04-01,139296.0,6965.0,Annual Revision
EMP12679,2023-04-01,69280.0,5542.0,Promotion
EMP12679,2024-04-01,72569.0,5806.0,No Change
EMP12679,2025-04-01,82240.0,4112.0,Annual Revision
EMP12679,2026-04-01,88164.0,2645.0,Market Adjustment
EMP12680,2022-04-01,40794.0,4895.0,Market Adjustment
EMP12680,2023-04-01,44366.0,5324.0,Promotion
EMP12680,2024-04-01,50983.0,4079.0,No Change
EMP12680,2025-04-01,51368.0,6164.0,Annual Revision
EMP12680,2026-04-01,57509.0,1725.0,Annual Revision
EMP12681,2019-04-01,33341.0,4001.0,Promotion
EMP12681,2020-04-01,32486.0,975.0,Market Adjustment
EMP12681,2021-04-01,35817.0,2865.0,No Change
EMP12681,2022-04-01,40598.0,1218.0,Annual Revision
EMP12681,2023-04-01,45102.0,1353.0,Annual Revision
EMP12681,2024-04-01,49351.0,1481.0,Promotion
EMP12681,2025-04-01,53593.0,2680.0,Annual Revision
EMP12681,2026-04-01,59642.0,2982.0,Promotion
EMP12682,2021-04-01,32825.0,985.0,Promotion
EMP12682,2022-04-01,35380.0,1061.0,Market Adjustment
EMP12682,2023-04-01,40005.0,3200.0,No Change
EMP12682,2024-04-01,45991.0,1380.0,Annual Revision
EMP12682,2025-04-01,51966.0,4157.0,Annual Revision
EMP12682,2026-04-01,57128.0,1714.0,Market Adjustment
EMP12683,2022-04-01,43977.0,3518.0,Annual Revision
EMP12683,2023-04-01,50618.0,2531.0,Annual Revision
EMP12683,2024-04-01,55312.0,1659.0,Annual Revision
EMP12683,2025-04-01,59200.0,1776.0,Annual Revision
EMP12683,2026-04-01,65959.0,3298.0,Annual Revision
EMP12684,2026-04-01,30616.0,1531.0,Annual Revision
EMP12685,2021-04-01,126248.0,6312.0,Annual Revision
EMP12685,2022-04-01,148007.0,11841.0,Market Adjustment
EMP12685,2023-04-01,153012.0,12241.0,Annual Revision
EMP12685,2024-04-01,179393.0,8970.0,Annual Revision
EMP12685,2025-04-01,190624.0,15250.0,Annual Revision
EMP12685,2026-04-01,215013.0,10751.0,Annual Revision
EMP12686,2020-04-01,42023.0,2101.0,No Change
EMP12686,2021-04-01,46433.0,5572.0,Promotion
EMP12686,2022-04-01,47569.0,5708.0,Annual Revision
EMP12686,2023-04-01,57993.0,2900.0,No Change
EMP12686,2024-04-01,66390.0,1992.0,Annual Revision
EMP12686,2025-04-01,74274.0,3714.0,Annual Revision
EMP12686,2026-04-01,80877.0,6470.0,No Change
EMP12687,2026-04-01,93296.0,7464.0,Annual Revision
EMP12688,2022-04-01,67582.0,3379.0,Annual Revision
EMP12688,2023-04-01,73080.0,5846.0,Annual Revision
EMP12688,2024-04-01,84355.0,6748.0,Promotion
EMP12688,2025-04-01,87875.0,4394.0,Annual Revision
EMP12688,2026-04-01,104881.0,8390.0,Market Adjustment
EMP12689,2023-04-01,43561.0,3485.0,Market Adjustment
EMP12689,2024-04-01,45760.0,3661.0,Promotion
EMP12689,2025-04-01,46416.0,2321.0,No Change
EMP12689,2026-04-01,55822.0,4466.0,Market Adjustment
EMP12690,2025-04-01,92643.0,4632.0,Annual Revision
EMP12690,2026-04-01,100308.0,3009.0,Market Adjustment
EMP12691,2020-04-01,66697.0,5336.0,No Change
EMP12691,2021-04-01,76499.0,3825.0,Annual Revision
EMP12691,2022-04-01,77017.0,9242.0,Market Adjustment
EMP12691,2023-04-01,91659.0,7333.0,Annual Revision
EMP12691,2024-04-01,102146.0,3064.0,Market Adjustment
EMP12691,2025-04-01,109607.0,5480.0,Annual Revision
EMP12691,2026-04-01,110502.0,3315.0,Annual Revision
EMP12692,2020-04-01,129277.0,10342.0,Annual Revision
EMP12692,2021-04-01,138719.0,16646.0,Annual Revision
EMP12692,2022-04-01,143790.0,4314.0,Promotion
EMP12692,2023-04-01,170630.0,13650.0,No Change
EMP12692,2024-04-01,190698.0,9535.0,Promotion
EMP12692,2025-04-01,215285.0,17223.0,Annual Revision
EMP12692,2026-04-01,226962.0,11348.0,Promotion
EMP12693,2024-04-01,64462.0,5157.0,Annual Revision
EMP12693,2025-04-01,65703.0,3285.0,No Change
EMP12693,2026-04-01,80931.0,4047.0,Annual Revision
EMP12694,2024-04-01,42968.0,1289.0,Market Adjustment
EMP12694,2025-04-01,45604.0,2280.0,Annual Revision
EMP12694,2026-04-01,55215.0,4417.0,Annual Revision
EMP12695,2020-04-01,41652.0,3332.0,Annual Revision
EMP12695,2021-04-01,45309.0,3625.0,Annual Revision
EMP12695,2022-04-01,45329.0,2266.0,Annual Revision
EMP12695,2023-04-01,53204.0,4256.0,Market Adjustment
EMP12695,2024-04-01,57540.0,2877.0,Annual Revision
EMP12695,2025-04-01,65250.0,1957.0,Annual Revision
EMP12695,2026-04-01,71300.0,2139.0,Annual Revision
EMP12696,2024-04-01,45913.0,3673.0,Annual Revision
EMP12696,2025-04-01,48904.0,3912.0,Annual Revision
EMP12696,2026-04-01,52896.0,1587.0,Annual Revision
EMP12697,2024-04-01,44434.0,1333.0,Market Adjustment
EMP12697,2025-04-01,49439.0,5933.0,Annual Revision
EMP12697,2026-04-01,52489.0,1575.0,Annual Revision
EMP12698,2020-04-01,66765.0,5341.0,Market Adjustment
EMP12698,2021-04-01,70869.0,3543.0,No Change
EMP12698,2022-04-01,71165.0,5693.0,Annual Revision
EMP12698,2023-04-01,86290.0,6903.0,Market Adjustment
EMP12698,2024-04-01,92378.0,4619.0,Annual Revision
EMP12698,2025-04-01,103363.0,5168.0,No Change
EMP12698,2026-04-01,114554.0,5728.0,Annual Revision
EMP12699,2022-04-01,88866.0,10664.0,Annual Revision
EMP12699,2023-04-01,98892.0,2967.0,Market Adjustment
EMP12699,2024-04-01,105322.0,8426.0,Annual Revision
EMP12699,2025-04-01,110470.0,3314.0,Market Adjustment
EMP12699,2026-04-01,120397.0,9632.0,Annual Revision
EMP12700,2023-04-01,41016.0,1230.0,Annual Revision
EMP12700,2024-04-01,46667.0,2333.0,Annual Revision
EMP12700,2025-04-01,50983.0,4079.0,No Change
EMP12700,2026-04-01,52702.0,1581.0,Annual Revision
EMP12701,2020-04-01,31124.0,2490.0,Promotion
EMP12701,2021-04-01,32633.0,2611.0,Annual Revision
EMP12701,2022-04-01,37831.0,4540.0,Annual Revision
EMP12701,2023-04-01,41481.0,4978.0,Annual Revision
EMP12701,2024-04-01,46643.0,3731.0,Annual Revision
EMP12701,2025-04-01,50616.0,1518.0,Market Adjustment
EMP12701,2026-04-01,55172.0,6621.0,Annual Revision
EMP12702,2025-04-01,45897.0,3672.0,Annual Revision
EMP12702,2026-04-01,50266.0,1508.0,Promotion
EMP12703,2022-04-01,39837.0,3187.0,Market Adjustment
EMP12703,2023-04-01,47871.0,2394.0,Annual Revision
EMP12703,2024-04-01,49961.0,3997.0,Annual Revision
EMP12703,2025-04-01,58261.0,2913.0,Market Adjustment
EMP12703,2026-04-01,64143.0,3207.0,No Change
EMP12704,2025-04-01,31888.0,2551.0,Annual Revision
EMP12704,2026-04-01,36880.0,1106.0,Annual Revision
EMP12705,2023-04-01,31679.0,1584.0,Promotion
EMP12705,2024-04-01,35377.0,1769.0,Annual Revision
EMP12705,2025-04-01,38772.0,3102.0,Annual Revision
EMP12705,2026-04-01,39842.0,1992.0,Market Adjustment
EMP12706,2023-04-01,46019.0,5522.0,Annual Revision
EMP12706,2024-04-01,45469.0,2273.0,Market Adjustment
EMP12706,2025-04-01,56146.0,6738.0,Promotion
EMP12706,2026-04-01,57727.0,4618.0,Annual Revision
EMP12707,2019-04-01,39634.0,3171.0,No Change
EMP12707,2020-04-01,43531.0,2177.0,Annual Revision
EMP12707,2021-04-01,48727.0,3898.0,Annual Revision
EMP12707,2022-04-01,49586.0,3967.0,Annual Revision
EMP12707,2023-04-01,60859.0,4869.0,No Change
EMP12707,2024-04-01,65666.0,3283.0,Promotion
EMP12707,2025-04-01,67060.0,3353.0,Promotion
EMP12707,2026-04-01,78770.0,6302.0,Annual Revision
EMP12708,2023-04-01,45541.0,3643.0,Promotion
EMP12708,2024-04-01,47701.0,2385.0,No Change
EMP12708,2025-04-01,50858.0,2543.0,Annual Revision
EMP12708,2026-04-01,62470.0,1874.0,Annual Revision
EMP12709,2022-04-01,85912.0,10309.0,Promotion
EMP12709,2023-04-01,100142.0,5007.0,Market Adjustment
EMP12709,2024-04-01,111744.0,3352.0,Promotion
EMP12709,2025-04-01,115376.0,3461.0,Annual Revision
EMP12709,2026-04-01,131867.0,10549.0,No Change
EMP12710,2026-04-01,60819.0,1825.0,Annual Revision
EMP12711,2019-04-01,123514.0,6176.0,Annual Revision
EMP12711,2020-04-01,126972.0,6349.0,Promotion
EMP12711,2021-04-01,138213.0,4146.0,Annual Revision
EMP12711,2022-04-01,142955.0,11436.0,Annual Revision
EMP12711,2023-04-01,175304.0,8765.0,Annual Revision
EMP12711,2024-04-01,202837.0,16227.0,Market Adjustment
EMP12711,2025-04-01,213747.0,10687.0,Promotion
EMP12711,2026-04-01,240880.0,19270.0,Annual Revision
EMP12712,2022-04-01,42662.0,2133.0,Promotion
EMP12712,2023-04-01,45789.0,2289.0,Market Adjustment
EMP12712,2024-04-01,47832.0,3827.0,No Change
EMP12712,2025-04-01,58277.0,2914.0,Market Adjustment
EMP12712,2026-04-01,60110.0,4809.0,Annual Revision
EMP12713,2021-04-01,32620.0,979.0,Annual Revision
EMP12713,2022-04-01,34626.0,1731.0,No Change
EMP12713,2023-04-01,37717.0,1886.0,Market Adjustment
EMP12713,2024-04-01,42935.0,1288.0,Annual Revision
EMP12713,2025-04-01,49005.0,2450.0,Annual Revision
EMP12713,2026-04-01,50409.0,1512.0,Annual Revision
EMP12714,2025-04-01,94548.0,11346.0,Annual Revision
EMP12714,2026-04-01,98710.0,4935.0,Annual Revision
EMP12715,2026-04-01,42184.0,2109.0,Market Adjustment
EMP12716,2026-04-01,61586.0,3079.0,Annual Revision
EMP12717,2026-04-01,42021.0,3362.0,Annual Revision
EMP12718,2020-04-01,46380.0,2319.0,No Change
EMP12718,2021-04-01,50021.0,1501.0,Annual Revision
EMP12718,2022-04-01,52217.0,6266.0,Market Adjustment
EMP12718,2023-04-01,61190.0,4895.0,Annual Revision
EMP12718,2024-04-01,68068.0,2042.0,Annual Revision
EMP12718,2025-04-01,75865.0,2276.0,Annual Revision
EMP12718,2026-04-01,85225.0,6818.0,Promotion
EMP12719,2020-04-01,95920.0,4796.0,Annual Revision
EMP12719,2021-04-01,90290.0,10835.0,Annual Revision
EMP12719,2022-04-01,95045.0,2851.0,No Change
EMP12719,2023-04-01,123512.0,6176.0,Annual Revision
EMP12719,2024-04-01,130728.0,6536.0,Promotion
EMP12719,2025-04-01,137360.0,6868.0,Market Adjustment
EMP12719,2026-04-01,158812.0,7941.0,Annual Revision
EMP12720,2020-04-01,41413.0,4970.0,Annual Revision
EMP12720,2021-04-01,45941.0,3675.0,Annual Revision
EMP12720,2022-04-01,47782.0,1433.0,Annual Revision
EMP12720,2023-04-01,54762.0,4381.0,No Change
EMP12720,2024-04-01,62310.0,3116.0,Annual Revision
EMP12720,2025-04-01,64935.0,1948.0,Annual Revision
EMP12720,2026-04-01,73785.0,3689.0,Annual Revision
EMP12721,2025-04-01,91489.0,4574.0,Annual Revision
EMP12721,2026-04-01,98532.0,7883.0,Annual Revision
EMP12722,2023-04-01,71148.0,2134.0,No Change
EMP12722,2024-04-01,79139.0,6331.0,Promotion
EMP12722,2025-04-01,82495.0,2475.0,Annual Revision
EMP12722,2026-04-01,89615.0,7169.0,Annual Revision
EMP12723,2025-04-01,113568.0,3407.0,Annual Revision
EMP12723,2026-04-01,143176.0,4295.0,Market Adjustment
EMP12724,2019-04-01,44690.0,1341.0,Annual Revision
EMP12724,2020-04-01,46736.0,5608.0,Market Adjustment
EMP12724,2021-04-01,53894.0,2695.0,Annual Revision
EMP12724,2022-04-01,54009.0,6481.0,Annual Revision
EMP12724,2023-04-01,64690.0,5175.0,Market Adjustment
EMP12724,2024-04-01,67639.0,3382.0,Annual Revision
EMP12724,2025-04-01,75731.0,6059.0,Market Adjustment
EMP12724,2026-04-01,84896.0,4245.0,Annual Revision
EMP12725,2023-04-01,73192.0,8783.0,Annual Revision
EMP12725,2024-04-01,75344.0,2260.0,Promotion
EMP12725,2025-04-01,87788.0,4389.0,Market Adjustment
EMP12725,2026-04-01,88662.0,2660.0,Annual Revision
EMP12726,2019-04-01,40317.0,2016.0,Market Adjustment
EMP12726,2020-04-01,43792.0,,Annual Revision
EMP12726,2021-04-01,48131.0,2407.0,Market Adjustment
EMP12726,2022-04-01,47790.0,1434.0,Promotion
EMP12726,2023-04-01,57134.0,2857.0,Annual Revision
EMP12726,2024-04-01,65414.0,7850.0,Market Adjustment
EMP12726,2025-04-01,70848.0,2125.0,Annual Revision
EMP12726,2026-04-01,73410.0,8809.0,No Change
EMP12727,2024-04-01,67044.0,3352.0,Annual Revision
EMP12727,2025-04-01,78844.0,2365.0,No Change
EMP12727,2026-04-01,81217.0,4061.0,Annual Revision
EMP12728,2024-04-01,41604.0,3328.0,Annual Revision
EMP12728,2025-04-01,42785.0,2139.0,Promotion
EMP12728,2026-04-01,47930.0,1438.0,Annual Revision
EMP12729,2023-04-01,44097.0,1323.0,No Change
EMP12729,2024-04-01,48313.0,2416.0,Annual Revision
EMP12729,2025-04-01,50928.0,1528.0,Annual Revision
EMP12729,2026-04-01,61117.0,1833.0,Promotion
EMP12730,2020-04-01,68532.0,5483.0,No Change
EMP12730,2021-04-01,68640.0,3432.0,Annual Revision
EMP12730,2022-04-01,77009.0,6161.0,Annual Revision
EMP12730,2023-04-01,82323.0,2470.0,Market Adjustment
EMP12730,2024-04-01,88535.0,7083.0,Promotion
EMP12730,2025-04-01,95550.0,2867.0,Annual Revision
EMP12730,2026-04-01,109389.0,3282.0,Market Adjustment
EMP12731,2020-04-01,42575.0,1277.0,Market Adjustment
EMP12731,2021-04-01,43237.0,2162.0,No Change
EMP12731,2022-04-01,44459.0,2223.0,Annual Revision
EMP12731,2023-04-01,54241.0,4339.0,Annual Revision
EMP12731,2024-04-01,58864.0,4709.0,Market Adjustment
EMP12731,2025-04-01,61001.0,3050.0,No Change
EMP12731,2026-04-01,68695.0,3435.0,Annual Revision
EMP12732,2019-04-01,63279.0,1898.0,Annual Revision
EMP12732,2020-04-01,67536.0,3377.0,No Change
EMP12732,2021-04-01,71683.0,2150.0,Promotion
EMP12732,2022-04-01,78859.0,6309.0,No Change
EMP12732,2023-04-01,87798.0,,Promotion
EMP12732,2024-04-01,100659.0,3020.0,Promotion
EMP12732,2025-04-01,109827.0,5491.0,Market Adjustment
EMP12732,2026-04-01,115150.0,5758.0,No Change
EMP12733,2021-04-01,32059.0,1603.0,Market Adjustment
EMP12733,2022-04-01,34920.0,1048.0,Promotion
EMP12733,2023-04-01,38736.0,1937.0,Annual Revision
EMP12733,2024-04-01,41864.0,2093.0,Annual Revision
EMP12733,2025-04-01,45347.0,1360.0,Annual Revision
EMP12733,2026-04-01,47115.0,3769.0,Annual Revision
EMP12734,2022-04-01,43289.0,2164.0,Market Adjustment
EMP12734,2023-04-01,44019.0,1321.0,Market Adjustment
EMP12734,2024-04-01,49522.0,2476.0,Promotion
EMP12734,2025-04-01,51348.0,4108.0,Annual Revision
EMP12734,2026-04-01,60262.0,3013.0,No Change
EMP12735,2022-04-01,41577.0,4989.0,Market Adjustment
EMP12735,2023-04-01,45755.0,3660.0,Promotion
EMP12735,2024-04-01,49996.0,1500.0,No Change
EMP12735,2025-04-01,57797.0,1734.0,Annual Revision
EMP12735,2026-04-01,64043.0,5123.0,Market Adjustment
EMP12736,2023-04-01,31436.0,3772.0,Annual Revision
EMP12736,2024-04-01,35315.0,2825.0,Annual Revision
EMP12736,2025-04-01,40307.0,3225.0,Annual Revision
EMP12736,2026-04-01,41103.0,1233.0,Annual Revision
EMP12737,2020-04-01,39571.0,3166.0,No Change
EMP12737,2021-04-01,41840.0,5021.0,Market Adjustment
EMP12737,2022-04-01,47550.0,1427.0,Annual Revision
EMP12737,2023-04-01,55336.0,1660.0,Promotion
EMP12737,2024-04-01,59922.0,1798.0,Market Adjustment
EMP12737,2025-04-01,63793.0,3190.0,No Change
EMP12737,2026-04-01,70069.0,2102.0,Annual Revision
EMP12738,2024-04-01,44825.0,2241.0,No Change
EMP12738,2025-04-01,46907.0,3753.0,Annual Revision
EMP12738,2026-04-01,52411.0,4193.0,Promotion
EMP12739,2024-04-01,45239.0,1357.0,No Change
EMP12739,2025-04-01,47740.0,2387.0,Annual Revision
EMP12739,2026-04-01,54765.0,1643.0,No Change
EMP12740,2019-04-01,31682.0,950.0,Annual Revision
EMP12740,2020-04-01,34406.0,1032.0,Promotion
EMP12740,2021-04-01,37118.0,1856.0,Annual Revision
EMP12740,2022-04-01,42638.0,1279.0,Annual Revision
EMP12740,2023-04-01,46423.0,1393.0,Promotion
EMP12740,2024-04-01,55995.0,1680.0,Annual Revision
EMP12740,2025-04-01,59685.0,1791.0,Promotion
EMP12740,2026-04-01,70248.0,2107.0,Market Adjustment
EMP12741,2026-04-01,31882.0,956.0,No Change
EMP12742,2021-04-01,41268.0,1238.0,Annual Revision
EMP12742,2022-04-01,45671.0,1370.0,Annual Revision
EMP12742,2023-04-01,49906.0,3992.0,Annual Revision
EMP12742,2024-04-01,59848.0,4788.0,Annual Revision
EMP12742,2025-04-01,62601.0,1878.0,Annual Revision
EMP12742,2026-04-01,68739.0,8249.0,Promotion
EMP12743,2024-04-01,70990.0,3549.0,Promotion
EMP12743,2025-04-01,74977.0,5998.0,No Change
EMP12743,2026-04-01,83777.0,4189.0,Promotion
EMP12744,2021-04-01,69867.0,3493.0,Annual Revision
EMP12744,2022-04-01,75628.0,2269.0,Annual Revision
EMP12744,2023-04-01,84207.0,4210.0,Promotion
EMP12744,2024-04-01,90657.0,7253.0,Market Adjustment
EMP12744,2025-04-01,99459.0,11935.0,Annual Revision
EMP12744,2026-04-01,103644.0,5182.0,Annual Revision
EMP12745,2023-04-01,69746.0,5580.0,Annual Revision
EMP12745,2024-04-01,81984.0,4099.0,Promotion
EMP12745,2025-04-01,83655.0,6692.0,Annual Revision
EMP12745,2026-04-01,97561.0,2927.0,Annual Revision
EMP12746,2022-04-01,33155.0,2652.0,Annual Revision
EMP12746,2023-04-01,35466.0,1064.0,No Change
EMP12746,2024-04-01,37138.0,1857.0,Promotion
EMP12746,2025-04-01,42894.0,2145.0,Annual Revision
EMP12746,2026-04-01,46480.0,2324.0,Annual Revision
EMP12747,2020-04-01,31932.0,1597.0,Annual Revision
EMP12747,2021-04-01,34545.0,1727.0,No Change
EMP12747,2022-04-01,38053.0,3044.0,No Change
EMP12747,2023-04-01,42336.0,1270.0,Promotion
EMP12747,2024-04-01,46835.0,2342.0,Annual Revision
EMP12747,2025-04-01,53535.0,1606.0,Promotion
EMP12747,2026-04-01,58875.0,2944.0,Market Adjustment
EMP12748,2020-04-01,62711.0,5017.0,Annual Revision
EMP12748,2021-04-01,70299.0,5624.0,Annual Revision
EMP12748,2022-04-01,83022.0,4151.0,No Change
EMP12748,2023-04-01,86159.0,2585.0,Market Adjustment
EMP12748,2024-04-01,95965.0,4798.0,No Change
EMP12748,2025-04-01,108153.0,5408.0,Annual Revision
EMP12748,2026-04-01,120127.0,6006.0,Market Adjustment
EMP12749,2020-04-01,42273.0,3382.0,Market Adjustment
EMP12749,2021-04-01,44841.0,1345.0,Promotion
EMP12749,2022-04-01,46495.0,3720.0,Market Adjustment
EMP12749,2023-04-01,55219.0,2761.0,Annual Revision
EMP12749,2024-04-01,61009.0,3050.0,Market Adjustment
EMP12749,2025-04-01,68337.0,3417.0,Promotion
EMP12749,2026-04-01,73232.0,2197.0,Market Adjustment
EMP12750,2022-04-01,92759.0,7421.0,Market Adjustment
EMP12750,2023-04-01,98970.0,2969.0,Annual Revision
EMP12750,2024-04-01,115440.0,9235.0,Annual Revision
EMP12750,2025-04-01,126524.0,3796.0,Annual Revision
EMP12750,2026-04-01,133897.0,10712.0,No Change
EMP12751,2021-04-01,41355.0,4963.0,Annual Revision
EMP12751,2022-04-01,44464.0,5336.0,Market Adjustment
EMP12751,2023-04-01,53599.0,4288.0,Annual Revision
EMP12751,2024-04-01,58321.0,4666.0,Annual Revision
EMP12751,2025-04-01,65718.0,1972.0,Annual Revision
EMP12751,2026-04-01,71598.0,5728.0,Annual Revision
EMP12752,2022-04-01,45352.0,3628.0,Annual Revision
EMP12752,2023-04-01,47127.0,3770.0,No Change
EMP12752,2024-04-01,56051.0,4484.0,Annual Revision
EMP12752,2025-04-01,56137.0,2807.0,Annual Revision
EMP12752,2026-04-01,63285.0,3164.0,Annual Revision
EMP12753,2025-04-01,32422.0,3891.0,Annual Revision
EMP12753,2026-04-01,33279.0,2662.0,No Change
EMP12754,2025-04-01,64427.0,3221.0,No Change
EMP12754,2026-04-01,69387.0,3469.0,Annual Revision
EMP12755,2026-04-01,45593.0,1368.0,Annual Revision
EMP12756,2022-04-01,31796.0,2544.0,Annual Revision
EMP12756,2023-04-01,34863.0,1046.0,Annual Revision
EMP12756,2024-04-01,39273.0,4713.0,Promotion
EMP12756,2025-04-01,42462.0,3397.0,Market Adjustment
EMP12756,2026-04-01,50252.0,1508.0,Annual Revision
EMP12757,2020-04-01,64248.0,7710.0,Annual Revision
EMP12757,2021-04-01,72193.0,8663.0,Market Adjustment
EMP12757,2022-04-01,75365.0,9044.0,Promotion
EMP12757,2023-04-01,82339.0,4117.0,Annual Revision
EMP12757,2024-04-01,92408.0,7393.0,Annual Revision
EMP12757,2025-04-01,98902.0,7912.0,Promotion
EMP12757,2026-04-01,107825.0,12939.0,Annual Revision
EMP12758,2019-04-01,71033.0,3552.0,Annual Revision
EMP12758,2020-04-01,72961.0,2189.0,Promotion
EMP12758,2021-04-01,75626.0,3781.0,Annual Revision
EMP12758,2022-04-01,80187.0,6415.0,Annual Revision
EMP12758,2023-04-01,103619.0,5181.0,Annual Revision
EMP12758,2024-04-01,109097.0,3273.0,Promotion
EMP12758,2025-04-01,113587.0,5679.0,Promotion
EMP12758,2026-04-01,126536.0,3796.0,No Change
EMP12759,2024-04-01,66156.0,3308.0,Annual Revision
EMP12759,2025-04-01,73164.0,5853.0,Annual Revision
EMP12759,2026-04-01,78629.0,3931.0,Annual Revision
EMP12760,2026-04-01,68460.0,2054.0,Promotion
EMP12761,2019-04-01,41113.0,3289.0,Promotion
EMP12761,2020-04-01,46035.0,2302.0,Annual Revision
EMP12761,2021-04-01,49496.0,5939.0,Annual Revision
EMP12761,2022-04-01,51184.0,4095.0,No Change
EMP12761,2023-04-01,58345.0,4668.0,Annual Revision
EMP12761,2024-04-01,65154.0,3258.0,No Change
EMP12761,2025-04-01,71580.0,3579.0,Annual Revision
EMP12761,2026-04-01,78380.0,9406.0,Annual Revision
EMP12762,2024-04-01,30940.0,2475.0,Annual Revision
EMP12762,2025-04-01,35330.0,4240.0,Annual Revision
EMP12762,2026-04-01,39430.0,1972.0,Annual Revision
EMP12763,2023-04-01,43106.0,1293.0,Annual Revision
EMP12763,2024-04-01,51887.0,4151.0,Annual Revision
EMP12763,2025-04-01,55546.0,4444.0,Annual Revision
EMP12763,2026-04-01,62055.0,1862.0,Annual Revision
EMP12764,2025-04-01,68649.0,5492.0,Annual Revision
EMP12764,2026-04-01,70936.0,5675.0,Annual Revision
EMP12765,2024-04-01,124019.0,9922.0,Market Adjustment
EMP12765,2025-04-01,129946.0,6497.0,Market Adjustment
EMP12765,2026-04-01,156308.0,4689.0,Market Adjustment
EMP12766,2026-04-01,67033.0,5363.0,Annual Revision
EMP12767,2023-04-01,46795.0,5615.0,Promotion
EMP12767,2024-04-01,51188.0,2559.0,Annual Revision
EMP12767,2025-04-01,58097.0,4648.0,Annual Revision
EMP12767,2026-04-01,59383.0,1781.0,Promotion
EMP12768,2019-04-01,83552.0,4178.0,Annual Revision
EMP12768,2020-04-01,100558.0,5028.0,Annual Revision
EMP12768,2021-04-01,101527.0,8122.0,Promotion
EMP12768,2022-04-01,112290.0,8983.0,No Change
EMP12768,2023-04-01,142108.0,4263.0,Promotion
EMP12768,2024-04-01,148809.0,7440.0,No Change
EMP12768,2025-04-01,169477.0,13558.0,Annual Revision
EMP12768,2026-04-01,185577.0,9279.0,No Change
EMP12769,2024-04-01,63876.0,5110.0,Promotion
EMP12769,2025-04-01,72414.0,8690.0,Promotion
EMP12769,2026-04-01,78457.0,2354.0,Promotion
EMP12770,2023-04-01,67364.0,3368.0,Market Adjustment
EMP12770,2024-04-01,73451.0,2204.0,No Change
EMP12770,2025-04-01,93113.0,7449.0,Market Adjustment
EMP12770,2026-04-01,90042.0,2701.0,Promotion
EMP12771,2019-04-01,33363.0,1668.0,Promotion
EMP12771,2020-04-01,34049.0,2724.0,Promotion
EMP12771,2021-04-01,37171.0,2974.0,Annual Revision
EMP12771,2022-04-01,41870.0,3350.0,Promotion
EMP12771,2023-04-01,48789.0,3903.0,Promotion
EMP12771,2024-04-01,54494.0,4359.0,Promotion
EMP12771,2025-04-01,57116.0,4569.0,Annual Revision
EMP12771,2026-04-01,68036.0,5443.0,Annual Revision
EMP12772,2023-04-01,66090.0,1983.0,No Change
EMP12772,2024-04-01,70450.0,3522.0,Promotion
EMP12772,2025-04-01,77256.0,2318.0,No Change
EMP12772,2026-04-01,79961.0,2399.0,Annual Revision
EMP12773,2019-04-01,122910.0,6145.0,Annual Revision
EMP12773,2020-04-01,140158.0,7008.0,Annual Revision
EMP12773,2021-04-01,148409.0,11873.0,Annual Revision
EMP12773,2022-04-01,147871.0,11830.0,Annual Revision
EMP12773,2023-04-01,178960.0,8948.0,Market Adjustment
EMP12773,2024-04-01,180338.0,14427.0,No Change
EMP12773,2025-04-01,210732.0,10537.0,Annual Revision
EMP12773,2026-04-01,228945.0,6868.0,Annual Revision
EMP12774,2024-04-01,40154.0,2008.0,Annual Revision
EMP12774,2025-04-01,43175.0,3454.0,Annual Revision
EMP12774,2026-04-01,51370.0,2568.0,Annual Revision
EMP12775,2025-04-01,89045.0,2671.0,Annual Revision
EMP12775,2026-04-01,97976.0,4899.0,Annual Revision
EMP12776,2026-04-01,70443.0,8453.0,Annual Revision
EMP12777,2021-04-01,66542.0,7985.0,Annual Revision
EMP12777,2022-04-01,69442.0,2083.0,Annual Revision
EMP12777,2023-04-01,77407.0,6193.0,Market Adjustment
EMP12777,2024-04-01,82826.0,6626.0,Annual Revision
EMP12777,2025-04-01,95381.0,11446.0,Promotion
EMP12777,2026-04-01,103246.0,3097.0,Promotion
EMP12778,2024-04-01,41302.0,1239.0,Annual Revision
EMP12778,2025-04-01,46014.0,5522.0,Market Adjustment
EMP12778,2026-04-01,48642.0,3891.0,No Change
EMP12779,2022-04-01,80308.0,4015.0,No Change
EMP12779,2023-04-01,95630.0,2869.0,Market Adjustment
EMP12779,2024-04-01,114561.0,5728.0,Annual Revision
EMP12779,2025-04-01,121461.0,6073.0,Annual Revision
EMP12779,2026-04-01,144903.0,7245.0,Annual Revision
EMP12780,2023-04-01,91484.0,7319.0,Market Adjustment
EMP12780,2024-04-01,96957.0,4848.0,Annual Revision
EMP12780,2025-04-01,106636.0,8531.0,Market Adjustment
EMP12780,2026-04-01,111315.0,8905.0,Annual Revision
EMP12781,2022-04-01,121514.0,6076.0,Market Adjustment
EMP12781,2023-04-01,132699.0,6635.0,Annual Revision
EMP12781,2024-04-01,149278.0,7464.0,Market Adjustment
EMP12781,2025-04-01,162362.0,19483.0,Promotion
EMP12781,2026-04-01,179820.0,14386.0,Annual Revision
EMP12782,2021-04-01,43481.0,3478.0,Annual Revision
EMP12782,2022-04-01,46763.0,3741.0,Annual Revision
EMP12782,2023-04-01,47567.0,3805.0,Annual Revision
EMP12782,2024-04-01,56073.0,2804.0,Market Adjustment
EMP12782,2025-04-01,59125.0,1774.0,No Change
EMP12782,2026-04-01,60624.0,1819.0,Promotion
EMP12783,2023-04-01,42501.0,3400.0,Annual Revision
EMP12783,2024-04-01,45323.0,1360.0,Annual Revision
EMP12783,2025-04-01,48523.0,2426.0,Promotion
EMP12783,2026-04-01,54218.0,1627.0,Annual Revision
EMP12784,2022-04-01,70678.0,3534.0,Annual Revision
EMP12784,2023-04-01,78719.0,3936.0,Annual Revision
EMP12784,2024-04-01,76387.0,3819.0,Annual Revision
EMP12784,2025-04-01,93885.0,4694.0,Promotion
EMP12784,2026-04-01,107162.0,5358.0,Promotion
EMP12785,2022-04-01,40603.0,3248.0,Market Adjustment
EMP12785,2023-04-01,48504.0,1455.0,Annual Revision
EMP12785,2024-04-01,52878.0,6345.0,Annual Revision
EMP12785,2025-04-01,61218.0,3061.0,Annual Revision
EMP12785,2026-04-01,61557.0,3078.0,No Change
EMP12786,2023-04-01,40983.0,1229.0,Market Adjustment
EMP12786,2024-04-01,46408.0,1392.0,Promotion
EMP12786,2025-04-01,49784.0,2489.0,Annual Revision
EMP12786,2026-04-01,54773.0,2739.0,Annual Revision
EMP12787,2019-04-01,69409.0,5553.0,Market Adjustment
EMP12787,2020-04-01,73991.0,5919.0,Annual Revision
EMP12787,2021-04-01,81886.0,6551.0,Annual Revision
EMP12787,2022-04-01,82620.0,9914.0,No Change
EMP12787,2023-04-01,95347.0,4767.0,Annual Revision
EMP12787,2024-04-01,115035.0,5752.0,Annual Revision
EMP12787,2025-04-01,121660.0,9733.0,Annual Revision
EMP12787,2026-04-01,128481.0,15418.0,Annual Revision
EMP12788,2024-04-01,71219.0,8546.0,Annual Revision
EMP12788,2025-04-01,77664.0,3883.0,Annual Revision
EMP12788,2026-04-01,85641.0,2569.0,No Change
EMP12789,2022-04-01,31068.0,2485.0,Annual Revision
EMP12789,2023-04-01,32954.0,1648.0,Annual Revision
EMP12789,2024-04-01,35210.0,1760.0,Annual Revision
EMP12789,2025-04-01,42506.0,2125.0,Annual Revision
EMP12789,2026-04-01,45870.0,1376.0,Annual Revision
EMP12790,2024-04-01,88929.0,2668.0,Annual Revision
EMP12790,2025-04-01,95521.0,4776.0,No Change
EMP12790,2026-04-01,102899.0,5145.0,Market Adjustment
EMP12791,2025-04-01,65819.0,3291.0,Annual Revision
EMP12791,2026-04-01,75801.0,3790.0,Market Adjustment
EMP12792,2023-04-01,64150.0,5132.0,Market Adjustment
EMP12792,2024-04-01,70291.0,2109.0,Annual Revision
EMP12792,2025-04-01,73270.0,3663.0,Annual Revision
EMP12792,2026-04-01,88752.0,4438.0,Promotion
EMP12793,2021-04-01,65681.0,7882.0,Market Adjustment
EMP12793,2022-04-01,74836.0,3742.0,Annual Revision
EMP12793,2023-04-01,76076.0,6086.0,Annual Revision
EMP12793,2024-04-01,84611.0,4231.0,Annual Revision
EMP12793,2025-04-01,93836.0,7507.0,Annual Revision
EMP12793,2026-04-01,100804.0,5040.0,Promotion
EMP12794,2024-04-01,45144.0,3611.0,Market Adjustment
EMP12794,2025-04-01,47273.0,1418.0,Promotion
EMP12794,2026-04-01,50407.0,1512.0,Annual Revision
EMP12795,2024-04-01,65397.0,1962.0,Annual Revision
EMP12795,2025-04-01,73744.0,2212.0,Annual Revision
EMP12795,2026-04-01,77545.0,3877.0,Market Adjustment
EMP12796,2019-04-01,43248.0,3460.0,Promotion
EMP12796,2020-04-01,45062.0,1352.0,Annual Revision
EMP12796,2021-04-01,46829.0,1405.0,Market Adjustment
EMP12796,2022-04-01,51676.0,6201.0,No Change
EMP12796,2023-04-01,55214.0,1656.0,Market Adjustment
EMP12796,2024-04-01,65063.0,3253.0,No Change
EMP12796,2025-04-01,72401.0,5792.0,Market Adjustment
EMP12796,2026-04-01,82959.0,9955.0,Promotion
EMP12797,2025-04-01,43424.0,2171.0,Annual Revision
EMP12797,2026-04-01,46822.0,2341.0,Annual Revision
EMP12798,2020-04-01,31977.0,2558.0,Promotion
EMP12798,2021-04-01,31607.0,3793.0,Annual Revision
EMP12798,2022-04-01,36901.0,1845.0,Annual Revision
EMP12798,2023-04-01,41293.0,3303.0,Annual Revision
EMP12798,2024-04-01,48161.0,2408.0,Annual Revision
EMP12798,2025-04-01,52249.0,1567.0,Annual Revision
EMP12798,2026-04-01,51812.0,4145.0,Market Adjustment
EMP12799,2020-04-01,46467.0,1394.0,Annual Revision
EMP12799,2021-04-01,48094.0,2405.0,Annual Revision
EMP12799,2022-04-01,50395.0,4032.0,Promotion
EMP12799,2023-04-01,57492.0,4599.0,Market Adjustment
EMP12799,2024-04-01,65165.0,5213.0,Annual Revision
EMP12799,2025-04-01,65411.0,1962.0,Market Adjustment
EMP12799,2026-04-01,76120.0,3806.0,Market Adjustment
EMP12800,2019-04-01,64435.0,3222.0,Annual Revision
EMP12800,2020-04-01,80475.0,2414.0,No Change
EMP12800,2021-04-01,81516.0,4076.0,Annual Revision
EMP12800,2022-04-01,82016.0,4101.0,Market Adjustment
EMP12800,2023-04-01,103732.0,5187.0,Market Adjustment
EMP12800,2024-04-01,105259.0,3158.0,Annual Revision
EMP12800,2025-04-01,112549.0,3376.0,Annual Revision
EMP12800,2026-04-01,130373.0,15645.0,Annual Revision
EMP12801,2024-04-01,93221.0,7458.0,Annual Revision
EMP12801,2025-04-01,102093.0,8167.0,Promotion
EMP12801,2026-04-01,114224.0,3427.0,Annual Revision
EMP12802,2023-04-01,46024.0,5523.0,Annual Revision
EMP12802,2024-04-01,50561.0,6067.0,Market Adjustment
EMP12802,2025-04-01,54495.0,4360.0,Market Adjustment
EMP12802,2026-04-01,55388.0,1662.0,Annual Revision
EMP12803,2019-04-01,30566.0,917.0,Market Adjustment
EMP12803,2020-04-01,33912.0,1696.0,No Change
EMP12803,2021-04-01,37664.0,4520.0,No Change
EMP12803,2022-04-01,40029.0,2001.0,Market Adjustment
EMP12803,2023-04-01,46352.0,3708.0,No Change
EMP12803,2024-04-01,49625.0,3970.0,Market Adjustment
EMP12803,2025-04-01,51809.0,4145.0,Annual Revision
EMP12803,2026-04-01,58124.0,1744.0,Market Adjustment
EMP12804,2024-04-01,42116.0,3369.0,No Change
EMP12804,2025-04-01,43763.0,2188.0,Market Adjustment
EMP12804,2026-04-01,53075.0,6369.0,Annual Revision
EMP12805,2024-04-01,31672.0,950.0,Annual Revision
EMP12805,2025-04-01,36451.0,1823.0,No Change
EMP12805,2026-04-01,36968.0,1848.0,Market Adjustment
EMP12806,2020-04-01,67970.0,5438.0,No Change
EMP12806,2021-04-01,71780.0,5742.0,Annual Revision
EMP12806,2022-04-01,72893.0,5831.0,Annual Revision
EMP12806,2023-04-01,91419.0,7314.0,Annual Revision
EMP12806,2024-04-01,93017.0,7441.0,Annual Revision
EMP12806,2025-04-01,108380.0,8670.0,Annual Revision
EMP12806,2026-04-01,113992.0,5700.0,Annual Revision
EMP12807,2020-04-01,31596.0,2528.0,Annual Revision
EMP12807,2021-04-01,35018.0,2801.0,Annual Revision
EMP12807,2022-04-01,35466.0,2837.0,Annual Revision
EMP12807,2023-04-01,44389.0,1332.0,Annual Revision
EMP12807,2024-04-01,46267.0,3701.0,Annual Revision
EMP12807,2025-04-01,51141.0,1534.0,Annual Revision
EMP12807,2026-04-01,56118.0,2806.0,Promotion
EMP12808,2023-04-01,89686.0,2691.0,Annual Revision
EMP12808,2024-04-01,101714.0,3051.0,Market Adjustment
EMP12808,2025-04-01,106260.0,8501.0,Promotion
EMP12808,2026-04-01,129115.0,6456.0,Annual Revision
EMP12809,2023-04-01,86147.0,6892.0,Annual Revision
EMP12809,2024-04-01,99473.0,2984.0,Annual Revision
EMP12809,2025-04-01,107992.0,8639.0,Annual Revision
EMP12809,2026-04-01,116622.0,5831.0,No Change
EMP12810,2020-04-01,41399.0,2070.0,No Change
EMP12810,2021-04-01,45969.0,1379.0,Annual Revision
EMP12810,2022-04-01,46922.0,2346.0,No Change
EMP12810,2023-04-01,56173.0,2809.0,Annual Revision
EMP12810,2024-04-01,57917.0,1738.0,Promotion
EMP12810,2025-04-01,59122.0,2956.0,Market Adjustment
EMP12810,2026-04-01,71443.0,5715.0,Market Adjustment
EMP12811,2024-04-01,81401.0,6512.0,Annual Revision
EMP12811,2025-04-01,96310.0,4815.0,Annual Revision
EMP12811,2026-04-01,109392.0,8751.0,Annual Revision
EMP12812,2023-04-01,65638.0,3282.0,Promotion
EMP12812,2024-04-01,71068.0,2132.0,Promotion
EMP12812,2025-04-01,80548.0,6444.0,No Change
EMP12812,2026-04-01,90098.0,4505.0,Annual Revision
EMP12813,2022-04-01,41569.0,3326.0,Annual Revision
EMP12813,2023-04-01,45915.0,3673.0,Annual Revision
EMP12813,2024-04-01,53257.0,4261.0,Promotion
EMP12813,2025-04-01,52790.0,4223.0,Annual Revision
EMP12813,2026-04-01,56997.0,4560.0,Market Adjustment
EMP12814,2019-04-01,89481.0,7158.0,Promotion
EMP12814,2020-04-01,96820.0,7746.0,Annual Revision
EMP12814,2021-04-01,103425.0,5171.0,Annual Revision
EMP12814,2022-04-01,109240.0,8739.0,Annual Revision
EMP12814,2023-04-01,138347.0,4150.0,Promotion
EMP12814,2024-04-01,142432.0,11395.0,Market Adjustment
EMP12814,2025-04-01,150580.0,4517.0,No Change
EMP12814,2026-04-01,158727.0,4762.0,Annual Revision
EMP12815,2019-04-01,32177.0,1609.0,No Change
EMP12815,2020-04-01,32618.0,2609.0,Annual Revision
EMP12815,2021-04-01,33877.0,4065.0,Annual Revision
EMP12815,2022-04-01,37839.0,4541.0,Promotion
EMP12815,2023-04-01,47931.0,5752.0,Annual Revision
EMP12815,2024-04-01,51655.0,4132.0,Annual Revision
EMP12815,2025-04-01,53719.0,6446.0,Promotion
EMP12815,2026-04-01,57735.0,2887.0,Annual Revision
EMP12816,2024-04-01,69337.0,5547.0,Annual Revision
EMP12816,2025-04-01,75697.0,6056.0,Promotion
EMP12816,2026-04-01,89015.0,7121.0,Market Adjustment
EMP12817,2023-04-01,45451.0,2273.0,Promotion
EMP12817,2024-04-01,50974.0,4078.0,Promotion
EMP12817,2025-04-01,54316.0,4345.0,Promotion
EMP12817,2026-04-01,59151.0,1775.0,Annual Revision
EMP12818,2024-04-01,34051.0,1703.0,Annual Revision
EMP12818,2025-04-01,34447.0,1722.0,Promotion
EMP12818,2026-04-01,36311.0,1089.0,No Change
EMP12819,2024-04-01,65604.0,1968.0,Annual Revision
EMP12819,2025-04-01,72770.0,3638.0,Annual Revision
EMP12819,2026-04-01,77049.0,2311.0,Annual Revision
EMP12820,2023-04-01,42838.0,2142.0,Market Adjustment
EMP12820,2024-04-01,49060.0,3925.0,Promotion
EMP12820,2025-04-01,51306.0,4104.0,Annual Revision
EMP12820,2026-04-01,51278.0,2564.0,Promotion
EMP12821,2026-04-01,66233.0,1987.0,Annual Revision
EMP12822,2025-04-01,64973.0,1949.0,Annual Revision
EMP12822,2026-04-01,79148.0,3957.0,Annual Revision
EMP12823,2021-04-01,31341.0,940.0,Annual Revision
EMP12823,2022-04-01,34446.0,2756.0,Annual Revision
EMP12823,2023-04-01,38829.0,3106.0,Annual Revision
EMP12823,2024-04-01,42320.0,3386.0,Market Adjustment
EMP12823,2025-04-01,48599.0,3888.0,No Change
EMP12823,2026-04-01,57609.0,1728.0,No Change
EMP12824,2021-04-01,69689.0,3484.0,Market Adjustment
EMP12824,2022-04-01,70429.0,5634.0,Annual Revision
EMP12824,2023-04-01,87202.0,6976.0,Annual Revision
EMP12824,2024-04-01,93058.0,4653.0,Market Adjustment
EMP12824,2025-04-01,110108.0,13213.0,Promotion
EMP12824,2026-04-01,116323.0,3490.0,Annual Revision
EMP12825,2026-04-01,88238.0,2647.0,Market Adjustment
EMP12826,2024-04-01,31239.0,1562.0,Market Adjustment
EMP12826,2025-04-01,33619.0,2690.0,Annual Revision
EMP12826,2026-04-01,38320.0,1150.0,Annual Revision
EMP12827,2019-04-01,33811.0,1014.0,No Change
EMP12827,2020-04-01,36085.0,1083.0,Annual Revision
EMP12827,2021-04-01,34558.0,1037.0,Annual Revision
EMP12827,2022-04-01,36670.0,1100.0,Annual Revision
EMP12827,2023-04-01,44743.0,2237.0,Annual Revision
EMP12827,2024-04-01,50569.0,4046.0,Market Adjustment
EMP12827,2025-04-01,54117.0,1624.0,Promotion
EMP12827,2026-04-01,55897.0,2795.0,Market Adjustment
EMP12828,2021-04-01,32565.0,1628.0,Promotion
EMP12828,2022-04-01,32311.0,2585.0,Market Adjustment
EMP12828,2023-04-01,37556.0,3004.0,No Change
EMP12828,2024-04-01,41353.0,2068.0,Annual Revision
EMP12828,2025-04-01,45974.0,2299.0,Market Adjustment
EMP12828,2026-04-01,48641.0,1459.0,Annual Revision
EMP12829,2026-04-01,120604.0,3618.0,Annual Revision
EMP12830,2023-04-01,42796.0,1284.0,No Change
EMP12830,2024-04-01,50108.0,4009.0,No Change
EMP12830,2025-04-01,56448.0,2822.0,Promotion
EMP12830,2026-04-01,56737.0,4539.0,Annual Revision
EMP12831,2020-04-01,66711.0,2001.0,Promotion
EMP12831,2021-04-01,73324.0,5866.0,Annual Revision
EMP12831,2022-04-01,73145.0,2194.0,Promotion
EMP12831,2023-04-01,86710.0,6937.0,No Change
EMP12831,2024-04-01,89917.0,10790.0,Market Adjustment
EMP12831,2025-04-01,98128.0,7850.0,No Change
EMP12831,2026-04-01,113008.0,5650.0,Annual Revision
EMP12832,2022-04-01,86257.0,4313.0,Market Adjustment
EMP12832,2023-04-01,106876.0,8550.0,Annual Revision
EMP12832,2024-04-01,108471.0,8678.0,Annual Revision
EMP12832,2025-04-01,114008.0,3420.0,Annual Revision
EMP12832,2026-04-01,125470.0,3764.0,Promotion
EMP12833,2020-04-01,60750.0,1822.0,Market Adjustment
EMP12833,2021-04-01,69645.0,3482.0,Market Adjustment
EMP12833,2022-04-01,76034.0,3802.0,Promotion
EMP12833,2023-04-01,88232.0,4412.0,Market Adjustment
EMP12833,2024-04-01,100004.0,3000.0,No Change
EMP12833,2025-04-01,107401.0,8592.0,Annual Revision
EMP12833,2026-04-01,125870.0,3776.0,Promotion
EMP12834,2024-04-01,42516.0,1275.0,Annual Revision
EMP12834,2025-04-01,46623.0,2331.0,Market Adjustment
EMP12834,2026-04-01,48652.0,2433.0,Annual Revision
EMP12835,2020-04-01,40456.0,3236.0,Promotion
EMP12835,2021-04-01,44685.0,2234.0,Annual Revision
EMP12835,2022-04-01,46717.0,2336.0,Annual Revision
EMP12835,2023-04-01,55217.0,2761.0,Annual Revision
EMP12835,2024-04-01,60402.0,4832.0,No Change
EMP12835,2025-04-01,62686.0,3134.0,No Change
EMP12835,2026-04-01,71995.0,3600.0,Promotion
EMP12836,2019-04-01,61264.0,3063.0,Market Adjustment
EMP12836,2020-04-01,65726.0,1972.0,Annual Revision
EMP12836,2021-04-01,71994.0,3600.0,Annual Revision
EMP12836,2022-04-01,78705.0,6296.0,Annual Revision
EMP12836,2023-04-01,91868.0,4593.0,Annual Revision
EMP12836,2024-04-01,95348.0,7628.0,Annual Revision
EMP12836,2025-04-01,115917.0,5796.0,Market Adjustment
EMP12836,2026-04-01,119772.0,3593.0,Annual Revision
EMP12837,2022-04-01,32137.0,964.0,Annual Revision
EMP12837,2023-04-01,35648.0,1782.0,Annual Revision
EMP12837,2024-04-01,36483.0,1094.0,Annual Revision
EMP12837,2025-04-01,41492.0,2075.0,Annual Revision
EMP12837,2026-04-01,43651.0,1310.0,Annual Revision
EMP12838,2026-04-01,76360.0,9163.0,Market Adjustment
EMP12839,2022-04-01,127691.0,15323.0,Annual Revision
EMP12839,2023-04-01,137332.0,6867.0,Annual Revision
EMP12839,2024-04-01,141161.0,7058.0,Market Adjustment
EMP12839,2025-04-01,152959.0,12237.0,Annual Revision
EMP12839,2026-04-01,167624.0,20115.0,Market Adjustment
EMP12840,2025-04-01,69798.0,2094.0,Annual Revision
EMP12840,2026-04-01,74921.0,5994.0,Market Adjustment
EMP12841,2022-04-01,43906.0,1317.0,Annual Revision
EMP12841,2023-04-01,47191.0,1416.0,Promotion
EMP12841,2024-04-01,56021.0,6723.0,Annual Revision
EMP12841,2025-04-01,54978.0,4398.0,No Change
EMP12841,2026-04-01,59726.0,1792.0,No Change
EMP12842,2019-04-01,31120.0,3734.0,No Change
EMP12842,2020-04-01,32968.0,989.0,Promotion
EMP12842,2021-04-01,36848.0,1105.0,Market Adjustment
EMP12842,2022-04-01,39561.0,4747.0,Annual Revision
EMP12842,2023-04-01,43710.0,2185.0,Annual Revision
EMP12842,2024-04-01,50102.0,2505.0,Promotion
EMP12842,2025-04-01,55018.0,6602.0,Annual Revision
EMP12842,2026-04-01,55581.0,1667.0,Annual Revision
EMP12843,2019-04-01,42724.0,2136.0,Annual Revision
EMP12843,2020-04-01,43917.0,2196.0,Promotion
EMP12843,2021-04-01,42814.0,1284.0,Promotion
EMP12843,2022-04-01,48389.0,3871.0,Annual Revision
EMP12843,2023-04-01,58330.0,2916.0,Annual Revision
EMP12843,2024-04-01,68012.0,3401.0,No Change
EMP12843,2025-04-01,66651.0,5332.0,Annual Revision
EMP12843,2026-04-01,78548.0,3927.0,Annual Revision
EMP12844,2024-04-01,42625.0,2131.0,Market Adjustment
EMP12844,2025-04-01,44409.0,2220.0,No Change
EMP12844,2026-04-01,50813.0,6098.0,No Change
EMP12845,2021-04-01,65476.0,1964.0,Annual Revision
EMP12845,2022-04-01,68120.0,5450.0,Annual Revision
EMP12845,2023-04-01,75259.0,3763.0,Market Adjustment
EMP12845,2024-04-01,84658.0,6773.0,Annual Revision
EMP12845,2025-04-01,94303.0,7544.0,Annual Revision
EMP12845,2026-04-01,102708.0,8217.0,Annual Revision
EMP12846,2025-04-01,41862.0,1256.0,Annual Revision
EMP12846,2026-04-01,45008.0,1350.0,Annual Revision
EMP12847,2021-04-01,124870.0,9990.0,Market Adjustment
EMP12847,2022-04-01,134647.0,6732.0,Annual Revision
EMP12847,2023-04-01,144794.0,11584.0,Annual Revision
EMP12847,2024-04-01,155779.0,18693.0,Annual Revision
EMP12847,2025-04-01,179714.0,5391.0,Annual Revision
EMP12847,2026-04-01,204081.0,16326.0,Annual Revision
EMP12848,2024-04-01,31981.0,2558.0,Annual Revision
EMP12848,2025-04-01,33867.0,4064.0,Annual Revision
EMP12848,2026-04-01,36211.0,1086.0,No Change
EMP12849,2023-04-01,42153.0,3372.0,Market Adjustment
EMP12849,2024-04-01,46599.0,3728.0,Annual Revision
EMP12849,2025-04-01,50009.0,6001.0,Annual Revision
EMP12849,2026-04-01,53122.0,2656.0,Annual Revision
EMP12850,2020-04-01,31208.0,936.0,Promotion
EMP12850,2021-04-01,35432.0,2835.0,Annual Revision
EMP12850,2022-04-01,36380.0,1091.0,Annual Revision
EMP12850,2023-04-01,43106.0,1293.0,No Change
EMP12850,2024-04-01,49108.0,2455.0,Annual Revision
EMP12850,2025-04-01,56759.0,1703.0,Annual Revision
EMP12850,2026-04-01,57705.0,2885.0,Annual Revision
EMP12851,2026-04-01,120462.0,6023.0,Annual Revision
EMP12852,2021-04-01,93496.0,2805.0,No Change
EMP12852,2022-04-01,102685.0,5134.0,Annual Revision
EMP12852,2023-04-01,110410.0,8833.0,Promotion
EMP12852,2024-04-01,132758.0,6638.0,Annual Revision
EMP12852,2025-04-01,142091.0,7105.0,Annual Revision
EMP12852,2026-04-01,145036.0,7252.0,Promotion
EMP12853,2022-04-01,31333.0,940.0,Annual Revision
EMP12853,2023-04-01,35404.0,2832.0,Promotion
EMP12853,2024-04-01,39873.0,1994.0,Annual Revision
EMP12853,2025-04-01,44301.0,2215.0,Market Adjustment
EMP12853,2026-04-01,48184.0,2409.0,Annual Revision
EMP12854,2020-04-01,71848.0,5748.0,No Change
EMP12854,2021-04-01,77751.0,3888.0,Annual Revision
EMP12854,2022-04-01,80957.0,2429.0,No Change
EMP12854,2023-04-01,91002.0,4550.0,Annual Revision
EMP12854,2024-04-01,96115.0,4806.0,Market Adjustment
EMP12854,2025-04-01,102304.0,8184.0,Annual Revision
EMP12854,2026-04-01,121464.0,3644.0,Annual Revision
EMP12855,2021-04-01,41305.0,2065.0,Annual Revision
EMP12855,2022-04-01,43353.0,5202.0,Market Adjustment
EMP12855,2023-04-01,50124.0,4010.0,Annual Revision
EMP12855,2024-04-01,54941.0,2747.0,Annual Revision
EMP12855,2025-04-01,59504.0,1785.0,No Change
EMP12855,2026-04-01,64949.0,3247.0,Annual Revision
EMP12856,2019-04-01,46314.0,2316.0,Promotion
EMP12856,2020-04-01,49140.0,3931.0,No Change
EMP12856,2021-04-01,53033.0,2652.0,No Change
EMP12856,2022-04-01,53479.0,2674.0,Market Adjustment
EMP12856,2023-04-01,63503.0,5080.0,Annual Revision
EMP12856,2024-04-01,65757.0,3288.0,Market Adjustment
EMP12856,2025-04-01,78846.0,6308.0,Annual Revision
EMP12856,2026-04-01,83224.0,2497.0,Annual Revision
EMP12857,2019-04-01,89047.0,2671.0,Market Adjustment
EMP12857,2020-04-01,96946.0,7756.0,Market Adjustment
EMP12857,2021-04-01,102514.0,12302.0,Annual Revision
EMP12857,2022-04-01,116492.0,3495.0,Annual Revision
EMP12857,2023-04-01,140356.0,7018.0,Promotion
EMP12857,2024-04-01,150686.0,4521.0,Market Adjustment
EMP12857,2025-04-01,171452.0,8573.0,No Change
EMP12857,2026-04-01,187913.0,15033.0,Annual Revision
EMP12858,2020-04-01,44748.0,2237.0,Promotion
EMP12858,2021-04-01,47145.0,3772.0,No Change
EMP12858,2022-04-01,48909.0,3913.0,Annual Revision
EMP12858,2023-04-01,56628.0,4530.0,Annual Revision
EMP12858,2024-04-01,63884.0,5111.0,Promotion
EMP12858,2025-04-01,73982.0,3699.0,Promotion
EMP12858,2026-04-01,75980.0,6078.0,Annual Revision
EMP12859,2021-04-01,45646.0,2282.0,Annual Revision
EMP12859,2022-04-01,46770.0,3742.0,Market Adjustment
EMP12859,2023-04-01,54413.0,2721.0,Annual Revision
EMP12859,2024-04-01,55819.0,1675.0,No Change
EMP12859,2025-04-01,56837.0,2842.0,No Change
EMP12859,2026-04-01,63262.0,1898.0,Market Adjustment
EMP12860,2022-04-01,65676.0,5254.0,Annual Revision
EMP12860,2023-04-01,73835.0,5907.0,No Change
EMP12860,2024-04-01,71101.0,3555.0,Market Adjustment
EMP12860,2025-04-01,83462.0,4173.0,Promotion
EMP12860,2026-04-01,98036.0,2941.0,Annual Revision
EMP12861,2025-04-01,45222.0,2261.0,Market Adjustment
EMP12861,2026-04-01,50200.0,2510.0,Market Adjustment
EMP12862,2023-04-01,88694.0,4435.0,No Change
EMP12862,2024-04-01,99657.0,4983.0,No Change
EMP12862,2025-04-01,110252.0,8820.0,Promotion
EMP12862,2026-04-01,119283.0,5964.0,Annual Revision
EMP12863,2025-04-01,69919.0,8390.0,Annual Revision
EMP12863,2026-04-01,73516.0,3676.0,Annual Revision
EMP12864,2022-04-01,86158.0,6893.0,Promotion
EMP12864,2023-04-01,96023.0,4801.0,Annual Revision
EMP12864,2024-04-01,108682.0,3260.0,Annual Revision
EMP12864,2025-04-01,118897.0,9512.0,Annual Revision
EMP12864,2026-04-01,123579.0,9886.0,Annual Revision
EMP12865,2020-04-01,43699.0,5244.0,Annual Revision
EMP12865,2021-04-01,44451.0,2223.0,Market Adjustment
EMP12865,2022-04-01,47510.0,2375.0,Annual Revision
EMP12865,2023-04-01,55312.0,1659.0,Annual Revision
EMP12865,2024-04-01,61830.0,4946.0,Annual Revision
EMP12865,2025-04-01,63797.0,3190.0,Market Adjustment
EMP12865,2026-04-01,72348.0,2170.0,Annual Revision
EMP12866,2020-04-01,31269.0,1563.0,Annual Revision
EMP12866,2021-04-01,33877.0,2710.0,Annual Revision
EMP12866,2022-04-01,37545.0,1126.0,No Change
EMP12866,2023-04-01,41103.0,2055.0,Annual Revision
EMP12866,2024-04-01,45638.0,2282.0,Promotion
EMP12866,2025-04-01,48646.0,3892.0,No Change
EMP12866,2026-04-01,55750.0,1672.0,No Change
EMP12867,2020-04-01,42407.0,3393.0,Annual Revision
EMP12867,2021-04-01,48070.0,3846.0,Annual Revision
EMP12867,2022-04-01,47727.0,1432.0,Promotion
EMP12867,2023-04-01,57841.0,2892.0,Market Adjustment
EMP12867,2024-04-01,64893.0,3245.0,Annual Revision
EMP12867,2025-04-01,64928.0,1948.0,Market Adjustment
EMP12867,2026-04-01,76246.0,6100.0,Annual Revision
EMP12868,2022-04-01,66943.0,5355.0,Annual Revision
EMP12868,2023-04-01,70270.0,3514.0,Promotion
EMP12868,2024-04-01,78099.0,9372.0,Annual Revision
EMP12868,2025-04-01,82791.0,4140.0,Annual Revision
EMP12868,2026-04-01,95280.0,7622.0,Promotion
EMP12869,2019-04-01,72310.0,5785.0,Promotion
EMP12869,2020-04-01,73122.0,5850.0,No Change
EMP12869,2021-04-01,80777.0,4039.0,Annual Revision
EMP12869,2022-04-01,80939.0,6475.0,Annual Revision
EMP12869,2023-04-01,100085.0,5004.0,Market Adjustment
EMP12869,2024-04-01,113109.0,5655.0,Promotion
EMP12869,2025-04-01,119419.0,9554.0,Annual Revision
EMP12869,2026-04-01,127695.0,6385.0,No Change
EMP12870,2025-04-01,44230.0,2211.0,Annual Revision
EMP12870,2026-04-01,50116.0,4009.0,No Change
EMP12871,2019-04-01,61720.0,1852.0,No Change
EMP12871,2020-04-01,69334.0,2080.0,Annual Revision
EMP12871,2021-04-01,74689.0,2241.0,Annual Revision
EMP12871,2022-04-01,76543.0,3827.0,Annual Revision
EMP12871,2023-04-01,92811.0,4641.0,Annual Revision
EMP12871,2024-04-01,103099.0,8248.0,No Change
EMP12871,2025-04-01,108099.0,5405.0,Promotion
EMP12871,2026-04-01,115963.0,3479.0,Annual Revision
EMP12872,2023-04-01,68136.0,5451.0,Market Adjustment
EMP12872,2024-04-01,71491.0,5719.0,Promotion
EMP12872,2025-04-01,79164.0,6333.0,Annual Revision
EMP12872,2026-04-01,85032.0,4252.0,Market Adjustment
EMP12873,2020-04-01,66504.0,1995.0,Annual Revision
EMP12873,2021-04-01,70842.0,2125.0,Promotion
EMP12873,2022-04-01,83252.0,2498.0,No Change
EMP12873,2023-04-01,100509.0,8041.0,Market Adjustment
EMP12873,2024-04-01,111533.0,3346.0,Annual Revision
EMP12873,2025-04-01,118233.0,3547.0,Annual Revision
EMP12873,2026-04-01,130680.0,10454.0,Promotion
EMP12874,2021-04-01,90455.0,7236.0,Annual Revision
EMP12874,2022-04-01,95076.0,4754.0,Promotion
EMP12874,2023-04-01,105555.0,5278.0,Market Adjustment
EMP12874,2024-04-01,116640.0,5832.0,Annual Revision
EMP12874,2025-04-01,119503.0,14340.0,Market Adjustment
EMP12874,2026-04-01,135235.0,,Market Adjustment
EMP12875,2023-04-01,32464.0,2597.0,Annual Revision
EMP12875,2024-04-01,35356.0,1061.0,Annual Revision
EMP12875,2025-04-01,40898.0,3272.0,Annual Revision
EMP12875,2026-04-01,43117.0,3449.0,Annual Revision
EMP12876,2024-04-01,32549.0,1627.0,Market Adjustment
EMP12876,2025-04-01,34876.0,1046.0,Annual Revision
EMP12876,2026-04-01,37945.0,3036.0,Promotion
EMP12877,2024-04-01,87256.0,4363.0,Market Adjustment
EMP12877,2025-04-01,101433.0,5072.0,Annual Revision
EMP12877,2026-04-01,107813.0,5391.0,Market Adjustment
EMP12878,2023-04-01,44277.0,2214.0,Market Adjustment
EMP12878,2024-04-01,48093.0,2405.0,No Change
EMP12878,2025-04-01,55328.0,4426.0,Annual Revision
EMP12878,2026-04-01,62860.0,1886.0,Annual Revision
EMP12879,2022-04-01,69149.0,8298.0,No Change
EMP12879,2023-04-01,75046.0,3752.0,Annual Revision
EMP12879,2024-04-01,81395.0,4070.0,No Change
EMP12879,2025-04-01,87253.0,6980.0,Market Adjustment
EMP12879,2026-04-01,96460.0,7717.0,Market Adjustment
EMP12880,2019-04-01,121704.0,14604.0,Annual Revision
EMP12880,2020-04-01,132683.0,10615.0,No Change
EMP12880,2021-04-01,136655.0,6833.0,Annual Revision
EMP12880,2022-04-01,147524.0,7376.0,Annual Revision
EMP12880,2023-04-01,174438.0,8722.0,Annual Revision
EMP12880,2024-04-01,197848.0,15828.0,Promotion
EMP12880,2025-04-01,221651.0,6650.0,Annual Revision
EMP12880,2026-04-01,233914.0,7017.0,Promotion
EMP12881,2025-04-01,43028.0,2151.0,Market Adjustment
EMP12881,2026-04-01,45537.0,1366.0,Market Adjustment
EMP12882,2021-04-01,71575.0,3579.0,Market Adjustment
EMP12882,2022-04-01,70178.0,8421.0,Market Adjustment
EMP12882,2023-04-01,88607.0,7089.0,Promotion
EMP12882,2024-04-01,90018.0,4501.0,No Change
EMP12882,2025-04-01,102848.0,8228.0,Promotion
EMP12882,2026-04-01,102698.0,8216.0,Annual Revision
EMP12883,2024-04-01,65805.0,3290.0,Annual Revision
EMP12883,2025-04-01,69346.0,5548.0,Market Adjustment
EMP12883,2026-04-01,80707.0,6457.0,Annual Revision
EMP12884,2021-04-01,94923.0,11391.0,Market Adjustment
EMP12884,2022-04-01,97946.0,2938.0,Market Adjustment
EMP12884,2023-04-01,110757.0,8861.0,Promotion
EMP12884,2024-04-01,110869.0,5543.0,Promotion
EMP12884,2025-04-01,124664.0,9973.0,Annual Revision
EMP12884,2026-04-01,133973.0,16077.0,Market Adjustment
EMP12885,2021-04-01,66258.0,5301.0,Promotion
EMP12885,2022-04-01,70999.0,5680.0,Annual Revision
EMP12885,2023-04-01,79366.0,6349.0,Promotion
EMP12885,2024-04-01,89596.0,2688.0,Promotion
EMP12885,2025-04-01,90017.0,7201.0,Promotion
EMP12885,2026-04-01,102576.0,8206.0,Market Adjustment
EMP12886,2019-04-01,32477.0,974.0,No Change
EMP12886,2020-04-01,32445.0,2596.0,Annual Revision
EMP12886,2021-04-01,36946.0,1847.0,Annual Revision
EMP12886,2022-04-01,37869.0,1893.0,Promotion
EMP12886,2023-04-01,45581.0,1367.0,Promotion
EMP12886,2024-04-01,45249.0,2262.0,Annual Revision
EMP12886,2025-04-01,55895.0,2795.0,Annual Revision
EMP12886,2026-04-01,56917.0,4553.0,No Change
EMP12887,2020-04-01,67610.0,5409.0,Market Adjustment
EMP12887,2021-04-01,79805.0,6384.0,Annual Revision
EMP12887,2022-04-01,84108.0,2523.0,Annual Revision
EMP12887,2023-04-01,97469.0,4873.0,Annual Revision
EMP12887,2024-04-01,101570.0,,Market Adjustment
EMP12887,2025-04-01,115155.0,9212.0,Market Adjustment
EMP12887,2026-04-01,129963.0,10397.0,Annual Revision
EMP12888,2026-04-01,94742.0,4737.0,Annual Revision
EMP12889,2023-04-01,30287.0,1514.0,Annual Revision
EMP12889,2024-04-01,35687.0,1784.0,Annual Revision
EMP12889,2025-04-01,37224.0,1861.0,Market Adjustment
EMP12889,2026-04-01,41591.0,1248.0,Market Adjustment
EMP12890,2021-04-01,43654.0,2183.0,Market Adjustment
EMP12890,2022-04-01,48599.0,3888.0,Annual Revision
EMP12890,2023-04-01,54526.0,4362.0,Annual Revision
EMP12890,2024-04-01,62063.0,3103.0,Promotion
EMP12890,2025-04-01,67724.0,5418.0,Annual Revision
EMP12890,2026-04-01,74945.0,3747.0,Annual Revision
EMP12891,2022-04-01,70041.0,5603.0,Annual Revision
EMP12891,2023-04-01,77664.0,2330.0,Annual Revision
EMP12891,2024-04-01,81581.0,6527.0,Promotion
EMP12891,2025-04-01,90334.0,2710.0,Annual Revision
EMP12891,2026-04-01,101075.0,8086.0,Annual Revision
EMP12892,2023-04-01,32149.0,2572.0,Promotion
EMP12892,2024-04-01,36016.0,1801.0,Annual Revision
EMP12892,2025-04-01,39831.0,1195.0,No Change
EMP12892,2026-04-01,44520.0,5342.0,Market Adjustment
EMP12893,2020-04-01,31709.0,2537.0,Annual Revision
EMP12893,2021-04-01,33839.0,1015.0,Annual Revision
EMP12893,2022-04-01,36381.0,1819.0,No Change
EMP12893,2023-04-01,40865.0,2043.0,Promotion
EMP12893,2024-04-01,44944.0,2247.0,Annual Revision
EMP12893,2025-04-01,48626.0,2431.0,Annual Revision
EMP12893,2026-04-01,52916.0,4233.0,No Change
EMP12894,2022-04-01,31335.0,940.0,Market Adjustment
EMP12894,2023-04-01,35431.0,1063.0,Promotion
EMP12894,2024-04-01,41971.0,3358.0,Market Adjustment
EMP12894,2025-04-01,43358.0,1301.0,Annual Revision
EMP12894,2026-04-01,49799.0,3984.0,No Change
EMP12895,2019-04-01,41422.0,3314.0,No Change
EMP12895,2020-04-01,44237.0,1327.0,Market Adjustment
EMP12895,2021-04-01,45639.0,2282.0,Annual Revision
EMP12895,2022-04-01,53676.0,4294.0,Annual Revision
EMP12895,2023-04-01,62577.0,5006.0,Promotion
EMP12895,2024-04-01,66617.0,5329.0,Promotion
EMP12895,2025-04-01,81876.0,2456.0,No Change
EMP12895,2026-04-01,89780.0,4489.0,Annual Revision
EMP12896,2021-04-01,44177.0,2209.0,Promotion
EMP12896,2022-04-01,46612.0,2331.0,No Change
EMP12896,2023-04-01,56456.0,2823.0,Annual Revision
EMP12896,2024-04-01,58817.0,2941.0,Promotion
EMP12896,2025-04-01,63174.0,5054.0,Promotion
EMP12896,2026-04-01,70588.0,3529.0,Promotion
EMP12897,2023-04-01,64040.0,3202.0,Promotion
EMP12897,2024-04-01,73038.0,5843.0,Annual Revision
EMP12897,2025-04-01,82289.0,2469.0,Annual Revision
EMP12897,2026-04-01,85756.0,10291.0,Annual Revision
EMP12898,2024-04-01,42173.0,2109.0,Market Adjustment
EMP12898,2025-04-01,50367.0,6044.0,Annual Revision
EMP12898,2026-04-01,57923.0,1738.0,Annual Revision
EMP12899,2023-04-01,32733.0,1637.0,Promotion
EMP12899,2024-04-01,34953.0,1049.0,No Change
EMP12899,2025-04-01,38150.0,1907.0,Annual Revision
EMP12899,2026-04-01,44166.0,2208.0,Annual Revision
EMP12900,2021-04-01,74021.0,5922.0,Annual Revision
EMP12900,2022-04-01,71889.0,2157.0,Annual Revision
EMP12900,2023-04-01,82130.0,2464.0,Annual Revision
EMP12900,2024-04-01,92265.0,7381.0,Promotion
EMP12900,2025-04-01,96076.0,7686.0,Market Adjustment
EMP12900,2026-04-01,107249.0,8580.0,Annual Revision
EMP12901,2022-04-01,62318.0,3116.0,Annual Revision
EMP12901,2023-04-01,69941.0,5595.0,No Change
EMP12901,2024-04-01,84131.0,2524.0,Market Adjustment
EMP12901,2025-04-01,92879.0,4644.0,Market Adjustment
EMP12901,2026-04-01,98929.0,2968.0,Promotion
EMP12902,2019-04-01,32928.0,1646.0,No Change
EMP12902,2020-04-01,35325.0,1766.0,Annual Revision
EMP12902,2021-04-01,35819.0,1791.0,Annual Revision
EMP12902,2022-04-01,38254.0,1148.0,No Change
EMP12902,2023-04-01,43945.0,3516.0,No Change
EMP12902,2024-04-01,50427.0,1513.0,Market Adjustment
EMP12902,2025-04-01,52658.0,2633.0,Annual Revision
EMP12902,2026-04-01,58835.0,1765.0,No Change
EMP12903,2020-04-01,45510.0,1365.0,Annual Revision
EMP12903,2021-04-01,47381.0,2369.0,Annual Revision
EMP12903,2022-04-01,50009.0,4001.0,Annual Revision
EMP12903,2023-04-01,61300.0,7356.0,Annual Revision
EMP12903,2024-04-01,63650.0,3182.0,Promotion
EMP12903,2025-04-01,70822.0,5666.0,Promotion
EMP12903,2026-04-01,79345.0,9521.0,No Change
EMP12904,2025-04-01,42940.0,3435.0,Annual Revision
EMP12904,2026-04-01,49281.0,1478.0,Annual Revision
EMP12905,2025-04-01,44298.0,2215.0,Annual Revision
EMP12905,2026-04-01,51713.0,1551.0,Annual Revision
EMP12906,2019-04-01,69121.0,3456.0,No Change
EMP12906,2020-04-01,72528.0,3626.0,Promotion
EMP12906,2021-04-01,81579.0,4079.0,Promotion
EMP12906,2022-04-01,80243.0,9629.0,Annual Revision
EMP12906,2023-04-01,97166.0,7773.0,Market Adjustment
EMP12906,2024-04-01,105991.0,12719.0,Promotion
EMP12906,2025-04-01,109660.0,5483.0,Promotion
EMP12906,2026-04-01,126645.0,3799.0,No Change
EMP12907,2023-04-01,64227.0,1927.0,Annual Revision
EMP12907,2024-04-01,70366.0,3518.0,Annual Revision
EMP12907,2025-04-01,81508.0,4075.0,Market Adjustment
EMP12907,2026-04-01,83933.0,4197.0,No Change
EMP12908,2025-04-01,66830.0,3342.0,Annual Revision
EMP12908,2026-04-01,71796.0,5744.0,Annual Revision
EMP12909,2025-04-01,45167.0,2258.0,No Change
EMP12909,2026-04-01,46640.0,1399.0,Annual Revision
EMP12910,2023-04-01,32541.0,3905.0,Annual Revision
EMP12910,2024-04-01,35553.0,1067.0,Market Adjustment
EMP12910,2025-04-01,36346.0,2908.0,Promotion
EMP12910,2026-04-01,39561.0,1978.0,No Change
EMP12911,2023-04-01,69157.0,3458.0,Promotion
EMP12911,2024-04-01,78115.0,6249.0,Annual Revision
EMP12911,2025-04-01,83095.0,4155.0,Promotion
EMP12911,2026-04-01,92001.0,11040.0,Promotion
EMP12912,2025-04-01,40985.0,1230.0,Annual Revision
EMP12912,2026-04-01,45847.0,2292.0,No Change
EMP12913,2025-04-01,32202.0,1610.0,Market Adjustment
EMP12913,2026-04-01,37490.0,1874.0,Annual Revision
EMP12914,2022-04-01,41135.0,3291.0,Promotion
EMP12914,2023-04-01,44799.0,2240.0,Annual Revision
EMP12914,2024-04-01,50061.0,4005.0,Annual Revision
EMP12914,2025-04-01,55750.0,1672.0,Market Adjustment
EMP12914,2026-04-01,66594.0,5327.0,Annual Revision
EMP12915,2019-04-01,41153.0,2058.0,Market Adjustment
EMP12915,2020-04-01,43931.0,5272.0,Annual Revision
EMP12915,2021-04-01,45986.0,2299.0,Annual Revision
EMP12915,2022-04-01,52314.0,1569.0,Market Adjustment
EMP12915,2023-04-01,57372.0,4590.0,Market Adjustment
EMP12915,2024-04-01,66805.0,5344.0,Annual Revision
EMP12915,2025-04-01,67909.0,3395.0,Promotion
EMP12915,2026-04-01,78735.0,2362.0,No Change
EMP12916,2021-04-01,42705.0,3416.0,Annual Revision
EMP12916,2022-04-01,45364.0,1361.0,Annual Revision
EMP12916,2023-04-01,51976.0,2599.0,Market Adjustment
EMP12916,2024-04-01,53961.0,1619.0,Annual Revision
EMP12916,2025-04-01,61582.0,7390.0,Promotion
EMP12916,2026-04-01,64585.0,3229.0,Annual Revision
EMP12917,2019-04-01,91340.0,2740.0,Market Adjustment
EMP12917,2020-04-01,97575.0,7806.0,Market Adjustment
EMP12917,2021-04-01,102197.0,3066.0,Annual Revision
EMP12917,2022-04-01,103551.0,3107.0,Market Adjustment
EMP12917,2023-04-01,131071.0,10486.0,Annual Revision
EMP12917,2024-04-01,137917.0,6896.0,Annual Revision
EMP12917,2025-04-01,162424.0,4873.0,No Change
EMP12917,2026-04-01,159291.0,12743.0,Promotion
EMP12918,2023-04-01,31355.0,941.0,No Change
EMP12918,2024-04-01,35441.0,1063.0,Promotion
EMP12918,2025-04-01,39667.0,1190.0,Promotion
EMP12918,2026-04-01,40286.0,2014.0,Promotion
EMP12919,2023-04-01,43199.0,2160.0,Annual Revision
EMP12919,2024-04-01,46557.0,2328.0,Promotion
EMP12919,2025-04-01,50418.0,6050.0,Annual Revision
EMP12919,2026-04-01,56623.0,4530.0,Annual Revision
EMP12920,2026-04-01,32645.0,1632.0,Annual Revision
EMP12921,2023-04-01,89694.0,2691.0,Annual Revision
EMP12921,2024-04-01,100059.0,8005.0,Annual Revision
EMP12921,2025-04-01,109535.0,8763.0,Annual Revision
EMP12921,2026-04-01,117152.0,3515.0,No Change
EMP12922,2022-04-01,43737.0,2187.0,Annual Revision
EMP12922,2023-04-01,46090.0,3687.0,Promotion
EMP12922,2024-04-01,49889.0,2494.0,Annual Revision
EMP12922,2025-04-01,55394.0,4432.0,Annual Revision
EMP12922,2026-04-01,62293.0,4983.0,Annual Revision
EMP12923,2025-04-01,44088.0,1323.0,No Change
EMP12923,2026-04-01,48819.0,2441.0,Annual Revision
EMP12924,2021-04-01,65962.0,7915.0,Promotion
EMP12924,2022-04-01,68183.0,3409.0,Annual Revision
EMP12924,2023-04-01,77494.0,6199.0,No Change
EMP12924,2024-04-01,87827.0,10539.0,Market Adjustment
EMP12924,2025-04-01,90378.0,4519.0,Promotion
EMP12924,2026-04-01,105353.0,5268.0,Annual Revision
EMP12925,2021-04-01,43435.0,3475.0,Promotion
EMP12925,2022-04-01,45648.0,2282.0,Annual Revision
EMP12925,2023-04-01,55291.0,,Annual Revision
EMP12925,2024-04-01,62896.0,1887.0,Annual Revision
EMP12925,2025-04-01,70577.0,2117.0,Promotion
EMP12925,2026-04-01,74069.0,8888.0,No Change
EMP12926,2026-04-01,65456.0,3273.0,Promotion
EMP12927,2026-04-01,31229.0,1561.0,Market Adjustment
EMP12928,2020-04-01,40894.0,3272.0,Annual Revision
EMP12928,2021-04-01,44583.0,3567.0,Market Adjustment
EMP12928,2022-04-01,46434.0,1393.0,Annual Revision
EMP12928,2023-04-01,54741.0,4379.0,No Change
EMP12928,2024-04-01,59937.0,7192.0,Promotion
EMP12928,2025-04-01,68053.0,3403.0,Market Adjustment
EMP12928,2026-04-01,70781.0,5662.0,Annual Revision
EMP12929,2021-04-01,31639.0,1582.0,Market Adjustment
EMP12929,2022-04-01,33360.0,2669.0,Market Adjustment
EMP12929,2023-04-01,36584.0,4390.0,Annual Revision
EMP12929,2024-04-01,41682.0,2084.0,Annual Revision
EMP12929,2025-04-01,42606.0,1278.0,Annual Revision
EMP12929,2026-04-01,46845.0,2342.0,Annual Revision
EMP12930,2025-04-01,60008.0,3000.0,Annual Revision
EMP12930,2026-04-01,70535.0,5643.0,Market Adjustment
EMP12931,2024-04-01,42036.0,2102.0,Promotion
EMP12931,2025-04-01,48275.0,3862.0,Annual Revision
EMP12931,2026-04-01,49739.0,1492.0,Annual Revision
EMP12932,2025-04-01,66550.0,3327.0,Annual Revision
EMP12932,2026-04-01,68441.0,3422.0,Annual Revision
EMP12933,2024-04-01,69192.0,5535.0,Market Adjustment
EMP12933,2025-04-01,75660.0,6053.0,Annual Revision
EMP12933,2026-04-01,84577.0,2537.0,Annual Revision
EMP12934,2023-04-01,34821.0,4179.0,Market Adjustment
EMP12934,2024-04-01,33895.0,4067.0,Annual Revision
EMP12934,2025-04-01,41146.0,1234.0,Annual Revision
EMP12934,2026-04-01,45496.0,3640.0,Promotion
EMP12935,2024-04-01,41749.0,5010.0,Market Adjustment
EMP12935,2025-04-01,46182.0,2309.0,Promotion
EMP12935,2026-04-01,53506.0,1605.0,Annual Revision
EMP12936,2026-04-01,66729.0,3336.0,Annual Revision
EMP12937,2025-04-01,65857.0,3293.0,Annual Revision
EMP12937,2026-04-01,78731.0,9448.0,Annual Revision
EMP12938,2022-04-01,41442.0,3315.0,Annual Revision
EMP12938,2023-04-01,44836.0,5380.0,Annual Revision
EMP12938,2024-04-01,48170.0,2409.0,Market Adjustment
EMP12938,2025-04-01,53041.0,2652.0,Market Adjustment
EMP12938,2026-04-01,61100.0,3055.0,Annual Revision
EMP12939,2021-04-01,93214.0,4661.0,Market Adjustment
EMP12939,2022-04-01,97951.0,2939.0,Annual Revision
EMP12939,2023-04-01,113341.0,9067.0,Annual Revision
EMP12939,2024-04-01,116596.0,5830.0,No Change
EMP12939,2025-04-01,123412.0,9873.0,Annual Revision
EMP12939,2026-04-01,140583.0,11247.0,Market Adjustment
EMP12940,2022-04-01,43482.0,3479.0,Annual Revision
EMP12940,2023-04-01,44865.0,3589.0,Promotion
EMP12940,2024-04-01,50652.0,2533.0,Annual Revision
EMP12940,2025-04-01,56540.0,4523.0,No Change
EMP12940,2026-04-01,57583.0,6910.0,Annual Revision
EMP12941,2022-04-01,42656.0,1280.0,Annual Revision
EMP12941,2023-04-01,43692.0,3495.0,Annual Revision
EMP12941,2024-04-01,49058.0,1472.0,No Change
EMP12941,2025-04-01,57375.0,2869.0,Annual Revision
EMP12941,2026-04-01,63877.0,3194.0,Market Adjustment
EMP12942,2022-04-01,71077.0,5686.0,Annual Revision
EMP12942,2023-04-01,73788.0,5903.0,Market Adjustment
EMP12942,2024-04-01,79696.0,6376.0,Annual Revision
EMP12942,2025-04-01,93498.0,4675.0,No Change
EMP12942,2026-04-01,92810.0,2784.0,Annual Revision
EMP12943,2024-04-01,124050.0,3722.0,Annual Revision
EMP12943,2025-04-01,136487.0,4095.0,Annual Revision
EMP12943,2026-04-01,150798.0,7540.0,Annual Revision
EMP12944,2020-04-01,45189.0,3615.0,Annual Revision
EMP12944,2021-04-01,45894.0,2295.0,Market Adjustment
EMP12944,2022-04-01,51954.0,4156.0,Annual Revision
EMP12944,2023-04-01,58229.0,6987.0,Annual Revision
EMP12944,2024-04-01,62124.0,4970.0,Promotion
EMP12944,2025-04-01,66477.0,3324.0,Annual Revision
EMP12944,2026-04-01,74153.0,3708.0,No Change
EMP12945,2024-04-01,33571.0,2686.0,Annual Revision
EMP12945,2025-04-01,35265.0,1058.0,Market Adjustment
EMP12945,2026-04-01,37112.0,1856.0,Annual Revision
EMP12946,2020-04-01,125720.0,6286.0,Market Adjustment
EMP12946,2021-04-01,131824.0,15819.0,Annual Revision
EMP12946,2022-04-01,144391.0,17327.0,Promotion
EMP12946,2023-04-01,152827.0,12226.0,Annual Revision
EMP12946,2024-04-01,177172.0,8859.0,Annual Revision
EMP12946,2025-04-01,198678.0,23841.0,Annual Revision
EMP12946,2026-04-01,209722.0,10486.0,Promotion
EMP12947,2022-04-01,64486.0,3224.0,Annual Revision
EMP12947,2023-04-01,66180.0,5294.0,Annual Revision
EMP12947,2024-04-01,75182.0,9022.0,Promotion
EMP12947,2025-04-01,82318.0,9878.0,Promotion
EMP12947,2026-04-01,91228.0,2737.0,Annual Revision
EMP12948,2024-04-01,67504.0,3375.0,Annual Revision
EMP12948,2025-04-01,76803.0,9216.0,Promotion
EMP12948,2026-04-01,90000.0,4500.0,Market Adjustment
EMP12949,2021-04-01,61637.0,1849.0,Annual Revision
EMP12949,2022-04-01,70937.0,3547.0,No Change
EMP12949,2023-04-01,75564.0,6045.0,Promotion
EMP12949,2024-04-01,82473.0,4124.0,Annual Revision
EMP12949,2025-04-01,89639.0,4482.0,Annual Revision
EMP12949,2026-04-01,98165.0,4908.0,Annual Revision
EMP12950,2022-04-01,65547.0,5244.0,Annual Revision
EMP12950,2023-04-01,66058.0,3303.0,No Change
EMP12950,2024-04-01,77114.0,6169.0,Annual Revision
EMP12950,2025-04-01,83711.0,4186.0,Market Adjustment
EMP12950,2026-04-01,88315.0,7065.0,Annual Revision
EMP12951,2025-04-01,82061.0,4103.0,No Change
EMP12951,2026-04-01,105186.0,8415.0,Annual Revision
EMP12952,2023-04-01,123129.0,6156.0,Annual Revision
EMP12952,2024-04-01,134421.0,10754.0,Market Adjustment
EMP12952,2025-04-01,137097.0,10968.0,No Change
EMP12952,2026-04-01,150076.0,18009.0,Annual Revision
EMP12953,2021-04-01,47897.0,1437.0,Annual Revision
EMP12953,2022-04-01,47931.0,3834.0,Market Adjustment
EMP12953,2023-04-01,53690.0,6443.0,Annual Revision
EMP12953,2024-04-01,59170.0,4734.0,No Change
EMP12953,2025-04-01,61846.0,3092.0,Annual Revision
EMP12953,2026-04-01,73082.0,3654.0,Annual Revision
EMP12954,2022-04-01,41683.0,2084.0,No Change
EMP12954,2023-04-01,45678.0,3654.0,Market Adjustment
EMP12954,2024-04-01,51542.0,6185.0,Promotion
EMP12954,2025-04-01,57718.0,4617.0,Annual Revision
EMP12954,2026-04-01,64918.0,5193.0,Annual Revision
EMP12955,2023-04-01,70506.0,2115.0,Promotion
EMP12955,2024-04-01,73321.0,2200.0,Market Adjustment
EMP12955,2025-04-01,69991.0,2100.0,Market Adjustment
EMP12955,2026-04-01,88462.0,2654.0,Annual Revision
EMP12956,2026-04-01,64759.0,1943.0,Annual Revision
EMP12957,2019-04-01,69157.0,5533.0,Annual Revision
EMP12957,2020-04-01,77477.0,3874.0,Market Adjustment
EMP12957,2021-04-01,82287.0,4114.0,No Change
EMP12957,2022-04-01,82324.0,2470.0,Annual Revision
EMP12957,2023-04-01,106858.0,5343.0,Annual Revision
EMP12957,2024-04-01,114223.0,5711.0,Market Adjustment
EMP12957,2025-04-01,136139.0,4084.0,Annual Revision
EMP12957,2026-04-01,154010.0,18481.0,No Change
EMP12958,2022-04-01,69526.0,2086.0,Market Adjustment
EMP12958,2023-04-01,71594.0,3580.0,Annual Revision
EMP12958,2024-04-01,77654.0,3883.0,Annual Revision
EMP12958,2025-04-01,85149.0,4257.0,No Change
EMP12958,2026-04-01,94122.0,4706.0,No Change
EMP12959,2022-04-01,65155.0,3258.0,No Change
EMP12959,2023-04-01,70750.0,3537.0,Promotion
EMP12959,2024-04-01,75249.0,3762.0,Promotion
EMP12959,2025-04-01,86272.0,6902.0,Annual Revision
EMP12959,2026-04-01,94233.0,2827.0,No Change
EMP12960,2020-04-01,67934.0,2038.0,Annual Revision
EMP12960,2021-04-01,74474.0,5958.0,No Change
EMP12960,2022-04-01,85252.0,2558.0,No Change
EMP12960,2023-04-01,95736.0,4787.0,No Change
EMP12960,2024-04-01,103254.0,5163.0,Annual Revision
EMP12960,2025-04-01,114863.0,5743.0,Promotion
EMP12960,2026-04-01,131623.0,6581.0,Promotion
EMP12961,2020-04-01,33341.0,4001.0,Annual Revision
EMP12961,2021-04-01,32349.0,970.0,No Change
EMP12961,2022-04-01,37886.0,4546.0,Annual Revision
EMP12961,2023-04-01,42160.0,1265.0,No Change
EMP12961,2024-04-01,47136.0,3771.0,Annual Revision
EMP12961,2025-04-01,50538.0,2527.0,Annual Revision
EMP12961,2026-04-01,64117.0,3206.0,Annual Revision
EMP12962,2020-04-01,119441.0,14333.0,Annual Revision
EMP12962,2021-04-01,135932.0,6797.0,Market Adjustment
EMP12962,2022-04-01,143506.0,4305.0,Annual Revision
EMP12962,2023-04-01,167449.0,13396.0,Promotion
EMP12962,2024-04-01,174616.0,8731.0,Annual Revision
EMP12962,2025-04-01,190428.0,15234.0,Promotion
EMP12962,2026-04-01,220606.0,6618.0,Annual Revision
EMP12963,2025-04-01,43661.0,2183.0,Annual Revision
EMP12963,2026-04-01,50204.0,4016.0,Annual Revision
EMP12964,2020-04-01,68590.0,2058.0,Market Adjustment
EMP12964,2021-04-01,75445.0,2263.0,Annual Revision
EMP12964,2022-04-01,77430.0,3871.0,Annual Revision
EMP12964,2023-04-01,88927.0,10671.0,No Change
EMP12964,2024-04-01,105356.0,5268.0,Annual Revision
EMP12964,2025-04-01,114847.0,13782.0,Annual Revision
EMP12964,2026-04-01,116977.0,9358.0,Market Adjustment
EMP12965,2023-04-01,41902.0,5028.0,Annual Revision
EMP12965,2024-04-01,46907.0,3753.0,No Change
EMP12965,2025-04-01,49717.0,1492.0,No Change
EMP12965,2026-04-01,53974.0,1619.0,Annual Revision
EMP12966,2025-04-01,46291.0,1389.0,Annual Revision
EMP12966,2026-04-01,47895.0,2395.0,Annual Revision
EMP12967,2024-04-01,88822.0,7106.0,No Change
EMP12967,2025-04-01,98900.0,2967.0,No Change
EMP12967,2026-04-01,108021.0,3241.0,Annual Revision
EMP12968,2023-04-01,32726.0,982.0,Promotion
EMP12968,2024-04-01,33536.0,1677.0,Market Adjustment
EMP12968,2025-04-01,38533.0,3083.0,Annual Revision
EMP12968,2026-04-01,41324.0,3306.0,Annual Revision
EMP12969,2020-04-01,40416.0,2021.0,Annual Revision
EMP12969,2021-04-01,45801.0,1374.0,Market Adjustment
EMP12969,2022-04-01,47857.0,3829.0,Annual Revision
EMP12969,2023-04-01,56061.0,6727.0,Market Adjustment
EMP12969,2024-04-01,66251.0,3313.0,Promotion
EMP12969,2025-04-01,66308.0,3315.0,Annual Revision
EMP12969,2026-04-01,81454.0,4073.0,Market Adjustment
EMP12970,2021-04-01,43325.0,3466.0,Promotion
EMP12970,2022-04-01,43081.0,3446.0,Annual Revision
EMP12970,2023-04-01,49691.0,3975.0,Annual Revision
EMP12970,2024-04-01,57487.0,4599.0,Annual Revision
EMP12970,2025-04-01,67899.0,2037.0,Promotion
EMP12970,2026-04-01,73455.0,3673.0,Annual Revision
EMP12971,2019-04-01,68244.0,3412.0,No Change
EMP12971,2020-04-01,69082.0,2072.0,Annual Revision
EMP12971,2021-04-01,73620.0,8834.0,Market Adjustment
EMP12971,2022-04-01,79105.0,6328.0,Annual Revision
EMP12971,2023-04-01,91914.0,7353.0,Annual Revision
EMP12971,2024-04-01,102890.0,8231.0,Annual Revision
EMP12971,2025-04-01,105067.0,3152.0,Annual Revision
EMP12971,2026-04-01,115445.0,5772.0,Promotion
EMP12972,2022-04-01,71175.0,2135.0,Promotion
EMP12972,2023-04-01,77321.0,6186.0,Annual Revision
EMP12972,2024-04-01,84838.0,2545.0,Annual Revision
EMP12972,2025-04-01,93218.0,4661.0,Annual Revision
EMP12972,2026-04-01,100596.0,3018.0,Market Adjustment
EMP12973,2021-04-01,70223.0,2107.0,Promotion
EMP12973,2022-04-01,75842.0,3792.0,Annual Revision
EMP12973,2023-04-01,87108.0,4355.0,Annual Revision
EMP12973,2024-04-01,95734.0,2872.0,Promotion
EMP12973,2025-04-01,102168.0,5108.0,Promotion
EMP12973,2026-04-01,116880.0,5844.0,Annual Revision
EMP12974,2022-04-01,30873.0,3705.0,Annual Revision
EMP12974,2023-04-01,36234.0,1087.0,Annual Revision
EMP12974,2024-04-01,38900.0,1167.0,Market Adjustment
EMP12974,2025-04-01,43253.0,3460.0,Annual Revision
EMP12974,2026-04-01,47969.0,2398.0,No Change
EMP12975,2024-04-01,88432.0,2653.0,Annual Revision
EMP12975,2025-04-01,98426.0,2953.0,Promotion
EMP12975,2026-04-01,107600.0,3228.0,Market Adjustment
EMP12976,2020-04-01,42503.0,1275.0,Annual Revision
EMP12976,2021-04-01,43726.0,3498.0,Market Adjustment
EMP12976,2022-04-01,49752.0,3980.0,Annual Revision
EMP12976,2023-04-01,53874.0,4310.0,No Change
EMP12976,2024-04-01,58022.0,4642.0,Market Adjustment
EMP12976,2025-04-01,69214.0,5537.0,Annual Revision
EMP12976,2026-04-01,65404.0,3270.0,Annual Revision
EMP12977,2026-04-01,48009.0,1440.0,Market Adjustment
EMP12978,2023-04-01,68081.0,2042.0,No Change
EMP12978,2024-04-01,78654.0,3933.0,Annual Revision
EMP12978,2025-04-01,85802.0,4290.0,Promotion
EMP12978,2026-04-01,98385.0,4919.0,No Change
EMP12979,2025-04-01,61968.0,4957.0,Annual Revision
EMP12979,2026-04-01,68260.0,2048.0,Promotion
EMP12980,2024-04-01,32255.0,2580.0,No Change
EMP12980,2025-04-01,34376.0,2750.0,Market Adjustment
EMP12980,2026-04-01,37791.0,1890.0,Annual Revision
EMP12981,2023-04-01,90519.0,4526.0,Promotion
EMP12981,2024-04-01,102375.0,12285.0,Promotion
EMP12981,2025-04-01,102455.0,3074.0,Annual Revision
EMP12981,2026-04-01,120450.0,6023.0,Market Adjustment
EMP12982,2020-04-01,43645.0,3492.0,No Change
EMP12982,2021-04-01,47017.0,3761.0,No Change
EMP12982,2022-04-01,49302.0,3944.0,Promotion
EMP12982,2023-04-01,62100.0,1863.0,Annual Revision
EMP12982,2024-04-01,65573.0,5246.0,Annual Revision
EMP12982,2025-04-01,71861.0,3593.0,Market Adjustment
EMP12982,2026-04-01,77454.0,9295.0,Annual Revision
EMP12983,2025-04-01,88643.0,7091.0,Annual Revision
EMP12983,2026-04-01,98803.0,11856.0,Promotion
EMP12984,2022-04-01,70131.0,3507.0,Annual Revision
EMP12984,2023-04-01,81243.0,4062.0,Annual Revision
EMP12984,2024-04-01,89875.0,7190.0,Promotion
EMP12984,2025-04-01,93007.0,4650.0,Promotion
EMP12984,2026-04-01,109478.0,5474.0,Market Adjustment
EMP12985,2023-04-01,88991.0,2670.0,Annual Revision
EMP12985,2024-04-01,94481.0,4724.0,Annual Revision
EMP12985,2025-04-01,108862.0,5443.0,No Change
EMP12985,2026-04-01,128666.0,10293.0,Annual Revision
EMP12986,2025-04-01,42948.0,5154.0,Market Adjustment
EMP12986,2026-04-01,44953.0,3596.0,Annual Revision
EMP12987,2024-04-01,64408.0,5153.0,Promotion
EMP12987,2025-04-01,73664.0,2210.0,Market Adjustment
EMP12987,2026-04-01,79282.0,6343.0,Market Adjustment
EMP12988,2020-04-01,126045.0,3781.0,Promotion
EMP12988,2021-04-01,129256.0,15511.0,Market Adjustment
EMP12988,2022-04-01,137525.0,4126.0,Market Adjustment
EMP12988,2023-04-01,169595.0,8480.0,Promotion
EMP12988,2024-04-01,168432.0,20212.0,Promotion
EMP12988,2025-04-01,188736.0,15099.0,No Change
EMP12988,2026-04-01,200278.0,10014.0,Market Adjustment
EMP12989,2023-04-01,41148.0,1234.0,Market Adjustment
EMP12989,2024-04-01,45217.0,5426.0,Promotion
EMP12989,2025-04-01,48424.0,2421.0,Annual Revision
EMP12989,2026-04-01,55569.0,1667.0,Market Adjustment
EMP12990,2023-04-01,31408.0,2513.0,Annual Revision
EMP12990,2024-04-01,33987.0,1699.0,Annual Revision
EMP12990,2025-04-01,37404.0,1122.0,Market Adjustment
EMP12990,2026-04-01,43627.0,2181.0,Annual Revision
EMP12991,2020-04-01,70475.0,2114.0,Annual Revision
EMP12991,2021-04-01,76673.0,9201.0,Annual Revision
EMP12991,2022-04-01,83566.0,4178.0,Annual Revision
EMP12991,2023-04-01,92618.0,7409.0,Annual Revision
EMP12991,2024-04-01,106541.0,5327.0,Annual Revision
EMP12991,2025-04-01,112251.0,3368.0,Annual Revision
EMP12991,2026-04-01,131104.0,6555.0,No Change
EMP12992,2019-04-01,66082.0,5287.0,Market Adjustment
EMP12992,2020-04-01,73591.0,3680.0,Annual Revision
EMP12992,2021-04-01,84280.0,10114.0,Market Adjustment
EMP12992,2022-04-01,84883.0,6791.0,Annual Revision
EMP12992,2023-04-01,103813.0,5191.0,Annual Revision
EMP12992,2024-04-01,108978.0,3269.0,Annual Revision
EMP12992,2025-04-01,116261.0,5813.0,Promotion
EMP12992,2026-04-01,133139.0,10651.0,Market Adjustment
EMP12993,2020-04-01,64262.0,5141.0,Annual Revision
EMP12993,2021-04-01,66648.0,1999.0,Annual Revision
EMP12993,2022-04-01,73067.0,5845.0,Promotion
EMP12993,2023-04-01,84923.0,4246.0,Annual Revision
EMP12993,2024-04-01,90926.0,7274.0,Promotion
EMP12993,2025-04-01,97263.0,4863.0,Annual Revision
EMP12993,2026-04-01,112763.0,5638.0,Annual Revision
EMP12994,2022-04-01,45712.0,2286.0,Annual Revision
EMP12994,2023-04-01,47835.0,1435.0,Promotion
EMP12994,2024-04-01,50699.0,6084.0,Annual Revision
EMP12994,2025-04-01,53784.0,2689.0,No Change
EMP12994,2026-04-01,59499.0,4760.0,Market Adjustment
EMP12995,2022-04-01,90048.0,4502.0,Market Adjustment
EMP12995,2023-04-01,90688.0,4534.0,Annual Revision
EMP12995,2024-04-01,103866.0,8309.0,Annual Revision
EMP12995,2025-04-01,107655.0,8612.0,Annual Revision
EMP12995,2026-04-01,125665.0,6283.0,Annual Revision
EMP12996,2020-04-01,31421.0,1571.0,Annual Revision
EMP12996,2021-04-01,36114.0,1083.0,Promotion
EMP12996,2022-04-01,36856.0,2948.0,Market Adjustment
EMP12996,2023-04-01,39976.0,1199.0,Annual Revision
EMP12996,2024-04-01,43867.0,2193.0,Annual Revision
EMP12996,2025-04-01,49039.0,3923.0,Annual Revision
EMP12996,2026-04-01,52726.0,1582.0,Annual Revision
EMP12997,2023-04-01,122859.0,9829.0,Market Adjustment
EMP12997,2024-04-01,139290.0,6965.0,Annual Revision
EMP12997,2025-04-01,141508.0,4245.0,Annual Revision
EMP12997,2026-04-01,157298.0,7865.0,No Change
EMP12998,2021-04-01,33884.0,1017.0,Promotion
EMP12998,2022-04-01,34156.0,2732.0,Market Adjustment
EMP12998,2023-04-01,38277.0,4593.0,No Change
EMP12998,2024-04-01,38742.0,1937.0,Market Adjustment
EMP12998,2025-04-01,46768.0,2338.0,Promotion
EMP12998,2026-04-01,49894.0,2495.0,Annual Revision
EMP12999,2026-04-01,66571.0,5326.0,Promotion
EMP13000,2024-04-01,89488.0,7159.0,Market Adjustment
EMP13000,2025-04-01,93413.0,2802.0,Promotion
EMP13000,2026-04-01,107390.0,5369.0,Market Adjustment
EMP13001,2021-04-01,92144.0,4607.0,Annual Revision
EMP13001,2022-04-01,93496.0,7480.0,Promotion
EMP13001,2023-04-01,111377.0,13365.0,No Change
EMP13001,2024-04-01,124446.0,6222.0,Annual Revision
EMP13001,2025-04-01,122482.0,9799.0,Annual Revision
EMP13001,2026-04-01,137084.0,10967.0,No Change
EMP13002,2020-04-01,130385.0,10431.0,Market Adjustment
EMP13002,2021-04-01,129864.0,3896.0,Annual Revision
EMP13002,2022-04-01,138957.0,4169.0,Annual Revision
EMP13002,2023-04-01,167115.0,5013.0,Market Adjustment
EMP13002,2024-04-01,182568.0,14605.0,Annual Revision
EMP13002,2025-04-01,210469.0,25256.0,Annual Revision
EMP13002,2026-04-01,227593.0,27311.0,Annual Revision
EMP13003,2022-04-01,40296.0,1209.0,Annual Revision
EMP13003,2023-04-01,44018.0,2201.0,Annual Revision
EMP13003,2024-04-01,50666.0,1520.0,Annual Revision
EMP13003,2025-04-01,56708.0,2835.0,No Change
EMP13003,2026-04-01,59967.0,1799.0,Annual Revision
EMP13004,2023-04-01,47433.0,3795.0,Market Adjustment
EMP13004,2024-04-01,51366.0,2568.0,Annual Revision
EMP13004,2025-04-01,55267.0,4421.0,Promotion
EMP13004,2026-04-01,54806.0,1644.0,Market Adjustment
EMP13005,2025-04-01,63762.0,5101.0,Promotion
EMP13005,2026-04-01,76077.0,3804.0,Market Adjustment
EMP13006,2020-04-01,71905.0,5752.0,Annual Revision
EMP13006,2021-04-01,80793.0,2424.0,Annual Revision
EMP13006,2022-04-01,76404.0,3820.0,Annual Revision
EMP13006,2023-04-01,95912.0,2877.0,Annual Revision
EMP13006,2024-04-01,98204.0,7856.0,Annual Revision
EMP13006,2025-04-01,110669.0,3320.0,No Change
EMP13006,2026-04-01,112388.0,5619.0,Annual Revision
EMP13007,2025-04-01,33175.0,3981.0,Market Adjustment
EMP13007,2026-04-01,35095.0,2808.0,Annual Revision
EMP13008,2020-04-01,42993.0,5159.0,Market Adjustment
EMP13008,2021-04-01,46315.0,1389.0,Annual Revision
EMP13008,2022-04-01,50602.0,2530.0,Promotion
EMP13008,2023-04-01,58224.0,2911.0,Annual Revision
EMP13008,2024-04-01,67439.0,3372.0,Annual Revision
EMP13008,2025-04-01,68277.0,3414.0,Market Adjustment
EMP13008,2026-04-01,74769.0,5982.0,Market Adjustment
EMP13009,2020-04-01,44865.0,3589.0,Annual Revision
EMP13009,2021-04-01,51904.0,2595.0,Market Adjustment
EMP13009,2022-04-01,49431.0,1483.0,Annual Revision
EMP13009,2023-04-01,58689.0,4695.0,Market Adjustment
EMP13009,2024-04-01,66508.0,3325.0,Annual Revision
EMP13009,2025-04-01,70363.0,8444.0,No Change
EMP13009,2026-04-01,74565.0,3728.0,No Change
EMP13010,2026-04-01,45160.0,3613.0,Annual Revision
EMP13011,2021-04-01,31345.0,2508.0,Market Adjustment
EMP13011,2022-04-01,34663.0,1733.0,Promotion
EMP13011,2023-04-01,35738.0,1787.0,Annual Revision
EMP13011,2024-04-01,40393.0,3231.0,Annual Revision
EMP13011,2025-04-01,42737.0,2137.0,Promotion
EMP13011,2026-04-01,50078.0,1502.0,Promotion
EMP13012,2022-04-01,33428.0,1671.0,No Change
EMP13012,2023-04-01,35706.0,1071.0,Annual Revision
EMP13012,2024-04-01,36950.0,1848.0,Market Adjustment
EMP13012,2025-04-01,41246.0,3300.0,Market Adjustment
EMP13012,2026-04-01,44964.0,2248.0,Annual Revision
EMP13013,2021-04-01,33120.0,1656.0,Annual Revision
EMP13013,2022-04-01,34554.0,1037.0,Annual Revision
EMP13013,2023-04-01,38384.0,1919.0,Annual Revision
EMP13013,2024-04-01,39729.0,1986.0,Annual Revision
EMP13013,2025-04-01,49067.0,2453.0,Annual Revision
EMP13013,2026-04-01,48281.0,5794.0,Annual Revision
EMP13014,2023-04-01,127137.0,10171.0,Market Adjustment
EMP13014,2024-04-01,137209.0,6860.0,Annual Revision
EMP13014,2025-04-01,151669.0,7583.0,Annual Revision
EMP13014,2026-04-01,169930.0,5098.0,Annual Revision
EMP13015,2019-04-01,44345.0,2217.0,No Change
EMP13015,2020-04-01,46927.0,3754.0,Annual Revision
EMP13015,2021-04-01,46650.0,3732.0,Market Adjustment
EMP13015,2022-04-01,53811.0,4305.0,Market Adjustment
EMP13015,2023-04-01,64673.0,1940.0,Market Adjustment
EMP13015,2024-04-01,72498.0,2175.0,Annual Revision
EMP13015,2025-04-01,80967.0,6477.0,Annual Revision
EMP13015,2026-04-01,91113.0,10934.0,Market Adjustment
EMP13016,2023-04-01,63022.0,5042.0,Promotion
EMP13016,2024-04-01,69394.0,3470.0,Market Adjustment
EMP13016,2025-04-01,72946.0,3647.0,Annual Revision
EMP13016,2026-04-01,81292.0,4065.0,Market Adjustment
EMP13017,2024-04-01,44441.0,3555.0,Annual Revision
EMP13017,2025-04-01,48489.0,1455.0,Annual Revision
EMP13017,2026-04-01,54055.0,2703.0,Annual Revision
EMP13018,2022-04-01,44931.0,1348.0,Promotion
EMP13018,2023-04-01,50173.0,4014.0,No Change
EMP13018,2024-04-01,52086.0,1563.0,Annual Revision
EMP13018,2025-04-01,55803.0,2790.0,Annual Revision
EMP13018,2026-04-01,68393.0,3420.0,Market Adjustment
EMP13019,2024-04-01,44024.0,1321.0,Promotion
EMP13019,2025-04-01,44749.0,3580.0,Annual Revision
EMP13019,2026-04-01,50543.0,1516.0,Annual Revision
EMP13020,2021-04-01,31176.0,2494.0,Annual Revision
EMP13020,2022-04-01,33609.0,2689.0,Market Adjustment
EMP13020,2023-04-01,38598.0,3088.0,Annual Revision
EMP13020,2024-04-01,40382.0,1211.0,Promotion
EMP13020,2025-04-01,44219.0,3538.0,Annual Revision
EMP13020,2026-04-01,50422.0,4034.0,Promotion
EMP13021,2021-04-01,62584.0,3129.0,Annual Revision
EMP13021,2022-04-01,65052.0,5204.0,No Change
EMP13021,2023-04-01,81874.0,6550.0,No Change
EMP13021,2024-04-01,88728.0,4436.0,Promotion
EMP13021,2025-04-01,105206.0,8416.0,Promotion
EMP13021,2026-04-01,111975.0,5599.0,Promotion
EMP13022,2020-04-01,31195.0,1560.0,Promotion
EMP13022,2021-04-01,35722.0,1072.0,Promotion
EMP13022,2022-04-01,37205.0,2976.0,Promotion
EMP13022,2023-04-01,42464.0,2123.0,Market Adjustment
EMP13022,2024-04-01,47165.0,3773.0,Promotion
EMP13022,2025-04-01,53692.0,4295.0,Annual Revision
EMP13022,2026-04-01,57428.0,4594.0,Annual Revision
EMP13023,2023-04-01,70163.0,8420.0,Promotion
EMP13023,2024-04-01,73889.0,3694.0,Annual Revision
EMP13023,2025-04-01,85150.0,4258.0,Market Adjustment
EMP13023,2026-04-01,93571.0,4679.0,Market Adjustment
EMP13024,2019-04-01,39743.0,1192.0,Annual Revision
EMP13024,2020-04-01,44311.0,2216.0,No Change
EMP13024,2021-04-01,49461.0,3957.0,Market Adjustment
EMP13024,2022-04-01,49937.0,5992.0,Promotion
EMP13024,2023-04-01,59161.0,2958.0,Annual Revision
EMP13024,2024-04-01,64406.0,3220.0,Annual Revision
EMP13024,2025-04-01,68247.0,3412.0,Market Adjustment
EMP13024,2026-04-01,79820.0,3991.0,Promotion
EMP13025,2022-04-01,71202.0,5696.0,Annual Revision
EMP13025,2023-04-01,75494.0,6040.0,No Change
EMP13025,2024-04-01,80014.0,4001.0,Promotion
EMP13025,2025-04-01,97063.0,2912.0,Annual Revision
EMP13025,2026-04-01,99845.0,,Promotion
EMP13026,2025-04-01,61995.0,4960.0,Annual Revision
EMP13026,2026-04-01,72246.0,2167.0,Annual Revision
EMP13027,2021-04-01,33072.0,1654.0,Promotion
EMP13027,2022-04-01,34304.0,1715.0,No Change
EMP13027,2023-04-01,37915.0,1137.0,Annual Revision
EMP13027,2024-04-01,43198.0,2160.0,Annual Revision
EMP13027,2025-04-01,45265.0,3621.0,Annual Revision
EMP13027,2026-04-01,50891.0,2545.0,Market Adjustment
EMP13028,2022-04-01,122510.0,6125.0,Annual Revision
EMP13028,2023-04-01,135966.0,6798.0,Annual Revision
EMP13028,2024-04-01,148606.0,11888.0,Promotion
EMP13028,2025-04-01,157927.0,7896.0,Promotion
EMP13028,2026-04-01,182654.0,14612.0,Annual Revision
EMP13029,2025-04-01,66327.0,5306.0,Annual Revision
EMP13029,2026-04-01,73309.0,2199.0,Annual Revision
EMP13030,2024-04-01,43568.0,2178.0,No Change
EMP13030,2025-04-01,46221.0,2311.0,Annual Revision
EMP13030,2026-04-01,49935.0,3995.0,No Change
EMP13031,2023-04-01,120628.0,9650.0,Promotion
EMP13031,2024-04-01,124234.0,6212.0,Promotion
EMP13031,2025-04-01,160490.0,19259.0,Market Adjustment
EMP13031,2026-04-01,177975.0,8899.0,Annual Revision
EMP13032,2021-04-01,31617.0,3794.0,No Change
EMP13032,2022-04-01,34069.0,1022.0,Annual Revision
EMP13032,2023-04-01,38454.0,4614.0,Annual Revision
EMP13032,2024-04-01,42267.0,3381.0,Promotion
EMP13032,2025-04-01,52839.0,1585.0,Market Adjustment
EMP13032,2026-04-01,52396.0,2620.0,Annual Revision
EMP13033,2020-04-01,88715.0,4436.0,Promotion
EMP13033,2021-04-01,105706.0,8456.0,Market Adjustment
EMP13033,2022-04-01,104566.0,12548.0,Annual Revision
EMP13033,2023-04-01,125248.0,3757.0,Annual Revision
EMP13033,2024-04-01,144080.0,11526.0,Promotion
EMP13033,2025-04-01,159056.0,7953.0,Market Adjustment
EMP13033,2026-04-01,161290.0,8065.0,Market Adjustment
EMP13034,2024-04-01,42948.0,3436.0,Annual Revision
EMP13034,2025-04-01,44783.0,3583.0,Annual Revision
EMP13034,2026-04-01,50060.0,4005.0,Annual Revision
EMP13035,2020-04-01,91346.0,10962.0,Annual Revision
EMP13035,2021-04-01,97867.0,4893.0,Annual Revision
EMP13035,2022-04-01,104512.0,5226.0,Market Adjustment
EMP13035,2023-04-01,123041.0,3691.0,Annual Revision
EMP13035,2024-04-01,141751.0,4253.0,Annual Revision
EMP13035,2025-04-01,151826.0,7591.0,Annual Revision
EMP13035,2026-04-01,168260.0,13461.0,Annual Revision
EMP13036,2025-04-01,70088.0,3504.0,Annual Revision
EMP13036,2026-04-01,74630.0,5970.0,Annual Revision
EMP13037,2025-04-01,128673.0,6434.0,Promotion
EMP13037,2026-04-01,138266.0,11061.0,Annual Revision
EMP13038,2022-04-01,67213.0,5377.0,Market Adjustment
EMP13038,2023-04-01,79954.0,9594.0,Promotion
EMP13038,2024-04-01,82156.0,4108.0,No Change
EMP13038,2025-04-01,98991.0,11879.0,Annual Revision
EMP13038,2026-04-01,101726.0,3052.0,Annual Revision
EMP13039,2021-04-01,43330.0,2166.0,No Change
EMP13039,2022-04-01,50181.0,2509.0,Annual Revision
EMP13039,2023-04-01,57868.0,2893.0,Annual Revision
EMP13039,2024-04-01,62933.0,5035.0,Annual Revision
EMP13039,2025-04-01,70357.0,5629.0,Promotion
EMP13039,2026-04-01,74487.0,5959.0,Promotion
EMP13040,2019-04-01,32582.0,1629.0,Market Adjustment
EMP13040,2020-04-01,35533.0,1777.0,Promotion
EMP13040,2021-04-01,36144.0,2892.0,Annual Revision
EMP13040,2022-04-01,37604.0,1128.0,Annual Revision
EMP13040,2023-04-01,47352.0,1421.0,Market Adjustment
EMP13040,2024-04-01,48925.0,5871.0,Annual Revision
EMP13040,2025-04-01,53131.0,4251.0,No Change
EMP13040,2026-04-01,58487.0,1755.0,Promotion
EMP13041,2026-04-01,45130.0,2256.0,Promotion
EMP13042,2021-04-01,32021.0,2562.0,Annual Revision
EMP13042,2022-04-01,33614.0,4034.0,Annual Revision
EMP13042,2023-04-01,41970.0,3358.0,Annual Revision
EMP13042,2024-04-01,45368.0,1361.0,Market Adjustment
EMP13042,2025-04-01,47836.0,1435.0,Annual Revision
EMP13042,2026-04-01,53579.0,2679.0,Promotion
EMP13043,2021-04-01,91454.0,7316.0,Promotion
EMP13043,2022-04-01,103734.0,8299.0,Market Adjustment
EMP13043,2023-04-01,105111.0,5256.0,No Change
EMP13043,2024-04-01,111956.0,3359.0,No Change
EMP13043,2025-04-01,125700.0,6285.0,Annual Revision
EMP13043,2026-04-01,141602.0,11328.0,Annual Revision
EMP13044,2025-04-01,46753.0,2338.0,Annual Revision
EMP13044,2026-04-01,48772.0,2439.0,Promotion
EMP13045,2025-04-01,86747.0,6940.0,Promotion
EMP13045,2026-04-01,95892.0,2877.0,No Change
EMP13046,2026-04-01,62938.0,3147.0,Annual Revision
EMP13047,2026-04-01,45057.0,2253.0,Annual Revision
EMP13048,2021-04-01,62987.0,7558.0,Promotion
EMP13048,2022-04-01,69276.0,5542.0,Promotion
EMP13048,2023-04-01,74232.0,2227.0,Annual Revision
EMP13048,2024-04-01,84854.0,6788.0,No Change
EMP13048,2025-04-01,94352.0,7548.0,Market Adjustment
EMP13048,2026-04-01,105068.0,3152.0,Annual Revision
EMP13049,2021-04-01,32376.0,1619.0,Annual Revision
EMP13049,2022-04-01,34190.0,1026.0,Annual Revision
EMP13049,2023-04-01,39337.0,3147.0,Annual Revision
EMP13049,2024-04-01,41530.0,2077.0,Annual Revision
EMP13049,2025-04-01,45962.0,3677.0,Promotion
EMP13049,2026-04-01,48469.0,1454.0,Annual Revision
EMP13050,2020-04-01,125542.0,10043.0,Annual Revision
EMP13050,2021-04-01,140808.0,16897.0,Annual Revision
EMP13050,2022-04-01,143080.0,7154.0,No Change
EMP13050,2023-04-01,167948.0,8397.0,Annual Revision
EMP13050,2024-04-01,176269.0,14101.0,Market Adjustment
EMP13050,2025-04-01,194102.0,9705.0,Market Adjustment
EMP13050,2026-04-01,206502.0,6195.0,Annual Revision
EMP13051,2025-04-01,31276.0,2502.0,No Change
EMP13051,2026-04-01,33770.0,2702.0,Annual Revision
EMP13052,2019-04-01,70925.0,5674.0,Market Adjustment
EMP13052,2020-04-01,74514.0,3726.0,Annual Revision
EMP13052,2021-04-01,83250.0,4163.0,Promotion
EMP13052,2022-04-01,90056.0,7205.0,Market Adjustment
EMP13052,2023-04-01,107520.0,5376.0,Annual Revision
EMP13052,2024-04-01,115522.0,9242.0,Annual Revision
EMP13052,2025-04-01,130944.0,6547.0,Annual Revision
EMP13052,2026-04-01,145808.0,11665.0,Annual Revision
EMP13053,2020-04-01,65316.0,3266.0,Annual Revision
EMP13053,2021-04-01,69107.0,2073.0,Market Adjustment
EMP13053,2022-04-01,75614.0,3781.0,Annual Revision
EMP13053,2023-04-01,93390.0,4670.0,Annual Revision
EMP13053,2024-04-01,103823.0,5191.0,Market Adjustment
EMP13053,2025-04-01,115023.0,5751.0,Annual Revision
EMP13053,2026-04-01,122097.0,14652.0,Promotion
EMP13054,2024-04-01,30596.0,2448.0,Annual Revision
EMP13054,2025-04-01,36423.0,1821.0,Annual Revision
EMP13054,2026-04-01,37193.0,4463.0,Annual Revision
EMP13055,2023-04-01,45591.0,2280.0,Annual Revision
EMP13055,2024-04-01,47577.0,2379.0,Annual Revision
EMP13055,2025-04-01,51849.0,4148.0,Annual Revision
EMP13055,2026-04-01,56691.0,1701.0,Annual Revision
EMP13056,2021-04-01,33772.0,1689.0,Annual Revision
EMP13056,2022-04-01,34413.0,1721.0,No Change
EMP13056,2023-04-01,37949.0,4554.0,Annual Revision
EMP13056,2024-04-01,44566.0,5348.0,Annual Revision
EMP13056,2025-04-01,46107.0,1383.0,Annual Revision
EMP13056,2026-04-01,52457.0,1574.0,Annual Revision
EMP13057,2026-04-01,66942.0,3347.0,Annual Revision
EMP13058,2021-04-01,38736.0,1937.0,Promotion
EMP13058,2022-04-01,43321.0,2166.0,Market Adjustment
EMP13058,2023-04-01,50491.0,1515.0,Annual Revision
EMP13058,2024-04-01,54963.0,2748.0,Annual Revision
EMP13058,2025-04-01,56609.0,2830.0,Promotion
EMP13058,2026-04-01,64722.0,5178.0,Promotion
EMP13059,2025-04-01,113512.0,3405.0,Promotion
EMP13059,2026-04-01,136964.0,10957.0,Annual Revision
EMP13060,2025-04-01,40539.0,3243.0,Annual Revision
EMP13060,2026-04-01,47225.0,2361.0,Promotion
EMP13061,2023-04-01,40086.0,2004.0,Market Adjustment
EMP13061,2024-04-01,43872.0,3510.0,Market Adjustment
EMP13061,2025-04-01,50434.0,2522.0,Annual Revision
EMP13061,2026-04-01,54002.0,4320.0,Market Adjustment
EMP13062,2023-04-01,66480.0,1994.0,No Change
EMP13062,2024-04-01,74108.0,5929.0,Annual Revision
EMP13062,2025-04-01,86477.0,6918.0,Annual Revision
EMP13062,2026-04-01,89445.0,10733.0,No Change
EMP13063,2023-04-01,59093.0,2955.0,Annual Revision
EMP13063,2024-04-01,73765.0,3688.0,Annual Revision
EMP13063,2025-04-01,78101.0,6248.0,Promotion
EMP13063,2026-04-01,90186.0,2706.0,No Change
EMP13064,2023-04-01,44205.0,3536.0,Market Adjustment
EMP13064,2024-04-01,47151.0,2358.0,Annual Revision
EMP13064,2025-04-01,48689.0,2434.0,Annual Revision
EMP13064,2026-04-01,51098.0,4088.0,Annual Revision
EMP13065,2022-04-01,43816.0,1314.0,Market Adjustment
EMP13065,2023-04-01,45847.0,1375.0,Market Adjustment
EMP13065,2024-04-01,49972.0,3998.0,Promotion
EMP13065,2025-04-01,57558.0,2878.0,Annual Revision
EMP13065,2026-04-01,61430.0,3071.0,Market Adjustment
EMP13066,2024-04-01,92571.0,4629.0,Market Adjustment
EMP13066,2025-04-01,100447.0,5022.0,Annual Revision
EMP13066,2026-04-01,112974.0,9038.0,Market Adjustment
EMP13067,2019-04-01,130632.0,3919.0,Annual Revision
EMP13067,2020-04-01,127020.0,10162.0,No Change
EMP13067,2021-04-01,143440.0,7172.0,Annual Revision
EMP13067,2022-04-01,153918.0,7696.0,Annual Revision
EMP13067,2023-04-01,178337.0,14267.0,Promotion
EMP13067,2024-04-01,187254.0,9363.0,Promotion
EMP13067,2025-04-01,205000.0,16400.0,Annual Revision
EMP13067,2026-04-01,227277.0,6818.0,Market Adjustment
EMP13068,2026-04-01,47223.0,2361.0,No Change
EMP13069,2026-04-01,117494.0,9399.0,No Change
EMP13070,2023-04-01,89008.0,7121.0,Promotion
EMP13070,2024-04-01,95861.0,4793.0,Promotion
EMP13070,2025-04-01,113407.0,5670.0,Annual Revision
EMP13070,2026-04-01,114754.0,13770.0,Market Adjustment
EMP13071,2019-04-01,40929.0,3274.0,Annual Revision
EMP13071,2020-04-01,44795.0,5375.0,Market Adjustment
EMP13071,2021-04-01,46101.0,1383.0,Annual Revision
EMP13071,2022-04-01,48601.0,2430.0,Promotion
EMP13071,2023-04-01,56020.0,4482.0,Annual Revision
EMP13071,2024-04-01,61763.0,1853.0,Promotion
EMP13071,2025-04-01,67335.0,5387.0,No Change
EMP13071,2026-04-01,78862.0,6309.0,Annual Revision
EMP13072,2022-04-01,42076.0,3366.0,Promotion
EMP13072,2023-04-01,49224.0,2461.0,Annual Revision
EMP13072,2024-04-01,48082.0,2404.0,Market Adjustment
EMP13072,2025-04-01,54589.0,4367.0,Annual Revision
EMP13072,2026-04-01,59060.0,1772.0,Promotion
EMP13073,2025-04-01,30977.0,1549.0,Market Adjustment
EMP13073,2026-04-01,35401.0,4248.0,Annual Revision
EMP13074,2023-04-01,72121.0,3606.0,Market Adjustment
EMP13074,2024-04-01,82866.0,9944.0,Promotion
EMP13074,2025-04-01,87971.0,4399.0,Promotion
EMP13074,2026-04-01,90656.0,7252.0,Market Adjustment
EMP13075,2026-04-01,61895.0,3095.0,Promotion
EMP13076,2025-04-01,44812.0,5377.0,Annual Revision
EMP13076,2026-04-01,49951.0,2498.0,Market Adjustment
EMP13077,2021-04-01,31990.0,1600.0,Annual Revision
EMP13077,2022-04-01,34123.0,1024.0,Annual Revision
EMP13077,2023-04-01,37235.0,2979.0,Market Adjustment
EMP13077,2024-04-01,45884.0,2294.0,Promotion
EMP13077,2025-04-01,46783.0,1403.0,No Change
EMP13077,2026-04-01,53429.0,2671.0,Promotion
EMP13078,2024-04-01,123410.0,3702.0,Annual Revision
EMP13078,2025-04-01,142422.0,7121.0,Annual Revision
EMP13078,2026-04-01,149697.0,11976.0,Market Adjustment
EMP13079,2020-04-01,90102.0,4505.0,Annual Revision
EMP13079,2021-04-01,101016.0,8081.0,No Change
EMP13079,2022-04-01,113667.0,9093.0,Annual Revision
EMP13079,2023-04-01,127542.0,10203.0,Annual Revision
EMP13079,2024-04-01,133705.0,10696.0,No Change
EMP13079,2025-04-01,150702.0,12056.0,Annual Revision
EMP13079,2026-04-01,168830.0,13506.0,Market Adjustment
EMP13080,2019-04-01,30966.0,1548.0,Annual Revision
EMP13080,2020-04-01,33194.0,2656.0,Annual Revision
EMP13080,2021-04-01,36377.0,1819.0,Market Adjustment
EMP13080,2022-04-01,36237.0,2899.0,Promotion
EMP13080,2023-04-01,46515.0,2326.0,Promotion
EMP13080,2024-04-01,48035.0,3843.0,Annual Revision
EMP13080,2025-04-01,57286.0,2864.0,Market Adjustment
EMP13080,2026-04-01,56856.0,6823.0,Promotion
EMP13081,2024-04-01,69180.0,3459.0,No Change
EMP13081,2025-04-01,76082.0,6087.0,Market Adjustment
EMP13081,2026-04-01,81255.0,6500.0,Annual Revision
EMP13082,2023-04-01,40023.0,2001.0,Market Adjustment
EMP13082,2024-04-01,46240.0,3699.0,Annual Revision
EMP13082,2025-04-01,49605.0,3968.0,Annual Revision
EMP13082,2026-04-01,56223.0,1687.0,Annual Revision
EMP13083,2024-04-01,65069.0,1952.0,No Change
EMP13083,2025-04-01,68647.0,2059.0,Promotion
EMP13083,2026-04-01,74652.0,5972.0,Promotion
EMP13084,2023-04-01,42021.0,5043.0,Promotion
EMP13084,2024-04-01,43458.0,2173.0,Market Adjustment
EMP13084,2025-04-01,47730.0,3818.0,Promotion
EMP13084,2026-04-01,55410.0,2771.0,Annual Revision
EMP13085,2025-04-01,67022.0,5362.0,Annual Revision
EMP13085,2026-04-01,65575.0,5246.0,Promotion
EMP13086,2025-04-01,62652.0,3133.0,Promotion
EMP13086,2026-04-01,77165.0,2315.0,Annual Revision
EMP13087,2024-04-01,65470.0,3273.0,No Change
EMP13087,2025-04-01,73030.0,5842.0,Annual Revision
EMP13087,2026-04-01,80382.0,6431.0,Annual Revision
EMP13088,2022-04-01,67451.0,5396.0,Annual Revision
EMP13088,2023-04-01,76447.0,2293.0,Promotion
EMP13088,2024-04-01,83307.0,2499.0,Annual Revision
EMP13088,2025-04-01,88530.0,2656.0,Annual Revision
EMP13088,2026-04-01,99279.0,4964.0,Annual Revision
EMP13089,2019-04-01,46124.0,1384.0,Market Adjustment
EMP13089,2020-04-01,45635.0,2282.0,Annual Revision
EMP13089,2021-04-01,50439.0,1513.0,Market Adjustment
EMP13089,2022-04-01,53392.0,2670.0,Annual Revision
EMP13089,2023-04-01,67629.0,2029.0,Annual Revision
EMP13089,2024-04-01,70184.0,2106.0,Promotion
EMP13089,2025-04-01,72941.0,2188.0,Annual Revision
EMP13089,2026-04-01,82806.0,6624.0,Market Adjustment
EMP13090,2025-04-01,68248.0,2047.0,Promotion
EMP13090,2026-04-01,80874.0,2426.0,Market Adjustment
EMP13091,2023-04-01,67228.0,5378.0,Promotion
EMP13091,2024-04-01,79048.0,6324.0,Annual Revision
EMP13091,2025-04-01,90222.0,10827.0,Annual Revision
EMP13091,2026-04-01,97540.0,4877.0,Annual Revision
EMP13092,2021-04-01,43174.0,1295.0,Promotion
EMP13092,2022-04-01,43040.0,2152.0,Annual Revision
EMP13092,2023-04-01,51724.0,2586.0,Annual Revision
EMP13092,2024-04-01,55360.0,1661.0,Annual Revision
EMP13092,2025-04-01,59114.0,2956.0,Annual Revision
EMP13092,2026-04-01,62396.0,3120.0,Annual Revision
EMP13093,2023-04-01,32703.0,2616.0,Promotion
EMP13093,2024-04-01,37476.0,4497.0,Market Adjustment
EMP13093,2025-04-01,38421.0,1153.0,Market Adjustment
EMP13093,2026-04-01,42125.0,2106.0,Annual Revision
EMP13094,2024-04-01,40030.0,4804.0,Promotion
EMP13094,2025-04-01,44022.0,5283.0,Annual Revision
EMP13094,2026-04-01,50061.0,2503.0,Annual Revision
EMP13095,2020-04-01,65488.0,5239.0,Market Adjustment
EMP13095,2021-04-01,67949.0,2038.0,Annual Revision
EMP13095,2022-04-01,75166.0,2255.0,Annual Revision
EMP13095,2023-04-01,90366.0,4518.0,Annual Revision
EMP13095,2024-04-01,98684.0,4934.0,Market Adjustment
EMP13095,2025-04-01,112386.0,3372.0,Promotion
EMP13095,2026-04-01,117569.0,3527.0,Annual Revision
EMP13096,2021-04-01,66724.0,5338.0,No Change
EMP13096,2022-04-01,70991.0,3550.0,Promotion
EMP13096,2023-04-01,79864.0,2396.0,Annual Revision
EMP13096,2024-04-01,92696.0,4635.0,Market Adjustment
EMP13096,2025-04-01,97136.0,11656.0,Market Adjustment
EMP13096,2026-04-01,106989.0,8559.0,Promotion
EMP13097,2026-04-01,42564.0,1277.0,Market Adjustment
EMP13098,2024-04-01,125029.0,10002.0,Annual Revision
EMP13098,2025-04-01,138903.0,4167.0,Market Adjustment
EMP13098,2026-04-01,141722.0,11338.0,Annual Revision
EMP13099,2021-04-01,62830.0,1885.0,Annual Revision
EMP13099,2022-04-01,65865.0,3293.0,Promotion
EMP13099,2023-04-01,77715.0,9326.0,Annual Revision
EMP13099,2024-04-01,79328.0,3966.0,Market Adjustment
EMP13099,2025-04-01,88489.0,2655.0,Promotion
EMP13099,2026-04-01,98000.0,7840.0,Market Adjustment
EMP13100,2024-04-01,66310.0,1989.0,Annual Revision
EMP13100,2025-04-01,70622.0,3531.0,Annual Revision
EMP13100,2026-04-01,77102.0,6168.0,No Change
EMP13101,2019-04-01,63762.0,3188.0,Annual Revision
EMP13101,2020-04-01,67934.0,5435.0,Market Adjustment
EMP13101,2021-04-01,66812.0,3341.0,Annual Revision
EMP13101,2022-04-01,79376.0,6350.0,Market Adjustment
EMP13101,2023-04-01,89184.0,2676.0,No Change
EMP13101,2024-04-01,99070.0,11888.0,No Change
EMP13101,2025-04-01,112120.0,5606.0,Market Adjustment
EMP13101,2026-04-01,124097.0,6205.0,Promotion
EMP13102,2019-04-01,67846.0,8141.0,Annual Revision
EMP13102,2020-04-01,77028.0,2311.0,Annual Revision
EMP13102,2021-04-01,82833.0,9940.0,Annual Revision
EMP13102,2022-04-01,92275.0,2768.0,Annual Revision
EMP13102,2023-04-01,103184.0,5159.0,Annual Revision
EMP13102,2024-04-01,118774.0,9502.0,Annual Revision
EMP13102,2025-04-01,122717.0,6136.0,Annual Revision
EMP13102,2026-04-01,143155.0,7158.0,Annual Revision
EMP13103,2019-04-01,67270.0,3363.0,Market Adjustment
EMP13103,2020-04-01,67389.0,8087.0,Annual Revision
EMP13103,2021-04-01,76555.0,3828.0,Annual Revision
EMP13103,2022-04-01,80385.0,2412.0,Annual Revision
EMP13103,2023-04-01,93662.0,2810.0,Annual Revision
EMP13103,2024-04-01,96670.0,7734.0,Market Adjustment
EMP13103,2025-04-01,106156.0,5308.0,Annual Revision
EMP13103,2026-04-01,112940.0,13553.0,No Change
EMP13104,2019-04-01,70006.0,2100.0,Annual Revision
EMP13104,2020-04-01,74473.0,2234.0,Annual Revision
EMP13104,2021-04-01,82617.0,2478.0,Annual Revision
EMP13104,2022-04-01,84766.0,10172.0,Annual Revision
EMP13104,2023-04-01,100901.0,8072.0,Annual Revision
EMP13104,2024-04-01,106209.0,8497.0,Annual Revision
EMP13104,2025-04-01,112773.0,3383.0,Market Adjustment
EMP13104,2026-04-01,123051.0,14766.0,Annual Revision
EMP13105,2020-04-01,63434.0,1903.0,Promotion
EMP13105,2021-04-01,70024.0,3501.0,Market Adjustment
EMP13105,2022-04-01,76437.0,6115.0,Promotion
EMP13105,2023-04-01,85110.0,6809.0,Promotion
EMP13105,2024-04-01,90073.0,4504.0,Annual Revision
EMP13105,2025-04-01,106411.0,8513.0,Promotion
EMP13105,2026-04-01,105412.0,8433.0,Annual Revision
EMP13106,2021-04-01,88847.0,4442.0,Promotion
EMP13106,2022-04-01,96316.0,7705.0,Market Adjustment
EMP13106,2023-04-01,101958.0,3059.0,No Change
EMP13106,2024-04-01,113172.0,5659.0,No Change
EMP13106,2025-04-01,125838.0,6292.0,Annual Revision
EMP13106,2026-04-01,135253.0,4058.0,Promotion
EMP13107,2022-04-01,63153.0,5052.0,Promotion
EMP13107,2023-04-01,71282.0,3564.0,Promotion
EMP13107,2024-04-01,77328.0,6186.0,Promotion
EMP13107,2025-04-01,80442.0,4022.0,Annual Revision
EMP13107,2026-04-01,88069.0,4403.0,Market Adjustment
EMP13108,2026-04-01,127574.0,10206.0,Promotion
EMP13109,2021-04-01,90248.0,4512.0,Annual Revision
EMP13109,2022-04-01,92965.0,4648.0,Annual Revision
EMP13109,2023-04-01,109678.0,3290.0,Annual Revision
EMP13109,2024-04-01,111243.0,5562.0,Annual Revision
EMP13109,2025-04-01,122982.0,14758.0,No Change
EMP13109,2026-04-01,144857.0,4346.0,Promotion
EMP13110,2020-04-01,64012.0,5121.0,Market Adjustment
EMP13110,2021-04-01,71124.0,2134.0,Promotion
EMP13110,2022-04-01,70874.0,3544.0,No Change
EMP13110,2023-04-01,85248.0,4262.0,Annual Revision
EMP13110,2024-04-01,93723.0,4686.0,Market Adjustment
EMP13110,2025-04-01,98881.0,4944.0,Annual Revision
EMP13110,2026-04-01,112844.0,5642.0,Annual Revision
EMP13111,2023-04-01,41157.0,2058.0,Promotion
EMP13111,2024-04-01,48847.0,2442.0,Market Adjustment
EMP13111,2025-04-01,49205.0,2460.0,Annual Revision
EMP13111,2026-04-01,55707.0,1671.0,Annual Revision
EMP13112,2021-04-01,31908.0,957.0,Annual Revision
EMP13112,2022-04-01,35182.0,2815.0,Annual Revision
EMP13112,2023-04-01,38706.0,1161.0,Annual Revision
EMP13112,2024-04-01,41214.0,3297.0,Market Adjustment
EMP13112,2025-04-01,47343.0,1420.0,Annual Revision
EMP13112,2026-04-01,50983.0,2549.0,Promotion
EMP13113,2021-04-01,71606.0,3580.0,Annual Revision
EMP13113,2022-04-01,71985.0,3599.0,Annual Revision
EMP13113,2023-04-01,85733.0,6859.0,Annual Revision
EMP13113,2024-04-01,88296.0,2649.0,Market Adjustment
EMP13113,2025-04-01,104703.0,5235.0,Annual Revision
EMP13113,2026-04-01,110576.0,8846.0,No Change
EMP13114,2024-04-01,87271.0,10472.0,Market Adjustment
EMP13114,2025-04-01,99853.0,7988.0,Market Adjustment
EMP13114,2026-04-01,104707.0,8377.0,Market Adjustment
EMP13115,2024-04-01,71470.0,5718.0,Annual Revision
EMP13115,2025-04-01,77721.0,3886.0,Annual Revision
EMP13115,2026-04-01,91046.0,4552.0,Market Adjustment
EMP13116,2025-04-01,45741.0,1372.0,Annual Revision
EMP13116,2026-04-01,49450.0,5934.0,Annual Revision
EMP13117,2019-04-01,33237.0,997.0,Market Adjustment
EMP13117,2020-04-01,33225.0,1661.0,Annual Revision
EMP13117,2021-04-01,36925.0,2954.0,Promotion
EMP13117,2022-04-01,38567.0,3085.0,Promotion
EMP13117,2023-04-01,46174.0,3694.0,Market Adjustment
EMP13117,2024-04-01,50235.0,6028.0,Annual Revision
EMP13117,2025-04-01,54861.0,2743.0,Annual Revision
EMP13117,2026-04-01,58278.0,6993.0,Annual Revision
EMP13118,2023-04-01,41819.0,2091.0,Annual Revision
EMP13118,2024-04-01,47813.0,2391.0,Promotion
EMP13118,2025-04-01,53027.0,4242.0,Promotion
EMP13118,2026-04-01,60139.0,7217.0,Annual Revision
EMP13119,2022-04-01,46351.0,5562.0,Annual Revision
EMP13119,2023-04-01,47708.0,2385.0,No Change
EMP13119,2024-04-01,54160.0,4333.0,Annual Revision
EMP13119,2025-04-01,59245.0,2962.0,Promotion
EMP13119,2026-04-01,60090.0,3004.0,Market Adjustment
EMP13120,2026-04-01,44863.0,3589.0,Annual Revision
EMP13121,2020-04-01,31685.0,1584.0,Annual Revision
EMP13121,2021-04-01,34002.0,4080.0,Annual Revision
EMP13121,2022-04-01,38383.0,1919.0,No Change
EMP13121,2023-04-01,43678.0,2184.0,Annual Revision
EMP13121,2024-04-01,51278.0,6153.0,Annual Revision
EMP13121,2025-04-01,53267.0,2663.0,No Change
EMP13121,2026-04-01,60305.0,1809.0,Annual Revision
EMP13122,2019-04-01,42383.0,3391.0,Market Adjustment
EMP13122,2020-04-01,44132.0,1324.0,Market Adjustment
EMP13122,2021-04-01,47119.0,1414.0,Annual Revision
EMP13122,2022-04-01,50620.0,6074.0,Annual Revision
EMP13122,2023-04-01,59543.0,2977.0,Annual Revision
EMP13122,2024-04-01,66905.0,2007.0,Market Adjustment
EMP13122,2025-04-01,66339.0,5307.0,Market Adjustment
EMP13122,2026-04-01,71880.0,3594.0,Market Adjustment
EMP13123,2021-04-01,87565.0,4378.0,No Change
EMP13123,2022-04-01,97189.0,4859.0,Market Adjustment
EMP13123,2023-04-01,108639.0,8691.0,Market Adjustment
EMP13123,2024-04-01,116957.0,5848.0,Promotion
EMP13123,2025-04-01,134362.0,6718.0,Promotion
EMP13123,2026-04-01,157176.0,7859.0,Annual Revision
EMP13124,2025-04-01,34974.0,1749.0,Annual Revision
EMP13124,2026-04-01,37786.0,3023.0,Annual Revision
EMP13125,2019-04-01,65751.0,3288.0,No Change
EMP13125,2020-04-01,69523.0,5562.0,Market Adjustment
EMP13125,2021-04-01,70062.0,2102.0,Annual Revision
EMP13125,2022-04-01,80679.0,6454.0,Annual Revision
EMP13125,2023-04-01,87522.0,2626.0,Annual Revision
EMP13125,2024-04-01,94229.0,11307.0,Annual Revision
EMP13125,2025-04-01,111121.0,5556.0,Promotion
EMP13125,2026-04-01,113487.0,5674.0,Annual Revision
EMP13126,2025-04-01,70807.0,3540.0,Annual Revision
EMP13126,2026-04-01,72813.0,2184.0,Annual Revision
EMP13127,2023-04-01,86215.0,6897.0,Annual Revision
EMP13127,2024-04-01,96533.0,4827.0,Annual Revision
EMP13127,2025-04-01,108679.0,13041.0,Promotion
EMP13127,2026-04-01,118208.0,5910.0,Promotion
EMP13128,2025-04-01,44938.0,3595.0,Annual Revision
EMP13128,2026-04-01,49440.0,1483.0,Market Adjustment
EMP13129,2024-04-01,32424.0,973.0,Promotion
EMP13129,2025-04-01,36164.0,4340.0,Annual Revision
EMP13129,2026-04-01,40442.0,3235.0,Annual Revision
EMP13130,2026-04-01,44109.0,1323.0,Annual Revision
EMP13131,2023-04-01,40981.0,2049.0,Annual Revision
EMP13131,2024-04-01,45437.0,1363.0,Market Adjustment
EMP13131,2025-04-01,53393.0,2670.0,Annual Revision
EMP13131,2026-04-01,56487.0,4519.0,Annual Revision
EMP13132,2022-04-01,43562.0,3485.0,Annual Revision
EMP13132,2023-04-01,51451.0,2573.0,Market Adjustment
EMP13132,2024-04-01,55076.0,4406.0,No Change
EMP13132,2025-04-01,59855.0,2993.0,Promotion
EMP13132,2026-04-01,67123.0,3356.0,Market Adjustment
EMP13133,2024-04-01,128507.0,10281.0,No Change
EMP13133,2025-04-01,132690.0,3981.0,No Change
EMP13133,2026-04-01,142743.0,7137.0,Annual Revision
EMP13134,2026-04-01,42891.0,1287.0,Annual Revision
EMP13135,2024-04-01,63483.0,3174.0,Promotion
EMP13135,2025-04-01,74456.0,3723.0,Annual Revision
EMP13135,2026-04-01,84819.0,4241.0,Promotion
EMP13136,2022-04-01,65694.0,3285.0,Annual Revision
EMP13136,2023-04-01,76756.0,2303.0,Promotion
EMP13136,2024-04-01,79226.0,3961.0,Promotion
EMP13136,2025-04-01,83807.0,6705.0,Market Adjustment
EMP13136,2026-04-01,91972.0,7358.0,Annual Revision
EMP13137,2021-04-01,42310.0,3385.0,Market Adjustment
EMP13137,2022-04-01,46229.0,3698.0,Promotion
EMP13137,2023-04-01,48950.0,5874.0,Annual Revision
EMP13137,2024-04-01,55118.0,4409.0,No Change
EMP13137,2025-04-01,59105.0,1773.0,Annual Revision
EMP13137,2026-04-01,61847.0,4948.0,Annual Revision
EMP13138,2019-04-01,32886.0,987.0,Promotion
EMP13138,2020-04-01,35556.0,1067.0,Promotion
EMP13138,2021-04-01,37185.0,1116.0,No Change
EMP13138,2022-04-01,39884.0,3191.0,Promotion
EMP13138,2023-04-01,47517.0,3801.0,Promotion
EMP13138,2024-04-01,51599.0,1548.0,Annual Revision
EMP13138,2025-04-01,64179.0,3209.0,No Change
EMP13138,2026-04-01,64983.0,3249.0,Annual Revision
EMP13139,2020-04-01,91063.0,2732.0,Annual Revision
EMP13139,2021-04-01,92193.0,7375.0,No Change
EMP13139,2022-04-01,96437.0,4822.0,Annual Revision
EMP13139,2023-04-01,115687.0,13882.0,Promotion
EMP13139,2024-04-01,120290.0,3609.0,Annual Revision
EMP13139,2025-04-01,142420.0,7121.0,Annual Revision
EMP13139,2026-04-01,148306.0,17797.0,Annual Revision
EMP13140,2022-04-01,41480.0,2074.0,Market Adjustment
EMP13140,2023-04-01,46648.0,1399.0,Annual Revision
EMP13140,2024-04-01,52888.0,1587.0,Annual Revision
EMP13140,2025-04-01,58114.0,2906.0,Annual Revision
EMP13140,2026-04-01,64567.0,5165.0,Annual Revision
EMP13141,2019-04-01,43131.0,2157.0,Market Adjustment
EMP13141,2020-04-01,45881.0,2294.0,No Change
EMP13141,2021-04-01,51596.0,4128.0,No Change
EMP13141,2022-04-01,53689.0,4295.0,Annual Revision
EMP13141,2023-04-01,60852.0,1826.0,Annual Revision
EMP13141,2024-04-01,66665.0,5333.0,Promotion
EMP13141,2025-04-01,72894.0,2187.0,Promotion
EMP13141,2026-04-01,80703.0,2421.0,Annual Revision
EMP13142,2021-04-01,71320.0,3566.0,Annual Revision
EMP13142,2022-04-01,75186.0,6015.0,Market Adjustment
EMP13142,2023-04-01,85557.0,2567.0,Annual Revision
EMP13142,2024-04-01,89656.0,7172.0,Annual Revision
EMP13142,2025-04-01,99879.0,7990.0,Annual Revision
EMP13142,2026-04-01,112201.0,3366.0,Annual Revision
EMP13143,2021-04-01,65200.0,5216.0,Promotion
EMP13143,2022-04-01,75712.0,2271.0,Market Adjustment
EMP13143,2023-04-01,79393.0,2382.0,Annual Revision
EMP13143,2024-04-01,92007.0,4600.0,Market Adjustment
EMP13143,2025-04-01,100703.0,3021.0,Annual Revision
EMP13143,2026-04-01,116599.0,3498.0,Promotion
EMP13144,2020-04-01,67401.0,3370.0,Annual Revision
EMP13144,2021-04-01,72298.0,5784.0,Market Adjustment
EMP13144,2022-04-01,78562.0,3928.0,Market Adjustment
EMP13144,2023-04-01,93967.0,4698.0,Market Adjustment
EMP13144,2024-04-01,101322.0,3040.0,No Change
EMP13144,2025-04-01,114104.0,9128.0,Market Adjustment
EMP13144,2026-04-01,117273.0,5864.0,Annual Revision
EMP13145,2020-04-01,31215.0,1561.0,Promotion
EMP13145,2021-04-01,35411.0,2833.0,Annual Revision
EMP13145,2022-04-01,37686.0,1131.0,Promotion
EMP13145,2023-04-01,44067.0,2203.0,Annual Revision
EMP13145,2024-04-01,51502.0,4120.0,Market Adjustment
EMP13145,2025-04-01,56350.0,2817.0,Promotion
EMP13145,2026-04-01,58655.0,4692.0,Market Adjustment
EMP13146,2025-04-01,90468.0,10856.0,Annual Revision
EMP13146,2026-04-01,103987.0,12478.0,Market Adjustment
EMP13147,2021-04-01,46534.0,3723.0,Market Adjustment
EMP13147,2022-04-01,43372.0,2169.0,Annual Revision
EMP13147,2023-04-01,55092.0,2755.0,Annual Revision
EMP13147,2024-04-01,59239.0,2962.0,Promotion
EMP13147,2025-04-01,60599.0,1818.0,Annual Revision
EMP13147,2026-04-01,71143.0,2134.0,No Change
EMP13148,2020-04-01,44681.0,1340.0,Annual Revision
EMP13148,2021-04-01,47750.0,2387.0,Promotion
EMP13148,2022-04-01,53860.0,1616.0,Annual Revision
EMP13148,2023-04-01,61185.0,7342.0,Annual Revision
EMP13148,2024-04-01,68853.0,2066.0,Promotion
EMP13148,2025-04-01,73411.0,2202.0,Promotion
EMP13148,2026-04-01,84643.0,2539.0,No Change
EMP13149,2024-04-01,90708.0,4535.0,No Change
EMP13149,2025-04-01,97723.0,2932.0,Promotion
EMP13149,2026-04-01,112454.0,3374.0,Annual Revision
EMP13150,2023-04-01,91564.0,4578.0,Annual Revision
EMP13150,2024-04-01,94490.0,4724.0,Annual Revision
EMP13150,2025-04-01,113056.0,9045.0,Annual Revision
EMP13150,2026-04-01,121810.0,6090.0,Promotion
EMP13151,2025-04-01,45269.0,1358.0,Annual Revision
EMP13151,2026-04-01,47731.0,3818.0,No Change
EMP13152,2026-04-01,101178.0,3035.0,Promotion
EMP13153,2026-04-01,43922.0,2196.0,Annual Revision
EMP13154,2024-04-01,41695.0,2085.0,Promotion
EMP13154,2025-04-01,47098.0,5652.0,Promotion
EMP13154,2026-04-01,50201.0,4016.0,Annual Revision
EMP13155,2023-04-01,30325.0,1516.0,Annual Revision
EMP13155,2024-04-01,34875.0,1046.0,Market Adjustment
EMP13155,2025-04-01,37000.0,1850.0,Promotion
EMP13155,2026-04-01,44140.0,3531.0,Promotion
EMP13156,2024-04-01,85320.0,6826.0,No Change
EMP13156,2025-04-01,97363.0,7789.0,Annual Revision
EMP13156,2026-04-01,100764.0,8061.0,Market Adjustment
EMP13157,2025-04-01,71660.0,2150.0,Market Adjustment
EMP13157,2026-04-01,70444.0,3522.0,Annual Revision
EMP13158,2019-04-01,41603.0,3328.0,Annual Revision
EMP13158,2020-04-01,44132.0,2207.0,Annual Revision
EMP13158,2021-04-01,45706.0,1371.0,Promotion
EMP13158,2022-04-01,50176.0,1505.0,No Change
EMP13158,2023-04-01,57794.0,4623.0,Annual Revision
EMP13158,2024-04-01,63862.0,5109.0,No Change
EMP13158,2025-04-01,69524.0,2086.0,Promotion
EMP13158,2026-04-01,77367.0,3868.0,Promotion
EMP13159,2019-04-01,41961.0,1259.0,Annual Revision
EMP13159,2020-04-01,41753.0,2088.0,Annual Revision
EMP13159,2021-04-01,46895.0,3752.0,Market Adjustment
EMP13159,2022-04-01,50747.0,4060.0,Annual Revision
EMP13159,2023-04-01,64232.0,3212.0,Annual Revision
EMP13159,2024-04-01,66082.0,1982.0,No Change
EMP13159,2025-04-01,69576.0,5566.0,Annual Revision
EMP13159,2026-04-01,72392.0,3620.0,Promotion
EMP13160,2022-04-01,30918.0,1546.0,Annual Revision
EMP13160,2023-04-01,35655.0,1070.0,Promotion
EMP13160,2024-04-01,38819.0,1165.0,Promotion
EMP13160,2025-04-01,42241.0,2112.0,No Change
EMP13160,2026-04-01,45633.0,2282.0,Promotion
EMP13161,2020-04-01,71099.0,3555.0,Annual Revision
EMP13161,2021-04-01,79455.0,2384.0,Annual Revision
EMP13161,2022-04-01,76205.0,9145.0,Market Adjustment
EMP13161,2023-04-01,96700.0,7736.0,Promotion
EMP13161,2024-04-01,94317.0,2829.0,Promotion
EMP13161,2025-04-01,103008.0,8241.0,Annual Revision
EMP13161,2026-04-01,114140.0,3424.0,Annual Revision
EMP13162,2025-04-01,30968.0,3716.0,Annual Revision
EMP13162,2026-04-01,37100.0,4452.0,Annual Revision
EMP13163,2021-04-01,69380.0,3469.0,No Change
EMP13163,2022-04-01,71794.0,2154.0,Annual Revision
EMP13163,2023-04-01,93269.0,7461.0,Annual Revision
EMP13163,2024-04-01,91995.0,4600.0,Annual Revision
EMP13163,2025-04-01,100178.0,3005.0,Annual Revision
EMP13163,2026-04-01,113271.0,5664.0,Market Adjustment
EMP13164,2022-04-01,93957.0,4698.0,Annual Revision
EMP13164,2023-04-01,99136.0,7931.0,Annual Revision
EMP13164,2024-04-01,104824.0,3145.0,Annual Revision
EMP13164,2025-04-01,124068.0,3722.0,Annual Revision
EMP13164,2026-04-01,119271.0,3578.0,Annual Revision
EMP13165,2022-04-01,40262.0,2013.0,Annual Revision
EMP13165,2023-04-01,47510.0,2376.0,Annual Revision
EMP13165,2024-04-01,48900.0,3912.0,No Change
EMP13165,2025-04-01,52445.0,2622.0,Promotion
EMP13165,2026-04-01,63147.0,1894.0,No Change
EMP13166,2022-04-01,42730.0,1282.0,Annual Revision
EMP13166,2023-04-01,46760.0,2338.0,Market Adjustment
EMP13166,2024-04-01,52512.0,6301.0,Annual Revision
EMP13166,2025-04-01,52963.0,4237.0,Promotion
EMP13166,2026-04-01,58511.0,2926.0,Annual Revision
EMP13167,2024-04-01,66500.0,5320.0,Annual Revision
EMP13167,2025-04-01,77527.0,6202.0,Annual Revision
EMP13167,2026-04-01,87999.0,4400.0,Annual Revision
EMP13168,2026-04-01,41131.0,1234.0,Market Adjustment
EMP13169,2023-04-01,32536.0,1627.0,Annual Revision
EMP13169,2024-04-01,33505.0,1675.0,Promotion
EMP13169,2025-04-01,37862.0,1136.0,No Change
EMP13169,2026-04-01,40053.0,2003.0,Annual Revision
EMP13170,2024-04-01,44256.0,1328.0,No Change
EMP13170,2025-04-01,44452.0,3556.0,No Change
EMP13170,2026-04-01,49630.0,2482.0,Annual Revision
EMP13171,2021-04-01,46743.0,2337.0,Annual Revision
EMP13171,2022-04-01,46247.0,1387.0,No Change
EMP13171,2023-04-01,53842.0,4307.0,Market Adjustment
EMP13171,2024-04-01,64900.0,7788.0,Market Adjustment
EMP13171,2025-04-01,70536.0,3527.0,Promotion
EMP13171,2026-04-01,75396.0,2262.0,Annual Revision
EMP13172,2024-04-01,47922.0,1438.0,Annual Revision
EMP13172,2025-04-01,47348.0,5682.0,No Change
EMP13172,2026-04-01,54711.0,1641.0,Annual Revision
EMP13173,2025-04-01,128419.0,10274.0,Annual Revision
EMP13173,2026-04-01,142430.0,17092.0,Market Adjustment
EMP13174,2019-04-01,31863.0,1593.0,Annual Revision
EMP13174,2020-04-01,34710.0,2777.0,No Change
EMP13174,2021-04-01,35700.0,1071.0,Market Adjustment
EMP13174,2022-04-01,35762.0,2861.0,Annual Revision
EMP13174,2023-04-01,47790.0,2390.0,Promotion
EMP13174,2024-04-01,46966.0,3757.0,No Change
EMP13174,2025-04-01,56484.0,2824.0,No Change
EMP13174,2026-04-01,60902.0,7308.0,Annual Revision
EMP13175,2021-04-01,32971.0,1649.0,No Change
EMP13175,2022-04-01,34374.0,2750.0,Annual Revision
EMP13175,2023-04-01,40756.0,2038.0,Promotion
EMP13175,2024-04-01,43332.0,2167.0,Annual Revision
EMP13175,2025-04-01,48926.0,2446.0,Market Adjustment
EMP13175,2026-04-01,53753.0,2688.0,Market Adjustment
EMP13176,2025-04-01,129843.0,6492.0,Annual Revision
EMP13176,2026-04-01,136707.0,4101.0,Market Adjustment
EMP13177,2024-04-01,64692.0,3235.0,Annual Revision
EMP13177,2025-04-01,66970.0,8036.0,Market Adjustment
EMP13177,2026-04-01,79714.0,3986.0,Annual Revision
EMP13178,2023-04-01,66189.0,5295.0,Annual Revision
EMP13178,2024-04-01,70756.0,2123.0,Promotion
EMP13178,2025-04-01,72840.0,8741.0,Market Adjustment
EMP13178,2026-04-01,84659.0,4233.0,Annual Revision
EMP13179,2020-04-01,72365.0,3618.0,No Change
EMP13179,2021-04-01,76637.0,6131.0,Promotion
EMP13179,2022-04-01,81086.0,2433.0,Market Adjustment
EMP13179,2023-04-01,84232.0,4212.0,Annual Revision
EMP13179,2024-04-01,107215.0,5361.0,Annual Revision
EMP13179,2025-04-01,109723.0,5486.0,Annual Revision
EMP13179,2026-04-01,119184.0,3576.0,Market Adjustment
EMP13180,2019-04-01,71231.0,8548.0,Annual Revision
EMP13180,2020-04-01,75338.0,3767.0,Annual Revision
EMP13180,2021-04-01,76610.0,6129.0,Annual Revision
EMP13180,2022-04-01,84291.0,4215.0,Annual Revision
EMP13180,2023-04-01,96899.0,7752.0,Annual Revision
EMP13180,2024-04-01,106409.0,8513.0,Annual Revision
EMP13180,2025-04-01,114650.0,9172.0,Annual Revision
EMP13180,2026-04-01,127792.0,3834.0,Annual Revision
EMP13181,2021-04-01,45854.0,3668.0,Annual Revision
EMP13181,2022-04-01,46315.0,3705.0,Promotion
EMP13181,2023-04-01,54411.0,4353.0,Promotion
EMP13181,2024-04-01,58117.0,2906.0,Market Adjustment
EMP13181,2025-04-01,66188.0,1986.0,Promotion
EMP13181,2026-04-01,68915.0,5513.0,Annual Revision
EMP13182,2023-04-01,65845.0,3292.0,Annual Revision
EMP13182,2024-04-01,73673.0,2210.0,Annual Revision
EMP13182,2025-04-01,81414.0,2442.0,Annual Revision
EMP13182,2026-04-01,91375.0,10965.0,Promotion
EMP13183,2026-04-01,45454.0,1364.0,Annual Revision
EMP13184,2019-04-01,42310.0,3385.0,No Change
EMP13184,2020-04-01,43658.0,2183.0,Market Adjustment
EMP13184,2021-04-01,47614.0,5714.0,Annual Revision
EMP13184,2022-04-01,50748.0,2537.0,No Change
EMP13184,2023-04-01,62715.0,7526.0,No Change
EMP13184,2024-04-01,63085.0,5047.0,Promotion
EMP13184,2025-04-01,68133.0,5451.0,Annual Revision
EMP13184,2026-04-01,76676.0,9201.0,Annual Revision
EMP13185,2020-04-01,41774.0,3342.0,Annual Revision
EMP13185,2021-04-01,48266.0,2413.0,Annual Revision
EMP13185,2022-04-01,50982.0,6118.0,Annual Revision
EMP13185,2023-04-01,58422.0,4674.0,Promotion
EMP13185,2024-04-01,61740.0,1852.0,Annual Revision
EMP13185,2025-04-01,67192.0,5375.0,Market Adjustment
EMP13185,2026-04-01,73014.0,2190.0,Market Adjustment
EMP13186,2023-04-01,86270.0,6902.0,Market Adjustment
EMP13186,2024-04-01,100041.0,8003.0,Annual Revision
EMP13186,2025-04-01,112036.0,8963.0,Promotion
EMP13186,2026-04-01,116798.0,14016.0,Annual Revision
EMP13187,2025-04-01,63690.0,5095.0,Annual Revision
EMP13187,2026-04-01,73853.0,2216.0,Market Adjustment
EMP13188,2020-04-01,43355.0,3468.0,Market Adjustment
EMP13188,2021-04-01,46112.0,3689.0,Promotion
EMP13188,2022-04-01,46821.0,2341.0,Annual Revision
EMP13188,2023-04-01,56512.0,4521.0,Annual Revision
EMP13188,2024-04-01,58933.0,2947.0,Annual Revision
EMP13188,2025-04-01,61103.0,4888.0,Annual Revision
EMP13188,2026-04-01,72393.0,2172.0,Promotion
EMP13189,2024-04-01,31650.0,1582.0,Annual Revision
EMP13189,2025-04-01,35883.0,1076.0,Annual Revision
EMP13189,2026-04-01,38412.0,1921.0,Promotion
EMP13190,2024-04-01,32157.0,1608.0,Annual Revision
EMP13190,2025-04-01,36409.0,1820.0,Market Adjustment
EMP13190,2026-04-01,38023.0,3042.0,Promotion
EMP13191,2021-04-01,66800.0,8016.0,Promotion
EMP13191,2022-04-01,69711.0,3486.0,Market Adjustment
EMP13191,2023-04-01,72804.0,2184.0,Annual Revision
EMP13191,2024-04-01,82730.0,4137.0,Annual Revision
EMP13191,2025-04-01,94326.0,11319.0,No Change
EMP13191,2026-04-01,98568.0,4928.0,Annual Revision
EMP13192,2025-04-01,126543.0,6327.0,No Change
EMP13192,2026-04-01,123128.0,9850.0,Promotion
EMP13193,2022-04-01,44295.0,5315.0,Annual Revision
EMP13193,2023-04-01,48458.0,2423.0,Annual Revision
EMP13193,2024-04-01,56504.0,1695.0,Annual Revision
EMP13193,2025-04-01,58091.0,1743.0,Annual Revision
EMP13193,2026-04-01,59145.0,1774.0,No Change
EMP13194,2026-04-01,32747.0,1637.0,Annual Revision
EMP13195,2021-04-01,38636.0,1932.0,Annual Revision
EMP13195,2022-04-01,45059.0,3605.0,Market Adjustment
EMP13195,2023-04-01,49055.0,2453.0,Annual Revision
EMP13195,2024-04-01,56113.0,2806.0,Promotion
EMP13195,2025-04-01,59730.0,2987.0,Annual Revision
EMP13195,2026-04-01,58189.0,2909.0,No Change
EMP13196,2019-04-01,33780.0,1689.0,No Change
EMP13196,2020-04-01,35783.0,1073.0,Promotion
EMP13196,2021-04-01,36693.0,1101.0,Annual Revision
EMP13196,2022-04-01,40782.0,2039.0,Annual Revision
EMP13196,2023-04-01,45662.0,2283.0,No Change
EMP13196,2024-04-01,48757.0,2438.0,Annual Revision
EMP13196,2025-04-01,53779.0,2689.0,Annual Revision
EMP13196,2026-04-01,57191.0,4575.0,Market Adjustment
EMP13197,2020-04-01,64877.0,5190.0,Annual Revision
EMP13197,2021-04-01,67629.0,5410.0,Annual Revision
EMP13197,2022-04-01,71569.0,3578.0,Annual Revision
EMP13197,2023-04-01,85354.0,6828.0,Annual Revision
EMP13197,2024-04-01,95207.0,7617.0,Annual Revision
EMP13197,2025-04-01,96865.0,4843.0,Annual Revision
EMP13197,2026-04-01,105500.0,12660.0,Annual Revision
EMP13198,2026-04-01,125725.0,3772.0,Annual Revision
EMP13199,2019-04-01,40279.0,3222.0,Annual Revision
EMP13199,2020-04-01,45691.0,5483.0,Annual Revision
EMP13199,2021-04-01,45637.0,3651.0,Promotion
EMP13199,2022-04-01,47484.0,1425.0,Annual Revision
EMP13199,2023-04-01,61108.0,1833.0,No Change
EMP13199,2024-04-01,69591.0,5567.0,Annual Revision
EMP13199,2025-04-01,70650.0,2119.0,No Change
EMP13199,2026-04-01,79445.0,3972.0,Annual Revision
EMP10957,2023-04-01,84934.0,10192.0,No Change
EMP11304,2020-04-01,44836.0,1345.0,Annual Revision
EMP12817,2024-04-01,50974.0,4078.0,Promotion
EMP13171,2023-04-01,53842.0,4307.0,Market Adjustment
EMP13098,2024-04-01,125029.0,10002.0,Annual Revision
EMP10012,2026-04-01,35177.0,2814.0,Promotion
EMP10954,2020-04-01,42604.0,1278.0,Annual Revision
EMP12204,2024-04-01,80907.0,2427.0,Market Adjustment
EMP12482,2023-04-01,83970.0,4199.0,Annual Revision
EMP12518,2020-04-01,65179.0,1955.0,Market Adjustment
EMP10931,2026-04-01,54602.0,4368.0,Annual Revision
EMP12260,2020-04-01,63913.0,3196.0,No Change
EMP10290,2025-04-01,62088.0,4967.0,Promotion
EMP10007,2025-04-01,46491.0,2325.0,Annual Revision
EMP12412,2022-04-01,122746.0,9820.0,No Change
EMP11932,2024-04-01,122591.0,6130.0,No Change
EMP13146,2026-04-01,103987.0,12478.0,Market Adjustment
EMP10308,2026-04-01,80987.0,6479.0,Annual Revision
