Employee_ID,Event_Date,Event_Type,Old_Department_ID,New_Department_ID,Event_Reason
EMP10000,2021-04-12,Joining,,,Initial employment
EMP10000,2023-04-08,Resignation,101.0,101.0,Voluntary exit
EMP10000,2024-02-02,Promotion,101.0,101.0,Role progression
EMP10001,2021-11-20,Joining,,,Initial employment
EMP10002,2023-07-07,Joining,,,Initial employment
EMP10002,2024-09-23,Promotion,103.0,103.0,Role progression
EMP10002,2025-09-22,Leave of Absence,103.0,103.0,Temporary leave
EMP10003,2024-03-15,Joining,,,Initial employment
EMP10004,2022-12-28,Joining,,,Initial employment
EMP10004,2024-11-19,Promotion,106.0,106.0,Role progression
EMP10005,2022-10-31,Joining,,,Initial employment
EMP10005,2025-05-25,Termination,105.0,105.0,Involuntary exit
EMP10006,2020-03-18,Joining,,,Initial employment
EMP10006,2025-04-18,Manager Change,101.0,101.0,Reporting-line change
EMP10006,2025-04-15,Transfer,101.0,108.0,Business transfer
EMP10007,2024-10-23,Joining,,,Initial employment
EMP10007,2025-12-09,Transfer,104.0,105.0,Business transfer
EMP10008,2020-07-10,Joining,,,Initial employment
EMP10008,2021-10-10,Transfer,101.0,108.0,Business transfer
EMP10008,2024-12-04,Transfer,101.0,107.0,Business transfer
EMP10008,2023-09-30,Resignation,101.0,101.0,Voluntary exit
EMP10009,2022-03-24,Joining,,,Initial employment
EMP10009,2025-07-15,Leave of Absence,103.0,103.0,Temporary leave
EMP10010,2024-07-30,Joining,,,Initial employment
EMP10010,2025-08-17,Manager Change,103.0,103.0,Reporting-line change
EMP10011,2019-12-29,Joining,,,Initial employment
EMP10012,2025-10-31,Joining,,,Initial employment
EMP10012,2026-05-04,Manager Change,102.0,102.0,Reporting-line change
EMP10013,2022-06-11,Joining,,,Initial employment
EMP10014,2024-01-16,Joining,,,Initial employment
EMP10014,2025-06-28,Resignation,108.0,108.0,Voluntary exit
EMP10015,2025-04-28,Joining,,,Initial employment
EMP10016,2024-01-25,Joining,,,Initial employment
EMP10017,2024-12-12,Joining,,,Initial employment
EMP10018,2021-06-29,Joining,,,Initial employment
EMP10018,2026-01-05,Promotion,103.0,103.0,Role progression
EMP10018,2022-07-24,Transfer,103.0,105.0,Business transfer
EMP10018,2024-08-06,Transfer,103.0,104.0,Business transfer
EMP10018,2024-11-10,Transfer,103.0,105.0,Business transfer
EMP10019,2019-09-02,Joining,,,Initial employment
EMP10019,2025-03-02,Transfer,108.0,106.0,Business transfer
EMP10020,2020-06-25,Joining,,,Initial employment
EMP10020,2025-11-10,Transfer,101.0,107.0,Business transfer
EMP10020,2025-06-11,Rehire,101.0,101.0,Returned employee
EMP10020,2024-05-22,Promotion,101.0,101.0,Role progression
EMP10021,2025-12-07,Joining,,,Initial employment
EMP10022,2024-12-09,Joining,,,Initial employment
EMP10023,2024-12-12,Joining,,,Initial employment
EMP10024,2023-04-22,Joining,,,Initial employment
EMP10025,2025-01-26,Joining,,,Initial employment
EMP10026,2019-05-04,Joining,,,Initial employment
EMP10026,2023-09-23,Leave of Absence,102.0,102.0,Temporary leave
EMP10026,2022-06-06,Manager Change,102.0,102.0,Reporting-line change
EMP10027,2026-05-17,Joining,,,Initial employment
EMP10028,2023-09-28,Joining,,,Initial employment
EMP10029,2021-02-24,Joining,,,Initial employment
EMP10029,2024-09-23,Transfer,101.0,108.0,Business transfer
EMP10029,2026-04-28,Transfer,101.0,103.0,Business transfer
EMP10029,2021-08-24,Resignation,101.0,101.0,Voluntary exit
EMP10029,2023-02-23,Leave of Absence,101.0,101.0,Temporary leave
EMP10029,2022-01-03,Promotion,101.0,101.0,Role progression
EMP10030,2024-08-05,Joining,,,Initial employment
EMP10031,2025-02-26,Joining,,,Initial employment
EMP10032,2025-08-13,Joining,,,Initial employment
EMP10033,2021-03-07,Joining,,,Initial employment
EMP10034,2019-03-18,Joining,,,Initial employment
EMP10034,2022-03-27,Transfer,107.0,103.0,Business transfer
EMP10034,2021-04-27,Transfer,107.0,102.0,Business transfer
EMP10035,2019-02-28,Joining,,,Initial employment
EMP10035,2022-04-13,Leave of Absence,101.0,101.0,Temporary leave
EMP10036,2025-10-14,Joining,,,Initial employment
EMP10037,2026-05-09,Joining,,,Initial employment
EMP10038,2023-03-04,Joining,,,Initial employment
EMP10038,2024-08-04,Promotion,105.0,105.0,Role progression
EMP10038,2023-12-03,Promotion,105.0,105.0,Role progression
EMP10039,2024-04-20,Joining,,,Initial employment
EMP10039,2026-01-15,Transfer,102.0,106.0,Business transfer
EMP10040,2024-11-26,Joining,,,Initial employment
EMP10041,2022-07-25,Joining,,,Initial employment
EMP10042,2019-03-09,Joining,,,Initial employment
EMP10043,2025-06-10,Joining,,,Initial employment
EMP10044,2024-04-16,Joining,,,Initial employment
EMP10044,2025-03-02,Manager Change,101.0,101.0,Reporting-line change
EMP10045,2026-06-14,Joining,,,Initial employment
EMP10046,2019-12-31,Joining,,,Initial employment
EMP10046,2023-08-16,Transfer,102.0,106.0,Business transfer
EMP10046,2023-09-15,Resignation,102.0,102.0,Voluntary exit
EMP10046,2021-05-24,Resignation,102.0,102.0,Voluntary exit
EMP10047,2021-03-31,Joining,,,Initial employment
EMP10047,2022-07-10,Rehire,102.0,102.0,Returned employee
EMP10047,2023-10-09,Transfer,102.0,106.0,Business transfer
EMP10047,2025-05-16,Manager Change,102.0,102.0,Reporting-line change
EMP10048,2022-11-03,Joining,,,Initial employment
EMP10048,2023-11-07,Promotion,105.0,105.0,Role progression
EMP10048,2025-11-05,Transfer,105.0,108.0,Business transfer
EMP10049,2025-07-18,Joining,,,Initial employment
EMP10050,2021-08-04,Joining,,,Initial employment
EMP10051,2023-04-27,Joining,,,Initial employment
EMP10052,2022-10-09,Joining,,,Initial employment
EMP10052,2024-09-28,Promotion,107.0,107.0,Role progression
EMP10052,2024-08-13,Termination,107.0,107.0,Involuntary exit
EMP10052,2025-02-04,Transfer,107.0,106.0,Business transfer
EMP10052,2024-11-18,Transfer,107.0,105.0,Business transfer
EMP10053,2022-12-10,Joining,,,Initial employment
EMP10054,2021-01-31,Joining,,,Initial employment
EMP10054,2026-01-17,Termination,103.0,103.0,Involuntary exit
EMP10054,2021-10-15,Manager Change,103.0,103.0,Reporting-line change
EMP10054,2026-04-07,Promotion,103.0,103.0,Role progression
EMP10054,2025-04-02,Manager Change,103.0,103.0,Reporting-line change
EMP10054,2023-01-11,Promotion,103.0,103.0,Role progression
EMP10055,2019-12-07,Joining,,,Initial employment
EMP10055,2024-05-14,Termination,107.0,107.0,Involuntary exit
EMP10055,2022-08-12,Promotion,107.0,107.0,Role progression
EMP10055,2025-03-03,Rehire,107.0,107.0,Returned employee
EMP10055,2021-11-23,Transfer,107.0,107.0,Business transfer
EMP10055,2025-07-18,Transfer,107.0,103.0,Business transfer
EMP10056,2020-01-18,Joining,,,Initial employment
EMP10057,2021-09-30,Joining,,,Initial employment
EMP10057,2026-01-25,Transfer,101.0,108.0,Business transfer
EMP10057,2024-08-11,Transfer,101.0,103.0,Business transfer
EMP10058,2023-04-06,Joining,,,Initial employment
EMP10058,2025-11-26,Resignation,107.0,107.0,Voluntary exit
EMP10059,2019-10-27,Joining,,,Initial employment
EMP10059,2024-06-08,Resignation,102.0,102.0,Voluntary exit
EMP10059,2022-04-28,Leave of Absence,102.0,102.0,Temporary leave
EMP10059,2022-12-16,Transfer,102.0,105.0,Business transfer
EMP10059,2024-06-25,Transfer,102.0,105.0,Business transfer
EMP10060,2019-05-19,Joining,,,Initial employment
EMP10061,2019-12-25,Joining,,,Initial employment
EMP10061,2023-12-29,Termination,101.0,101.0,Involuntary exit
EMP10062,2021-04-15,Joining,,,Initial employment
EMP10063,2023-03-03,Joining,,,Initial employment
EMP10063,2023-12-08,Termination,102.0,102.0,Involuntary exit
EMP10064,2023-06-16,Joining,,,Initial employment
EMP10065,2024-06-05,Joining,,,Initial employment
EMP10066,2022-07-27,Joining,,,Initial employment
EMP10067,2025-12-05,Joining,,,Initial employment
EMP10068,2021-06-27,Joining,,,Initial employment
EMP10068,2024-03-06,Termination,101.0,101.0,Involuntary exit
EMP10068,2023-02-12,Termination,101.0,101.0,Involuntary exit
EMP10069,2022-02-08,Joining,,,Initial employment
EMP10069,2023-05-27,Resignation,101.0,101.0,Voluntary exit
EMP10069,2024-09-10,Manager Change,101.0,101.0,Reporting-line change
EMP10070,2024-12-26,Joining,,,Initial employment
EMP10071,2021-09-22,Joining,,,Initial employment
EMP10071,2024-04-06,Transfer,101.0,107.0,Business transfer
EMP10072,2025-10-18,Joining,,,Initial employment
EMP10073,2025-12-31,Joining,,,Initial employment
EMP10074,2025-05-09,Joining,,,Initial employment
EMP10075,2024-11-21,Joining,,,Initial employment
EMP10076,2022-05-22,Joining,,,Initial employment
EMP10076,2026-03-23,Promotion,102.0,102.0,Role progression
EMP10077,2023-11-20,Joining,,,Initial employment
EMP10077,2025-12-26,Leave of Absence,108.0,108.0,Temporary leave
EMP10078,2019-06-14,Joining,,,Initial employment
EMP10079,2021-09-25,Joining,,,Initial employment
EMP10079,2023-05-24,Transfer,108.0,101.0,Business transfer
EMP10080,2026-01-11,Joining,,,Initial employment
EMP10081,2022-07-31,Joining,,,Initial employment
EMP10082,2026-01-08,Joining,,,Initial employment
EMP10083,2020-10-18,Joining,,,Initial employment
EMP10084,2026-04-14,Joining,,,Initial employment
EMP10085,2025-01-20,Joining,,,Initial employment
EMP10086,2024-03-24,Joining,,,Initial employment
EMP10087,2024-08-08,Joining,,,Initial employment
EMP10088,2024-10-12,Joining,,,Initial employment
EMP10088,2026-02-01,Promotion,108.0,108.0,Role progression
EMP10089,2022-02-14,Joining,,,Initial employment
EMP10089,2026-01-12,Transfer,102.0,105.0,Business transfer
EMP10090,2024-03-04,Joining,,,Initial employment
EMP10090,2025-11-25,Promotion,103.0,103.0,Role progression
EMP10091,2019-09-24,Joining,,,Initial employment
EMP10091,2021-08-15,Manager Change,106.0,106.0,Reporting-line change
EMP10091,2024-06-04,Manager Change,106.0,106.0,Reporting-line change
EMP10091,2025-06-10,Resignation,106.0,106.0,Voluntary exit
EMP10091,2021-03-31,Termination,106.0,106.0,Involuntary exit
EMP10091,2021-06-20,Rehire,106.0,106.0,Returned employee
EMP10092,2024-01-20,Joining,,,Initial employment
EMP10092,2025-10-09,Promotion,102.0,102.0,Role progression
EMP10093,2023-09-05,Joining,,,Initial employment
EMP10093,2024-03-08,Manager Change,108.0,108.0,Reporting-line change
EMP10094,2025-04-12,Joining,,,Initial employment
EMP10095,2025-09-08,Joining,,,Initial employment
EMP10096,2023-02-19,Joining,,,Initial employment
EMP10096,2024-04-16,Transfer,107.0,108.0,Business transfer
EMP10096,2024-05-07,Transfer,107.0,107.0,Business transfer
EMP10096,2026-04-27,Resignation,107.0,107.0,Voluntary exit
EMP10097,2020-04-20,Joining,,,Initial employment
EMP10097,2021-09-21,Leave of Absence,101.0,101.0,Temporary leave
EMP10097,2022-05-02,Leave of Absence,101.0,101.0,Temporary leave
EMP10098,2021-09-03,Joining,,,Initial employment
EMP10098,2025-04-18,Transfer,102.0,105.0,Business transfer
EMP10098,2026-02-05,Leave of Absence,102.0,102.0,Temporary leave
EMP10099,2022-04-22,Joining,,,Initial employment
EMP10099,2023-03-15,Transfer,103.0,102.0,Business transfer
EMP10099,2023-07-19,Promotion,103.0,103.0,Role progression
EMP10100,2021-11-09,Joining,,,Initial employment
EMP10100,2025-12-08,Manager Change,102.0,102.0,Reporting-line change
EMP10101,2024-05-14,Joining,,,Initial employment
EMP10102,2020-07-11,Joining,,,Initial employment
EMP10102,2024-04-11,Manager Change,108.0,108.0,Reporting-line change
EMP10102,2021-04-02,Promotion,108.0,108.0,Role progression
EMP10102,2024-05-14,Promotion,108.0,108.0,Role progression
EMP10103,2021-10-14,Joining,,,Initial employment
EMP10104,2023-05-25,Joining,,,Initial employment
EMP10104,2025-01-07,Termination,102.0,102.0,Involuntary exit
EMP10104,2026-04-27,Promotion,102.0,102.0,Role progression
EMP10105,2021-06-01,Joining,,,Initial employment
EMP10105,2025-08-15,Termination,108.0,108.0,Involuntary exit
EMP10106,2025-01-03,Joining,,,Initial employment
EMP10107,2020-10-27,Joining,,,Initial employment
EMP10108,2026-04-21,Joining,,,Initial employment
EMP10109,2023-11-07,Joining,,,Initial employment
EMP10110,2021-05-13,Joining,,,Initial employment
EMP10110,2022-03-05,Manager Change,104.0,104.0,Reporting-line change
EMP10111,2020-08-04,Joining,,,Initial employment
EMP10111,2024-09-22,Promotion,107.0,107.0,Role progression
EMP10111,2022-02-23,Transfer,107.0,107.0,Business transfer
EMP10111,2024-05-02,Manager Change,107.0,107.0,Reporting-line change
EMP10111,2022-01-17,Manager Change,107.0,107.0,Reporting-line change
EMP10112,2020-11-25,Joining,,,Initial employment
EMP10112,2025-10-14,Transfer,107.0,102.0,Business transfer
EMP10112,2021-08-25,Manager Change,107.0,107.0,Reporting-line change
EMP10113,2022-06-05,Joining,,,Initial employment
EMP10113,2025-04-18,Resignation,102.0,102.0,Voluntary exit
EMP10113,2024-04-16,Transfer,102.0,102.0,Business transfer
EMP10114,2023-05-30,Joining,,,Initial employment
EMP10114,2026-03-21,Leave of Absence,103.0,103.0,Temporary leave
EMP10114,2024-08-27,Promotion,103.0,103.0,Role progression
EMP10115,2022-05-24,Joining,,,Initial employment
EMP10115,2023-06-26,Promotion,107.0,107.0,Role progression
EMP10115,2022-12-24,Promotion,107.0,107.0,Role progression
EMP10115,2025-01-01,Promotion,107.0,107.0,Role progression
EMP10116,2025-09-20,Joining,,,Initial employment
EMP10117,2020-02-03,Joining,,,Initial employment
EMP10118,2024-04-30,Joining,,,Initial employment
EMP10119,2020-12-15,Joining,,,Initial employment
EMP10119,2025-02-27,Manager Change,105.0,105.0,Reporting-line change
EMP10120,2020-12-04,Joining,,,Initial employment
EMP10120,2023-12-09,Promotion,106.0,106.0,Role progression
EMP10121,2025-12-21,Joining,,,Initial employment
EMP10122,2023-09-11,Joining,,,Initial employment
EMP10122,2024-05-14,Manager Change,107.0,107.0,Reporting-line change
EMP10123,2024-05-26,Joining,,,Initial employment
EMP10123,2025-08-18,Manager Change,103.0,103.0,Reporting-line change
EMP10124,2019-03-23,Joining,,,Initial employment
EMP10124,2023-01-19,Manager Change,101.0,101.0,Reporting-line change
EMP10124,2025-01-16,Termination,101.0,101.0,Involuntary exit
EMP10124,2020-06-24,Promotion,101.0,101.0,Role progression
EMP10125,2020-08-26,Joining,,,Initial employment
EMP10125,2022-03-30,Termination,103.0,103.0,Involuntary exit
EMP10125,2022-05-10,Resignation,103.0,103.0,Voluntary exit
EMP10125,2021-04-23,Promotion,103.0,103.0,Role progression
EMP10126,2024-05-24,Joining,,,Initial employment
EMP10126,2025-07-31,Resignation,106.0,106.0,Voluntary exit
EMP10126,2025-07-15,Manager Change,106.0,106.0,Reporting-line change
EMP10127,2023-09-07,Joining,,,Initial employment
EMP10127,2024-10-18,Transfer,103.0,105.0,Business transfer
EMP10127,2025-11-19,Promotion,103.0,103.0,Role progression
EMP10128,2024-08-08,Joining,,,Initial employment
EMP10128,2025-06-15,Resignation,106.0,106.0,Voluntary exit
EMP10129,2021-06-21,Joining,,,Initial employment
EMP10130,2019-12-31,Joining,,,Initial employment
EMP10130,2022-12-13,Manager Change,105.0,105.0,Reporting-line change
EMP10130,2023-10-08,Manager Change,105.0,105.0,Reporting-line change
EMP10131,2019-06-12,Joining,,,Initial employment
EMP10132,2026-01-02,Joining,,,Initial employment
EMP10133,2024-02-07,Joining,,,Initial employment
EMP10133,2026-02-05,Promotion,104.0,104.0,Role progression
EMP10134,2019-04-26,Joining,,,Initial employment
EMP10135,2025-07-12,Joining,,,Initial employment
EMP10135,2026-05-17,Manager Change,102.0,102.0,Reporting-line change
EMP10136,2021-05-30,Joining,,,Initial employment
EMP10136,2022-08-22,Manager Change,106.0,106.0,Reporting-line change
EMP10137,2021-04-19,Joining,,,Initial employment
EMP10137,2025-05-13,Rehire,103.0,103.0,Returned employee
EMP10137,2024-11-28,Transfer,103.0,105.0,Business transfer
EMP10138,2025-01-03,Joining,,,Initial employment
EMP10139,2022-09-08,Joining,,,Initial employment
EMP10139,2024-10-15,Termination,108.0,108.0,Involuntary exit
EMP10140,2025-10-26,Joining,,,Initial employment
EMP10141,2021-11-02,Joining,,,Initial employment
EMP10141,2026-04-16,Transfer,108.0,107.0,Business transfer
EMP10142,2021-07-31,Joining,,,Initial employment
EMP10142,2022-08-18,Transfer,103.0,103.0,Business transfer
EMP10143,2023-09-21,Joining,,,Initial employment
EMP10144,2025-05-23,Joining,,,Initial employment
EMP10144,2026-01-20,Manager Change,107.0,107.0,Reporting-line change
EMP10145,2022-02-11,Joining,,,Initial employment
EMP10146,2025-12-02,Joining,,,Initial employment
EMP10147,2019-01-22,Joining,,,Initial employment
EMP10147,2020-07-31,Transfer,102.0,105.0,Business transfer
EMP10148,2023-10-16,Joining,,,Initial employment
EMP10149,2020-11-13,Joining,,,Initial employment
EMP10150,2024-01-08,Joining,,,Initial employment
EMP10151,2025-06-25,Joining,,,Initial employment
EMP10152,2019-05-06,Joining,,,Initial employment
EMP10153,2019-10-04,Joining,,,Initial employment
EMP10153,2023-09-03,Transfer,108.0,104.0,Business transfer
EMP10154,2024-06-22,Joining,,,Initial employment
EMP10154,2026-05-13,Rehire,102.0,102.0,Returned employee
EMP10155,2022-05-12,Joining,,,Initial employment
EMP10155,2023-03-26,Rehire,106.0,106.0,Returned employee
EMP10155,2024-04-23,Manager Change,106.0,106.0,Reporting-line change
EMP10155,2022-12-29,Transfer,106.0,104.0,Business transfer
EMP10155,2023-03-31,Rehire,106.0,106.0,Returned employee
EMP10155,2025-04-30,Manager Change,106.0,106.0,Reporting-line change
EMP10156,2025-02-19,Joining,,,Initial employment
EMP10157,2020-11-26,Joining,,,Initial employment
EMP10157,2024-04-12,Promotion,104.0,104.0,Role progression
EMP10158,2022-08-02,Joining,,,Initial employment
EMP10158,2024-07-06,Promotion,101.0,101.0,Role progression
EMP10158,2026-05-01,Transfer,101.0,107.0,Business transfer
EMP10158,2025-03-14,Transfer,101.0,104.0,Business transfer
EMP10158,2024-03-29,Termination,101.0,101.0,Involuntary exit
EMP10159,2019-02-26,Joining,,,Initial employment
EMP10160,2019-01-19,Joining,,,Initial employment
EMP10160,2019-11-17,Transfer,105.0,101.0,Business transfer
EMP10160,2024-05-12,Leave of Absence,105.0,105.0,Temporary leave
EMP10161,2025-04-30,Joining,,,Initial employment
EMP10162,2019-04-23,Joining,,,Initial employment
EMP10163,2020-06-25,Joining,,,Initial employment
EMP10163,2023-11-13,Manager Change,108.0,108.0,Reporting-line change
EMP10163,2023-08-28,Promotion,108.0,108.0,Role progression
EMP10163,2024-12-22,Resignation,108.0,108.0,Voluntary exit
EMP10164,2026-05-18,Joining,,,Initial employment
EMP10165,2020-08-01,Joining,,,Initial employment
EMP10165,2023-06-15,Resignation,102.0,102.0,Voluntary exit
EMP10165,2024-08-17,Promotion,102.0,102.0,Role progression
EMP10165,2025-05-16,Manager Change,102.0,102.0,Reporting-line change
EMP10165,2023-01-09,Transfer,102.0,108.0,Business transfer
EMP10166,2021-12-24,Joining,,,Initial employment
EMP10167,2019-01-25,Joining,,,Initial employment
EMP10167,2022-04-14,Manager Change,101.0,101.0,Reporting-line change
EMP10168,2023-04-22,Joining,,,Initial employment
EMP10169,2024-08-10,Joining,,,Initial employment
EMP10170,2023-04-22,Joining,,,Initial employment
EMP10171,2019-05-21,Joining,,,Initial employment
EMP10171,2024-05-31,Promotion,107.0,107.0,Role progression
EMP10171,2022-05-12,Transfer,107.0,101.0,Business transfer
EMP10171,2025-01-29,Manager Change,107.0,107.0,Reporting-line change
EMP10172,2023-11-03,Joining,,,Initial employment
EMP10173,2020-10-09,Joining,,,Initial employment
EMP10174,2025-02-13,Joining,,,Initial employment
EMP10175,2019-07-20,Joining,,,Initial employment
EMP10175,2020-03-17,Manager Change,107.0,107.0,Reporting-line change
EMP10175,2025-05-08,Promotion,107.0,107.0,Role progression
EMP10176,2019-09-14,Joining,,,Initial employment
EMP10176,2021-03-12,Promotion,102.0,102.0,Role progression
EMP10176,2020-07-12,Resignation,102.0,102.0,Voluntary exit
EMP10177,2020-06-30,Joining,,,Initial employment
EMP10177,2024-01-04,Resignation,107.0,107.0,Voluntary exit
EMP10177,2023-05-13,Termination,107.0,107.0,Involuntary exit
EMP10178,2025-02-19,Joining,,,Initial employment
EMP10179,2021-03-12,Joining,,,Initial employment
EMP10179,2023-11-17,Manager Change,107.0,107.0,Reporting-line change
EMP10179,2022-08-23,Promotion,107.0,107.0,Role progression
EMP10180,2021-07-30,Joining,,,Initial employment
EMP10180,2022-04-11,Rehire,107.0,107.0,Returned employee
EMP10181,2020-02-18,Joining,,,Initial employment
EMP10181,2025-09-17,Rehire,101.0,101.0,Returned employee
EMP10181,2021-03-23,Leave of Absence,101.0,101.0,Temporary leave
EMP10182,2024-07-07,Joining,,,Initial employment
EMP10182,2025-06-29,Resignation,103.0,103.0,Voluntary exit
EMP10183,2022-10-13,Joining,,,Initial employment
EMP10183,2025-05-29,Resignation,101.0,101.0,Voluntary exit
EMP10183,2025-11-30,Transfer,101.0,104.0,Business transfer
EMP10184,2022-01-03,Joining,,,Initial employment
EMP10184,2025-06-29,Rehire,106.0,106.0,Returned employee
EMP10184,2022-09-01,Manager Change,106.0,106.0,Reporting-line change
EMP10185,2021-06-28,Joining,,,Initial employment
EMP10186,2019-07-07,Joining,,,Initial employment
EMP10186,2024-04-29,Termination,105.0,105.0,Involuntary exit
EMP10186,2023-06-16,Transfer,105.0,106.0,Business transfer
EMP10186,2021-07-06,Promotion,105.0,105.0,Role progression
EMP10187,2024-07-08,Joining,,,Initial employment
EMP10188,2022-08-06,Joining,,,Initial employment
EMP10189,2024-09-23,Joining,,,Initial employment
EMP10190,2024-10-31,Joining,,,Initial employment
EMP10191,2022-02-20,Joining,,,Initial employment
EMP10191,2025-08-19,Transfer,104.0,101.0,Business transfer
EMP10192,2019-12-24,Joining,,,Initial employment
EMP10192,2020-08-12,Transfer,107.0,102.0,Business transfer
EMP10192,2021-06-15,Resignation,107.0,107.0,Voluntary exit
EMP10192,2022-04-12,Transfer,107.0,107.0,Business transfer
EMP10193,2023-04-01,Joining,,,Initial employment
EMP10193,2025-07-24,Transfer,106.0,104.0,Business transfer
EMP10193,2025-08-11,Transfer,106.0,101.0,Business transfer
EMP10194,2021-12-25,Joining,,,Initial employment
EMP10194,2024-05-13,Transfer,103.0,102.0,Business transfer
EMP10194,2024-02-02,Resignation,103.0,103.0,Voluntary exit
EMP10195,2023-08-08,Joining,,,Initial employment
EMP10195,2025-01-06,Transfer,108.0,101.0,Business transfer
EMP10196,2025-08-19,Joining,,,Initial employment
EMP10197,2019-06-11,Joining,,,Initial employment
EMP10198,2025-06-27,Joining,,,Initial employment
EMP10198,2026-04-03,Rehire,104.0,104.0,Returned employee
EMP10199,2020-03-25,Joining,,,Initial employment
EMP10199,2022-12-14,Transfer,102.0,102.0,Business transfer
EMP10199,2025-04-13,Resignation,102.0,102.0,Voluntary exit
EMP10200,2023-02-06,Joining,,,Initial employment
EMP10200,2024-02-22,Rehire,101.0,101.0,Returned employee
EMP10200,2024-01-30,Resignation,101.0,101.0,Voluntary exit
EMP10201,2021-11-02,Joining,,,Initial employment
EMP10202,2025-02-09,Joining,,,Initial employment
EMP10203,2024-11-28,Joining,,,Initial employment
EMP10204,2024-05-04,Joining,,,Initial employment
EMP10204,2026-03-18,Promotion,104.0,104.0,Role progression
EMP10205,2025-12-30,Joining,,,Initial employment
EMP10206,2022-08-06,Joining,,,Initial employment
EMP10206,2023-08-22,Leave of Absence,105.0,105.0,Temporary leave
EMP10207,2025-05-31,Joining,,,Initial employment
EMP10208,2022-05-23,Joining,,,Initial employment
EMP10208,2025-12-18,Promotion,103.0,103.0,Role progression
EMP10209,2021-08-31,Joining,,,Initial employment
EMP10209,2025-12-19,Resignation,105.0,105.0,Voluntary exit
EMP10210,2020-09-23,Joining,,,Initial employment
EMP10210,2026-04-16,Transfer,108.0,107.0,Business transfer
EMP10211,2023-05-10,Joining,,,Initial employment
EMP10212,2021-11-16,Joining,,,Initial employment
EMP10213,2023-05-08,Joining,,,Initial employment
EMP10214,2025-06-26,Joining,,,Initial employment
EMP10214,2026-05-23,Transfer,105.0,107.0,Business transfer
EMP10215,2023-08-21,Joining,,,Initial employment
EMP10215,2024-05-08,Transfer,101.0,105.0,Business transfer
EMP10216,2020-03-12,Joining,,,Initial employment
EMP10216,2020-11-16,Resignation,106.0,106.0,Voluntary exit
EMP10216,2022-10-30,Transfer,106.0,104.0,Business transfer
EMP10216,2023-10-24,Manager Change,106.0,106.0,Reporting-line change
EMP10217,2023-04-06,Joining,,,Initial employment
EMP10218,2021-12-12,Joining,,,Initial employment
EMP10219,2022-07-28,Joining,,,Initial employment
EMP10219,2024-09-24,Promotion,103.0,103.0,Role progression
EMP10219,2024-08-16,Promotion,103.0,103.0,Role progression
EMP10220,2024-09-09,Joining,,,Initial employment
EMP10221,2025-07-12,Joining,,,Initial employment
EMP10221,2026-02-12,Manager Change,102.0,102.0,Reporting-line change
EMP10222,2019-07-02,Joining,,,Initial employment
EMP10222,2023-08-27,Termination,104.0,104.0,Involuntary exit
EMP10223,2026-02-04,Joining,,,Initial employment
EMP10224,2023-01-09,Joining,,,Initial employment
EMP10225,2023-01-19,Joining,,,Initial employment
EMP10226,2023-05-09,Joining,,,Initial employment
EMP10226,2024-09-01,Promotion,101.0,101.0,Role progression
EMP10227,2023-05-07,Joining,,,Initial employment
EMP10227,2024-01-15,Transfer,103.0,107.0,Business transfer
EMP10228,2020-10-21,Joining,,,Initial employment
EMP10229,2019-06-09,Joining,,,Initial employment
EMP10229,2021-10-21,Transfer,103.0,104.0,Business transfer
EMP10229,2023-12-28,Manager Change,103.0,103.0,Reporting-line change
EMP10229,2022-10-02,Resignation,103.0,103.0,Voluntary exit
EMP10229,2024-03-28,Transfer,103.0,102.0,Business transfer
EMP10230,2025-09-25,Joining,,,Initial employment
EMP10231,2021-10-08,Joining,,,Initial employment
EMP10231,2025-01-21,Rehire,104.0,104.0,Returned employee
EMP10231,2026-02-15,Promotion,104.0,104.0,Role progression
EMP10232,2019-02-22,Joining,,,Initial employment
EMP10232,2023-04-24,Leave of Absence,102.0,102.0,Temporary leave
EMP10233,2025-09-21,Joining,,,Initial employment
EMP10234,2021-11-11,Joining,,,Initial employment
EMP10234,2023-01-09,Leave of Absence,108.0,108.0,Temporary leave
EMP10234,2024-11-29,Termination,108.0,108.0,Involuntary exit
EMP10235,2021-11-19,Joining,,,Initial employment
EMP10235,2026-01-12,Manager Change,103.0,103.0,Reporting-line change
EMP10235,2022-10-06,Transfer,103.0,106.0,Business transfer
EMP10236,2025-04-26,Joining,,,Initial employment
EMP10237,2022-05-13,Joining,,,Initial employment
EMP10237,2023-08-02,Manager Change,106.0,106.0,Reporting-line change
EMP10237,2026-03-02,Transfer,106.0,101.0,Business transfer
EMP10238,2023-02-03,Joining,,,Initial employment
EMP10238,2025-04-02,Promotion,101.0,101.0,Role progression
EMP10238,2024-08-27,Leave of Absence,101.0,101.0,Temporary leave
EMP10239,2023-01-29,Joining,,,Initial employment
EMP10239,2023-11-02,Transfer,103.0,106.0,Business transfer
EMP10239,2026-05-31,Transfer,103.0,107.0,Business transfer
EMP10240,2021-11-01,Joining,,,Initial employment
EMP10240,2022-12-23,Termination,102.0,102.0,Involuntary exit
EMP10240,2025-01-01,Promotion,102.0,102.0,Role progression
EMP10241,2024-05-04,Joining,,,Initial employment
EMP10242,2021-04-29,Joining,,,Initial employment
EMP10242,2021-11-20,Promotion,101.0,101.0,Role progression
EMP10242,2026-04-25,Resignation,101.0,101.0,Voluntary exit
EMP10243,2019-12-20,Joining,,,Initial employment
EMP10244,2022-01-03,Joining,,,Initial employment
EMP10244,2022-12-26,Transfer,106.0,101.0,Business transfer
EMP10244,2023-03-18,Resignation,106.0,106.0,Voluntary exit
EMP10245,2023-10-06,Joining,,,Initial employment
EMP10245,2025-08-29,Transfer,103.0,107.0,Business transfer
EMP10246,2023-01-04,Joining,,,Initial employment
EMP10246,2024-07-25,Promotion,101.0,101.0,Role progression
EMP10247,2021-09-17,Joining,,,Initial employment
EMP10247,2026-02-17,Promotion,108.0,108.0,Role progression
EMP10247,2025-12-25,Transfer,108.0,108.0,Business transfer
EMP10247,2022-10-01,Promotion,108.0,108.0,Role progression
EMP10247,2022-04-21,Promotion,108.0,108.0,Role progression
EMP10247,2022-09-23,Transfer,108.0,108.0,Business transfer
EMP10247,2026-06-11,Manager Change,108.0,108.0,Reporting-line change
EMP10248,2022-06-18,Joining,,,Initial employment
EMP10248,2023-07-22,Resignation,104.0,104.0,Voluntary exit
EMP10249,2024-02-28,Joining,,,Initial employment
EMP10250,2023-12-15,Joining,,,Initial employment
EMP10250,2025-12-18,Transfer,102.0,104.0,Business transfer
EMP10251,2025-05-30,Joining,,,Initial employment
EMP10252,2025-03-06,Joining,,,Initial employment
EMP10253,2022-01-16,Joining,,,Initial employment
EMP10253,2025-10-26,Manager Change,101.0,101.0,Reporting-line change
EMP10254,2021-03-28,Joining,,,Initial employment
EMP10255,2023-12-05,Joining,,,Initial employment
EMP10256,2024-05-14,Joining,,,Initial employment
EMP10257,2025-09-03,Joining,,,Initial employment
EMP10258,2025-06-30,Joining,,,Initial employment
EMP10258,2026-02-09,Transfer,103.0,103.0,Business transfer
EMP10259,2021-06-07,Joining,,,Initial employment
EMP10260,2024-01-30,Joining,,,Initial employment
EMP10260,2025-01-26,Promotion,101.0,101.0,Role progression
EMP10261,2022-03-26,Joining,,,Initial employment
EMP10261,2025-06-18,Resignation,104.0,104.0,Voluntary exit
EMP10262,2020-10-29,Joining,,,Initial employment
EMP10263,2020-09-24,Joining,,,Initial employment
EMP10263,2021-10-04,Promotion,101.0,101.0,Role progression
EMP10264,2026-03-09,Joining,,,Initial employment
EMP10265,2023-07-01,Joining,,,Initial employment
EMP10265,2025-12-11,Resignation,107.0,107.0,Voluntary exit
EMP10265,2025-04-27,Resignation,107.0,107.0,Voluntary exit
EMP10266,2019-05-17,Joining,,,Initial employment
EMP10267,2024-04-30,Joining,,,Initial employment
EMP10268,2023-08-25,Joining,,,Initial employment
EMP10268,2024-03-31,Transfer,103.0,108.0,Business transfer
EMP10268,2025-03-22,Termination,103.0,103.0,Involuntary exit
EMP10269,2020-03-03,Joining,,,Initial employment
EMP10270,2023-01-15,Joining,,,Initial employment
EMP10271,2026-04-13,Joining,,,Initial employment
EMP10272,2021-03-29,Joining,,,Initial employment
EMP10272,2022-10-22,Termination,101.0,101.0,Involuntary exit
EMP10273,2024-12-28,Joining,,,Initial employment
EMP10273,2026-04-25,Transfer,103.0,101.0,Business transfer
EMP10273,2025-12-04,Termination,103.0,103.0,Involuntary exit
EMP10274,2022-01-11,Joining,,,Initial employment
EMP10275,2025-02-02,Joining,,,Initial employment
EMP10276,2019-07-17,Joining,,,Initial employment
EMP10276,2022-10-17,Promotion,102.0,102.0,Role progression
EMP10276,2023-02-19,Transfer,102.0,105.0,Business transfer
EMP10276,2021-07-02,Transfer,102.0,101.0,Business transfer
EMP10277,2026-04-25,Joining,,,Initial employment
EMP10278,2024-06-18,Joining,,,Initial employment
EMP10278,2026-03-15,Transfer,101.0,105.0,Business transfer
EMP10279,2025-09-14,Joining,,,Initial employment
EMP10280,2020-04-15,Joining,,,Initial employment
EMP10280,2021-02-27,Leave of Absence,101.0,101.0,Temporary leave
EMP10280,2024-07-15,Leave of Absence,101.0,101.0,Temporary leave
EMP10280,2022-10-23,Transfer,101.0,108.0,Business transfer
EMP10281,2025-03-15,Joining,,,Initial employment
EMP10282,2024-05-02,Joining,,,Initial employment
EMP10283,2021-07-17,Joining,,,Initial employment
EMP10283,2025-12-07,Resignation,108.0,108.0,Voluntary exit
EMP10283,2023-11-13,Promotion,108.0,108.0,Role progression
EMP10284,2024-07-03,Joining,,,Initial employment
EMP10285,2026-05-03,Joining,,,Initial employment
EMP10286,2021-06-24,Joining,,,Initial employment
EMP10286,2025-08-02,Promotion,106.0,106.0,Role progression
EMP10286,2023-11-25,Transfer,106.0,102.0,Business transfer
EMP10286,2022-09-23,Transfer,106.0,102.0,Business transfer
EMP10286,2025-05-09,Manager Change,106.0,106.0,Reporting-line change
EMP10286,2022-06-11,Promotion,106.0,106.0,Role progression
EMP10287,2025-01-31,Joining,,,Initial employment
EMP10288,2019-01-23,Joining,,,Initial employment
EMP10288,2020-07-13,Manager Change,105.0,105.0,Reporting-line change
EMP10288,2022-11-17,Termination,105.0,105.0,Involuntary exit
EMP10288,2021-05-06,Manager Change,105.0,105.0,Reporting-line change
EMP10288,2019-10-31,Promotion,105.0,105.0,Role progression
EMP10289,2019-08-23,Joining,,,Initial employment
EMP10289,2024-10-22,Transfer,103.0,107.0,Business transfer
EMP10289,2023-10-26,Promotion,103.0,103.0,Role progression
EMP10290,2022-01-29,Joining,,,Initial employment
EMP10291,2021-07-17,Joining,,,Initial employment
EMP10291,2026-03-13,MANAGER CHANGE,106.0,106.0,Reporting-line change
EMP10291,2022-03-17,Resignation,106.0,106.0,Voluntary exit
EMP10292,2020-06-06,Joining,,,Initial employment
EMP10292,2024-11-23,Resignation,102.0,102.0,Voluntary exit
EMP10292,2023-05-29,Manager Change,102.0,102.0,Reporting-line change
EMP10292,2021-05-04,Manager Change,102.0,102.0,Reporting-line change
EMP10293,2023-12-14,Joining,,,Initial employment
EMP10294,2020-03-06,Joining,,,Initial employment
EMP10294,2025-05-05,Leave of Absence,108.0,108.0,Temporary leave
EMP10294,2024-08-24,Resignation,108.0,108.0,Voluntary exit
EMP10295,2021-03-03,Joining,,,Initial employment
EMP10295,2024-04-17,Manager Change,101.0,101.0,Reporting-line change
EMP10296,2023-06-18,Joining,,,Initial employment
EMP10296,2024-12-01,Rehire,103.0,103.0,Returned employee
EMP10297,2023-10-03,Joining,,,Initial employment
EMP10297,2025-10-31,Resignation,108.0,108.0,Voluntary exit
EMP10298,2020-06-16,Joining,,,Initial employment
EMP10298,2022-07-04,Manager Change,105.0,105.0,Reporting-line change
EMP10298,2022-05-19,Resignation,105.0,105.0,Voluntary exit
EMP10299,2023-10-13,Joining,,,Initial employment
EMP10300,2023-08-03,Joining,,,Initial employment
EMP10300,2024-07-14,Termination,102.0,102.0,Involuntary exit
EMP10301,2022-08-09,Joining,,,Initial employment
EMP10301,2023-11-29,Promotion,102.0,102.0,Role progression
EMP10302,2021-07-01,Joining,,,Initial employment
EMP10302,2025-06-28,Termination,107.0,107.0,Involuntary exit
EMP10302,2023-04-05,Manager Change,107.0,107.0,Reporting-line change
EMP10303,2022-01-29,Joining,,,Initial employment
EMP10303,2025-11-06,Rehire,104.0,104.0,Returned employee
EMP10304,2023-03-06,Joining,,,Initial employment
EMP10304,2025-12-28,Resignation,104.0,104.0,Voluntary exit
EMP10304,2023-09-20,Resignation,104.0,104.0,Voluntary exit
EMP10305,2022-08-20,Joining,,,Initial employment
EMP10305,2024-10-22,Transfer,101.0,106.0,Business transfer
EMP10305,2024-04-29,Transfer,101.0,107.0,Business transfer
EMP10305,2025-11-29,Transfer,101.0,103.0,Business transfer
EMP10306,2026-01-31,Joining,,,Initial employment
EMP10307,2021-10-20,Joining,,,Initial employment
EMP10307,2023-05-30,Termination,108.0,108.0,Involuntary exit
EMP10307,2024-11-19,Resignation,108.0,108.0,Voluntary exit
EMP10308,2023-04-26,Joining,,,Initial employment
EMP10309,2022-10-10,Joining,,,Initial employment
EMP10309,2023-10-28,Leave of Absence,105.0,105.0,Temporary leave
EMP10309,2026-02-19,Promotion,105.0,105.0,Role progression
EMP10310,2023-02-28,Joining,,,Initial employment
EMP10311,2023-08-09,Joining,,,Initial employment
EMP10311,2025-09-30,Leave of Absence,106.0,106.0,Temporary leave
EMP10311,2024-09-23,Transfer,106.0,108.0,Business transfer
EMP10312,2024-06-20,Joining,,,Initial employment
EMP10313,2019-08-15,Joining,,,Initial employment
EMP10314,2022-06-13,Joining,,,Initial employment
EMP10314,2023-02-06,Manager Change,101.0,101.0,Reporting-line change
EMP10314,2024-10-06,Leave of Absence,101.0,101.0,Temporary leave
EMP10315,2021-05-22,Joining,,,Initial employment
EMP10316,2021-06-10,Joining,,,Initial employment
EMP10316,2023-10-12,Resignation,107.0,107.0,Voluntary exit
EMP10316,2021-12-13,TRANSFER,107.0,104.0,Business transfer
EMP10317,2023-01-18,Joining,,,Initial employment
EMP10317,2026-03-16,Promotion,103.0,103.0,Role progression
EMP10317,2024-02-26,Manager Change,103.0,103.0,Reporting-line change
EMP10318,2021-11-02,Joining,,,Initial employment
EMP10318,2024-11-17,Promotion,107.0,107.0,Role progression
EMP10319,2025-03-07,Joining,,,Initial employment
EMP10320,2020-02-01,Joining,,,Initial employment
EMP10320,2025-03-11,Resignation,107.0,107.0,Voluntary exit
EMP10321,2022-01-28,Joining,,,Initial employment
EMP10321,2022-08-29,Promotion,105.0,105.0,Role progression
EMP10322,2024-09-09,Joining,,,Initial employment
EMP10323,2020-10-10,Joining,,,Initial employment
EMP10323,2023-12-25,Transfer,102.0,107.0,Business transfer
EMP10323,2024-10-01,Transfer,102.0,104.0,Business transfer
EMP10323,2022-10-23,Transfer,102.0,105.0,Business transfer
EMP10323,2022-11-24,Transfer,102.0,103.0,Business transfer
EMP10324,2019-11-25,JOINING,,,Initial employment
EMP10324,2021-02-08,Leave of Absence,102.0,102.0,Temporary leave
EMP10324,2023-05-01,Transfer,102.0,107.0,Business transfer
EMP10324,2024-01-05,Transfer,102.0,105.0,Business transfer
EMP10325,2023-01-22,Joining,,,Initial employment
EMP10326,2021-08-09,Joining,,,Initial employment
EMP10326,2023-05-18,Leave of Absence,107.0,107.0,Temporary leave
EMP10327,2024-06-28,Joining,,,Initial employment
EMP10327,2026-05-02,Resignation,106.0,106.0,Voluntary exit
EMP10327,2025-04-02,Manager Change,106.0,106.0,Reporting-line change
EMP10328,2024-07-09,Joining,,,Initial employment
EMP10329,2026-04-22,Joining,,,Initial employment
EMP10330,2024-02-22,Joining,,,Initial employment
EMP10331,2022-04-11,Joining,,,Initial employment
EMP10331,2024-01-20,Transfer,103.0,108.0,Business transfer
EMP10331,2025-11-11,Termination,103.0,103.0,Involuntary exit
EMP10332,2023-11-08,Joining,,,Initial employment
EMP10333,2019-06-11,Joining,,,Initial employment
EMP10334,2023-10-18,Joining,,,Initial employment
EMP10334,2025-06-24,Termination,101.0,101.0,Involuntary exit
EMP10335,2021-02-14,Joining,,,Initial employment
EMP10335,2021-09-13,Promotion,102.0,102.0,Role progression
EMP10335,2024-04-15,Resignation,102.0,102.0,Voluntary exit
EMP10335,2025-01-27,Promotion,102.0,102.0,Role progression
EMP10336,2024-01-02,Joining,,,Initial employment
EMP10336,2026-02-01,Promotion,103.0,103.0,Role progression
EMP10337,2025-05-10,Joining,,,Initial employment
EMP10337,2025-11-27,Promotion,101.0,101.0,Role progression
EMP10338,2021-11-17,Joining,,,Initial employment
EMP10338,2023-04-02,Manager Change,108.0,108.0,Reporting-line change
EMP10338,2025-04-01,Termination,108.0,108.0,Involuntary exit
EMP10338,2024-01-15,Resignation,108.0,108.0,Voluntary exit
EMP10339,2025-07-01,Joining,,,Initial employment
EMP10340,2021-07-28,Joining,,,Initial employment
EMP10340,2024-03-06,Manager Change,101.0,101.0,Reporting-line change
EMP10340,2024-04-20,Rehire,101.0,101.0,Returned employee
EMP10341,2020-06-23,Joining,,,Initial employment
EMP10342,2025-12-10,Joining,,,Initial employment
EMP10342,2026-06-25,Transfer,107.0,102.0,Business transfer
EMP10343,2021-04-01,Joining,,,Initial employment
EMP10343,2023-04-09,Transfer,103.0,106.0,Business transfer
EMP10343,2024-04-12,Transfer,103.0,105.0,Business transfer
EMP10344,2023-01-01,Joining,,,Initial employment
EMP10345,2021-12-24,Joining,,,Initial employment
EMP10345,2025-10-16,Promotion,101.0,101.0,Role progression
EMP10346,2019-12-22,Joining,,,Initial employment
EMP10346,2024-05-16,Transfer,101.0,101.0,Business transfer
EMP10347,2019-08-23,Joining,,,Initial employment
EMP10347,2024-10-06,Transfer,103.0,102.0,Business transfer
EMP10348,2025-03-24,Joining,,,Initial employment
EMP10348,2026-01-16,Transfer,107.0,104.0,Business transfer
EMP10348,2026-01-25,Rehire,107.0,107.0,Returned employee
EMP10349,2023-03-29,Joining,,,Initial employment
EMP10350,2024-09-27,Joining,,,Initial employment
EMP10351,2019-04-28,Joining,,,Initial employment
EMP10351,2021-10-29,Promotion,104.0,104.0,Role progression
EMP10351,2022-11-15,Transfer,104.0,103.0,Business transfer
EMP10352,2024-10-02,Joining,,,Initial employment
EMP10353,2023-08-01,Joining,,,Initial employment
EMP10353,2024-12-22,Promotion,103.0,103.0,Role progression
EMP10354,2026-02-25,Joining,,,Initial employment
EMP10355,2021-12-03,Joining,,,Initial employment
EMP10355,2025-09-06,Termination,101.0,101.0,Involuntary exit
EMP10355,2025-07-30,Transfer,101.0,108.0,Business transfer
EMP10356,2024-10-01,Joining,,,Initial employment
EMP10357,2020-07-11,Joining,,,Initial employment
EMP10358,2023-12-21,Joining,,,Initial employment
EMP10358,2025-10-28,Termination,108.0,108.0,Involuntary exit
EMP10358,2024-07-13,Transfer,108.0,108.0,Business transfer
EMP10358,2025-06-15,Transfer,108.0,106.0,Business transfer
EMP10359,2024-06-28,Joining,,,Initial employment
EMP10360,2020-02-02,Joining,,,Initial employment
EMP10360,2025-12-28,Resignation,103.0,103.0,Voluntary exit
EMP10360,2021-01-25,Resignation,103.0,103.0,Voluntary exit
EMP10361,2020-11-05,Joining,,,Initial employment
EMP10361,2023-09-15,Transfer,108.0,108.0,Business transfer
EMP10361,2021-06-26,Transfer,108.0,104.0,Business transfer
EMP10362,2020-01-22,Joining,,,Initial employment
EMP10362,2022-12-20,Transfer,102.0,104.0,Business transfer
EMP10362,2024-02-04,Promotion,102.0,102.0,Role progression
EMP10363,2024-11-28,Joining,,,Initial employment
EMP10364,2026-04-15,Joining,,,Initial employment
EMP10365,2024-08-26,Joining,,,Initial employment
EMP10365,2025-11-04,Transfer,107.0,104.0,Business transfer
EMP10366,2021-06-02,Joining,,,Initial employment
EMP10366,2022-05-09,Resignation,108.0,108.0,Voluntary exit
EMP10367,2020-06-24,Joining,,,Initial employment
EMP10367,2021-06-09,Promotion,102.0,102.0,Role progression
EMP10368,2019-06-20,Joining,,,Initial employment
EMP10369,2025-09-22,Joining,,,Initial employment
EMP10369,2026-06-14,Promotion,106.0,106.0,Role progression
EMP10370,2021-01-09,Joining,,,Initial employment
EMP10370,2024-01-10,Termination,101.0,101.0,Involuntary exit
EMP10370,2025-06-30,Resignation,101.0,101.0,Voluntary exit
EMP10371,2022-11-02,Joining,,,Initial employment
EMP10372,2025-03-27,Joining,,,Initial employment
EMP10373,2019-04-29,Joining,,,Initial employment
EMP10374,2025-11-17,Joining,,,Initial employment
EMP10375,2024-11-21,Joining,,,Initial employment
EMP10376,2024-06-18,Joining,,,Initial employment
EMP10376,2025-09-25,Promotion,106.0,106.0,Role progression
EMP10376,2025-05-09,Resignation,106.0,106.0,Voluntary exit
EMP10377,2023-09-02,Joining,,,Initial employment
EMP10378,2023-09-19,Joining,,,Initial employment
EMP10378,2024-11-17,Promotion,103.0,103.0,Role progression
EMP10378,2026-02-03,Manager Change,103.0,103.0,Reporting-line change
EMP10379,2025-01-31,Joining,,,Initial employment
EMP10380,2023-08-25,Joining,,,Initial employment
EMP10381,2022-12-15,Joining,,,Initial employment
EMP10381,2025-05-01,Manager Change,107.0,107.0,Reporting-line change
EMP10381,2024-04-15,Resignation,107.0,107.0,Voluntary exit
EMP10382,2023-10-26,Joining,,,Initial employment
EMP10382,2026-03-18,Transfer,101.0,103.0,Business transfer
EMP10383,2023-03-05,Joining,,,Initial employment
EMP10383,2024-12-30,Promotion,108.0,108.0,Role progression
EMP10384,2020-10-26,Joining,,,Initial employment
EMP10384,2021-06-08,Rehire,102.0,102.0,Returned employee
EMP10384,2025-02-02,Resignation,102.0,102.0,Voluntary exit
EMP10384,2022-04-12,Transfer,102.0,103.0,Business transfer
EMP10385,2019-02-02,Joining,,,Initial employment
EMP10385,2019-08-10,Transfer,102.0,107.0,Business transfer
EMP10385,2023-03-29,Promotion,102.0,102.0,Role progression
EMP10386,2024-10-03,Joining,,,Initial employment
EMP10387,2026-01-10,Joining,,,Initial employment
EMP10388,2024-08-21,Joining,,,Initial employment
EMP10389,2023-04-01,Joining,,,Initial employment
EMP10390,2020-12-20,Joining,,,Initial employment
EMP10390,2024-11-14,Transfer,106.0,101.0,Business transfer
EMP10390,2025-10-25,Promotion,106.0,106.0,Role progression
EMP10391,2026-02-15,Joining,,,Initial employment
EMP10392,2025-08-17,Joining,,,Initial employment
EMP10392,2026-05-18,Resignation,101.0,101.0,Voluntary exit
EMP10393,2020-04-28,Joining,,,Initial employment
EMP10393,2022-01-26,Transfer,102.0,108.0,Business transfer
EMP10394,2021-08-30,Joining,,,Initial employment
EMP10394,2023-02-20,Termination,103.0,103.0,Involuntary exit
EMP10394,2022-08-13,Transfer,103.0,101.0,Business transfer
EMP10395,2026-04-24,Joining,,,Initial employment
EMP10396,2019-11-03,Joining,,,Initial employment
EMP10397,2020-04-01,Joining,,,Initial employment
EMP10397,2020-11-19,Rehire,103.0,103.0,Returned employee
EMP10398,2025-01-16,Joining,,,Initial employment
EMP10399,2019-11-27,Joining,,,Initial employment
EMP10399,2022-12-18,Termination,104.0,104.0,Involuntary exit
EMP10399,2024-10-19,Transfer,104.0,103.0,Business transfer
EMP10399,2024-09-22,Termination,104.0,104.0,Involuntary exit
EMP10400,2019-08-13,Joining,,,Initial employment
EMP10400,2024-02-21,Transfer,107.0,103.0,Business transfer
EMP10401,2023-01-19,Joining,,,Initial employment
EMP10402,2021-12-18,Joining,,,Initial employment
EMP10402,2024-10-30,Rehire,105.0,105.0,Returned employee
EMP10402,2024-02-19,Promotion,105.0,105.0,Role progression
EMP10402,2023-07-17,Leave of Absence,105.0,105.0,Temporary leave
EMP10403,2020-10-05,Joining,,,Initial employment
EMP10403,2023-09-30,Transfer,106.0,107.0,Business transfer
EMP10403,2025-04-02,Manager Change,106.0,106.0,Reporting-line change
EMP10403,2025-05-06,Rehire,106.0,106.0,Returned employee
EMP10403,2024-06-27,Transfer,106.0,104.0,Business transfer
EMP10403,2026-04-29,Leave of Absence,106.0,106.0,Temporary leave
EMP10404,2020-09-07,Joining,,,Initial employment
EMP10405,2019-07-14,Joining,,,Initial employment
EMP10405,2024-08-20,Transfer,106.0,104.0,Business transfer
EMP10406,2020-05-03,Joining,,,Initial employment
EMP10406,2025-05-02,Promotion,103.0,103.0,Role progression
EMP10407,2025-01-13,Joining,,,Initial employment
EMP10408,2026-04-11,Joining,,,Initial employment
EMP10409,2022-06-03,Joining,,,Initial employment
EMP10410,2025-09-25,Joining,,,Initial employment
EMP10411,2022-01-07,Joining,,,Initial employment
EMP10411,2023-04-12,Transfer,101.0,101.0,Business transfer
EMP10412,2022-02-21,Joining,,,Initial employment
EMP10413,2025-11-23,Joining,,,Initial employment
EMP10414,2022-05-26,Joining,,,Initial employment
EMP10414,2026-01-06,Manager Change,103.0,103.0,Reporting-line change
EMP10415,2020-05-30,Joining,,,Initial employment
EMP10415,2023-01-09,Promotion,103.0,103.0,Role progression
EMP10415,2025-01-31,Promotion,103.0,103.0,Role progression
EMP10415,2021-05-22,Leave of Absence,103.0,103.0,Temporary leave
EMP10415,2025-10-18,Resignation,103.0,103.0,Voluntary exit
EMP10415,2026-01-30,Promotion,103.0,103.0,Role progression
EMP10416,2023-06-14,Joining,,,Initial employment
EMP10416,2024-11-18,Resignation,108.0,108.0,Voluntary exit
EMP10417,2022-02-01,Joining,,,Initial employment
EMP10418,2020-01-28,Joining,,,Initial employment
EMP10418,2021-10-29,Termination,104.0,104.0,Involuntary exit
EMP10418,2022-02-03,Leave of Absence,104.0,104.0,Temporary leave
EMP10419,2020-09-22,Joining,,,Initial employment
EMP10419,2024-10-01,Transfer,107.0,104.0,Business transfer
EMP10419,2025-06-17,Transfer,107.0,106.0,Business transfer
EMP10420,2024-01-22,Joining,,,Initial employment
EMP10420,2025-05-21,Promotion,107.0,107.0,Role progression
EMP10420,2024-10-26,Promotion,107.0,107.0,Role progression
EMP10421,2026-04-09,Joining,,,Initial employment
EMP10422,2021-09-06,Joining,,,Initial employment
EMP10422,2026-05-08,Rehire,103.0,103.0,Returned employee
EMP10422,2023-09-26,Rehire,103.0,103.0,Returned employee
EMP10422,2022-12-28,Resignation,103.0,103.0,Voluntary exit
EMP10423,2020-03-09,Joining,,,Initial employment
EMP10423,2024-08-02,Resignation,103.0,103.0,Voluntary exit
EMP10424,2026-01-31,Joining,,,Initial employment
EMP10425,2019-10-05,Joining,,,Initial employment
EMP10425,2022-12-20,Promotion,106.0,106.0,Role progression
EMP10425,2021-09-04,Termination,106.0,106.0,Involuntary exit
EMP10425,2022-03-26,Promotion,106.0,106.0,Role progression
EMP10426,2019-08-21,Joining,,,Initial employment
EMP10427,2023-04-02,Joining,,,Initial employment
EMP10427,2025-12-17,Promotion,107.0,107.0,Role progression
EMP10428,2023-05-14,Joining,,,Initial employment
EMP10428,2025-11-18,Manager Change,103.0,103.0,Reporting-line change
EMP10428,2023-12-26,Transfer,103.0,106.0,Business transfer
EMP10429,2022-01-18,Joining,,,Initial employment
EMP10429,2026-03-27,Manager Change,101.0,101.0,Reporting-line change
EMP10429,2022-12-21,Termination,101.0,101.0,Involuntary exit
EMP10429,2022-07-29,Transfer,101.0,106.0,Business transfer
EMP10430,2025-08-06,Joining,,,Initial employment
EMP10431,2019-01-26,Joining,,,Initial employment
EMP10431,2025-01-28,Transfer,103.0,107.0,Business transfer
EMP10432,2022-11-18,Joining,,,Initial employment
EMP10432,2024-11-29,Resignation,107.0,107.0,Voluntary exit
EMP10432,2023-06-07,Transfer,107.0,107.0,Business transfer
EMP10433,2025-12-29,Joining,,,Initial employment
EMP10434,2025-05-03,Joining,,,Initial employment
EMP10435,2020-04-05,Joining,,,Initial employment
EMP10435,2025-03-20,Termination,104.0,104.0,Involuntary exit
EMP10436,2025-11-08,Joining,,,Initial employment
EMP10437,2021-12-27,Joining,,,Initial employment
EMP10437,2025-08-23,Promotion,108.0,108.0,Role progression
EMP10437,2025-09-09,Termination,108.0,108.0,Involuntary exit
EMP10437,2022-10-14,Termination,108.0,108.0,Involuntary exit
EMP10437,2026-01-07,Promotion,108.0,108.0,Role progression
EMP10438,2021-10-03,Joining,,,Initial employment
EMP10439,2024-06-17,Joining,,,Initial employment
EMP10440,2020-05-05,Joining,,,Initial employment
EMP10440,2025-02-02,Transfer,103.0,104.0,Business transfer
EMP10440,2025-12-04,Manager Change,103.0,103.0,Reporting-line change
EMP10440,2024-10-19,Manager Change,103.0,103.0,Reporting-line change
EMP10440,2025-11-30,Promotion,103.0,103.0,Role progression
EMP10441,2021-12-08,Joining,,,Initial employment
EMP10441,2025-08-13,Promotion,107.0,107.0,Role progression
EMP10442,2026-02-24,Joining,,,Initial employment
EMP10443,2019-08-04,Joining,,,Initial employment
EMP10443,2024-07-09,Termination,101.0,101.0,Involuntary exit
EMP10443,2020-08-09,Promotion,101.0,101.0,Role progression
EMP10444,2023-09-20,Joining,,,Initial employment
EMP10444,2024-11-05,Rehire,101.0,101.0,Returned employee
EMP10445,2023-05-12,Joining,,,Initial employment
EMP10445,2023-11-18,Promotion,102.0,102.0,Role progression
EMP10446,2026-02-19,Joining,,,Initial employment
EMP10447,2019-06-08,Joining,,,Initial employment
EMP10447,2021-06-28,Manager Change,103.0,103.0,Reporting-line change
EMP10447,2021-09-03,Rehire,103.0,103.0,Returned employee
EMP10448,2025-12-11,Joining,,,Initial employment
EMP10449,2020-11-16,Joining,,,Initial employment
EMP10449,2021-08-09,Termination,101.0,101.0,Involuntary exit
EMP10449,2022-01-25,Manager Change,101.0,101.0,Reporting-line change
EMP10450,2023-11-12,Joining,,,Initial employment
EMP10450,2025-10-25,Promotion,102.0,102.0,Role progression
EMP10451,2024-08-14,Joining,,,Initial employment
EMP10452,2024-01-18,Joining,,,Initial employment
EMP10453,2025-08-05,Joining,,,Initial employment
EMP10454,2025-11-11,Joining,,,Initial employment
EMP10455,2025-04-14,Joining,,,Initial employment
EMP10456,2023-05-09,Joining,,,Initial employment
EMP10457,2023-08-24,Joining,,,Initial employment
EMP10457,2024-03-04,Manager Change,103.0,103.0,Reporting-line change
EMP10458,2025-10-05,Joining,,,Initial employment
EMP10459,2024-04-30,Joining,,,Initial employment
EMP10460,2024-08-24,Joining,,,Initial employment
EMP10461,2022-02-19,Joining,,,Initial employment
EMP10462,2025-05-13,Joining,,,Initial employment
EMP10462,2025-12-02,Leave of Absence,106.0,106.0,Temporary leave
EMP10463,2023-05-01,Joining,,,Initial employment
EMP10464,2025-11-05,Joining,,,Initial employment
EMP10465,2026-03-30,Joining,,,Initial employment
EMP10466,2025-10-29,Joining,,,Initial employment
EMP10467,2025-03-07,Joining,,,Initial employment
EMP10467,2026-04-29,Transfer,107.0,107.0,Business transfer
EMP10468,2025-06-07,Joining,,,Initial employment
EMP10469,2024-04-16,Joining,,,Initial employment
EMP10469,2026-03-01,Transfer,103.0,106.0,Business transfer
EMP10470,2023-10-24,Joining,,,Initial employment
EMP10470,2024-10-13,Termination,105.0,105.0,Involuntary exit
EMP10471,2024-08-12,Joining,,,Initial employment
EMP10472,2021-09-16,Joining,,,Initial employment
EMP10472,2024-10-14,Promotion,101.0,101.0,Role progression
EMP10473,2023-03-22,Joining,,,Initial employment
EMP10473,2025-04-22,Leave of Absence,107.0,107.0,Temporary leave
EMP10473,2026-06-30,Transfer,107.0,104.0,Business transfer
EMP10474,2022-01-21,Joining,,,Initial employment
EMP10475,2026-01-11,Joining,,,Initial employment
EMP10476,2020-05-07,Joining,,,Initial employment
EMP10476,2023-03-23,Manager Change,107.0,107.0,Reporting-line change
EMP10476,2023-12-14,Resignation,107.0,107.0,Voluntary exit
EMP10476,2022-09-10,Manager Change,107.0,107.0,Reporting-line change
EMP10477,2020-09-11,Joining,,,Initial employment
EMP10477,2021-04-30,Resignation,103.0,103.0,Voluntary exit
EMP10477,2026-02-01,Termination,103.0,103.0,Involuntary exit
EMP10478,2025-07-06,Joining,,,Initial employment
EMP10479,2025-07-08,Joining,,,Initial employment
EMP10480,2024-09-28,Joining,,,Initial employment
EMP10481,2023-03-27,Joining,,,Initial employment
EMP10481,2024-02-18,Promotion,107.0,107.0,Role progression
EMP10482,2021-05-12,Joining,,,Initial employment
EMP10482,2023-06-08,Promotion,107.0,107.0,Role progression
EMP10483,2023-08-19,Joining,,,Initial employment
EMP10483,2025-04-23,Promotion,102.0,102.0,Role progression
EMP10483,2026-06-29,Rehire,102.0,102.0,Returned employee
EMP10484,2023-05-25,Joining,,,Initial employment
EMP10485,2025-05-08,Joining,,,Initial employment
EMP10486,2020-08-02,Joining,,,Initial employment
EMP10486,2021-12-28,Transfer,108.0,108.0,Business transfer
EMP10487,2024-03-05,Joining,,,Initial employment
EMP10487,2025-07-28,Promotion,103.0,103.0,Role progression
EMP10488,2022-06-29,Joining,,,Initial employment
EMP10488,2026-04-18,Promotion,103.0,103.0,Role progression
EMP10488,2025-05-09,Transfer,103.0,107.0,Business transfer
EMP10489,2026-02-20,Joining,,,Initial employment
EMP10490,2024-01-30,Joining,,,Initial employment
EMP10491,2025-10-29,Joining,,,Initial employment
EMP10492,2022-09-17,Joining,,,Initial employment
EMP10493,2022-03-08,Joining,,,Initial employment
EMP10494,2019-12-23,Joining,,,Initial employment
EMP10494,2024-06-12,Termination,102.0,102.0,Involuntary exit
EMP10494,2021-08-24,Promotion,102.0,102.0,Role progression
EMP10494,2021-09-09,Transfer,102.0,102.0,Business transfer
EMP10494,2023-06-09,Promotion,102.0,102.0,Role progression
EMP10494,2020-08-04,Leave of Absence,102.0,102.0,Temporary leave
EMP10494,2023-06-17,Transfer,102.0,102.0,Business transfer
EMP10495,2023-06-13,Joining,,,Initial employment
EMP10496,2025-05-10,Joining,,,Initial employment
EMP10496,2025-12-05,Rehire,108.0,108.0,Returned employee
EMP10497,2024-06-29,Joining,,,Initial employment
EMP10497,2025-10-24,Leave of Absence,101.0,101.0,Temporary leave
EMP10498,2025-06-16,Joining,,,Initial employment
EMP10499,2021-05-19,Joining,,,Initial employment
EMP10499,2024-03-20,Manager Change,101.0,101.0,Reporting-line change
EMP10500,2021-06-04,Joining,,,Initial employment
EMP10501,2024-06-24,Joining,,,Initial employment
EMP10502,2025-01-10,Joining,,,Initial employment
EMP10503,2022-11-14,Joining,,,Initial employment
EMP10503,2024-02-10,Manager Change,102.0,102.0,Reporting-line change
EMP10504,2022-07-07,Joining,,,Initial employment
EMP10505,2020-09-11,Joining,,,Initial employment
EMP10505,2022-02-01,Termination,101.0,101.0,Involuntary exit
EMP10506,2021-06-01,Joining,,,Initial employment
EMP10506,2024-01-03,Resignation,102.0,102.0,Voluntary exit
EMP10506,2022-11-12,Promotion,102.0,102.0,Role progression
EMP10506,2024-04-10,Transfer,102.0,107.0,Business transfer
EMP10507,2021-03-07,Joining,,,Initial employment
EMP10508,2024-12-12,Joining,,,Initial employment
EMP10508,2025-09-03,Leave of Absence,108.0,108.0,Temporary leave
EMP10509,2022-07-20,Joining,,,Initial employment
EMP10510,2020-09-10,Joining,,,Initial employment
EMP10511,2024-01-09,Joining,,,Initial employment
EMP10512,2019-09-02,Joining,,,Initial employment
EMP10513,2025-11-02,Joining,,,Initial employment
EMP10514,2021-07-18,Joining,,,Initial employment
EMP10514,2023-07-11,Manager Change,108.0,108.0,Reporting-line change
EMP10515,2022-06-24,Joining,,,Initial employment
EMP10516,2020-06-03,Joining,,,Initial employment
EMP10516,2024-06-27,Rehire,101.0,101.0,Returned employee
EMP10516,2024-11-28,Promotion,101.0,101.0,Role progression
EMP10516,2024-12-04,Termination,101.0,101.0,Involuntary exit
EMP10516,2025-07-26,Transfer,101.0,105.0,Business transfer
EMP10517,2025-08-06,Joining,,,Initial employment
EMP10518,2019-01-08,Joining,,,Initial employment
EMP10518,2022-05-01,Promotion,104.0,104.0,Role progression
EMP10518,2019-09-22,Promotion,104.0,104.0,Role progression
EMP10519,2025-11-30,Joining,,,Initial employment
EMP10520,2024-07-12,Joining,,,Initial employment
EMP10521,2020-05-09,Joining,,,Initial employment
EMP10521,2025-08-11,Promotion,103.0,103.0,Role progression
EMP10521,2025-05-27,Promotion,103.0,103.0,Role progression
EMP10521,2022-08-14,Promotion,103.0,103.0,Role progression
EMP10521,2024-05-31,Resignation,103.0,103.0,Voluntary exit
EMP10522,2023-06-18,Joining,,,Initial employment
EMP10522,2025-02-26,Promotion,106.0,106.0,Role progression
EMP10523,2021-11-28,Joining,,,Initial employment
EMP10523,2025-11-05,Transfer,106.0,101.0,Business transfer
EMP10524,2026-03-25,Joining,,,Initial employment
EMP10525,2019-07-06,Joining,,,Initial employment
EMP10525,2025-02-17,Manager Change,102.0,102.0,Reporting-line change
EMP10525,2020-09-23,Manager Change,102.0,102.0,Reporting-line change
EMP10525,2021-06-18,Transfer,102.0,105.0,Business transfer
EMP10525,2021-04-16,Manager Change,102.0,102.0,Reporting-line change
EMP10525,2023-01-24,Resignation,102.0,102.0,Voluntary exit
EMP10526,2024-02-21,Joining,,,Initial employment
EMP10527,2024-11-10,Joining,,,Initial employment
EMP10528,2019-03-27,Joining,,,Initial employment
EMP10528,2022-09-27,Manager Change,103.0,103.0,Reporting-line change
EMP10528,2023-09-30,Transfer,103.0,103.0,Business transfer
EMP10528,2020-11-21,Promotion,103.0,103.0,Role progression
EMP10529,2019-05-17,Joining,,,Initial employment
EMP10529,2020-11-28,Manager Change,101.0,101.0,Reporting-line change
EMP10529,2020-08-02,Manager Change,101.0,101.0,Reporting-line change
EMP10530,2025-10-04,Joining,,,Initial employment
EMP10531,2024-10-22,Joining,,,Initial employment
EMP10532,2023-06-25,Joining,,,Initial employment
EMP10532,2024-12-07,Promotion,103.0,103.0,Role progression
EMP10533,2025-01-27,Joining,,,Initial employment
EMP10534,2023-10-18,Joining,,,Initial employment
EMP10534,2025-05-27,Transfer,102.0,105.0,Business transfer
EMP10535,2025-01-26,Joining,,,Initial employment
EMP10536,2023-11-23,Joining,,,Initial employment
EMP10537,2021-05-21,Joining,,,Initial employment
EMP10538,2025-06-27,Joining,,,Initial employment
EMP10539,2025-11-08,Joining,,,Initial employment
EMP10540,2021-08-01,Joining,,,Initial employment
EMP10540,2024-10-01,Resignation,103.0,103.0,Voluntary exit
EMP10541,2023-06-15,Joining,,,Initial employment
EMP10542,2026-04-14,Joining,,,Initial employment
EMP10543,2019-12-15,Joining,,,Initial employment
EMP10543,2021-01-05,Termination,103.0,103.0,Involuntary exit
EMP10543,2025-11-25,Transfer,103.0,103.0,Business transfer
EMP10544,2023-08-04,Joining,,,Initial employment
EMP10544,2024-07-01,Termination,102.0,102.0,Involuntary exit
EMP10544,2025-01-12,Transfer,102.0,104.0,Business transfer
EMP10544,2025-12-04,Resignation,102.0,102.0,Voluntary exit
EMP10544,2025-04-19,Manager Change,102.0,102.0,Reporting-line change
EMP10545,2022-04-11,Joining,,,Initial employment
EMP10545,2023-12-27,Manager Change,103.0,103.0,Reporting-line change
EMP10545,2023-12-31,Leave of Absence,103.0,103.0,Temporary leave
EMP10546,2019-01-10,Joining,,,Initial employment
EMP10546,2024-05-27,Leave of Absence,107.0,107.0,Temporary leave
EMP10546,2019-11-11,Transfer,107.0,107.0,Business transfer
EMP10546,2020-11-24,Manager Change,107.0,107.0,Reporting-line change
EMP10546,2020-09-22,Promotion,107.0,107.0,Role progression
EMP10546,2021-02-08,Transfer,107.0,107.0,Business transfer
EMP10546,2022-04-27,Leave of Absence,107.0,107.0,Temporary leave
EMP10546,2024-12-20,Rehire,107.0,107.0,Returned employee
EMP10546,2020-06-14,Promotion,107.0,107.0,Role progression
EMP10547,2023-01-01,Joining,,,Initial employment
EMP10548,2020-10-28,Joining,,,Initial employment
EMP10548,2025-03-04,Transfer,107.0,102.0,Business transfer
EMP10549,2026-02-06,Joining,,,Initial employment
EMP10550,2023-03-03,Joining,,,Initial employment
EMP10550,2024-06-18,Transfer,102.0,101.0,Business transfer
EMP10551,2024-12-16,Joining,,,Initial employment
EMP10552,2020-08-23,Joining,,,Initial employment
EMP10552,2025-12-15,Promotion,102.0,102.0,Role progression
EMP10552,2024-06-08,Manager Change,102.0,102.0,Reporting-line change
EMP10552,2022-05-14,Transfer,102.0,104.0,Business transfer
EMP10552,2026-01-29,Termination,102.0,102.0,Involuntary exit
EMP10553,2026-04-06,Joining,,,Initial employment
EMP10554,2019-11-23,Joining,,,Initial employment
EMP10555,2021-09-06,Joining,,,Initial employment
EMP10555,2023-05-18,Transfer,102.0,103.0,Business transfer
EMP10556,2025-09-17,Joining,,,Initial employment
EMP10557,2020-09-20,Joining,,,Initial employment
EMP10557,2024-10-08,Transfer,105.0,104.0,Business transfer
EMP10557,2025-09-18,Rehire,105.0,105.0,Returned employee
EMP10558,2023-06-18,Joining,,,Initial employment
EMP10559,2019-10-01,Joining,,,Initial employment
EMP10559,2025-03-04,Promotion,103.0,103.0,Role progression
EMP10559,2023-03-24,Termination,103.0,103.0,Involuntary exit
EMP10559,2020-05-07,Manager Change,103.0,103.0,Reporting-line change
EMP10560,2020-11-15,Joining,,,Initial employment
EMP10560,2022-07-09,Transfer,108.0,104.0,Business transfer
EMP10560,2024-08-11,Rehire,108.0,108.0,Returned employee
EMP10561,2019-04-26,Joining,,,Initial employment
EMP10561,2020-11-07,Rehire,104.0,104.0,Returned employee
EMP10561,2019-12-13,Promotion,104.0,104.0,Role progression
EMP10562,2021-05-10,Joining,,,Initial employment
EMP10562,2024-01-11,Termination,107.0,107.0,Involuntary exit
EMP10563,2024-06-26,Joining,,,Initial employment
EMP10564,2020-11-23,Joining,,,Initial employment
EMP10565,2022-01-10,Joining,,,Initial employment
EMP10565,2026-06-04,Transfer,107.0,101.0,Business transfer
EMP10566,2025-06-29,Joining,,,Initial employment
EMP10567,2024-12-01,Joining,,,Initial employment
EMP10568,2023-11-28,Joining,,,Initial employment
EMP10568,2025-05-06,Promotion,103.0,103.0,Role progression
EMP10569,2019-06-03,Joining,,,Initial employment
EMP10569,2023-10-09,Resignation,101.0,101.0,Voluntary exit
EMP10570,2024-03-15,Joining,,,Initial employment
EMP10571,2022-11-28,Joining,,,Initial employment
EMP10571,2025-10-09,TRANSFER,103.0,103.0,Business transfer
EMP10571,2025-05-12,Manager Change,103.0,103.0,Reporting-line change
EMP10572,2022-07-13,Joining,,,Initial employment
EMP10572,2025-03-17,Promotion,107.0,107.0,Role progression
EMP10573,2019-11-11,Joining,,,Initial employment
EMP10573,2022-09-10,Termination,102.0,102.0,Involuntary exit
EMP10574,2021-11-30,Joining,,,Initial employment
EMP10574,2022-06-28,Manager Change,108.0,108.0,Reporting-line change
EMP10574,2026-03-25,Resignation,108.0,108.0,Voluntary exit
EMP10575,2019-04-15,Joining,,,Initial employment
EMP10575,2022-02-05,Transfer,108.0,102.0,Business transfer
EMP10575,2023-08-08,Transfer,108.0,104.0,Business transfer
EMP10575,2024-09-29,Rehire,108.0,108.0,Returned employee
EMP10576,2024-04-08,Joining,,,Initial employment
EMP10577,2024-03-28,Joining,,,Initial employment
EMP10578,2022-05-01,Joining,,,Initial employment
EMP10578,2024-08-19,Manager Change,107.0,107.0,Reporting-line change
EMP10579,2022-11-25,Joining,,,Initial employment
EMP10580,2025-07-29,Joining,,,Initial employment
EMP10581,2023-11-08,Joining,,,Initial employment
EMP10581,2026-02-10,Transfer,102.0,102.0,Business transfer
EMP10582,2024-05-14,Joining,,,Initial employment
EMP10582,2026-04-10,Promotion,104.0,104.0,Role progression
EMP10583,2023-05-23,Joining,,,Initial employment
EMP10584,2020-12-09,Joining,,,Initial employment
EMP10585,2020-10-12,Joining,,,Initial employment
EMP10585,2023-11-08,Promotion,106.0,106.0,Role progression
EMP10586,2021-08-04,Joining,,,Initial employment
EMP10587,2020-10-22,Joining,,,Initial employment
EMP10587,2022-08-29,Leave of Absence,101.0,101.0,Temporary leave
EMP10588,2024-11-16,Joining,,,Initial employment
EMP10589,2026-03-20,Joining,,,Initial employment
EMP10590,2025-05-18,Joining,,,Initial employment
EMP10591,2025-09-16,Joining,,,Initial employment
EMP10592,2022-02-06,Joining,,,Initial employment
EMP10593,2020-11-30,Joining,,,Initial employment
EMP10593,2023-01-13,Manager Change,101.0,101.0,Reporting-line change
EMP10593,2023-03-23,Termination,101.0,101.0,Involuntary exit
EMP10593,2021-10-30,Resignation,101.0,101.0,Voluntary exit
EMP10594,2025-02-24,Joining,,,Initial employment
EMP10595,2024-07-31,Joining,,,Initial employment
EMP10596,2025-07-02,Joining,,,Initial employment
EMP10597,2025-01-10,Joining,,,Initial employment
EMP10597,2026-04-11,Promotion,103.0,103.0,Role progression
EMP10597,2025-07-29,Rehire,103.0,103.0,Returned employee
EMP10597,2026-03-26,Manager Change,103.0,103.0,Reporting-line change
EMP10598,2020-07-05,Joining,,,Initial employment
EMP10599,2020-02-09,Joining,,,Initial employment
EMP10599,2022-01-14,Termination,108.0,108.0,Involuntary exit
EMP10599,2025-06-12,Transfer,108.0,101.0,Business transfer
EMP10599,2021-03-27,Rehire,108.0,108.0,Returned employee
EMP10599,2023-01-30,Rehire,108.0,108.0,Returned employee
EMP10600,2020-04-06,Joining,,,Initial employment
EMP10600,2024-08-16,Transfer,102.0,103.0,Business transfer
EMP10600,2020-10-08,Termination,102.0,102.0,Involuntary exit
EMP10600,2024-09-26,Rehire,102.0,102.0,Returned employee
EMP10601,2024-12-19,Joining,,,Initial employment
EMP10601,2026-04-05,Termination,106.0,106.0,Involuntary exit
EMP10601,2026-05-07,Transfer,106.0,105.0,Business transfer
EMP10602,2021-05-23,Joining,,,Initial employment
EMP10602,2025-12-31,Promotion,106.0,106.0,Role progression
EMP10603,2019-03-25,Joining,,,Initial employment
EMP10603,2023-10-31,Rehire,105.0,105.0,Returned employee
EMP10603,2022-01-21,Promotion,105.0,105.0,Role progression
EMP10603,2021-05-14,Transfer,105.0,104.0,Business transfer
EMP10604,2022-11-23,Joining,,,Initial employment
EMP10604,2023-10-09,Manager Change,101.0,101.0,Reporting-line change
EMP10605,2026-04-29,Joining,,,Initial employment
EMP10606,2019-08-09,Joining,,,Initial employment
EMP10607,2026-02-13,Joining,,,Initial employment
EMP10608,2022-10-23,Joining,,,Initial employment
EMP10609,2019-04-22,Joining,,,Initial employment
EMP10610,2020-09-06,Joining,,,Initial employment
EMP10610,2024-05-02,Transfer,107.0,108.0,Business transfer
EMP10610,2022-07-17,Termination,107.0,107.0,Involuntary exit
EMP10610,2022-12-16,Manager Change,107.0,107.0,Reporting-line change
EMP10610,2025-02-23,Rehire,107.0,107.0,Returned employee
EMP10611,2023-05-01,Joining,,,Initial employment
EMP10611,2025-07-31,Promotion,101.0,101.0,Role progression
EMP10611,2026-03-20,Transfer,101.0,104.0,Business transfer
EMP10612,2020-04-19,Joining,,,Initial employment
EMP10612,2021-08-20,Promotion,107.0,107.0,Role progression
EMP10612,2021-06-06,Resignation,107.0,107.0,Voluntary exit
EMP10613,2024-03-28,Joining,,,Initial employment
EMP10614,2019-09-28,Joining,,,Initial employment
EMP10614,2021-05-31,Resignation,102.0,102.0,Voluntary exit
EMP10615,2025-10-04,Joining,,,Initial employment
EMP10615,2026-06-05,Resignation,101.0,101.0,Voluntary exit
EMP10616,2024-04-04,Joining,,,Initial employment
EMP10617,2022-10-22,Joining,,,Initial employment
EMP10618,2019-02-09,Joining,,,Initial employment
EMP10618,2023-05-23,Rehire,101.0,101.0,Returned employee
EMP10618,2025-01-15,Transfer,101.0,101.0,Business transfer
EMP10619,2024-06-05,Joining,,,Initial employment
EMP10619,2026-02-16,Resignation,102.0,102.0,Voluntary exit
EMP10619,2026-01-18,Leave of Absence,102.0,102.0,Temporary leave
EMP10620,2025-02-14,Joining,,,Initial employment
EMP10621,2021-09-20,Joining,,,Initial employment
EMP10621,2023-08-01,Transfer,104.0,103.0,Business transfer
EMP10622,2024-07-05,Joining,,,Initial employment
EMP10623,2026-01-27,Joining,,,Initial employment
EMP10624,2019-10-17,Joining,,,Initial employment
EMP10624,2024-12-10,Promotion,102.0,102.0,Role progression
EMP10625,2025-10-16,Joining,,,Initial employment
EMP10626,2025-11-23,Joining,,,Initial employment
EMP10627,2026-04-29,Joining,,,Initial employment
EMP10628,2019-10-06,Joining,,,Initial employment
EMP10628,2022-02-22,Termination,102.0,102.0,Involuntary exit
EMP10629,2020-08-03,Joining,,,Initial employment
EMP10629,2023-08-04,Promotion,103.0,103.0,Role progression
EMP10629,2025-10-15,Rehire,103.0,103.0,Returned employee
EMP10630,2021-05-12,Joining,,,Initial employment
EMP10630,2026-04-26,Transfer,103.0,107.0,Business transfer
EMP10630,2026-03-19,Termination,103.0,103.0,Involuntary exit
EMP10631,2019-09-11,Joining,,,Initial employment
EMP10631,2021-01-07,Promotion,108.0,108.0,Role progression
EMP10632,2019-06-30,Joining,,,Initial employment
EMP10632,2024-10-11,Resignation,108.0,108.0,Voluntary exit
EMP10632,2023-01-11,Rehire,108.0,108.0,Returned employee
EMP10632,2024-01-22,Promotion,108.0,108.0,Role progression
EMP10633,2020-11-11,Joining,,,Initial employment
EMP10633,2023-06-06,Transfer,107.0,108.0,Business transfer
EMP10634,2021-04-04,Joining,,,Initial employment
EMP10634,2024-02-10,Leave of Absence,102.0,102.0,Temporary leave
EMP10634,2023-09-21,Resignation,102.0,102.0,Voluntary exit
EMP10634,2025-10-03,Promotion,102.0,102.0,Role progression
EMP10635,2020-11-30,Joining,,,Initial employment
EMP10635,2021-10-27,Promotion,101.0,101.0,Role progression
EMP10636,2026-02-26,Joining,,,Initial employment
EMP10637,2022-09-11,Joining,,,Initial employment
EMP10638,2022-10-12,Joining,,,Initial employment
EMP10639,2023-08-01,Joining,,,Initial employment
EMP10639,2024-02-13,Transfer,107.0,108.0,Business transfer
EMP10640,2026-06-20,Joining,,,Initial employment
EMP10641,2025-09-04,Joining,,,Initial employment
EMP10641,2026-03-07,Promotion,107.0,107.0,Role progression
EMP10642,2023-06-27,Joining,,,Initial employment
EMP10642,2024-03-28,Manager Change,102.0,102.0,Reporting-line change
EMP10643,2024-05-11,Joining,,,Initial employment
EMP10644,2019-07-31,Joining,,,Initial employment
EMP10644,2025-01-13,Manager Change,102.0,102.0,Reporting-line change
EMP10644,2022-04-29,Leave of Absence,102.0,102.0,Temporary leave
EMP10645,2023-03-19,Joining,,,Initial employment
EMP10645,2024-04-25,Transfer,101.0,108.0,Business transfer
EMP10645,2026-02-09,Promotion,101.0,101.0,Role progression
EMP10645,2025-02-07,Resignation,101.0,101.0,Voluntary exit
EMP10646,2020-01-19,Joining,,,Initial employment
EMP10646,2023-02-13,Transfer,106.0,103.0,Business transfer
EMP10647,2023-09-11,Joining,,,Initial employment
EMP10647,2025-03-24,Promotion,101.0,101.0,Role progression
EMP10647,2025-05-04,Rehire,101.0,101.0,Returned employee
EMP10647,2024-03-09,Termination,101.0,101.0,Involuntary exit
EMP10647,2024-06-07,Transfer,101.0,106.0,Business transfer
EMP10648,2019-12-08,Joining,,,Initial employment
EMP10648,2025-03-01,Transfer,103.0,105.0,Business transfer
EMP10649,2024-01-13,Joining,,,Initial employment
EMP10649,2025-01-30,Rehire,102.0,102.0,Returned employee
EMP10650,2024-06-10,Joining,,,Initial employment
EMP10651,2021-04-23,Joining,,,Initial employment
EMP10651,2026-05-31,Transfer,107.0,107.0,Business transfer
EMP10652,2023-03-15,Joining,,,Initial employment
EMP10652,2025-04-11,Termination,102.0,102.0,Involuntary exit
EMP10652,2025-05-16,Promotion,102.0,102.0,Role progression
EMP10652,2026-01-11,Transfer,102.0,105.0,Business transfer
EMP10653,2020-02-24,Joining,,,Initial employment
EMP10653,2022-06-16,Manager Change,107.0,107.0,Reporting-line change
EMP10654,2024-06-11,Joining,,,Initial employment
EMP10655,2024-04-16,Joining,,,Initial employment
EMP10656,2024-01-24,Joining,,,Initial employment
EMP10656,2024-07-28,Termination,106.0,106.0,Involuntary exit
EMP10656,2025-02-24,Leave of Absence,106.0,106.0,Temporary leave
EMP10657,2019-11-02,Joining,,,Initial employment
EMP10657,2021-06-20,Resignation,106.0,106.0,Voluntary exit
EMP10658,2021-05-18,Joining,,,Initial employment
EMP10658,2025-12-14,Resignation,108.0,108.0,Voluntary exit
EMP10659,2026-01-28,Joining,,,Initial employment
EMP10660,2022-02-09,Joining,,,Initial employment
EMP10660,2026-06-01,Transfer,106.0,101.0,Business transfer
EMP10660,2026-01-22,Promotion,106.0,106.0,Role progression
EMP10660,2026-04-30,Rehire,106.0,106.0,Returned employee
EMP10661,2022-12-05,Joining,,,Initial employment
EMP10661,2025-11-01,Manager Change,105.0,105.0,Reporting-line change
EMP10662,2019-07-25,Joining,,,Initial employment
EMP10662,2023-04-12,Manager Change,108.0,108.0,Reporting-line change
EMP10663,2020-05-10,Joining,,,Initial employment
EMP10663,2025-03-18,Transfer,101.0,102.0,Business transfer
EMP10664,2024-03-24,Joining,,,Initial employment
EMP10665,2025-12-26,Joining,,,Initial employment
EMP10666,2021-11-11,Joining,,,Initial employment
EMP10666,2022-07-23,Termination,102.0,102.0,Involuntary exit
EMP10667,2019-08-01,Joining,,,Initial employment
EMP10668,2019-11-06,Joining,,,Initial employment
EMP10668,2024-08-19,Leave of Absence,102.0,102.0,Temporary leave
EMP10668,2022-02-08,Termination,102.0,102.0,Involuntary exit
EMP10669,2026-06-01,Joining,,,Initial employment
EMP10670,2024-06-14,Joining,,,Initial employment
EMP10670,2025-10-02,Rehire,107.0,107.0,Returned employee
EMP10671,2019-09-29,Joining,,,Initial employment
EMP10671,2023-01-09,Transfer,104.0,105.0,Business transfer
EMP10672,2023-12-28,Joining,,,Initial employment
EMP10672,2025-02-21,Leave of Absence,105.0,105.0,Temporary leave
EMP10672,2026-01-31,Termination,105.0,105.0,Involuntary exit
EMP10672,2025-09-27,Transfer,105.0,107.0,Business transfer
EMP10673,2024-09-10,Joining,,,Initial employment
EMP10674,2020-03-18,Joining,,,Initial employment
EMP10674,2023-02-09,Resignation,101.0,101.0,Voluntary exit
EMP10674,2026-03-26,Transfer,101.0,104.0,Business transfer
EMP10674,2024-11-04,Transfer,101.0,102.0,Business transfer
EMP10675,2025-01-18,Joining,,,Initial employment
EMP10676,2019-09-11,Joining,,,Initial employment
EMP10677,2020-06-04,Joining,,,Initial employment
EMP10677,2025-05-10,Manager Change,102.0,102.0,Reporting-line change
EMP10677,2024-08-15,Transfer,102.0,108.0,Business transfer
EMP10678,2021-09-03,Joining,,,Initial employment
EMP10678,2026-03-12,Termination,101.0,101.0,Involuntary exit
EMP10678,2023-12-13,Rehire,101.0,101.0,Returned employee
EMP10679,2019-01-10,Joining,,,Initial employment
EMP10679,2025-01-12,Promotion,103.0,103.0,Role progression
EMP10679,2019-07-09,Promotion,103.0,103.0,Role progression
EMP10680,2025-12-27,Joining,,,Initial employment
EMP10681,2023-05-03,Joining,,,Initial employment
EMP10682,2025-10-19,Joining,,,Initial employment
EMP10683,2022-02-08,Joining,,,Initial employment
EMP10684,2019-06-02,Joining,,,Initial employment
EMP10684,2020-04-14,Resignation,108.0,108.0,Voluntary exit
EMP10684,2021-09-16,Transfer,108.0,105.0,Business transfer
EMP10685,2023-07-17,Joining,,,Initial employment
EMP10686,2024-01-31,Joining,,,Initial employment
EMP10686,2025-08-08,Manager Change,106.0,106.0,Reporting-line change
EMP10686,2026-02-05,Manager Change,106.0,106.0,Reporting-line change
EMP10686,2026-01-05,Leave of Absence,106.0,106.0,Temporary leave
EMP10686,2024-08-20,Promotion,106.0,106.0,Role progression
EMP10686,2026-05-29,Resignation,106.0,106.0,Voluntary exit
EMP10687,2022-04-29,Joining,,,Initial employment
EMP10687,2024-01-03,Leave of Absence,101.0,101.0,Temporary leave
EMP10687,2022-11-27,Manager Change,101.0,101.0,Reporting-line change
EMP10688,2023-10-19,Joining,,,Initial employment
EMP10689,2026-02-23,Joining,,,Initial employment
EMP10690,2022-01-09,Joining,,,Initial employment
EMP10690,2023-06-08,Termination,107.0,107.0,Involuntary exit
EMP10691,2025-12-11,Joining,,,Initial employment
EMP10692,2021-06-13,Joining,,,Initial employment
EMP10692,2024-12-25,Transfer,105.0,107.0,Business transfer
EMP10693,2022-01-16,Joining,,,Initial employment
EMP10693,2023-11-08,Manager Change,107.0,107.0,Reporting-line change
EMP10693,2026-03-28,Termination,107.0,107.0,Involuntary exit
EMP10693,2025-11-16,Transfer,107.0,103.0,Business transfer
EMP10694,2019-04-14,Joining,,,Initial employment
EMP10694,2021-10-02,Manager Change,104.0,104.0,Reporting-line change
EMP10695,2024-03-29,Joining,,,Initial employment
EMP10696,2021-10-03,Joining,,,Initial employment
EMP10696,2024-08-11,Manager Change,103.0,103.0,Reporting-line change
EMP10696,2023-09-22,Resignation,103.0,103.0,Voluntary exit
EMP10697,2020-02-11,Joining,,,Initial employment
EMP10697,2024-06-30,Rehire,104.0,104.0,Returned employee
EMP10697,2026-02-03,Manager Change,104.0,104.0,Reporting-line change
EMP10697,2025-12-19,Promotion,104.0,104.0,Role progression
EMP10697,2025-05-16,Resignation,104.0,104.0,Voluntary exit
EMP10698,2022-11-02,Joining,,,Initial employment
EMP10698,2025-10-26,Transfer,101.0,102.0,Business transfer
EMP10698,2026-04-26,Leave of Absence,101.0,101.0,Temporary leave
EMP10699,2019-06-16,Joining,,,Initial employment
EMP10699,2022-09-04,Termination,105.0,105.0,Involuntary exit
EMP10699,2022-12-27,Transfer,105.0,108.0,Business transfer
EMP10700,2020-05-23,Joining,,,Initial employment
EMP10700,2024-02-23,Transfer,101.0,103.0,Business transfer
EMP10700,2023-02-20,Resignation,101.0,101.0,Voluntary exit
EMP10700,2025-03-19,Transfer,101.0,102.0,Business transfer
EMP10701,2023-07-20,Joining,,,Initial employment
EMP10702,2025-06-18,Joining,,,Initial employment
EMP10703,2021-02-01,Joining,,,Initial employment
EMP10703,2025-08-02,Resignation,104.0,104.0,Voluntary exit
EMP10704,2020-11-11,Joining,,,Initial employment
EMP10705,2025-11-29,Joining,,,Initial employment
EMP10706,2024-10-21,Joining,,,Initial employment
EMP10707,2022-03-10,Joining,,,Initial employment
EMP10707,2025-08-26,Termination,101.0,101.0,Involuntary exit
EMP10708,2020-08-04,Joining,,,Initial employment
EMP10708,2024-05-31,Manager Change,101.0,101.0,Reporting-line change
EMP10708,2021-08-13,Manager Change,101.0,101.0,Reporting-line change
EMP10708,2023-05-08,Rehire,101.0,101.0,Returned employee
EMP10708,2026-05-02,Resignation,101.0,101.0,Voluntary exit
EMP10709,2019-09-19,Joining,,,Initial employment
EMP10709,2025-01-26,Manager Change,101.0,101.0,Reporting-line change
EMP10709,2025-07-19,Resignation,101.0,101.0,Voluntary exit
EMP10709,2025-01-26,Leave of Absence,101.0,101.0,Temporary leave
EMP10710,2022-09-25,Joining,,,Initial employment
EMP10710,2026-04-10,Promotion,107.0,107.0,Role progression
EMP10710,2025-08-07,Manager Change,107.0,107.0,Reporting-line change
EMP10711,2022-08-24,Joining,,,Initial employment
EMP10712,2025-04-11,Joining,,,Initial employment
EMP10712,2026-05-10,Promotion,103.0,103.0,Role progression
EMP10712,2026-03-01,Rehire,103.0,103.0,Returned employee
EMP10713,2023-03-19,Joining,,,Initial employment
EMP10713,2025-08-15,Promotion,101.0,101.0,Role progression
EMP10714,2020-07-14,Joining,,,Initial employment
EMP10714,2023-02-01,Termination,105.0,105.0,Involuntary exit
EMP10715,2022-01-04,Joining,,,Initial employment
EMP10715,2023-07-22,Resignation,107.0,107.0,Voluntary exit
EMP10716,2024-03-18,JOINING,,,Initial employment
EMP10717,2019-06-24,Joining,,,Initial employment
EMP10717,2022-07-05,Resignation,105.0,105.0,Voluntary exit
EMP10717,2020-07-08,Termination,105.0,105.0,Involuntary exit
EMP10717,2022-04-18,Transfer,105.0,104.0,Business transfer
EMP10717,2020-11-20,Resignation,105.0,105.0,Voluntary exit
EMP10718,2024-11-26,Joining,,,Initial employment
EMP10718,2025-09-15,Transfer,101.0,108.0,Business transfer
EMP10719,2025-02-08,Joining,,,Initial employment
EMP10720,2019-07-11,Joining,,,Initial employment
EMP10720,2024-01-13,Rehire,101.0,101.0,Returned employee
EMP10720,2020-10-22,Transfer,101.0,106.0,Business transfer
EMP10721,2019-03-06,Joining,,,Initial employment
EMP10721,2025-02-01,Transfer,102.0,107.0,Business transfer
EMP10721,2020-11-13,Promotion,102.0,102.0,Role progression
EMP10721,2019-12-24,Transfer,102.0,103.0,Business transfer
EMP10721,2021-10-14,Rehire,102.0,102.0,Returned employee
EMP10722,2023-02-06,Joining,,,Initial employment
EMP10723,2023-04-17,Joining,,,Initial employment
EMP10723,2025-12-12,Transfer,102.0,106.0,Business transfer
EMP10723,2026-05-20,Resignation,102.0,102.0,Voluntary exit
EMP10723,2025-12-08,Promotion,102.0,102.0,Role progression
EMP10724,2022-02-25,Joining,,,Initial employment
EMP10725,2024-04-21,Joining,,,Initial employment
EMP10726,2020-01-04,Joining,,,Initial employment
EMP10726,2021-07-26,Resignation,105.0,105.0,Voluntary exit
EMP10727,2021-04-30,Joining,,,Initial employment
EMP10727,2023-09-11,Manager Change,107.0,107.0,Reporting-line change
EMP10728,2019-02-12,Joining,,,Initial employment
EMP10728,2023-12-25,Transfer,106.0,103.0,Business transfer
EMP10729,2024-03-22,Joining,,,Initial employment
EMP10730,2025-12-10,Joining,,,Initial employment
EMP10731,2019-03-19,Joining,,,Initial employment
EMP10731,2024-11-19,Transfer,102.0,101.0,Business transfer
EMP10731,2022-01-22,Transfer,102.0,102.0,Business transfer
EMP10732,2023-12-30,Joining,,,Initial employment
EMP10733,2022-07-17,Joining,,,Initial employment
EMP10733,2023-03-22,Resignation,102.0,102.0,Voluntary exit
EMP10734,2020-11-04,Joining,,,Initial employment
EMP10734,2024-04-24,Termination,108.0,108.0,Involuntary exit
EMP10735,2020-12-01,JOINING,,,Initial employment
EMP10736,2021-01-28,Joining,,,Initial employment
EMP10736,2024-05-16,Termination,102.0,102.0,Involuntary exit
EMP10737,2024-04-07,Joining,,,Initial employment
EMP10738,2021-06-20,Joining,,,Initial employment
EMP10738,2022-02-23,Transfer,101.0,104.0,Business transfer
EMP10739,2021-09-19,Joining,,,Initial employment
EMP10739,2025-03-08,Manager Change,106.0,106.0,Reporting-line change
EMP10740,2022-04-06,Joining,,,Initial employment
EMP10741,2025-07-14,Joining,,,Initial employment
EMP10742,2025-02-18,JOINING,,,Initial employment
EMP10743,2023-01-16,Joining,,,Initial employment
EMP10743,2025-06-18,Resignation,108.0,108.0,Voluntary exit
EMP10744,2025-05-19,Joining,,,Initial employment
EMP10745,2020-01-25,Joining,,,Initial employment
EMP10745,2023-01-17,Termination,107.0,107.0,Involuntary exit
EMP10746,2021-09-26,Joining,,,Initial employment
EMP10747,2020-06-08,Joining,,,Initial employment
EMP10747,2021-12-10,Transfer,105.0,101.0,Business transfer
EMP10748,2024-01-30,Joining,,,Initial employment
EMP10749,2023-02-15,Joining,,,Initial employment
EMP10750,2020-10-20,Joining,,,Initial employment
EMP10750,2025-03-09,Resignation,108.0,108.0,Voluntary exit
EMP10750,2026-02-23,Promotion,108.0,108.0,Role progression
EMP10750,2024-01-11,Resignation,108.0,108.0,Voluntary exit
EMP10750,2021-04-28,Leave of Absence,108.0,108.0,Temporary leave
EMP10750,2025-06-15,Transfer,108.0,103.0,Business transfer
EMP10751,2021-06-09,Joining,,,Initial employment
EMP10751,2024-01-04,Manager Change,108.0,108.0,Reporting-line change
EMP10752,2023-01-21,Joining,,,Initial employment
EMP10752,2024-12-15,Promotion,103.0,103.0,Role progression
EMP10752,2025-01-02,Transfer,103.0,103.0,Business transfer
EMP10753,2020-03-27,Joining,,,Initial employment
EMP10753,2021-07-23,Transfer,101.0,102.0,Business transfer
EMP10754,2025-10-11,Joining,,,Initial employment
EMP10755,2023-03-18,Joining,,,Initial employment
EMP10755,2024-01-04,Leave of Absence,107.0,107.0,Temporary leave
EMP10756,2021-06-01,Joining,,,Initial employment
EMP10756,2022-12-19,Transfer,106.0,103.0,Business transfer
EMP10756,2024-07-04,Resignation,106.0,106.0,Voluntary exit
EMP10756,2025-09-25,Termination,106.0,106.0,Involuntary exit
EMP10757,2019-11-09,Joining,,,Initial employment
EMP10757,2023-01-10,Resignation,103.0,103.0,Voluntary exit
EMP10758,2021-04-19,Joining,,,Initial employment
EMP10759,2026-01-10,Joining,,,Initial employment
EMP10760,2020-01-10,Joining,,,Initial employment
EMP10760,2021-07-16,Rehire,103.0,103.0,Returned employee
EMP10760,2021-03-28,Transfer,103.0,108.0,Business transfer
EMP10761,2020-03-26,Joining,,,Initial employment
EMP10761,2024-02-06,Promotion,108.0,108.0,Role progression
EMP10761,2022-06-17,Manager Change,108.0,108.0,Reporting-line change
EMP10761,2022-08-31,Termination,108.0,108.0,Involuntary exit
EMP10762,2020-08-17,Joining,,,Initial employment
EMP10762,2026-03-19,Leave of Absence,105.0,105.0,Temporary leave
EMP10763,2022-05-18,Joining,,,Initial employment
EMP10763,2024-06-19,Manager Change,102.0,102.0,Reporting-line change
EMP10764,2020-05-14,Joining,,,Initial employment
EMP10764,2023-08-14,Resignation,104.0,104.0,Voluntary exit
EMP10764,2026-01-14,Manager Change,104.0,104.0,Reporting-line change
EMP10764,2026-02-02,Transfer,104.0,107.0,Business transfer
EMP10764,2020-12-17,Leave of Absence,104.0,104.0,Temporary leave
EMP10764,2021-09-02,Promotion,104.0,104.0,Role progression
EMP10765,2020-04-08,Joining,,,Initial employment
EMP10765,2022-09-22,Promotion,101.0,101.0,Role progression
EMP10765,2022-10-09,Manager Change,101.0,101.0,Reporting-line change
EMP10766,2019-04-23,Joining,,,Initial employment
EMP10767,2021-11-01,Joining,,,Initial employment
EMP10768,2025-07-06,Joining,,,Initial employment
EMP10769,2024-04-08,Joining,,,Initial employment
EMP10769,2025-08-04,Termination,102.0,102.0,Involuntary exit
EMP10770,2019-05-20,Joining,,,Initial employment
EMP10770,2023-12-04,Transfer,106.0,104.0,Business transfer
EMP10771,2022-11-25,Joining,,,Initial employment
EMP10771,2025-02-25,Transfer,106.0,102.0,Business transfer
EMP10771,2025-10-15,Resignation,106.0,106.0,Voluntary exit
EMP10772,2020-05-31,Joining,,,Initial employment
EMP10773,2026-03-01,Joining,,,Initial employment
EMP10774,2024-05-01,Joining,,,Initial employment
EMP10774,2026-01-04,Manager Change,102.0,102.0,Reporting-line change
EMP10775,2024-12-05,Joining,,,Initial employment
EMP10776,2021-06-06,Joining,,,Initial employment
EMP10777,2022-09-03,Joining,,,Initial employment
EMP10778,2019-02-19,Joining,,,Initial employment
EMP10778,2021-04-11,Transfer,105.0,105.0,Business transfer
EMP10778,2020-12-31,Termination,105.0,105.0,Involuntary exit
EMP10779,2019-01-19,Joining,,,Initial employment
EMP10779,2019-10-26,Promotion,107.0,107.0,Role progression
EMP10779,2022-08-04,Rehire,107.0,107.0,Returned employee
EMP10779,2023-10-14,Resignation,107.0,107.0,Voluntary exit
EMP10779,2020-04-20,Termination,107.0,107.0,Involuntary exit
EMP10780,2020-12-26,Joining,,,Initial employment
EMP10780,2023-12-26,Transfer,107.0,104.0,Business transfer
EMP10781,2025-02-22,Joining,,,Initial employment
EMP10782,2023-01-13,Joining,,,Initial employment
EMP10783,2026-02-19,Joining,,,Initial employment
EMP10784,2020-03-27,Joining,,,Initial employment
EMP10784,2022-05-14,Manager Change,106.0,106.0,Reporting-line change
EMP10784,2024-11-30,Promotion,106.0,106.0,Role progression
EMP10785,2025-05-25,Joining,,,Initial employment
EMP10786,2022-03-10,Joining,,,Initial employment
EMP10786,2025-02-05,Rehire,102.0,102.0,Returned employee
EMP10786,2026-01-12,Transfer,102.0,101.0,Business transfer
EMP10787,2022-01-12,Joining,,,Initial employment
EMP10788,2025-09-04,Joining,,,Initial employment
EMP10789,2019-08-03,Joining,,,Initial employment
EMP10789,2021-04-19,Promotion,107.0,107.0,Role progression
EMP10790,2023-03-30,Joining,,,Initial employment
EMP10790,2024-12-16,Manager Change,102.0,102.0,Reporting-line change
EMP10791,2025-03-12,Joining,,,Initial employment
EMP10792,2019-05-08,Joining,,,Initial employment
EMP10792,2023-02-27,Leave of Absence,101.0,101.0,Temporary leave
EMP10792,2020-04-05,Transfer,101.0,103.0,Business transfer
EMP10792,2025-02-14,Manager Change,101.0,101.0,Reporting-line change
EMP10793,2024-01-20,Joining,,,Initial employment
EMP10794,2021-01-29,Joining,,,Initial employment
EMP10794,2022-01-30,Termination,108.0,108.0,Involuntary exit
EMP10794,2026-04-12,Rehire,108.0,108.0,Returned employee
EMP10795,2025-09-17,Joining,,,Initial employment
EMP10795,2026-04-19,Transfer,107.0,101.0,Business transfer
EMP10796,2023-12-21,Joining,,,Initial employment
EMP10797,2025-07-13,Joining,,,Initial employment
EMP10798,2019-12-27,Joining,,,Initial employment
EMP10798,2024-03-01,Transfer,107.0,108.0,Business transfer
EMP10799,2020-07-22,Joining,,,Initial employment
EMP10799,2022-06-26,Leave of Absence,103.0,103.0,Temporary leave
EMP10800,2022-11-16,Joining,,,Initial employment
EMP10801,2025-03-15,Joining,,,Initial employment
EMP10802,2023-05-17,Joining,,,Initial employment
EMP10802,2024-01-16,Promotion,101.0,101.0,Role progression
EMP10802,2026-06-03,Promotion,101.0,101.0,Role progression
EMP10803,2023-08-20,Joining,,,Initial employment
EMP10804,2019-07-21,Joining,,,Initial employment
EMP10804,2025-02-18,Transfer,104.0,102.0,Business transfer
EMP10804,2022-03-17,Promotion,104.0,104.0,Role progression
EMP10805,2024-08-26,Joining,,,Initial employment
EMP10806,2025-06-27,Joining,,,Initial employment
EMP10807,2020-06-01,Joining,,,Initial employment
EMP10808,2022-09-10,Joining,,,Initial employment
EMP10808,2024-10-26,Manager Change,101.0,101.0,Reporting-line change
EMP10809,2022-12-06,Joining,,,Initial employment
EMP10810,2022-09-03,Joining,,,Initial employment
EMP10810,2023-07-31,Termination,107.0,107.0,Involuntary exit
EMP10810,2026-06-09,Transfer,107.0,107.0,Business transfer
EMP10810,2025-05-15,Manager Change,107.0,107.0,Reporting-line change
EMP10810,2024-01-25,Manager Change,107.0,107.0,Reporting-line change
EMP10811,2020-11-11,Joining,,,Initial employment
EMP10812,2024-06-11,Joining,,,Initial employment
EMP10812,2025-06-24,Transfer,101.0,106.0,Business transfer
EMP10813,2023-01-31,Joining,,,Initial employment
EMP10813,2025-12-13,Termination,104.0,104.0,Involuntary exit
EMP10813,2024-03-28,Manager Change,104.0,104.0,Reporting-line change
EMP10814,2020-02-29,Joining,,,Initial employment
EMP10814,2021-11-18,Manager Change,107.0,107.0,Reporting-line change
EMP10814,2023-12-03,Termination,107.0,107.0,Involuntary exit
EMP10814,2024-01-31,Rehire,107.0,107.0,Returned employee
EMP10815,2024-05-22,Joining,,,Initial employment
EMP10816,2023-09-09,Joining,,,Initial employment
EMP10817,2025-08-31,Joining,,,Initial employment
EMP10817,2026-04-11,Resignation,105.0,105.0,Voluntary exit
EMP10818,2021-02-16,Joining,,,Initial employment
EMP10818,2023-03-14,Leave of Absence,102.0,102.0,Temporary leave
EMP10819,2024-11-15,Joining,,,Initial employment
EMP10819,2026-03-13,Rehire,101.0,101.0,Returned employee
EMP10820,2024-01-01,Joining,,,Initial employment
EMP10821,2019-07-27,Joining,,,Initial employment
EMP10821,2025-03-24,Resignation,105.0,105.0,Voluntary exit
EMP10821,2020-11-06,Transfer,105.0,102.0,Business transfer
EMP10822,2023-03-18,Joining,,,Initial employment
EMP10823,2023-07-18,Joining,,,Initial employment
EMP10823,2024-01-20,Transfer,106.0,106.0,Business transfer
EMP10824,2026-03-18,Joining,,,Initial employment
EMP10825,2025-01-22,Joining,,,Initial employment
EMP10826,2019-01-22,Joining,,,Initial employment
EMP10827,2019-06-03,Joining,,,Initial employment
EMP10827,2023-12-21,Termination,101.0,101.0,Involuntary exit
EMP10827,2020-10-09,Rehire,101.0,101.0,Returned employee
EMP10827,2021-01-07,Transfer,101.0,101.0,Business transfer
EMP10828,2024-05-16,Joining,,,Initial employment
EMP10829,2019-08-07,Joining,,,Initial employment
EMP10829,2025-07-24,Transfer,106.0,107.0,Business transfer
EMP10829,2020-09-01,Rehire,106.0,106.0,Returned employee
EMP10829,2020-09-19,Promotion,106.0,106.0,Role progression
EMP10830,2020-10-30,Joining,,,Initial employment
EMP10830,2022-09-28,Termination,107.0,107.0,Involuntary exit
EMP10830,2021-05-18,Rehire,107.0,107.0,Returned employee
EMP10831,2023-02-27,Joining,,,Initial employment
EMP10832,2025-03-27,Joining,,,Initial employment
EMP10832,2025-10-30,Transfer,105.0,106.0,Business transfer
EMP10833,2024-08-29,Joining,,,Initial employment
EMP10834,2026-02-13,Joining,,,Initial employment
EMP10835,2021-08-07,Joining,,,Initial employment
EMP10835,2023-10-03,Manager Change,107.0,107.0,Reporting-line change
EMP10836,2025-01-04,Joining,,,Initial employment
EMP10837,2020-02-07,Joining,,,Initial employment
EMP10838,2020-08-18,Joining,,,Initial employment
EMP10838,2023-12-30,Promotion,107.0,107.0,Role progression
EMP10838,2023-06-23,Rehire,107.0,107.0,Returned employee
EMP10838,2026-06-15,Resignation,107.0,107.0,Voluntary exit
EMP10839,2025-08-11,Joining,,,Initial employment
EMP10840,2022-12-08,Joining,,,Initial employment
EMP10840,2025-07-17,Manager Change,107.0,107.0,Reporting-line change
EMP10841,2022-03-03,Joining,,,Initial employment
EMP10842,2023-10-09,Joining,,,Initial employment
EMP10842,2025-01-21,Manager Change,106.0,106.0,Reporting-line change
EMP10843,2022-07-30,Joining,,,Initial employment
EMP10844,2019-03-14,Joining,,,Initial employment
EMP10844,2023-10-09,Transfer,102.0,101.0,Business transfer
EMP10845,2020-04-25,Joining,,,Initial employment
EMP10845,2022-04-03,Resignation,105.0,105.0,Voluntary exit
EMP10846,2020-07-13,Joining,,,Initial employment
EMP10846,2026-02-28,Manager Change,102.0,102.0,Reporting-line change
EMP10846,2025-08-27,Resignation,102.0,102.0,Voluntary exit
EMP10847,2021-01-14,Joining,,,Initial employment
EMP10847,2023-07-19,Resignation,108.0,108.0,Voluntary exit
EMP10847,2024-09-12,Leave of Absence,108.0,108.0,Temporary leave
EMP10847,2022-02-27,Manager Change,108.0,108.0,Reporting-line change
EMP10847,2026-04-29,Rehire,108.0,108.0,Returned employee
EMP10847,2026-04-20,Transfer,108.0,105.0,Business transfer
EMP10847,2022-06-01,Manager Change,108.0,108.0,Reporting-line change
EMP10848,2023-01-06,Joining,,,Initial employment
EMP10849,2019-04-10,Joining,,,Initial employment
EMP10849,2022-02-27,Promotion,104.0,104.0,Role progression
EMP10849,2019-10-11,Manager Change,104.0,104.0,Reporting-line change
EMP10849,2020-05-28,Manager Change,104.0,104.0,Reporting-line change
EMP10850,2021-12-18,Joining,,,Initial employment
EMP10851,2025-12-30,Joining,,,Initial employment
EMP10852,2025-04-24,Joining,,,Initial employment
EMP10853,2020-02-17,Joining,,,Initial employment
EMP10854,2021-12-24,Joining,,,Initial employment
EMP10854,2022-12-10,Transfer,103.0,106.0,Business transfer
EMP10855,2026-03-27,Joining,,,Initial employment
EMP10856,2022-03-23,Joining,,,Initial employment
EMP10856,2024-06-12,Rehire,102.0,102.0,Returned employee
EMP10856,2024-10-03,Promotion,102.0,102.0,Role progression
EMP10856,2025-04-24,Manager Change,102.0,102.0,Reporting-line change
EMP10857,2024-07-01,Joining,,,Initial employment
EMP10857,2025-06-19,Manager Change,101.0,101.0,Reporting-line change
EMP10858,2025-05-02,Joining,,,Initial employment
EMP10859,2021-03-31,Joining,,,Initial employment
EMP10859,2022-03-11,Promotion,103.0,103.0,Role progression
EMP10860,2020-10-23,Joining,,,Initial employment
EMP10860,2025-10-31,Transfer,108.0,108.0,Business transfer
EMP10861,2020-07-13,Joining,,,Initial employment
EMP10861,2022-07-02,Termination,101.0,101.0,Involuntary exit
EMP10862,2022-06-25,Joining,,,Initial employment
EMP10862,2026-05-01,Promotion,105.0,105.0,Role progression
EMP10863,2023-12-19,Joining,,,Initial employment
EMP10864,2020-09-01,Joining,,,Initial employment
EMP10864,2023-08-27,Leave of Absence,101.0,101.0,Temporary leave
EMP10864,2023-08-29,Promotion,101.0,101.0,Role progression
EMP10865,2025-09-27,Joining,,,Initial employment
EMP10866,2019-01-25,Joining,,,Initial employment
EMP10866,2022-02-20,Resignation,105.0,105.0,Voluntary exit
EMP10866,2024-12-29,Manager Change,105.0,105.0,Reporting-line change
EMP10866,2024-05-31,Rehire,105.0,105.0,Returned employee
EMP10866,2020-02-26,Resignation,105.0,105.0,Voluntary exit
EMP10867,2024-07-21,Joining,,,Initial employment
EMP10867,2026-06-01,Resignation,106.0,106.0,Voluntary exit
EMP10868,2019-10-11,Joining,,,Initial employment
EMP10868,2025-04-02,Manager Change,102.0,102.0,Reporting-line change
EMP10868,2024-03-31,Leave of Absence,102.0,102.0,Temporary leave
EMP10869,2023-01-12,Joining,,,Initial employment
EMP10869,2024-08-14,Rehire,103.0,103.0,Returned employee
EMP10869,2025-05-22,Rehire,103.0,103.0,Returned employee
EMP10870,2019-10-28,Joining,,,Initial employment
EMP10870,2023-08-09,Promotion,103.0,103.0,Role progression
EMP10871,2021-12-27,Joining,,,Initial employment
EMP10872,2021-10-27,Joining,,,Initial employment
EMP10872,2024-12-24,Transfer,102.0,106.0,Business transfer
EMP10873,2021-03-27,Joining,,,Initial employment
EMP10874,2019-03-24,Joining,,,Initial employment
EMP10874,2020-11-07,Manager Change,102.0,102.0,Reporting-line change
EMP10874,2021-11-12,Leave of Absence,102.0,102.0,Temporary leave
EMP10874,2021-06-12,Transfer,102.0,102.0,Business transfer
EMP10875,2024-04-04,Joining,,,Initial employment
EMP10875,2025-05-03,Manager Change,104.0,104.0,Reporting-line change
EMP10876,2024-09-24,Joining,,,Initial employment
EMP10877,2020-09-09,Joining,,,Initial employment
EMP10877,2024-09-27,Termination,108.0,108.0,Involuntary exit
EMP10877,2021-07-09,Rehire,108.0,108.0,Returned employee
EMP10878,2025-04-28,Joining,,,Initial employment
EMP10879,2019-06-25,Joining,,,Initial employment
EMP10879,2023-08-17,Promotion,107.0,107.0,Role progression
EMP10879,2023-01-21,Manager Change,107.0,107.0,Reporting-line change
EMP10880,2022-04-04,Joining,,,Initial employment
EMP10881,2026-05-28,Joining,,,Initial employment
EMP10882,2021-04-21,Joining,,,Initial employment
EMP10883,2020-01-05,Joining,,,Initial employment
EMP10883,2022-10-15,Leave of Absence,101.0,101.0,Temporary leave
EMP10883,2022-08-25,Transfer,101.0,106.0,Business transfer
EMP10883,2025-04-08,Promotion,101.0,101.0,Role progression
EMP10884,2023-12-24,Joining,,,Initial employment
EMP10885,2024-10-02,Joining,,,Initial employment
EMP10886,2020-11-20,Joining,,,Initial employment
EMP10886,2022-11-28,Manager Change,108.0,108.0,Reporting-line change
EMP10886,2023-05-12,Resignation,108.0,108.0,Voluntary exit
EMP10887,2023-11-15,Joining,,,Initial employment
EMP10888,2022-09-26,Joining,,,Initial employment
EMP10888,2023-12-18,Transfer,102.0,108.0,Business transfer
EMP10888,2025-05-25,Promotion,102.0,102.0,Role progression
EMP10889,2022-12-03,Joining,,,Initial employment
EMP10889,2024-03-23,Rehire,101.0,101.0,Returned employee
EMP10890,2020-01-02,Joining,,,Initial employment
EMP10890,2021-01-10,Manager Change,102.0,102.0,Reporting-line change
EMP10891,2020-10-05,Joining,,,Initial employment
EMP10891,2025-09-21,Manager Change,101.0,101.0,Reporting-line change
EMP10891,2024-12-12,Resignation,101.0,101.0,Voluntary exit
EMP10891,2023-10-14,Resignation,101.0,101.0,Voluntary exit
EMP10892,2025-08-23,Joining,,,Initial employment
EMP10893,2019-03-14,Joining,,,Initial employment
EMP10893,2022-10-08,Transfer,101.0,105.0,Business transfer
EMP10894,2022-06-25,Joining,,,Initial employment
EMP10894,2024-01-20,Manager Change,103.0,103.0,Reporting-line change
EMP10895,2021-05-09,Joining,,,Initial employment
EMP10895,2022-10-06,Resignation,107.0,107.0,Voluntary exit
EMP10896,2019-02-12,Joining,,,Initial employment
EMP10896,2020-08-02,Promotion,101.0,101.0,Role progression
EMP10896,2023-09-21,Promotion,101.0,101.0,Role progression
EMP10896,2019-12-16,Leave of Absence,101.0,101.0,Temporary leave
EMP10896,2020-08-22,Manager Change,101.0,101.0,Reporting-line change
EMP10897,2025-08-21,Joining,,,Initial employment
EMP10897,2026-06-17,Promotion,101.0,101.0,Role progression
EMP10898,2021-11-30,Joining,,,Initial employment
EMP10899,2025-01-26,Joining,,,Initial employment
EMP10899,2026-02-19,Promotion,101.0,101.0,Role progression
EMP10900,2025-03-09,Joining,,,Initial employment
EMP10901,2023-02-25,Joining,,,Initial employment
EMP10902,2024-09-17,Joining,,,Initial employment
EMP10903,2020-01-04,Joining,,,Initial employment
EMP10903,2025-07-13,Rehire,107.0,107.0,Returned employee
EMP10904,2019-05-31,Joining,,,Initial employment
EMP10904,2021-07-22,Manager Change,102.0,102.0,Reporting-line change
EMP10904,2021-01-29,Rehire,102.0,102.0,Returned employee
EMP10904,2022-04-11,Transfer,102.0,103.0,Business transfer
EMP10905,2022-02-08,Joining,,,Initial employment
EMP10905,2025-06-01,Transfer,105.0,105.0,Business transfer
EMP10906,2023-02-12,Joining,,,Initial employment
EMP10906,2025-06-30,Leave of Absence,104.0,104.0,Temporary leave
EMP10906,2023-10-09,Promotion,104.0,104.0,Role progression
EMP10906,2025-11-01,Transfer,104.0,108.0,Business transfer
EMP10907,2022-12-30,Joining,,,Initial employment
EMP10907,2023-07-03,Promotion,106.0,106.0,Role progression
EMP10908,2021-12-06,Joining,,,Initial employment
EMP10908,2022-06-18,Transfer,106.0,108.0,Business transfer
EMP10909,2021-10-20,Joining,,,Initial employment
EMP10910,2023-05-18,Joining,,,Initial employment
EMP10910,2024-07-08,Leave of Absence,102.0,102.0,Temporary leave
EMP10910,2025-04-18,Termination,102.0,102.0,Involuntary exit
EMP10911,2024-08-02,Joining,,,Initial employment
EMP10911,2025-02-14,Manager Change,101.0,101.0,Reporting-line change
EMP10912,2022-10-21,Joining,,,Initial employment
EMP10912,2023-09-12,Promotion,103.0,103.0,Role progression
EMP10913,2019-03-10,Joining,,,Initial employment
EMP10913,2024-01-26,Transfer,107.0,108.0,Business transfer
EMP10913,2022-07-17,Transfer,107.0,101.0,Business transfer
EMP10913,2022-05-22,Rehire,107.0,107.0,Returned employee
EMP10914,2025-06-04,Joining,,,Initial employment
EMP10914,2026-01-05,Leave of Absence,104.0,104.0,Temporary leave
EMP10915,2021-08-01,Joining,,,Initial employment
EMP10915,2025-02-21,Transfer,107.0,107.0,Business transfer
EMP10915,2023-12-22,Resignation,107.0,107.0,Voluntary exit
EMP10916,2021-03-12,Joining,,,Initial employment
EMP10916,2024-08-25,Manager Change,108.0,108.0,Reporting-line change
EMP10916,2022-07-10,Promotion,108.0,108.0,Role progression
EMP10917,2025-06-01,Joining,,,Initial employment
EMP10918,2025-02-28,Joining,,,Initial employment
EMP10919,2019-03-02,Joining,,,Initial employment
EMP10919,2022-04-02,Manager Change,106.0,106.0,Reporting-line change
EMP10920,2021-08-03,Joining,,,Initial employment
EMP10920,2023-11-04,Rehire,108.0,108.0,Returned employee
EMP10920,2023-07-27,Promotion,108.0,108.0,Role progression
EMP10921,2022-08-30,Joining,,,Initial employment
EMP10922,2022-03-30,Joining,,,Initial employment
EMP10923,2019-11-27,Joining,,,Initial employment
EMP10923,2025-04-19,Transfer,102.0,106.0,Business transfer
EMP10924,2023-04-01,Joining,,,Initial employment
EMP10925,2019-12-04,Joining,,,Initial employment
EMP10925,2021-12-19,Promotion,101.0,101.0,Role progression
EMP10926,2023-06-18,Joining,,,Initial employment
EMP10926,2024-04-22,Rehire,107.0,107.0,Returned employee
EMP10927,2022-08-20,Joining,,,Initial employment
EMP10927,2024-06-24,Manager Change,108.0,108.0,Reporting-line change
EMP10927,2026-05-02,Promotion,108.0,108.0,Role progression
EMP10927,2026-03-14,Transfer,108.0,107.0,Business transfer
EMP10927,2024-01-26,Promotion,108.0,108.0,Role progression
EMP10928,2023-03-07,Joining,,,Initial employment
EMP10929,2023-08-01,Joining,,,Initial employment
EMP10930,2022-09-23,Joining,,,Initial employment
EMP10930,2025-07-17,Termination,103.0,103.0,Involuntary exit
EMP10931,2023-04-23,Joining,,,Initial employment
EMP10931,2025-05-25,Manager Change,103.0,103.0,Reporting-line change
EMP10931,2025-01-14,Termination,103.0,103.0,Involuntary exit
EMP10932,2026-05-10,Joining,,,Initial employment
EMP10933,2019-10-02,Joining,,,Initial employment
EMP10933,2020-04-02,Rehire,107.0,107.0,Returned employee
EMP10934,2022-04-02,Joining,,,Initial employment
EMP10934,2023-04-03,Promotion,108.0,108.0,Role progression
EMP10935,2025-06-24,Joining,,,Initial employment
EMP10936,2026-03-21,Joining,,,Initial employment
EMP10937,2025-12-26,Joining,,,Initial employment
EMP10938,2025-08-31,Joining,,,Initial employment
EMP10939,2024-06-16,Joining,,,Initial employment
EMP10939,2025-11-08,Manager Change,102.0,102.0,Reporting-line change
EMP10939,2026-05-02,Promotion,102.0,102.0,Role progression
EMP10940,2021-05-19,Joining,,,Initial employment
EMP10940,2023-05-30,Promotion,101.0,101.0,Role progression
EMP10940,2026-02-24,Transfer,101.0,106.0,Business transfer
EMP10940,2026-06-09,Termination,101.0,101.0,Involuntary exit
EMP10940,2021-12-15,Termination,101.0,101.0,Involuntary exit
EMP10941,2021-10-11,Joining,,,Initial employment
EMP10941,2023-05-07,Manager Change,102.0,102.0,Reporting-line change
EMP10942,2024-03-26,Joining,,,Initial employment
EMP10942,2024-12-21,Manager Change,108.0,108.0,Reporting-line change
EMP10943,2020-08-25,Joining,,,Initial employment
EMP10944,2023-12-05,Joining,,,Initial employment
EMP10945,2020-11-21,Joining,,,Initial employment
EMP10945,2024-02-10,Termination,102.0,102.0,Involuntary exit
EMP10945,2024-03-05,Leave of Absence,102.0,102.0,Temporary leave
EMP10946,2020-05-08,Joining,,,Initial employment
EMP10946,2025-08-21,Termination,106.0,106.0,Involuntary exit
EMP10946,2023-03-27,Promotion,106.0,106.0,Role progression
EMP10946,2022-10-21,Promotion,106.0,106.0,Role progression
EMP10947,2020-05-04,Joining,,,Initial employment
EMP10947,2023-07-31,Resignation,101.0,101.0,Voluntary exit
EMP10947,2023-10-16,Promotion,101.0,101.0,Role progression
EMP10947,2025-01-07,Promotion,101.0,101.0,Role progression
EMP10948,2025-12-31,Joining,,,Initial employment
EMP10949,2020-01-25,Joining,,,Initial employment
EMP10949,2025-05-25,Manager Change,105.0,105.0,Reporting-line change
EMP10949,2026-01-13,Rehire,105.0,105.0,Returned employee
EMP10950,2019-10-22,Joining,,,Initial employment
EMP10950,2022-03-14,Rehire,101.0,101.0,Returned employee
EMP10950,2022-10-28,Resignation,101.0,101.0,Voluntary exit
EMP10951,2022-10-24,Joining,,,Initial employment
EMP10951,2024-12-07,Transfer,107.0,106.0,Business transfer
EMP10952,2023-09-14,Joining,,,Initial employment
EMP10952,2024-06-03,Transfer,102.0,107.0,Business transfer
EMP10953,2026-02-09,Joining,,,Initial employment
EMP10954,2020-10-10,Joining,,,Initial employment
EMP10954,2023-02-15,Transfer,103.0,107.0,Business transfer
EMP10954,2023-09-15,Promotion,103.0,103.0,Role progression
EMP10955,2024-02-17,Joining,,,Initial employment
EMP10956,2020-07-21,Joining,,,Initial employment
EMP10956,2024-11-19,Manager Change,101.0,101.0,Reporting-line change
EMP10956,2025-03-08,Termination,101.0,101.0,Involuntary exit
EMP10957,2020-03-20,Joining,,,Initial employment
EMP10957,2025-05-23,Manager Change,101.0,101.0,Reporting-line change
EMP10958,2019-12-29,Joining,,,Initial employment
EMP10958,2020-07-21,Manager Change,108.0,108.0,Reporting-line change
EMP10958,2023-05-13,Rehire,108.0,108.0,Returned employee
EMP10959,2024-12-10,Joining,,,Initial employment
EMP10960,2022-04-26,Joining,,,Initial employment
EMP10960,2023-01-11,Termination,107.0,107.0,Involuntary exit
EMP10960,2025-09-14,Rehire,107.0,107.0,Returned employee
EMP10960,2025-01-20,Termination,107.0,107.0,Involuntary exit
EMP10961,2021-01-11,Joining,,,Initial employment
EMP10961,2022-04-24,Manager Change,108.0,108.0,Reporting-line change
EMP10961,2023-02-18,Transfer,108.0,105.0,Business transfer
EMP10961,2021-11-22,Transfer,108.0,102.0,Business transfer
EMP10962,2024-08-03,Joining,,,Initial employment
EMP10963,2020-11-10,Joining,,,Initial employment
EMP10963,2024-06-07,Promotion,102.0,102.0,Role progression
EMP10964,2025-10-03,Joining,,,Initial employment
EMP10965,2023-07-01,Joining,,,Initial employment
EMP10965,2024-01-29,Manager Change,108.0,108.0,Reporting-line change
EMP10966,2023-04-22,Joining,,,Initial employment
EMP10966,2025-11-08,Transfer,108.0,107.0,Business transfer
EMP10967,2022-09-20,Joining,,,Initial employment
EMP10967,2025-11-13,Transfer,103.0,103.0,Business transfer
EMP10968,2024-11-09,Joining,,,Initial employment
EMP10968,2026-04-12,Transfer,107.0,101.0,Business transfer
EMP10968,2025-06-27,Resignation,107.0,107.0,Voluntary exit
EMP10969,2019-03-04,Joining,,,Initial employment
EMP10969,2019-12-30,Promotion,101.0,101.0,Role progression
EMP10969,2024-04-28,Transfer,101.0,102.0,Business transfer
EMP10969,2022-11-23,Transfer,101.0,106.0,Business transfer
EMP10970,2026-01-03,Joining,,,Initial employment
EMP10971,2022-03-08,Joining,,,Initial employment
EMP10972,2022-05-13,Joining,,,Initial employment
EMP10972,2025-01-12,Termination,101.0,101.0,Involuntary exit
EMP10973,2019-09-13,Joining,,,Initial employment
EMP10973,2023-05-29,Termination,102.0,102.0,Involuntary exit
EMP10973,2023-11-01,Resignation,102.0,102.0,Voluntary exit
EMP10973,2021-10-23,Termination,102.0,102.0,Involuntary exit
EMP10974,2019-05-15,Joining,,,Initial employment
EMP10974,2022-03-11,Leave of Absence,101.0,101.0,Temporary leave
EMP10974,2022-04-10,Termination,101.0,101.0,Involuntary exit
EMP10975,2021-05-24,Joining,,,Initial employment
EMP10975,2023-09-01,Promotion,102.0,102.0,Role progression
EMP10975,2025-08-02,Manager Change,102.0,102.0,Reporting-line change
EMP10976,2021-04-01,Joining,,,Initial employment
EMP10977,2024-11-05,Joining,,,Initial employment
EMP10978,2021-04-02,Joining,,,Initial employment
EMP10978,2025-03-26,Leave of Absence,101.0,101.0,Temporary leave
EMP10978,2026-05-25,Transfer,101.0,105.0,Business transfer
EMP10978,2022-04-19,Manager Change,101.0,101.0,Reporting-line change
EMP10979,2021-08-31,Joining,,,Initial employment
EMP10979,2024-09-21,Manager Change,102.0,102.0,Reporting-line change
EMP10979,2023-02-27,Manager Change,102.0,102.0,Reporting-line change
EMP10979,2025-08-21,Transfer,102.0,103.0,Business transfer
EMP10980,2023-11-13,Joining,,,Initial employment
EMP10980,2025-07-05,Manager Change,108.0,108.0,Reporting-line change
EMP10980,2024-05-30,Promotion,108.0,108.0,Role progression
EMP10981,2019-05-01,Joining,,,Initial employment
EMP10981,2020-12-24,Transfer,105.0,108.0,Business transfer
EMP10982,2023-06-26,Joining,,,Initial employment
EMP10983,2022-09-26,Joining,,,Initial employment
EMP10983,2025-10-17,Transfer,101.0,103.0,Business transfer
EMP10984,2021-10-04,Joining,,,Initial employment
EMP10984,2025-04-07,Promotion,108.0,108.0,Role progression
EMP10985,2021-07-13,Joining,,,Initial employment
EMP10986,2020-10-06,Joining,,,Initial employment
EMP10986,2026-01-09,Rehire,102.0,102.0,Returned employee
EMP10986,2022-07-12,Transfer,102.0,108.0,Business transfer
EMP10987,2024-07-25,Joining,,,Initial employment
EMP10988,2024-08-30,Joining,,,Initial employment
EMP10989,2019-08-30,Joining,,,Initial employment
EMP10989,2021-05-22,Transfer,101.0,103.0,Business transfer
EMP10989,2020-12-22,Promotion,101.0,101.0,Role progression
EMP10990,2025-11-07,Joining,,,Initial employment
EMP10991,2026-04-22,Joining,,,Initial employment
EMP10992,2025-06-08,Joining,,,Initial employment
EMP10993,2023-06-08,Joining,,,Initial employment
EMP10993,2024-07-16,Promotion,107.0,107.0,Role progression
EMP10993,2024-01-03,Promotion,107.0,107.0,Role progression
EMP10994,2021-03-13,Joining,,,Initial employment
EMP10994,2025-01-18,Manager Change,103.0,103.0,Reporting-line change
EMP10995,2021-08-21,Joining,,,Initial employment
EMP10995,2026-06-17,Manager Change,106.0,106.0,Reporting-line change
EMP10995,2023-03-10,Transfer,106.0,103.0,Business transfer
EMP10995,2022-04-12,Rehire,106.0,106.0,Returned employee
EMP10996,2019-03-10,Joining,,,Initial employment
EMP10996,2023-10-25,Resignation,106.0,106.0,Voluntary exit
EMP10996,2023-01-23,Resignation,106.0,106.0,Voluntary exit
EMP10996,2022-12-09,Leave of Absence,106.0,106.0,Temporary leave
EMP10996,2023-11-05,Manager Change,106.0,106.0,Reporting-line change
EMP10997,2022-02-26,Joining,,,Initial employment
EMP10997,2024-06-25,Promotion,101.0,101.0,Role progression
EMP10998,2019-07-15,Joining,,,Initial employment
EMP10998,2020-09-20,Rehire,103.0,103.0,Returned employee
EMP10999,2024-12-27,Joining,,,Initial employment
EMP11000,2025-05-19,Joining,,,Initial employment
EMP11001,2025-06-17,Joining,,,Initial employment
EMP11002,2021-01-15,Joining,,,Initial employment
EMP11003,2023-08-16,Joining,,,Initial employment
EMP11003,2026-05-12,Transfer,108.0,102.0,Business transfer
EMP11004,2019-10-04,Joining,,,Initial employment
EMP11004,2024-07-20,Manager Change,103.0,103.0,Reporting-line change
EMP11004,2021-11-22,Termination,103.0,103.0,Involuntary exit
EMP11004,2021-04-06,Manager Change,103.0,103.0,Reporting-line change
EMP11005,2019-03-02,Joining,,,Initial employment
EMP11005,2021-06-30,Leave of Absence,107.0,107.0,Temporary leave
EMP11005,2021-09-12,Resignation,107.0,107.0,Voluntary exit
EMP11006,2024-03-28,Joining,,,Initial employment
EMP11006,2026-04-30,Manager Change,103.0,103.0,Reporting-line change
EMP11007,2024-09-30,Joining,,,Initial employment
EMP11008,2025-01-09,Joining,,,Initial employment
EMP11009,2023-11-08,Joining,,,Initial employment
EMP11010,2022-08-27,Joining,,,Initial employment
EMP11010,2023-07-12,Promotion,103.0,103.0,Role progression
EMP11011,2024-01-12,Joining,,,Initial employment
EMP11011,2025-10-10,Transfer,105.0,108.0,Business transfer
EMP11012,2026-02-04,Joining,,,Initial employment
EMP11013,2020-07-20,Joining,,,Initial employment
EMP11014,2023-04-21,Joining,,,Initial employment
EMP11014,2025-07-03,Promotion,101.0,101.0,Role progression
EMP11015,2020-09-13,Joining,,,Initial employment
EMP11015,2025-03-29,Rehire,101.0,101.0,Returned employee
EMP11015,2022-04-11,Promotion,101.0,101.0,Role progression
EMP11016,2024-07-18,Joining,,,Initial employment
EMP11017,2022-04-15,Joining,,,Initial employment
EMP11017,2023-05-10,Resignation,107.0,107.0,Voluntary exit
EMP11017,2023-06-17,Termination,107.0,107.0,Involuntary exit
EMP11017,2024-09-25,Resignation,107.0,107.0,Voluntary exit
EMP11017,2024-11-03,Manager Change,107.0,107.0,Reporting-line change
EMP11017,2023-03-19,Promotion,107.0,107.0,Role progression
EMP11018,2019-11-10,Joining,,,Initial employment
EMP11019,2024-11-14,Joining,,,Initial employment
EMP11020,2022-05-21,Joining,,,Initial employment
EMP11020,2024-09-15,Transfer,106.0,105.0,Business transfer
EMP11021,2019-05-17,Joining,,,Initial employment
EMP11021,2023-12-29,Leave of Absence,102.0,102.0,Temporary leave
EMP11021,2023-04-06,Termination,102.0,102.0,Involuntary exit
EMP11021,2019-12-08,Promotion,102.0,102.0,Role progression
EMP11022,2021-10-26,Joining,,,Initial employment
EMP11022,2026-06-08,Rehire,103.0,103.0,Returned employee
EMP11023,2024-11-26,Joining,,,Initial employment
EMP11023,2026-05-20,Termination,101.0,101.0,Involuntary exit
EMP11023,2025-07-12,Resignation,101.0,101.0,Voluntary exit
EMP11024,2026-02-07,Joining,,,Initial employment
EMP11025,2020-10-23,Joining,,,Initial employment
EMP11025,2024-05-24,Promotion,107.0,107.0,Role progression
EMP11025,2021-06-15,Promotion,107.0,107.0,Role progression
EMP11025,2026-01-06,Promotion,107.0,107.0,Role progression
EMP11026,2025-10-08,Joining,,,Initial employment
EMP11027,2026-05-01,Joining,,,Initial employment
EMP11028,2025-04-27,Joining,,,Initial employment
EMP11028,2026-02-26,Leave of Absence,107.0,107.0,Temporary leave
EMP11029,2019-03-28,Joining,,,Initial employment
EMP11029,2022-12-16,Promotion,101.0,101.0,Role progression
EMP11029,2021-06-10,Termination,101.0,101.0,Involuntary exit
EMP11029,2022-05-08,Promotion,101.0,101.0,Role progression
EMP11029,2024-11-17,Leave of Absence,101.0,101.0,Temporary leave
EMP11030,2025-11-17,Joining,,,Initial employment
EMP11031,2024-10-24,Joining,,,Initial employment
EMP11032,2025-11-23,Joining,,,Initial employment
EMP11033,2025-09-27,Joining,,,Initial employment
EMP11034,2025-11-09,Joining,,,Initial employment
EMP11035,2022-08-01,Joining,,,Initial employment
EMP11035,2023-05-20,Termination,101.0,101.0,Involuntary exit
EMP11035,2024-10-16,Promotion,101.0,101.0,Role progression
EMP11036,2023-08-28,Joining,,,Initial employment
EMP11036,2025-07-30,Transfer,103.0,106.0,Business transfer
EMP11037,2026-05-24,Joining,,,Initial employment
EMP11038,2026-06-12,Joining,,,Initial employment
EMP11039,2020-05-09,Joining,,,Initial employment
EMP11039,2020-12-06,Resignation,106.0,106.0,Voluntary exit
EMP11040,2023-07-06,Joining,,,Initial employment
EMP11040,2024-10-16,Termination,102.0,102.0,Involuntary exit
EMP11040,2025-03-22,Rehire,102.0,102.0,Returned employee
EMP11041,2024-04-26,Joining,,,Initial employment
EMP11041,2025-08-14,Rehire,107.0,107.0,Returned employee
EMP11042,2021-12-04,Joining,,,Initial employment
EMP11042,2024-11-18,Resignation,104.0,104.0,Voluntary exit
EMP11043,2022-11-25,Joining,,,Initial employment
EMP11044,2020-08-19,Joining,,,Initial employment
EMP11044,2025-09-19,Transfer,102.0,108.0,Business transfer
EMP11044,2022-02-23,Termination,102.0,102.0,Involuntary exit
EMP11044,2023-01-11,Promotion,102.0,102.0,Role progression
EMP11044,2024-01-21,Promotion,102.0,102.0,Role progression
EMP11045,2020-03-25,Joining,,,Initial employment
EMP11045,2024-08-16,Transfer,105.0,108.0,Business transfer
EMP11045,2025-08-11,Leave of Absence,105.0,105.0,Temporary leave
EMP11045,2023-05-23,Termination,105.0,105.0,Involuntary exit
EMP11045,2024-03-02,Transfer,105.0,103.0,Business transfer
EMP11045,2025-08-13,Manager Change,105.0,105.0,Reporting-line change
EMP11045,2024-06-01,Termination,105.0,105.0,Involuntary exit
EMP11046,2020-04-29,Joining,,,Initial employment
EMP11046,2024-06-01,Manager Change,107.0,107.0,Reporting-line change
EMP11046,2025-12-13,Promotion,107.0,107.0,Role progression
EMP11047,2020-10-07,Joining,,,Initial employment
EMP11047,2025-03-14,Termination,103.0,103.0,Involuntary exit
EMP11048,2026-04-21,Joining,,,Initial employment
EMP11049,2023-06-18,Joining,,,Initial employment
EMP11050,2020-10-23,Joining,,,Initial employment
EMP11050,2026-05-30,Resignation,106.0,106.0,Voluntary exit
EMP11050,2022-11-28,Transfer,106.0,102.0,Business transfer
EMP11050,2024-09-10,Leave of Absence,106.0,106.0,Temporary leave
EMP11050,2024-04-07,Transfer,106.0,108.0,Business transfer
EMP11051,2021-01-27,Joining,,,Initial employment
EMP11051,2023-01-16,Transfer,103.0,104.0,Business transfer
EMP11051,2025-10-29,Transfer,103.0,105.0,Business transfer
EMP11051,2024-03-21,Termination,103.0,103.0,Involuntary exit
EMP11051,2022-01-13,Resignation,103.0,103.0,Voluntary exit
EMP11052,2019-10-16,Joining,,,Initial employment
EMP11052,2025-09-10,Manager Change,103.0,103.0,Reporting-line change
EMP11052,2020-09-19,Manager Change,103.0,103.0,Reporting-line change
EMP11053,2020-12-21,Joining,,,Initial employment
EMP11053,2021-06-21,Manager Change,102.0,102.0,Reporting-line change
EMP11053,2023-09-28,Transfer,102.0,106.0,Business transfer
EMP11053,2025-11-30,Leave of Absence,102.0,102.0,Temporary leave
EMP11053,2024-05-07,Transfer,102.0,102.0,Business transfer
EMP11054,2020-09-29,Joining,,,Initial employment
EMP11055,2025-04-01,Joining,,,Initial employment
EMP11055,2026-03-03,Leave of Absence,102.0,102.0,Temporary leave
EMP11056,2025-09-29,Joining,,,Initial employment
EMP11057,2020-05-13,Joining,,,Initial employment
EMP11057,2022-05-07,Transfer,103.0,104.0,Business transfer
EMP11057,2025-03-28,Leave of Absence,103.0,103.0,Temporary leave
EMP11057,2025-12-01,Promotion,103.0,103.0,Role progression
EMP11058,2020-09-25,Joining,,,Initial employment
EMP11059,2023-08-01,Joining,,,Initial employment
EMP11059,2024-07-31,Termination,104.0,104.0,Involuntary exit
EMP11060,2024-07-23,Joining,,,Initial employment
EMP11061,2019-04-25,Joining,,,Initial employment
EMP11061,2024-01-07,Manager Change,107.0,107.0,Reporting-line change
EMP11062,2020-11-04,Joining,,,Initial employment
EMP11063,2023-10-03,Joining,,,Initial employment
EMP11064,2022-06-11,Joining,,,Initial employment
EMP11064,2023-05-15,Promotion,104.0,104.0,Role progression
EMP11064,2023-09-14,Transfer,104.0,105.0,Business transfer
EMP11065,2025-03-03,Joining,,,Initial employment
EMP11066,2025-04-13,Joining,,,Initial employment
EMP11067,2019-05-27,Joining,,,Initial employment
EMP11067,2020-08-04,Rehire,103.0,103.0,Returned employee
EMP11067,2022-08-21,Transfer,103.0,106.0,Business transfer
EMP11068,2024-12-05,Joining,,,Initial employment
EMP11069,2020-02-16,Joining,,,Initial employment
EMP11069,2025-06-27,Leave of Absence,108.0,108.0,Temporary leave
EMP11069,2026-01-17,Rehire,108.0,108.0,Returned employee
EMP11069,2021-03-13,Transfer,108.0,102.0,Business transfer
EMP11070,2023-08-15,Joining,,,Initial employment
EMP11071,2025-08-07,Joining,,,Initial employment
EMP11072,2023-03-13,Joining,,,Initial employment
EMP11072,2024-10-23,Manager Change,104.0,104.0,Reporting-line change
EMP11073,2019-05-17,Joining,,,Initial employment
EMP11074,2019-01-19,Joining,,,Initial employment
EMP11074,2021-10-20,Transfer,104.0,101.0,Business transfer
EMP11074,2021-06-14,Manager Change,104.0,104.0,Reporting-line change
EMP11074,2023-04-25,Promotion,104.0,104.0,Role progression
EMP11075,2025-02-20,Joining,,,Initial employment
EMP11076,2025-07-05,Joining,,,Initial employment
EMP11077,2024-05-13,Joining,,,Initial employment
EMP11077,2025-02-19,Promotion,101.0,101.0,Role progression
EMP11077,2025-11-17,Resignation,101.0,101.0,Voluntary exit
EMP11078,2025-01-31,Joining,,,Initial employment
EMP11079,2021-09-28,Joining,,,Initial employment
EMP11080,2020-03-24,Joining,,,Initial employment
EMP11080,2021-07-16,Termination,107.0,107.0,Involuntary exit
EMP11080,2023-06-19,Rehire,107.0,107.0,Returned employee
EMP11080,2024-07-15,Manager Change,107.0,107.0,Reporting-line change
EMP11081,2024-05-02,Joining,,,Initial employment
EMP11081,2025-07-01,Manager Change,102.0,102.0,Reporting-line change
EMP11081,2026-05-06,Promotion,102.0,102.0,Role progression
EMP11082,2021-08-03,Joining,,,Initial employment
EMP11083,2022-10-09,Joining,,,Initial employment
EMP11083,2026-03-13,Rehire,103.0,103.0,Returned employee
EMP11083,2025-01-11,Transfer,103.0,105.0,Business transfer
EMP11084,2023-03-03,Joining,,,Initial employment
EMP11084,2026-03-27,Promotion,108.0,108.0,Role progression
EMP11085,2019-05-21,Joining,,,Initial employment
EMP11085,2020-08-13,Transfer,106.0,102.0,Business transfer
EMP11085,2022-02-18,Termination,106.0,106.0,Involuntary exit
EMP11086,2024-04-04,Joining,,,Initial employment
EMP11087,2019-04-03,Joining,,,Initial employment
EMP11087,2023-05-03,Promotion,104.0,104.0,Role progression
EMP11088,2019-08-27,Joining,,,Initial employment
EMP11088,2021-01-08,Resignation,101.0,101.0,Voluntary exit
EMP11089,2019-07-24,Joining,,,Initial employment
EMP11089,2022-11-18,Resignation,108.0,108.0,Voluntary exit
EMP11089,2023-02-22,Transfer,108.0,101.0,Business transfer
EMP11090,2026-02-20,Joining,,,Initial employment
EMP11091,2022-12-27,Joining,,,Initial employment
EMP11091,2024-10-29,Manager Change,102.0,102.0,Reporting-line change
EMP11092,2019-09-02,Joining,,,Initial employment
EMP11093,2021-04-11,Joining,,,Initial employment
EMP11093,2022-05-28,Transfer,101.0,101.0,Business transfer
EMP11094,2019-10-22,Joining,,,Initial employment
EMP11094,2021-08-08,Promotion,108.0,108.0,Role progression
EMP11094,2021-05-06,Manager Change,108.0,108.0,Reporting-line change
EMP11094,2025-08-24,Promotion,108.0,108.0,Role progression
EMP11095,2026-05-11,Joining,,,Initial employment
EMP11096,2021-05-05,Joining,,,Initial employment
EMP11096,2024-05-31,Rehire,105.0,105.0,Returned employee
EMP11096,2024-06-11,Resignation,105.0,105.0,Voluntary exit
EMP11097,2024-08-26,Joining,,,Initial employment
EMP11098,2019-03-12,Joining,,,Initial employment
EMP11098,2019-10-31,Promotion,106.0,106.0,Role progression
EMP11099,2022-07-16,Joining,,,Initial employment
EMP11099,2023-04-20,Promotion,107.0,107.0,Role progression
EMP11100,2022-09-10,Joining,,,Initial employment
EMP11101,2019-11-01,Joining,,,Initial employment
EMP11101,2022-02-15,Transfer,105.0,102.0,Business transfer
EMP11101,2020-08-30,Manager Change,105.0,105.0,Reporting-line change
EMP11102,2021-10-27,Joining,,,Initial employment
EMP11102,2023-11-10,Rehire,107.0,107.0,Returned employee
EMP11103,2022-08-30,Joining,,,Initial employment
EMP11103,2025-11-26,Transfer,101.0,106.0,Business transfer
EMP11104,2021-03-27,Joining,,,Initial employment
EMP11104,2024-08-09,Rehire,102.0,102.0,Returned employee
EMP11104,2021-12-26,Termination,102.0,102.0,Involuntary exit
EMP11104,2023-03-21,Transfer,102.0,107.0,Business transfer
EMP11104,2024-03-12,Promotion,102.0,102.0,Role progression
EMP11105,2022-01-31,Joining,,,Initial employment
EMP11105,2025-11-05,Leave of Absence,102.0,102.0,Temporary leave
EMP11105,2025-02-14,Transfer,102.0,102.0,Business transfer
EMP11106,2021-03-31,Joining,,,Initial employment
EMP11106,2026-03-11,Promotion,108.0,108.0,Role progression
EMP11107,2019-07-12,Joining,,,Initial employment
EMP11107,2023-02-14,Transfer,103.0,103.0,Business transfer
EMP11107,2020-03-10,Promotion,103.0,103.0,Role progression
EMP11108,2023-11-12,Joining,,,Initial employment
EMP11109,2020-06-12,Joining,,,Initial employment
EMP11109,2022-09-21,Promotion,106.0,106.0,Role progression
EMP11109,2024-02-19,Promotion,106.0,106.0,Role progression
EMP11110,2025-01-27,Joining,,,Initial employment
EMP11111,2019-09-08,Joining,,,Initial employment
EMP11111,2023-08-05,Leave of Absence,102.0,102.0,Temporary leave
EMP11111,2021-06-16,Transfer,102.0,105.0,Business transfer
EMP11111,2023-12-14,Termination,102.0,102.0,Involuntary exit
EMP11111,2023-06-27,Promotion,102.0,102.0,Role progression
EMP11112,2023-11-24,Joining,,,Initial employment
EMP11112,2026-01-09,Transfer,102.0,108.0,Business transfer
EMP11113,2026-02-01,Joining,,,Initial employment
EMP11114,2024-07-19,Joining,,,Initial employment
EMP11115,2025-09-29,Joining,,,Initial employment
EMP11116,2022-11-04,Joining,,,Initial employment
EMP11117,2022-03-13,Joining,,,Initial employment
EMP11118,2024-09-03,Joining,,,Initial employment
EMP11118,2025-05-14,Manager Change,102.0,102.0,Reporting-line change
EMP11119,2026-06-08,Joining,,,Initial employment
EMP11120,2022-01-01,Joining,,,Initial employment
EMP11120,2024-03-27,Manager Change,101.0,101.0,Reporting-line change
EMP11121,2026-05-03,Joining,,,Initial employment
EMP11122,2024-01-22,Joining,,,Initial employment
EMP11123,2020-05-19,Joining,,,Initial employment
EMP11123,2022-12-05,Promotion,101.0,101.0,Role progression
EMP11124,2023-06-10,Joining,,,Initial employment
EMP11124,2024-12-27,Rehire,101.0,101.0,Returned employee
EMP11125,2025-07-11,Joining,,,Initial employment
EMP11125,2026-02-09,Promotion,107.0,107.0,Role progression
EMP11126,2025-10-08,Joining,,,Initial employment
EMP11127,2025-12-21,Joining,,,Initial employment
EMP11128,2022-10-19,Joining,,,Initial employment
EMP11128,2025-09-04,Leave of Absence,105.0,105.0,Temporary leave
EMP11128,2025-11-10,Transfer,105.0,105.0,Business transfer
EMP11129,2026-05-01,Joining,,,Initial employment
EMP11130,2022-05-07,Joining,,,Initial employment
EMP11130,2025-02-14,Manager Change,103.0,103.0,Reporting-line change
EMP11130,2025-11-01,Manager Change,103.0,103.0,Reporting-line change
EMP11131,2020-12-18,Joining,,,Initial employment
EMP11131,2022-02-11,Promotion,107.0,107.0,Role progression
EMP11131,2021-09-24,Rehire,107.0,107.0,Returned employee
EMP11132,2019-12-05,Joining,,,Initial employment
EMP11132,2025-05-08,Transfer,107.0,101.0,Business transfer
EMP11132,2025-12-11,Promotion,107.0,107.0,Role progression
EMP11133,2020-10-20,Joining,,,Initial employment
EMP11134,2021-08-19,Joining,,,Initial employment
EMP11134,2026-01-05,Promotion,108.0,108.0,Role progression
EMP11135,2020-03-04,Joining,,,Initial employment
EMP11135,2023-05-27,Transfer,103.0,105.0,Business transfer
EMP11135,2024-01-25,Transfer,103.0,103.0,Business transfer
EMP11135,2023-05-07,Manager Change,103.0,103.0,Reporting-line change
EMP11135,2023-07-18,Resignation,103.0,103.0,Voluntary exit
EMP11136,2021-06-17,Joining,,,Initial employment
EMP11136,2025-06-24,Resignation,107.0,107.0,Voluntary exit
EMP11136,2022-01-31,Promotion,107.0,107.0,Role progression
EMP11137,2019-05-19,Joining,,,Initial employment
EMP11137,2022-03-22,Transfer,103.0,104.0,Business transfer
EMP11138,2020-06-25,Joining,,,Initial employment
EMP11138,2023-05-27,Manager Change,107.0,107.0,Reporting-line change
EMP11138,2021-07-24,Manager Change,107.0,107.0,Reporting-line change
EMP11139,2024-10-05,Joining,,,Initial employment
EMP11139,2025-12-03,Promotion,108.0,108.0,Role progression
EMP11140,2022-06-09,Joining,,,Initial employment
EMP11141,2026-05-29,Joining,,,Initial employment
EMP11142,2025-10-18,Joining,,,Initial employment
EMP11143,2020-01-19,Joining,,,Initial employment
EMP11143,2023-04-27,Leave of Absence,107.0,107.0,Temporary leave
EMP11144,2026-02-20,Joining,,,Initial employment
EMP11145,2019-07-13,Joining,,,Initial employment
EMP11145,2025-02-22,Termination,107.0,107.0,Involuntary exit
EMP11145,2022-04-02,Rehire,107.0,107.0,Returned employee
EMP11146,2026-01-25,Joining,,,Initial employment
EMP11147,2026-01-09,Joining,,,Initial employment
EMP11148,2025-02-10,Joining,,,Initial employment
EMP11149,2024-03-10,Joining,,,Initial employment
EMP11150,2025-05-28,Joining,,,Initial employment
EMP11151,2021-01-01,Joining,,,Initial employment
EMP11151,2022-10-03,Leave of Absence,104.0,104.0,Temporary leave
EMP11151,2021-08-16,Transfer,104.0,105.0,Business transfer
EMP11151,2021-12-08,Manager Change,104.0,104.0,Reporting-line change
EMP11152,2024-12-03,Joining,,,Initial employment
EMP11153,2020-11-15,Joining,,,Initial employment
EMP11154,2019-03-23,Joining,,,Initial employment
EMP11154,2024-08-19,Transfer,101.0,104.0,Business transfer
EMP11155,2025-07-08,Joining,,,Initial employment
EMP11155,2026-06-11,Resignation,108.0,108.0,Voluntary exit
EMP11156,2026-02-17,Joining,,,Initial employment
EMP11157,2025-07-10,Joining,,,Initial employment
EMP11158,2020-06-15,Joining,,,Initial employment
EMP11158,2025-06-12,Leave of Absence,101.0,101.0,Temporary leave
EMP11158,2021-10-06,Manager Change,101.0,101.0,Reporting-line change
EMP11158,2021-06-17,Transfer,101.0,105.0,Business transfer
EMP11158,2021-09-26,Rehire,101.0,101.0,Returned employee
EMP11158,2024-09-22,Transfer,101.0,108.0,Business transfer
EMP11159,2024-06-06,Joining,,,Initial employment
EMP11159,2025-05-30,Termination,104.0,104.0,Involuntary exit
EMP11160,2019-08-09,Joining,,,Initial employment
EMP11161,2020-09-26,Joining,,,Initial employment
EMP11161,2023-03-03,Promotion,106.0,106.0,Role progression
EMP11162,2023-11-05,Joining,,,Initial employment
EMP11163,2025-06-28,Joining,,,Initial employment
EMP11164,2024-02-18,Joining,,,Initial employment
EMP11164,2025-12-27,Manager Change,104.0,104.0,Reporting-line change
EMP11164,2025-06-08,Transfer,104.0,107.0,Business transfer
EMP11165,2019-01-03,Joining,,,Initial employment
EMP11166,2023-09-14,Joining,,,Initial employment
EMP11166,2025-05-29,Promotion,103.0,103.0,Role progression
EMP11166,2025-04-30,Leave of Absence,103.0,103.0,Temporary leave
EMP11166,2024-12-29,Promotion,103.0,103.0,Role progression
EMP11166,2024-11-25,Rehire,103.0,103.0,Returned employee
EMP11167,2019-07-25,Joining,,,Initial employment
EMP11167,2020-03-22,Rehire,101.0,101.0,Returned employee
EMP11167,2022-10-03,Termination,101.0,101.0,Involuntary exit
EMP11167,2023-07-27,Transfer,101.0,104.0,Business transfer
EMP11168,2024-01-30,Joining,,,Initial employment
EMP11168,2025-07-12,Promotion,106.0,106.0,Role progression
EMP11169,2019-02-09,Joining,,,Initial employment
EMP11169,2023-06-06,Resignation,103.0,103.0,Voluntary exit
EMP11170,2024-10-07,Joining,,,Initial employment
EMP11170,2026-04-27,Promotion,107.0,107.0,Role progression
EMP11171,2026-03-06,Joining,,,Initial employment
EMP11172,2020-10-05,Joining,,,Initial employment
EMP11172,2025-10-08,Transfer,101.0,102.0,Business transfer
EMP11172,2022-12-27,Resignation,101.0,101.0,Voluntary exit
EMP11173,2023-03-11,Joining,,,Initial employment
EMP11174,2024-03-22,Joining,,,Initial employment
EMP11175,2026-04-20,Joining,,,Initial employment
EMP11176,2024-11-13,Joining,,,Initial employment
EMP11176,2026-01-05,Manager Change,105.0,105.0,Reporting-line change
EMP11177,2021-06-16,Joining,,,Initial employment
EMP11177,2022-08-11,Transfer,101.0,105.0,Business transfer
EMP11177,2025-07-10,Transfer,101.0,104.0,Business transfer
EMP11177,2022-06-25,Termination,101.0,101.0,Involuntary exit
EMP11177,2023-01-17,Transfer,101.0,107.0,Business transfer
EMP11177,2022-07-02,Rehire,101.0,101.0,Returned employee
EMP11178,2021-12-21,Joining,,,Initial employment
EMP11178,2022-10-18,Transfer,108.0,106.0,Business transfer
EMP11178,2025-07-23,Transfer,108.0,106.0,Business transfer
EMP11179,2022-07-03,Joining,,,Initial employment
EMP11179,2023-01-27,Resignation,104.0,104.0,Voluntary exit
EMP11180,2026-02-21,Joining,,,Initial employment
EMP11181,2025-07-23,Joining,,,Initial employment
EMP11182,2020-11-01,Joining,,,Initial employment
EMP11182,2023-01-28,Transfer,102.0,108.0,Business transfer
EMP11182,2024-12-04,Transfer,102.0,102.0,Business transfer
EMP11183,2023-02-14,Joining,,,Initial employment
EMP11184,2025-06-22,Joining,,,Initial employment
EMP11184,2025-12-19,Transfer,107.0,104.0,Business transfer
EMP11185,2020-12-19,Joining,,,Initial employment
EMP11186,2021-12-07,Joining,,,Initial employment
EMP11187,2024-05-09,Joining,,,Initial employment
EMP11187,2026-06-13,Transfer,103.0,101.0,Business transfer
EMP11188,2022-03-05,Joining,,,Initial employment
EMP11188,2025-02-10,Transfer,106.0,105.0,Business transfer
EMP11188,2022-12-18,Resignation,106.0,106.0,Voluntary exit
EMP11189,2019-09-07,Joining,,,Initial employment
EMP11190,2025-06-19,Joining,,,Initial employment
EMP11191,2024-03-07,Joining,,,Initial employment
EMP11191,2025-09-25,Promotion,104.0,104.0,Role progression
EMP11192,2024-01-28,Joining,,,Initial employment
EMP11192,2024-08-10,Promotion,101.0,101.0,Role progression
EMP11192,2026-01-24,Promotion,101.0,101.0,Role progression
EMP11193,2023-02-12,Joining,,,Initial employment
EMP11194,2025-12-07,Joining,,,Initial employment
EMP11195,2022-05-19,Joining,,,Initial employment
EMP11195,2025-01-13,Promotion,107.0,107.0,Role progression
EMP11195,2024-04-20,Termination,107.0,107.0,Involuntary exit
EMP11196,2019-02-13,Joining,,,Initial employment
EMP11196,2022-03-10,Leave of Absence,101.0,101.0,Temporary leave
EMP11197,2026-03-03,Joining,,,Initial employment
EMP11198,2020-08-05,Joining,,,Initial employment
EMP11199,2022-07-12,Joining,,,Initial employment
EMP11200,2019-08-08,Joining,,,Initial employment
EMP11200,2020-09-09,Manager Change,101.0,101.0,Reporting-line change
EMP11200,2022-09-02,Termination,101.0,101.0,Involuntary exit
EMP11200,2025-01-11,Manager Change,101.0,101.0,Reporting-line change
EMP11200,2024-03-05,Resignation,101.0,101.0,Voluntary exit
EMP11200,2023-03-23,Transfer,101.0,102.0,Business transfer
EMP11201,2024-04-09,Joining,,,Initial employment
EMP11202,2025-09-14,Joining,,,Initial employment
EMP11203,2021-09-17,Joining,,,Initial employment
EMP11204,2023-12-18,Joining,,,Initial employment
EMP11204,2025-12-20,Leave of Absence,102.0,102.0,Temporary leave
EMP11204,2026-02-28,Promotion,102.0,102.0,Role progression
EMP11205,2021-05-07,Joining,,,Initial employment
EMP11205,2023-02-16,Promotion,107.0,107.0,Role progression
EMP11206,2021-03-14,Joining,,,Initial employment
EMP11206,2021-12-23,Promotion,102.0,102.0,Role progression
EMP11206,2026-04-19,Leave of Absence,102.0,102.0,Temporary leave
EMP11206,2021-12-23,Transfer,102.0,102.0,Business transfer
EMP11206,2022-01-14,Termination,102.0,102.0,Involuntary exit
EMP11207,2020-05-04,Joining,,,Initial employment
EMP11207,2022-01-25,Resignation,105.0,105.0,Voluntary exit
EMP11207,2022-03-27,Manager Change,105.0,105.0,Reporting-line change
EMP11208,2023-11-16,Joining,,,Initial employment
EMP11209,2023-02-02,Joining,,,Initial employment
EMP11209,2025-10-08,Promotion,106.0,106.0,Role progression
EMP11209,2026-02-23,Promotion,106.0,106.0,Role progression
EMP11209,2026-04-05,Manager Change,106.0,106.0,Reporting-line change
EMP11210,2023-09-02,Joining,,,Initial employment
EMP11210,2025-01-23,Promotion,107.0,107.0,Role progression
EMP11210,2026-06-16,Transfer,107.0,103.0,Business transfer
EMP11211,2025-05-03,Joining,,,Initial employment
EMP11212,2019-02-23,Joining,,,Initial employment
EMP11213,2026-01-19,Joining,,,Initial employment
EMP11214,2020-09-07,Joining,,,Initial employment
EMP11215,2021-12-18,Joining,,,Initial employment
EMP11215,2025-12-16,Manager Change,103.0,103.0,Reporting-line change
EMP11216,2024-01-23,Joining,,,Initial employment
EMP11216,2026-05-15,Promotion,101.0,101.0,Role progression
EMP11217,2021-08-12,Joining,,,Initial employment
EMP11217,2023-09-12,Transfer,106.0,106.0,Business transfer
EMP11218,2025-08-30,Joining,,,Initial employment
EMP11219,2023-06-18,Joining,,,Initial employment
EMP11219,2024-06-26,Leave of Absence,101.0,101.0,Temporary leave
EMP11220,2020-10-11,Joining,,,Initial employment
EMP11220,2022-04-02,Transfer,103.0,105.0,Business transfer
EMP11221,2025-06-05,Joining,,,Initial employment
EMP11222,2020-01-30,Joining,,,Initial employment
EMP11223,2022-09-21,Joining,,,Initial employment
EMP11223,2025-09-16,Leave of Absence,104.0,104.0,Temporary leave
EMP11223,2026-04-23,Transfer,104.0,106.0,Business transfer
EMP11223,2025-04-20,Resignation,104.0,104.0,Voluntary exit
EMP11223,2023-06-26,Manager Change,104.0,104.0,Reporting-line change
EMP11224,2026-03-25,Joining,,,Initial employment
EMP11225,2026-01-05,Joining,,,Initial employment
EMP11226,2025-09-09,Joining,,,Initial employment
EMP11227,2020-01-06,Joining,,,Initial employment
EMP11227,2025-07-20,Promotion,107.0,107.0,Role progression
EMP11227,2021-07-07,Transfer,107.0,106.0,Business transfer
EMP11227,2021-12-29,Resignation,107.0,107.0,Voluntary exit
EMP11227,2024-02-20,Promotion,107.0,107.0,Role progression
EMP11228,2021-05-07,Joining,,,Initial employment
EMP11228,2024-03-22,Transfer,103.0,101.0,Business transfer
EMP11229,2021-03-01,Joining,,,Initial employment
EMP11229,2023-02-02,Transfer,103.0,104.0,Business transfer
EMP11230,2020-10-19,Joining,,,Initial employment
EMP11230,2025-12-12,Termination,103.0,103.0,Involuntary exit
EMP11230,2025-07-06,Promotion,103.0,103.0,Role progression
EMP11230,2025-01-17,Rehire,103.0,103.0,Returned employee
EMP11230,2025-02-06,Transfer,103.0,103.0,Business transfer
EMP11230,2023-03-09,Rehire,103.0,103.0,Returned employee
EMP11230,2021-07-10,Manager Change,103.0,103.0,Reporting-line change
EMP11231,2022-10-24,Joining,,,Initial employment
EMP11231,2023-11-06,Resignation,107.0,107.0,Voluntary exit
EMP11232,2020-01-19,Joining,,,Initial employment
EMP11232,2025-11-02,Termination,107.0,107.0,Involuntary exit
EMP11232,2025-08-08,Leave of Absence,107.0,107.0,Temporary leave
EMP11233,2024-10-10,Joining,,,Initial employment
EMP11234,2025-12-27,JOINING,,,Initial employment
EMP11235,2019-08-27,Joining,,,Initial employment
EMP11235,2020-04-13,Resignation,103.0,103.0,Voluntary exit
EMP11235,2024-04-15,Promotion,103.0,103.0,Role progression
EMP11235,2025-03-15,Promotion,103.0,103.0,Role progression
EMP11236,2019-07-14,Joining,,,Initial employment
EMP11236,2020-04-09,Termination,104.0,104.0,Involuntary exit
EMP11236,2021-04-28,Promotion,104.0,104.0,Role progression
EMP11237,2026-06-18,Joining,,,Initial employment
EMP11238,2024-10-09,Joining,,,Initial employment
EMP11238,2025-10-30,Termination,107.0,107.0,Involuntary exit
EMP11239,2022-02-26,Joining,,,Initial employment
EMP11240,2026-06-25,Joining,,,Initial employment
EMP11241,2024-07-08,Joining,,,Initial employment
EMP11242,2019-06-05,Joining,,,Initial employment
EMP11242,2020-08-16,Transfer,102.0,107.0,Business transfer
EMP11242,2022-08-14,Termination,102.0,102.0,Involuntary exit
EMP11243,2021-07-11,Joining,,,Initial employment
EMP11243,2025-02-15,Promotion,108.0,108.0,Role progression
EMP11244,2023-05-29,Joining,,,Initial employment
EMP11245,2021-09-01,Joining,,,Initial employment
EMP11245,2023-03-20,Promotion,101.0,101.0,Role progression
EMP11245,2024-06-24,Promotion,101.0,101.0,Role progression
EMP11246,2022-05-15,Joining,,,Initial employment
EMP11246,2025-03-10,Termination,103.0,103.0,Involuntary exit
EMP11246,2023-03-15,Transfer,103.0,101.0,Business transfer
EMP11247,2025-09-01,Joining,,,Initial employment
EMP11248,2023-12-20,Joining,,,Initial employment
EMP11249,2021-04-17,Joining,,,Initial employment
EMP11250,2024-06-30,Joining,,,Initial employment
EMP11251,2022-09-25,Joining,,,Initial employment
EMP11251,2023-04-30,Termination,104.0,104.0,Involuntary exit
EMP11252,2025-07-15,Joining,,,Initial employment
EMP11253,2019-07-23,Joining,,,Initial employment
EMP11254,2019-06-10,Joining,,,Initial employment
EMP11254,2020-03-06,Manager Change,108.0,108.0,Reporting-line change
EMP11255,2020-01-27,Joining,,,Initial employment
EMP11255,2025-02-12,Resignation,103.0,103.0,Voluntary exit
EMP11255,2022-03-10,Manager Change,103.0,103.0,Reporting-line change
EMP11256,2021-02-07,Joining,,,Initial employment
EMP11256,2025-04-17,Leave of Absence,102.0,102.0,Temporary leave
EMP11257,2026-03-07,Joining,,,Initial employment
EMP11258,2026-01-25,Joining,,,Initial employment
EMP11259,2021-12-29,Joining,,,Initial employment
EMP11259,2024-10-20,Transfer,106.0,108.0,Business transfer
EMP11260,2020-02-09,Joining,,,Initial employment
EMP11260,2023-10-31,Promotion,102.0,102.0,Role progression
EMP11260,2025-12-30,Manager Change,102.0,102.0,Reporting-line change
EMP11261,2020-08-30,Joining,,,Initial employment
EMP11261,2022-02-11,Termination,106.0,106.0,Involuntary exit
EMP11261,2025-08-31,Promotion,106.0,106.0,Role progression
EMP11261,2024-08-10,Transfer,106.0,104.0,Business transfer
EMP11262,2023-06-03,Joining,,,Initial employment
EMP11263,2023-03-21,Joining,,,Initial employment
EMP11264,2024-01-12,Joining,,,Initial employment
EMP11264,2024-07-28,Manager Change,107.0,107.0,Reporting-line change
EMP11265,2020-11-20,Joining,,,Initial employment
EMP11265,2026-03-05,Manager Change,102.0,102.0,Reporting-line change
EMP11266,2022-05-25,Joining,,,Initial employment
EMP11266,2025-05-04,Promotion,104.0,104.0,Role progression
EMP11266,2025-02-13,Manager Change,104.0,104.0,Reporting-line change
EMP11266,2024-12-08,Transfer,104.0,101.0,Business transfer
EMP11267,2024-10-04,Joining,,,Initial employment
EMP11267,2025-04-11,Rehire,102.0,102.0,Returned employee
EMP11267,2025-12-13,Leave of Absence,102.0,102.0,Temporary leave
EMP11268,2020-01-01,Joining,,,Initial employment
EMP11269,2023-09-19,Joining,,,Initial employment
EMP11269,2025-09-13,Termination,101.0,101.0,Involuntary exit
EMP11270,2020-03-30,Joining,,,Initial employment
EMP11271,2019-04-14,Joining,,,Initial employment
EMP11271,2019-10-15,Rehire,101.0,101.0,Returned employee
EMP11271,2023-03-09,Leave of Absence,101.0,101.0,Temporary leave
EMP11272,2019-03-18,Joining,,,Initial employment
EMP11272,2024-10-02,Promotion,107.0,107.0,Role progression
EMP11272,2020-09-08,Transfer,107.0,103.0,Business transfer
EMP11273,2019-08-18,Joining,,,Initial employment
EMP11273,2024-08-06,Resignation,102.0,102.0,Voluntary exit
EMP11273,2023-07-13,Promotion,102.0,102.0,Role progression
EMP11274,2024-04-21,Joining,,,Initial employment
EMP11275,2025-07-06,Joining,,,Initial employment
EMP11276,2022-04-20,Joining,,,Initial employment
EMP11276,2025-08-29,Transfer,108.0,106.0,Business transfer
EMP11277,2021-06-11,Joining,,,Initial employment
EMP11277,2023-08-23,Transfer,101.0,104.0,Business transfer
EMP11277,2023-02-18,Promotion,101.0,101.0,Role progression
EMP11278,2023-04-23,Joining,,,Initial employment
EMP11278,2025-04-01,Promotion,101.0,101.0,Role progression
EMP11279,2026-06-28,Joining,,,Initial employment
EMP11280,2024-09-05,Joining,,,Initial employment
EMP11280,2025-04-04,Leave of Absence,101.0,101.0,Temporary leave
EMP11281,2023-08-03,Joining,,,Initial employment
EMP11281,2025-03-10,Resignation,101.0,101.0,Voluntary exit
EMP11281,2024-06-29,Rehire,101.0,101.0,Returned employee
EMP11282,2019-10-26,Joining,,,Initial employment
EMP11282,2021-12-01,Manager Change,108.0,108.0,Reporting-line change
EMP11283,2021-08-14,Joining,,,Initial employment
EMP11284,2022-01-19,Joining,,,Initial employment
EMP11284,2024-09-26,Promotion,103.0,103.0,Role progression
EMP11285,2025-12-02,Joining,,,Initial employment
EMP11286,2026-03-05,Joining,,,Initial employment
EMP11287,2025-11-10,Joining,,,Initial employment
EMP11288,2023-01-14,Joining,,,Initial employment
EMP11288,2025-08-23,Termination,106.0,106.0,Involuntary exit
EMP11289,2019-12-31,Joining,,,Initial employment
EMP11289,2022-03-04,Rehire,105.0,105.0,Returned employee
EMP11289,2023-02-10,Rehire,105.0,105.0,Returned employee
EMP11290,2023-08-26,Joining,,,Initial employment
EMP11290,2025-09-29,Manager Change,108.0,108.0,Reporting-line change
EMP11291,2019-12-17,Joining,,,Initial employment
EMP11291,2022-04-15,Termination,102.0,102.0,Involuntary exit
EMP11291,2025-05-29,Rehire,102.0,102.0,Returned employee
EMP11291,2024-03-03,Termination,102.0,102.0,Involuntary exit
EMP11291,2024-09-14,Promotion,102.0,102.0,Role progression
EMP11292,2025-04-19,Joining,,,Initial employment
EMP11293,2024-03-19,Joining,,,Initial employment
EMP11294,2021-10-08,Joining,,,Initial employment
EMP11294,2022-11-06,Promotion,101.0,101.0,Role progression
EMP11294,2024-10-14,Transfer,101.0,105.0,Business transfer
EMP11294,2024-06-12,Transfer,101.0,104.0,Business transfer
EMP11295,2025-11-11,Joining,,,Initial employment
EMP11296,2020-05-13,Joining,,,Initial employment
EMP11297,2021-08-07,Joining,,,Initial employment
EMP11297,2025-09-27,Promotion,107.0,107.0,Role progression
EMP11297,2022-12-15,Rehire,107.0,107.0,Returned employee
EMP11297,2026-06-24,Resignation,107.0,107.0,Voluntary exit
EMP11297,2024-02-10,Leave of Absence,107.0,107.0,Temporary leave
EMP11297,2026-06-15,Rehire,107.0,107.0,Returned employee
EMP11298,2024-06-17,Joining,,,Initial employment
EMP11298,2025-01-15,Transfer,107.0,103.0,Business transfer
EMP11299,2024-08-08,Joining,,,Initial employment
EMP11299,2026-03-26,Resignation,103.0,103.0,Voluntary exit
EMP11300,2020-05-22,Joining,,,Initial employment
EMP11300,2025-02-28,Rehire,102.0,102.0,Returned employee
EMP11300,2023-12-11,Promotion,102.0,102.0,Role progression
EMP11301,2022-08-20,Joining,,,Initial employment
EMP11301,2026-01-09,Manager Change,101.0,101.0,Reporting-line change
EMP11301,2023-02-25,Resignation,101.0,101.0,Voluntary exit
EMP11302,2025-12-23,Joining,,,Initial employment
EMP11303,2026-03-30,Joining,,,Initial employment
EMP11304,2019-06-15,Joining,,,Initial employment
EMP11304,2021-12-01,Promotion,106.0,106.0,Role progression
EMP11304,2020-03-11,Termination,106.0,106.0,Involuntary exit
EMP11305,2025-11-14,Joining,,,Initial employment
EMP11305,2026-06-14,Transfer,104.0,107.0,Business transfer
EMP11306,2021-07-08,Joining,,,Initial employment
EMP11306,2023-12-14,Promotion,101.0,101.0,Role progression
EMP11307,2019-04-24,Joining,,,Initial employment
EMP11307,2020-07-30,Termination,101.0,101.0,Involuntary exit
EMP11307,2021-04-15,Promotion,101.0,101.0,Role progression
EMP11308,2021-09-18,Joining,,,Initial employment
EMP11309,2024-05-05,Joining,,,Initial employment
EMP11310,2025-03-04,Joining,,,Initial employment
EMP11311,2022-06-12,Joining,,,Initial employment
EMP11311,2023-06-03,Transfer,105.0,106.0,Business transfer
EMP11312,2020-05-29,Joining,,,Initial employment
EMP11312,2021-04-22,Manager Change,107.0,107.0,Reporting-line change
EMP11312,2022-08-27,Termination,107.0,107.0,Involuntary exit
EMP11312,2025-07-29,Manager Change,107.0,107.0,Reporting-line change
EMP11312,2024-08-22,Termination,107.0,107.0,Involuntary exit
EMP11313,2022-05-16,Joining,,,Initial employment
EMP11314,2020-12-09,Joining,,,Initial employment
EMP11314,2022-01-21,Promotion,103.0,103.0,Role progression
EMP11314,2021-06-30,Transfer,103.0,106.0,Business transfer
EMP11314,2025-08-11,Transfer,103.0,106.0,Business transfer
EMP11314,2022-07-29,Transfer,103.0,108.0,Business transfer
EMP11315,2024-12-25,Joining,,,Initial employment
EMP11316,2019-12-05,Joining,,,Initial employment
EMP11317,2026-01-28,Joining,,,Initial employment
EMP11318,2019-03-09,Joining,,,Initial employment
EMP11318,2024-01-07,Transfer,101.0,107.0,Business transfer
EMP11319,2023-05-16,Joining,,,Initial employment
EMP11320,2023-04-14,Joining,,,Initial employment
EMP11320,2024-07-14,Promotion,103.0,103.0,Role progression
EMP11321,2020-01-18,Joining,,,Initial employment
EMP11321,2025-12-12,Resignation,105.0,105.0,Voluntary exit
EMP11321,2025-02-10,Resignation,105.0,105.0,Voluntary exit
EMP11321,2025-01-12,Transfer,105.0,107.0,Business transfer
EMP11321,2021-01-15,Promotion,105.0,105.0,Role progression
EMP11321,2024-06-16,Manager Change,105.0,105.0,Reporting-line change
EMP11321,2024-01-20,Promotion,105.0,105.0,Role progression
EMP11321,2025-09-17,Rehire,105.0,105.0,Returned employee
EMP11322,2019-01-19,Joining,,,Initial employment
EMP11322,2021-04-10,Manager Change,108.0,108.0,Reporting-line change
EMP11322,2022-05-18,Resignation,108.0,108.0,Voluntary exit
EMP11322,2022-01-01,Promotion,108.0,108.0,Role progression
EMP11323,2026-06-23,Joining,,,Initial employment
EMP11324,2024-10-22,Joining,,,Initial employment
EMP11325,2020-07-26,Joining,,,Initial employment
EMP11325,2025-01-16,Transfer,101.0,104.0,Business transfer
EMP11325,2021-02-15,Termination,101.0,101.0,Involuntary exit
EMP11325,2024-09-18,Transfer,101.0,102.0,Business transfer
EMP11325,2024-11-09,Promotion,101.0,101.0,Role progression
EMP11326,2022-07-23,JOINING,,,Initial employment
EMP11327,2025-03-08,Joining,,,Initial employment
EMP11327,2026-02-02,Leave of Absence,101.0,101.0,Temporary leave
EMP11328,2024-04-27,Joining,,,Initial employment
EMP11329,2020-10-12,Joining,,,Initial employment
EMP11330,2023-07-04,Joining,,,Initial employment
EMP11331,2021-09-20,Joining,,,Initial employment
EMP11331,2026-01-26,Leave of Absence,101.0,101.0,Temporary leave
EMP11331,2022-05-22,Transfer,101.0,102.0,Business transfer
EMP11331,2023-04-16,Resignation,101.0,101.0,Voluntary exit
EMP11332,2026-01-31,Joining,,,Initial employment
EMP11333,2022-08-31,Joining,,,Initial employment
EMP11333,2026-03-16,Termination,101.0,101.0,Involuntary exit
EMP11333,2023-02-28,Resignation,101.0,101.0,Voluntary exit
EMP11334,2021-06-19,Joining,,,Initial employment
EMP11334,2022-05-23,Transfer,102.0,106.0,Business transfer
EMP11334,2025-01-30,Transfer,102.0,103.0,Business transfer
EMP11335,2023-08-12,Joining,,,Initial employment
EMP11335,2025-05-04,Rehire,102.0,102.0,Returned employee
EMP11336,2023-05-05,Joining,,,Initial employment
EMP11336,2024-06-23,Resignation,103.0,103.0,Voluntary exit
EMP11337,2024-04-07,Joining,,,Initial employment
EMP11338,2023-11-17,Joining,,,Initial employment
EMP11338,2024-08-04,Manager Change,103.0,103.0,Reporting-line change
EMP11339,2022-02-10,Joining,,,Initial employment
EMP11339,2024-04-25,Manager Change,103.0,103.0,Reporting-line change
EMP11339,2024-09-09,Transfer,103.0,105.0,Business transfer
EMP11340,2025-01-26,Joining,,,Initial employment
EMP11341,2024-04-28,Joining,,,Initial employment
EMP11342,2021-11-03,Joining,,,Initial employment
EMP11342,2022-06-07,Termination,101.0,101.0,Involuntary exit
EMP11343,2023-10-05,Joining,,,Initial employment
EMP11343,2024-04-14,Termination,101.0,101.0,Involuntary exit
EMP11344,2019-10-15,Joining,,,Initial employment
EMP11344,2020-12-20,Promotion,105.0,105.0,Role progression
EMP11345,2025-02-14,Joining,,,Initial employment
EMP11346,2023-05-10,Joining,,,Initial employment
EMP11347,2023-10-12,Joining,,,Initial employment
EMP11348,2025-11-23,Joining,,,Initial employment
EMP11349,2022-01-03,Joining,,,Initial employment
EMP11350,2025-05-13,Joining,,,Initial employment
EMP11351,2021-07-28,Joining,,,Initial employment
EMP11351,2023-12-12,Leave of Absence,101.0,101.0,Temporary leave
EMP11352,2022-12-19,Joining,,,Initial employment
EMP11353,2020-07-24,Joining,,,Initial employment
EMP11353,2022-05-21,Transfer,105.0,101.0,Business transfer
EMP11353,2021-04-27,Manager Change,105.0,105.0,Reporting-line change
EMP11353,2025-11-01,Promotion,105.0,105.0,Role progression
EMP11353,2023-08-03,Resignation,105.0,105.0,Voluntary exit
EMP11354,2021-09-27,Joining,,,Initial employment
EMP11354,2025-12-04,Resignation,102.0,102.0,Voluntary exit
EMP11355,2022-04-20,Joining,,,Initial employment
EMP11356,2025-11-10,Joining,,,Initial employment
EMP11357,2021-07-06,Joining,,,Initial employment
EMP11357,2023-10-17,Promotion,101.0,101.0,Role progression
EMP11357,2022-01-06,Promotion,101.0,101.0,Role progression
EMP11358,2024-02-18,Joining,,,Initial employment
EMP11358,2025-09-25,Transfer,107.0,107.0,Business transfer
EMP11359,2021-04-12,Joining,,,Initial employment
EMP11360,2025-02-18,Joining,,,Initial employment
EMP11361,2023-08-06,Joining,,,Initial employment
EMP11361,2024-07-06,Promotion,101.0,101.0,Role progression
EMP11362,2020-09-07,Joining,,,Initial employment
EMP11363,2020-02-10,Joining,,,Initial employment
EMP11363,2026-01-16,Resignation,106.0,106.0,Voluntary exit
EMP11364,2023-10-16,Joining,,,Initial employment
EMP11364,2026-01-01,Resignation,105.0,105.0,Voluntary exit
EMP11365,2019-04-03,Joining,,,Initial employment
EMP11366,2025-10-13,Joining,,,Initial employment
EMP11367,2020-10-15,Joining,,,Initial employment
EMP11367,2025-11-15,Termination,106.0,106.0,Involuntary exit
EMP11367,2025-08-30,Promotion,106.0,106.0,Role progression
EMP11367,2024-04-03,Promotion,106.0,106.0,Role progression
EMP11368,2020-03-09,Joining,,,Initial employment
EMP11368,2023-03-01,Resignation,101.0,101.0,Voluntary exit
EMP11368,2025-02-13,Termination,101.0,101.0,Involuntary exit
EMP11368,2021-02-16,Manager Change,101.0,101.0,Reporting-line change
EMP11369,2022-02-09,Joining,,,Initial employment
EMP11369,2022-08-10,Promotion,102.0,102.0,Role progression
EMP11369,2025-12-13,Manager Change,102.0,102.0,Reporting-line change
EMP11369,2022-10-16,Termination,102.0,102.0,Involuntary exit
EMP11369,2023-04-22,Transfer,102.0,101.0,Business transfer
EMP11370,2020-01-10,Joining,,,Initial employment
EMP11370,2024-07-08,Termination,107.0,107.0,Involuntary exit
EMP11370,2024-12-18,Resignation,107.0,107.0,Voluntary exit
EMP11371,2021-12-02,Joining,,,Initial employment
EMP11372,2019-07-26,Joining,,,Initial employment
EMP11373,2021-02-18,Joining,,,Initial employment
EMP11374,2022-08-12,Joining,,,Initial employment
EMP11374,2023-09-20,Promotion,103.0,103.0,Role progression
EMP11374,2026-02-21,Promotion,103.0,103.0,Role progression
EMP11375,2022-02-15,Joining,,,Initial employment
EMP11375,2022-10-07,Leave of Absence,108.0,108.0,Temporary leave
EMP11376,2020-06-15,Joining,,,Initial employment
EMP11376,2024-01-22,Promotion,105.0,105.0,Role progression
EMP11377,2025-01-22,Joining,,,Initial employment
EMP11378,2026-05-14,Joining,,,Initial employment
EMP11379,2019-03-31,Joining,,,Initial employment
EMP11379,2021-03-10,Resignation,102.0,102.0,Voluntary exit
EMP11380,2022-01-22,Joining,,,Initial employment
EMP11380,2024-03-30,Promotion,102.0,102.0,Role progression
EMP11380,2026-01-19,Promotion,102.0,102.0,Role progression
EMP11380,2022-08-01,Rehire,102.0,102.0,Returned employee
EMP11380,2024-07-05,Promotion,102.0,102.0,Role progression
EMP11381,2019-01-13,Joining,,,Initial employment
EMP11381,2021-06-20,Resignation,103.0,103.0,Voluntary exit
EMP11381,2024-05-06,Transfer,103.0,103.0,Business transfer
EMP11382,2024-02-01,Joining,,,Initial employment
EMP11383,2021-03-15,Joining,,,Initial employment
EMP11383,2026-03-17,Promotion,103.0,103.0,Role progression
EMP11384,2021-08-02,Joining,,,Initial employment
EMP11385,2024-02-01,Joining,,,Initial employment
EMP11385,2025-09-01,Promotion,103.0,103.0,Role progression
EMP11386,2023-05-30,Joining,,,Initial employment
EMP11386,2024-03-28,Transfer,102.0,103.0,Business transfer
EMP11387,2024-05-13,Joining,,,Initial employment
EMP11388,2026-05-31,Joining,,,Initial employment
EMP11389,2021-11-18,Joining,,,Initial employment
EMP11389,2025-09-29,Manager Change,101.0,101.0,Reporting-line change
EMP11390,2019-10-23,Joining,,,Initial employment
EMP11391,2021-07-14,Joining,,,Initial employment
EMP11391,2024-05-11,Manager Change,103.0,103.0,Reporting-line change
EMP11391,2022-08-25,Promotion,103.0,103.0,Role progression
EMP11391,2022-01-17,Rehire,103.0,103.0,Returned employee
EMP11391,2022-08-23,Manager Change,103.0,103.0,Reporting-line change
EMP11392,2020-10-01,Joining,,,Initial employment
EMP11392,2024-01-13,Promotion,101.0,101.0,Role progression
EMP11393,2025-07-15,Joining,,,Initial employment
EMP11394,2020-09-19,Joining,,,Initial employment
EMP11394,2022-06-16,Transfer,106.0,105.0,Business transfer
EMP11394,2025-02-17,Leave of Absence,106.0,106.0,Temporary leave
EMP11395,2025-10-22,Joining,,,Initial employment
EMP11396,2022-03-13,Joining,,,Initial employment
EMP11397,2021-07-30,Joining,,,Initial employment
EMP11397,2023-04-20,Termination,101.0,101.0,Involuntary exit
EMP11398,2021-04-09,Joining,,,Initial employment
EMP11398,2025-10-16,Promotion,105.0,105.0,Role progression
EMP11398,2024-02-12,Promotion,105.0,105.0,Role progression
EMP11399,2023-11-06,Joining,,,Initial employment
EMP11400,2026-01-10,Joining,,,Initial employment
EMP11401,2021-09-02,Joining,,,Initial employment
EMP11401,2024-04-21,Promotion,107.0,107.0,Role progression
EMP11401,2023-11-22,Promotion,107.0,107.0,Role progression
EMP11401,2022-11-07,Promotion,107.0,107.0,Role progression
EMP11402,2021-08-12,Joining,,,Initial employment
EMP11402,2023-07-31,Promotion,103.0,103.0,Role progression
EMP11402,2024-10-22,Manager Change,103.0,103.0,Reporting-line change
EMP11403,2022-06-16,Joining,,,Initial employment
EMP11403,2023-05-17,Rehire,104.0,104.0,Returned employee
EMP11403,2024-05-07,Leave of Absence,104.0,104.0,Temporary leave
EMP11404,2021-08-09,Joining,,,Initial employment
EMP11404,2023-03-02,Leave of Absence,108.0,108.0,Temporary leave
EMP11405,2021-08-01,Joining,,,Initial employment
EMP11405,2023-10-27,Promotion,104.0,104.0,Role progression
EMP11406,2025-01-11,Joining,,,Initial employment
EMP11407,2022-04-19,Joining,,,Initial employment
EMP11408,2024-11-05,Joining,,,Initial employment
EMP11409,2023-03-15,Joining,,,Initial employment
EMP11410,2022-01-01,Joining,,,Initial employment
EMP11410,2024-11-14,Promotion,105.0,105.0,Role progression
EMP11411,2019-06-28,Joining,,,Initial employment
EMP11412,2025-03-09,Joining,,,Initial employment
EMP11412,2026-05-20,Transfer,107.0,106.0,Business transfer
EMP11412,2026-04-20,REHIRE,107.0,107.0,Returned employee
EMP11413,2024-01-03,Joining,,,Initial employment
EMP11413,2026-03-26,Promotion,108.0,108.0,Role progression
EMP11414,2022-06-11,Joining,,,Initial employment
EMP11415,2020-04-09,Joining,,,Initial employment
EMP11415,2022-11-28,Leave of Absence,104.0,104.0,Temporary leave
EMP11416,2023-11-10,Joining,,,Initial employment
EMP11417,2026-05-02,Joining,,,Initial employment
EMP11418,2022-05-15,Joining,,,Initial employment
EMP11419,2026-04-08,Joining,,,Initial employment
EMP11420,2021-06-03,Joining,,,Initial employment
EMP11420,2025-08-05,Manager Change,107.0,107.0,Reporting-line change
EMP11420,2024-04-23,Manager Change,107.0,107.0,Reporting-line change
EMP11420,2026-05-15,Manager Change,107.0,107.0,Reporting-line change
EMP11421,2025-08-10,Joining,,,Initial employment
EMP11422,2025-05-12,Joining,,,Initial employment
EMP11423,2025-08-24,Joining,,,Initial employment
EMP11424,2022-08-25,Joining,,,Initial employment
EMP11424,2025-11-05,Transfer,101.0,105.0,Business transfer
EMP11424,2023-05-06,Transfer,101.0,105.0,Business transfer
EMP11424,2025-07-20,Resignation,101.0,101.0,Voluntary exit
EMP11425,2023-07-13,Joining,,,Initial employment
EMP11426,2021-08-02,Joining,,,Initial employment
EMP11426,2025-10-19,Resignation,101.0,101.0,Voluntary exit
EMP11427,2021-07-13,Joining,,,Initial employment
EMP11428,2024-04-22,Joining,,,Initial employment
EMP11429,2020-05-08,Joining,,,Initial employment
EMP11430,2023-03-27,Joining,,,Initial employment
EMP11431,2024-05-23,Joining,,,Initial employment
EMP11431,2024-12-13,Manager Change,107.0,107.0,Reporting-line change
EMP11432,2021-12-30,Joining,,,Initial employment
EMP11432,2025-12-15,Leave of Absence,102.0,102.0,Temporary leave
EMP11433,2025-08-08,Joining,,,Initial employment
EMP11434,2026-03-02,Joining,,,Initial employment
EMP11435,2023-12-31,Joining,,,Initial employment
EMP11436,2021-02-01,Joining,,,Initial employment
EMP11437,2025-05-12,Joining,,,Initial employment
EMP11438,2019-02-19,JOINING,,,Initial employment
EMP11438,2022-12-07,Rehire,103.0,103.0,Returned employee
EMP11439,2021-06-24,Joining,,,Initial employment
EMP11440,2020-07-17,Joining,,,Initial employment
EMP11440,2022-04-18,Transfer,101.0,105.0,Business transfer
EMP11441,2021-02-21,Joining,,,Initial employment
EMP11441,2024-12-11,Resignation,102.0,102.0,Voluntary exit
EMP11441,2022-04-07,PROMOTION,102.0,102.0,Role progression
EMP11441,2023-01-13,Promotion,102.0,102.0,Role progression
EMP11442,2025-12-07,Joining,,,Initial employment
EMP11443,2024-08-02,Joining,,,Initial employment
EMP11444,2024-01-06,Joining,,,Initial employment
EMP11444,2026-04-06,Transfer,108.0,106.0,Business transfer
EMP11445,2020-08-06,Joining,,,Initial employment
EMP11445,2022-06-08,Resignation,101.0,101.0,Voluntary exit
EMP11445,2022-11-12,Manager Change,101.0,101.0,Reporting-line change
EMP11446,2022-08-12,Joining,,,Initial employment
EMP11446,2025-06-01,Resignation,104.0,104.0,Voluntary exit
EMP11447,2019-08-24,Joining,,,Initial employment
EMP11448,2024-10-04,Joining,,,Initial employment
EMP11449,2024-04-26,Joining,,,Initial employment
EMP11449,2026-01-26,Promotion,102.0,102.0,Role progression
EMP11450,2019-12-26,Joining,,,Initial employment
EMP11450,2023-03-17,Resignation,103.0,103.0,Voluntary exit
EMP11451,2024-04-14,Joining,,,Initial employment
EMP11452,2019-04-20,Joining,,,Initial employment
EMP11452,2021-06-15,Resignation,101.0,101.0,Voluntary exit
EMP11452,2023-03-18,Promotion,101.0,101.0,Role progression
EMP11452,2021-04-06,Resignation,101.0,101.0,Voluntary exit
EMP11453,2019-07-11,Joining,,,Initial employment
EMP11453,2024-11-20,Promotion,107.0,107.0,Role progression
EMP11453,2021-06-03,Manager Change,107.0,107.0,Reporting-line change
EMP11454,2021-06-22,Joining,,,Initial employment
EMP11454,2026-03-14,Termination,104.0,104.0,Involuntary exit
EMP11455,2022-01-21,Joining,,,Initial employment
EMP11455,2025-08-08,Transfer,107.0,104.0,Business transfer
EMP11456,2021-05-11,Joining,,,Initial employment
EMP11456,2025-05-19,Leave of Absence,106.0,106.0,Temporary leave
EMP11457,2026-02-28,Joining,,,Initial employment
EMP11458,2021-12-19,Joining,,,Initial employment
EMP11458,2025-05-26,Leave of Absence,104.0,104.0,Temporary leave
EMP11458,2024-10-24,Promotion,104.0,104.0,Role progression
EMP11459,2020-10-11,Joining,,,Initial employment
EMP11459,2024-02-27,Transfer,107.0,105.0,Business transfer
EMP11460,2019-02-08,Joining,,,Initial employment
EMP11460,2021-02-02,Termination,103.0,103.0,Involuntary exit
EMP11460,2020-06-06,Transfer,103.0,103.0,Business transfer
EMP11460,2020-03-19,Resignation,103.0,103.0,Voluntary exit
EMP11460,2020-12-09,Manager Change,103.0,103.0,Reporting-line change
EMP11461,2020-09-28,Joining,,,Initial employment
EMP11461,2022-10-29,Manager Change,108.0,108.0,Reporting-line change
EMP11461,2024-09-09,Resignation,108.0,108.0,Voluntary exit
EMP11461,2025-09-22,Transfer,108.0,105.0,Business transfer
EMP11462,2021-11-02,Joining,,,Initial employment
EMP11462,2022-05-14,Rehire,103.0,103.0,Returned employee
EMP11462,2025-04-03,Promotion,103.0,103.0,Role progression
EMP11462,2024-11-12,Manager Change,103.0,103.0,Reporting-line change
EMP11463,2019-02-05,Joining,,,Initial employment
EMP11463,2023-10-22,PROMOTION,101.0,101.0,Role progression
EMP11464,2024-11-18,Joining,,,Initial employment
EMP11465,2022-09-23,Joining,,,Initial employment
EMP11466,2024-06-06,Joining,,,Initial employment
EMP11466,2026-01-06,Transfer,102.0,107.0,Business transfer
EMP11467,2019-06-15,Joining,,,Initial employment
EMP11467,2023-07-28,Transfer,107.0,105.0,Business transfer
EMP11467,2020-10-29,Transfer,107.0,107.0,Business transfer
EMP11468,2025-08-27,Joining,,,Initial employment
EMP11469,2024-02-23,Joining,,,Initial employment
EMP11469,2026-04-01,Termination,102.0,102.0,Involuntary exit
EMP11470,2019-01-31,Joining,,,Initial employment
EMP11470,2021-10-16,Termination,101.0,101.0,Involuntary exit
EMP11471,2019-01-11,Joining,,,Initial employment
EMP11471,2023-11-07,Rehire,106.0,106.0,Returned employee
EMP11471,2020-05-06,Transfer,106.0,103.0,Business transfer
EMP11472,2024-07-04,Joining,,,Initial employment
EMP11472,2025-12-25,Termination,102.0,102.0,Involuntary exit
EMP11473,2024-11-13,Joining,,,Initial employment
EMP11474,2025-11-05,Joining,,,Initial employment
EMP11475,2025-02-17,Joining,,,Initial employment
EMP11476,2020-04-30,Joining,,,Initial employment
EMP11477,2022-07-13,Joining,,,Initial employment
EMP11477,2024-12-13,Transfer,103.0,104.0,Business transfer
EMP11478,2022-12-18,Joining,,,Initial employment
EMP11478,2023-12-02,Promotion,103.0,103.0,Role progression
EMP11479,2025-04-04,Joining,,,Initial employment
EMP11480,2024-04-27,Joining,,,Initial employment
EMP11480,2025-07-25,Resignation,103.0,103.0,Voluntary exit
EMP11481,2024-05-17,Joining,,,Initial employment
EMP11481,2025-10-04,Transfer,104.0,106.0,Business transfer
EMP11481,2025-01-07,Promotion,104.0,104.0,Role progression
EMP11482,2024-01-26,Joining,,,Initial employment
EMP11482,2026-02-18,Promotion,107.0,107.0,Role progression
EMP11483,2023-01-09,Joining,,,Initial employment
EMP11483,2025-02-02,Transfer,103.0,104.0,Business transfer
EMP11484,2022-09-28,Joining,,,Initial employment
EMP11484,2025-03-09,Rehire,104.0,104.0,Returned employee
EMP11484,2023-07-03,Leave of Absence,104.0,104.0,Temporary leave
EMP11485,2021-09-17,Joining,,,Initial employment
EMP11485,2023-02-26,Transfer,106.0,107.0,Business transfer
EMP11486,2021-04-04,Joining,,,Initial employment
EMP11486,2024-01-06,Promotion,102.0,102.0,Role progression
EMP11487,2023-01-02,Joining,,,Initial employment
EMP11487,2023-10-11,Resignation,102.0,102.0,Voluntary exit
EMP11487,2025-08-10,Leave of Absence,102.0,102.0,Temporary leave
EMP11488,2024-11-23,Joining,,,Initial employment
EMP11488,2025-10-20,Promotion,108.0,108.0,Role progression
EMP11489,2025-02-06,Joining,,,Initial employment
EMP11490,2025-02-09,Joining,,,Initial employment
EMP11491,2019-08-14,Joining,,,Initial employment
EMP11491,2024-02-16,Manager Change,105.0,105.0,Reporting-line change
EMP11492,2021-02-15,Joining,,,Initial employment
EMP11492,2023-05-14,Promotion,101.0,101.0,Role progression
EMP11492,2023-07-18,Promotion,101.0,101.0,Role progression
EMP11493,2022-01-17,Joining,,,Initial employment
EMP11494,2020-11-18,Joining,,,Initial employment
EMP11495,2020-06-13,Joining,,,Initial employment
EMP11495,2023-11-30,Transfer,104.0,104.0,Business transfer
EMP11495,2023-11-18,Promotion,104.0,104.0,Role progression
EMP11495,2026-02-23,Transfer,104.0,101.0,Business transfer
EMP11496,2021-08-29,Joining,,,Initial employment
EMP11496,2024-03-26,Promotion,102.0,102.0,Role progression
EMP11496,2024-01-11,TRANSFER,102.0,105.0,Business transfer
EMP11496,2023-11-15,Transfer,102.0,106.0,Business transfer
EMP11496,2023-05-14,Rehire,102.0,102.0,Returned employee
EMP11496,2024-02-19,Manager Change,102.0,102.0,Reporting-line change
EMP11497,2021-07-24,Joining,,,Initial employment
EMP11497,2022-11-15,Transfer,101.0,108.0,Business transfer
EMP11498,2022-11-23,Joining,,,Initial employment
EMP11498,2024-04-17,Manager Change,101.0,101.0,Reporting-line change
EMP11499,2024-11-23,Joining,,,Initial employment
EMP11500,2022-07-18,Joining,,,Initial employment
EMP11500,2023-04-03,Resignation,103.0,103.0,Voluntary exit
EMP11501,2024-06-21,Joining,,,Initial employment
EMP11502,2023-03-07,Joining,,,Initial employment
EMP11502,2024-07-07,Transfer,101.0,102.0,Business transfer
EMP11502,2025-07-19,Rehire,101.0,101.0,Returned employee
EMP11503,2020-11-09,Joining,,,Initial employment
EMP11503,2021-10-31,Promotion,101.0,101.0,Role progression
EMP11503,2026-02-17,Rehire,101.0,101.0,Returned employee
EMP11504,2025-09-06,Joining,,,Initial employment
EMP11505,2019-02-09,Joining,,,Initial employment
EMP11505,2019-09-16,Promotion,104.0,104.0,Role progression
EMP11505,2021-05-11,Rehire,104.0,104.0,Returned employee
EMP11506,2026-05-31,Joining,,,Initial employment
EMP11507,2022-01-10,Joining,,,Initial employment
EMP11507,2024-07-29,Promotion,102.0,102.0,Role progression
EMP11507,2023-07-07,Transfer,102.0,107.0,Business transfer
EMP11507,2025-02-22,Manager Change,102.0,102.0,Reporting-line change
EMP11508,2021-04-24,Joining,,,Initial employment
EMP11508,2023-07-19,Transfer,106.0,103.0,Business transfer
EMP11508,2024-09-05,Transfer,106.0,105.0,Business transfer
EMP11508,2023-08-18,Rehire,106.0,106.0,Returned employee
EMP11509,2023-10-10,Joining,,,Initial employment
EMP11510,2025-02-26,Joining,,,Initial employment
EMP11511,2020-03-22,Joining,,,Initial employment
EMP11511,2020-11-09,Resignation,103.0,103.0,Voluntary exit
EMP11512,2022-05-19,Joining,,,Initial employment
EMP11512,2023-09-25,Transfer,102.0,102.0,Business transfer
EMP11513,2025-10-27,Joining,,,Initial employment
EMP11513,2026-05-13,Promotion,102.0,102.0,Role progression
EMP11514,2022-09-12,Joining,,,Initial employment
EMP11514,2024-12-18,Transfer,105.0,106.0,Business transfer
EMP11514,2026-01-04,Promotion,105.0,105.0,Role progression
EMP11514,2024-03-08,Leave of Absence,105.0,105.0,Temporary leave
EMP11515,2019-08-15,Joining,,,Initial employment
EMP11515,2023-09-19,Leave of Absence,105.0,105.0,Temporary leave
EMP11515,2023-05-11,Transfer,105.0,108.0,Business transfer
EMP11515,2021-05-12,Promotion,105.0,105.0,Role progression
EMP11516,2019-02-17,Joining,,,Initial employment
EMP11516,2021-02-27,Promotion,107.0,107.0,Role progression
EMP11516,2020-11-13,Transfer,107.0,108.0,Business transfer
EMP11516,2023-08-05,Resignation,107.0,107.0,Voluntary exit
EMP11516,2024-01-21,Resignation,107.0,107.0,Voluntary exit
EMP11517,2023-01-02,Joining,,,Initial employment
EMP11517,2026-04-24,Termination,103.0,103.0,Involuntary exit
EMP11518,2024-01-05,Joining,,,Initial employment
EMP11519,2019-07-06,Joining,,,Initial employment
EMP11519,2023-05-15,TRANSFER,102.0,107.0,Business transfer
EMP11519,2021-05-14,Rehire,102.0,102.0,Returned employee
EMP11519,2022-08-18,Promotion,102.0,102.0,Role progression
EMP11519,2022-03-23,Transfer,102.0,108.0,Business transfer
EMP11519,2022-08-25,Transfer,102.0,103.0,Business transfer
EMP11519,2023-06-06,Promotion,102.0,102.0,Role progression
EMP11519,2024-09-30,Transfer,102.0,106.0,Business transfer
EMP11520,2025-07-20,Joining,,,Initial employment
EMP11521,2025-03-21,Joining,,,Initial employment
EMP11522,2025-12-10,Joining,,,Initial employment
EMP11523,2024-04-16,Joining,,,Initial employment
EMP11523,2025-02-28,Transfer,101.0,108.0,Business transfer
EMP11524,2021-04-28,Joining,,,Initial employment
EMP11524,2023-12-13,Termination,104.0,104.0,Involuntary exit
EMP11524,2023-09-04,Transfer,104.0,107.0,Business transfer
EMP11524,2024-04-27,Termination,104.0,104.0,Involuntary exit
EMP11525,2024-07-25,Joining,,,Initial employment
EMP11526,2022-06-06,Joining,,,Initial employment
EMP11526,2024-05-29,Rehire,104.0,104.0,Returned employee
EMP11527,2022-11-14,Joining,,,Initial employment
EMP11527,2024-12-29,Resignation,108.0,108.0,Voluntary exit
EMP11528,2021-09-05,Joining,,,Initial employment
EMP11528,2022-03-31,Manager Change,108.0,108.0,Reporting-line change
EMP11528,2026-01-21,Manager Change,108.0,108.0,Reporting-line change
EMP11529,2023-06-01,Joining,,,Initial employment
EMP11529,2024-06-24,Transfer,104.0,101.0,Business transfer
EMP11530,2021-10-13,Joining,,,Initial employment
EMP11531,2025-02-13,Joining,,,Initial employment
EMP11532,2024-02-25,Joining,,,Initial employment
EMP11532,2024-12-09,Promotion,106.0,106.0,Role progression
EMP11533,2019-09-27,Joining,,,Initial employment
EMP11533,2024-07-04,Promotion,101.0,101.0,Role progression
EMP11533,2020-12-10,Transfer,101.0,106.0,Business transfer
EMP11533,2024-06-24,Leave of Absence,101.0,101.0,Temporary leave
EMP11534,2023-06-19,Joining,,,Initial employment
EMP11535,2019-11-06,Joining,,,Initial employment
EMP11536,2024-08-05,Joining,,,Initial employment
EMP11537,2023-04-24,Joining,,,Initial employment
EMP11537,2026-04-02,Rehire,103.0,103.0,Returned employee
EMP11538,2021-12-31,Joining,,,Initial employment
EMP11539,2023-08-23,Joining,,,Initial employment
EMP11539,2025-09-23,Transfer,102.0,103.0,Business transfer
EMP11540,2025-12-08,Joining,,,Initial employment
EMP11541,2022-12-16,Joining,,,Initial employment
EMP11542,2024-12-07,Joining,,,Initial employment
EMP11542,2025-10-12,Manager Change,107.0,107.0,Reporting-line change
EMP11543,2019-08-08,Joining,,,Initial employment
EMP11543,2022-04-17,Transfer,106.0,102.0,Business transfer
EMP11543,2022-12-08,Resignation,106.0,106.0,Voluntary exit
EMP11544,2019-02-22,Joining,,,Initial employment
EMP11545,2023-10-24,Joining,,,Initial employment
EMP11545,2025-03-02,Manager Change,108.0,108.0,Reporting-line change
EMP11546,2023-01-14,Joining,,,Initial employment
EMP11546,2026-02-10,Transfer,108.0,105.0,Business transfer
EMP11546,2025-12-14,Promotion,108.0,108.0,Role progression
EMP11547,2023-07-25,Joining,,,Initial employment
EMP11547,2026-04-14,Manager Change,102.0,102.0,Reporting-line change
EMP11547,2024-02-12,Promotion,102.0,102.0,Role progression
EMP11548,2022-06-14,Joining,,,Initial employment
EMP11549,2020-12-20,Joining,,,Initial employment
EMP11549,2026-05-18,Resignation,106.0,106.0,Voluntary exit
EMP11550,2020-02-10,Joining,,,Initial employment
EMP11550,2021-11-10,Manager Change,107.0,107.0,Reporting-line change
EMP11550,2025-03-14,Promotion,107.0,107.0,Role progression
EMP11551,2026-04-09,Joining,,,Initial employment
EMP11552,2025-10-05,Joining,,,Initial employment
EMP11553,2025-04-13,Joining,,,Initial employment
EMP11554,2019-03-13,Joining,,,Initial employment
EMP11554,2022-02-20,Manager Change,104.0,104.0,Reporting-line change
EMP11554,2021-08-23,Manager Change,104.0,104.0,Reporting-line change
EMP11555,2024-01-28,Joining,,,Initial employment
EMP11555,2024-09-17,Termination,101.0,101.0,Involuntary exit
EMP11556,2025-02-10,Joining,,,Initial employment
EMP11556,2026-06-15,Rehire,102.0,102.0,Returned employee
EMP11557,2024-08-15,Joining,,,Initial employment
EMP11557,2025-07-22,Transfer,103.0,107.0,Business transfer
EMP11558,2022-05-14,Joining,,,Initial employment
EMP11559,2023-04-17,Joining,,,Initial employment
EMP11560,2020-01-22,Joining,,,Initial employment
EMP11560,2023-11-10,Transfer,106.0,106.0,Business transfer
EMP11560,2023-04-26,Resignation,106.0,106.0,Voluntary exit
EMP11560,2024-04-18,Resignation,106.0,106.0,Voluntary exit
EMP11561,2023-11-27,Joining,,,Initial employment
EMP11561,2024-12-21,Transfer,102.0,105.0,Business transfer
EMP11562,2020-11-29,Joining,,,Initial employment
EMP11563,2022-04-15,Joining,,,Initial employment
EMP11563,2023-12-19,Promotion,101.0,101.0,Role progression
EMP11564,2021-04-06,Joining,,,Initial employment
EMP11564,2024-06-01,Termination,103.0,103.0,Involuntary exit
EMP11565,2023-12-28,Joining,,,Initial employment
EMP11566,2019-12-15,Joining,,,Initial employment
EMP11566,2024-04-15,Promotion,106.0,106.0,Role progression
EMP11566,2020-07-12,Transfer,106.0,103.0,Business transfer
EMP11566,2021-04-12,Leave of Absence,106.0,106.0,Temporary leave
EMP11566,2025-10-01,Transfer,106.0,101.0,Business transfer
EMP11567,2022-07-02,Joining,,,Initial employment
EMP11568,2019-11-04,Joining,,,Initial employment
EMP11568,2023-02-18,Resignation,102.0,102.0,Voluntary exit
EMP11568,2023-06-23,Manager Change,102.0,102.0,Reporting-line change
EMP11568,2023-02-08,Promotion,102.0,102.0,Role progression
EMP11569,2022-02-24,Joining,,,Initial employment
EMP11569,2025-01-03,Transfer,103.0,105.0,Business transfer
EMP11570,2024-05-14,Joining,,,Initial employment
EMP11570,2026-04-11,Transfer,102.0,106.0,Business transfer
EMP11571,2025-05-23,Joining,,,Initial employment
EMP11572,2021-02-04,Joining,,,Initial employment
EMP11573,2020-12-25,Joining,,,Initial employment
EMP11573,2023-08-14,Rehire,106.0,106.0,Returned employee
EMP11573,2022-05-26,Manager Change,106.0,106.0,Reporting-line change
EMP11574,2023-06-08,Joining,,,Initial employment
EMP11574,2025-01-09,Manager Change,107.0,107.0,Reporting-line change
EMP11575,2020-01-18,Joining,,,Initial employment
EMP11575,2024-08-01,Resignation,102.0,102.0,Voluntary exit
EMP11575,2024-07-27,Leave of Absence,102.0,102.0,Temporary leave
EMP11576,2025-09-01,Joining,,,Initial employment
EMP11577,2020-06-08,Joining,,,Initial employment
EMP11577,2022-06-09,Rehire,101.0,101.0,Returned employee
EMP11577,2022-06-12,Manager Change,101.0,101.0,Reporting-line change
EMP11578,2026-05-10,Joining,,,Initial employment
EMP11579,2019-10-03,Joining,,,Initial employment
EMP11579,2024-11-13,Promotion,102.0,102.0,Role progression
EMP11579,2020-09-17,Resignation,102.0,102.0,Voluntary exit
EMP11579,2024-07-11,Resignation,102.0,102.0,Voluntary exit
EMP11579,2025-06-24,Promotion,102.0,102.0,Role progression
EMP11579,2024-10-09,Resignation,102.0,102.0,Voluntary exit
EMP11580,2025-12-22,Joining,,,Initial employment
EMP11581,2019-12-03,Joining,,,Initial employment
EMP11581,2025-01-14,Transfer,104.0,106.0,Business transfer
EMP11581,2025-12-04,Resignation,104.0,104.0,Voluntary exit
EMP11581,2022-11-05,Transfer,104.0,105.0,Business transfer
EMP11582,2024-05-27,Joining,,,Initial employment
EMP11582,2025-08-18,Resignation,108.0,108.0,Voluntary exit
EMP11582,2025-01-04,Promotion,108.0,108.0,Role progression
EMP11583,2020-04-25,Joining,,,Initial employment
EMP11583,2021-02-17,Transfer,101.0,105.0,Business transfer
EMP11583,2021-08-19,Promotion,101.0,101.0,Role progression
EMP11584,2021-06-29,Joining,,,Initial employment
EMP11584,2024-07-08,Promotion,102.0,102.0,Role progression
EMP11584,2025-09-10,Leave of Absence,102.0,102.0,Temporary leave
EMP11584,2023-03-29,Resignation,102.0,102.0,Voluntary exit
EMP11585,2024-06-19,Joining,,,Initial employment
EMP11586,2022-09-13,Joining,,,Initial employment
EMP11586,2026-04-14,Promotion,103.0,103.0,Role progression
EMP11586,2024-01-23,Transfer,103.0,107.0,Business transfer
EMP11587,2024-07-26,Joining,,,Initial employment
EMP11588,2023-10-21,Joining,,,Initial employment
EMP11588,2025-12-16,Termination,103.0,103.0,Involuntary exit
EMP11588,2025-03-28,Promotion,103.0,103.0,Role progression
EMP11588,2024-09-17,Manager Change,103.0,103.0,Reporting-line change
EMP11589,2019-04-19,Joining,,,Initial employment
EMP11589,2024-12-15,Manager Change,103.0,103.0,Reporting-line change
EMP11589,2021-11-25,Manager Change,103.0,103.0,Reporting-line change
EMP11589,2021-04-14,Resignation,103.0,103.0,Voluntary exit
EMP11590,2019-11-24,Joining,,,Initial employment
EMP11590,2024-03-23,Promotion,108.0,108.0,Role progression
EMP11590,2021-10-24,Transfer,108.0,104.0,Business transfer
EMP11590,2024-07-01,Transfer,108.0,106.0,Business transfer
EMP11591,2023-12-05,Joining,,,Initial employment
EMP11591,2026-05-13,Leave of Absence,107.0,107.0,Temporary leave
EMP11592,2019-11-11,Joining,,,Initial employment
EMP11592,2025-01-14,Transfer,103.0,108.0,Business transfer
EMP11592,2021-03-07,Promotion,103.0,103.0,Role progression
EMP11592,2022-08-03,Promotion,103.0,103.0,Role progression
EMP11593,2022-02-08,Joining,,,Initial employment
EMP11593,2022-11-17,Rehire,108.0,108.0,Returned employee
EMP11593,2022-09-28,Promotion,108.0,108.0,Role progression
EMP11594,2021-02-19,Joining,,,Initial employment
EMP11595,2023-03-01,Joining,,,Initial employment
EMP11596,2019-06-05,Joining,,,Initial employment
EMP11596,2025-03-06,Termination,102.0,102.0,Involuntary exit
EMP11596,2025-01-15,Manager Change,102.0,102.0,Reporting-line change
EMP11596,2020-05-19,Transfer,102.0,102.0,Business transfer
EMP11597,2023-02-05,Joining,,,Initial employment
EMP11597,2026-02-13,Transfer,103.0,105.0,Business transfer
EMP11598,2023-09-21,Joining,,,Initial employment
EMP11598,2025-02-21,Resignation,101.0,101.0,Voluntary exit
EMP11598,2024-12-27,Manager Change,101.0,101.0,Reporting-line change
EMP11599,2021-06-05,Joining,,,Initial employment
EMP11600,2020-12-22,Joining,,,Initial employment
EMP11601,2021-07-01,Joining,,,Initial employment
EMP11601,2024-01-09,Manager Change,102.0,102.0,Reporting-line change
EMP11602,2021-05-20,Joining,,,Initial employment
EMP11603,2019-01-13,Joining,,,Initial employment
EMP11603,2023-01-07,Leave of Absence,106.0,106.0,Temporary leave
EMP11604,2026-04-09,Joining,,,Initial employment
EMP11605,2020-05-12,Joining,,,Initial employment
EMP11605,2025-05-19,Transfer,107.0,103.0,Business transfer
EMP11605,2021-08-10,Transfer,107.0,106.0,Business transfer
EMP11606,2023-10-23,Joining,,,Initial employment
EMP11606,2026-02-14,Termination,104.0,104.0,Involuntary exit
EMP11607,2025-04-04,Joining,,,Initial employment
EMP11607,2026-05-27,Promotion,107.0,107.0,Role progression
EMP11608,2022-01-22,Joining,,,Initial employment
EMP11608,2026-01-09,Transfer,104.0,106.0,Business transfer
EMP11608,2022-11-21,Manager Change,104.0,104.0,Reporting-line change
EMP11608,2023-08-17,Manager Change,104.0,104.0,Reporting-line change
EMP11609,2022-04-09,Joining,,,Initial employment
EMP11609,2026-05-20,Termination,104.0,104.0,Involuntary exit
EMP11610,2024-06-27,Joining,,,Initial employment
EMP11611,2026-04-07,Joining,,,Initial employment
EMP11612,2026-06-01,Joining,,,Initial employment
EMP11613,2023-07-06,Joining,,,Initial employment
EMP11613,2025-05-23,Promotion,102.0,102.0,Role progression
EMP11614,2023-05-10,Joining,,,Initial employment
EMP11614,2024-05-14,Resignation,101.0,101.0,Voluntary exit
EMP11614,2024-06-19,Promotion,101.0,101.0,Role progression
EMP11615,2023-01-30,Joining,,,Initial employment
EMP11616,2026-04-29,Joining,,,Initial employment
EMP11617,2019-05-23,Joining,,,Initial employment
EMP11617,2024-02-21,Promotion,105.0,105.0,Role progression
EMP11618,2022-05-09,Joining,,,Initial employment
EMP11618,2023-10-27,Promotion,104.0,104.0,Role progression
EMP11619,2025-12-01,Joining,,,Initial employment
EMP11620,2020-07-18,Joining,,,Initial employment
EMP11620,2025-03-12,Promotion,103.0,103.0,Role progression
EMP11620,2021-03-03,MANAGER CHANGE,103.0,103.0,Reporting-line change
EMP11620,2025-01-29,Rehire,103.0,103.0,Returned employee
EMP11621,2025-11-23,Joining,,,Initial employment
EMP11622,2025-08-28,Joining,,,Initial employment
EMP11623,2023-09-12,Joining,,,Initial employment
EMP11623,2025-09-27,Transfer,107.0,107.0,Business transfer
EMP11624,2020-02-21,Joining,,,Initial employment
EMP11624,2022-11-03,Resignation,108.0,108.0,Voluntary exit
EMP11624,2024-01-28,Rehire,108.0,108.0,Returned employee
EMP11624,2024-12-26,Transfer,108.0,108.0,Business transfer
EMP11625,2024-01-23,Joining,,,Initial employment
EMP11626,2025-06-13,Joining,,,Initial employment
EMP11626,2026-05-13,Transfer,102.0,101.0,Business transfer
EMP11627,2026-05-20,Joining,,,Initial employment
EMP11628,2023-09-14,Joining,,,Initial employment
EMP11628,2024-07-28,Resignation,101.0,101.0,Voluntary exit
EMP11629,2022-10-22,Joining,,,Initial employment
EMP11630,2021-12-03,Joining,,,Initial employment
EMP11630,2022-11-15,Manager Change,103.0,103.0,Reporting-line change
EMP11630,2024-11-19,Manager Change,103.0,103.0,Reporting-line change
EMP11631,2024-02-10,Joining,,,Initial employment
EMP11631,2025-11-26,Manager Change,101.0,101.0,Reporting-line change
EMP11631,2024-10-19,Leave of Absence,101.0,101.0,Temporary leave
EMP11632,2022-01-26,Joining,,,Initial employment
EMP11632,2025-10-29,Transfer,102.0,104.0,Business transfer
EMP11632,2024-04-06,Promotion,102.0,102.0,Role progression
EMP11633,2022-07-12,Joining,,,Initial employment
EMP11633,2025-08-12,Resignation,102.0,102.0,Voluntary exit
EMP11633,2026-05-17,Resignation,102.0,102.0,Voluntary exit
EMP11633,2025-10-18,Transfer,102.0,107.0,Business transfer
EMP11634,2023-12-12,Joining,,,Initial employment
EMP11634,2024-08-13,Promotion,106.0,106.0,Role progression
EMP11635,2024-12-27,Joining,,,Initial employment
EMP11635,2026-06-11,Termination,108.0,108.0,Involuntary exit
EMP11636,2023-02-13,Joining,,,Initial employment
EMP11637,2021-10-13,Joining,,,Initial employment
EMP11637,2026-02-10,Transfer,107.0,108.0,Business transfer
EMP11638,2021-08-10,Joining,,,Initial employment
EMP11639,2019-03-13,Joining,,,Initial employment
EMP11639,2023-12-16,Transfer,104.0,106.0,Business transfer
EMP11639,2024-01-22,Leave of Absence,104.0,104.0,Temporary leave
EMP11640,2023-08-18,Joining,,,Initial employment
EMP11641,2022-07-15,Joining,,,Initial employment
EMP11642,2022-09-06,Joining,,,Initial employment
EMP11643,2024-11-24,Joining,,,Initial employment
EMP11644,2021-06-01,Joining,,,Initial employment
EMP11645,2019-05-19,Joining,,,Initial employment
EMP11645,2024-11-13,Manager Change,105.0,105.0,Reporting-line change
EMP11645,2021-07-06,Promotion,105.0,105.0,Role progression
EMP11646,2026-04-16,Joining,,,Initial employment
EMP11647,2025-05-09,Joining,,,Initial employment
EMP11648,2023-02-13,Joining,,,Initial employment
EMP11649,2025-09-29,Joining,,,Initial employment
EMP11650,2025-12-28,Joining,,,Initial employment
EMP11651,2021-01-02,Joining,,,Initial employment
EMP11652,2023-10-15,Joining,,,Initial employment
EMP11652,2025-04-12,Termination,101.0,101.0,Involuntary exit
EMP11652,2024-05-01,Transfer,101.0,102.0,Business transfer
EMP11653,2020-02-28,Joining,,,Initial employment
EMP11653,2023-01-04,Promotion,105.0,105.0,Role progression
EMP11653,2024-07-27,Promotion,105.0,105.0,Role progression
EMP11654,2023-05-11,Joining,,,Initial employment
EMP11654,2025-12-02,Transfer,103.0,108.0,Business transfer
EMP11654,2026-03-13,Promotion,103.0,103.0,Role progression
EMP11655,2020-01-25,Joining,,,Initial employment
EMP11655,2024-12-31,Termination,105.0,105.0,Involuntary exit
EMP11656,2019-12-08,Joining,,,Initial employment
EMP11656,2021-09-25,Manager Change,101.0,101.0,Reporting-line change
EMP11657,2021-08-03,Joining,,,Initial employment
EMP11657,2023-12-04,Transfer,101.0,104.0,Business transfer
EMP11658,2020-09-05,Joining,,,Initial employment
EMP11658,2026-03-03,Resignation,103.0,103.0,Voluntary exit
EMP11658,2025-10-15,Leave of Absence,103.0,103.0,Temporary leave
EMP11658,2021-08-01,Promotion,103.0,103.0,Role progression
EMP11658,2023-06-17,Resignation,103.0,103.0,Voluntary exit
EMP11659,2020-05-07,Joining,,,Initial employment
EMP11659,2025-04-01,Manager Change,108.0,108.0,Reporting-line change
EMP11659,2025-03-17,Leave of Absence,108.0,108.0,Temporary leave
EMP11659,2023-11-14,Leave of Absence,108.0,108.0,Temporary leave
EMP11659,2025-06-10,Manager Change,108.0,108.0,Reporting-line change
EMP11659,2021-11-03,Promotion,108.0,108.0,Role progression
EMP11660,2019-07-11,Joining,,,Initial employment
EMP11660,2024-02-19,Manager Change,103.0,103.0,Reporting-line change
EMP11661,2020-05-13,Joining,,,Initial employment
EMP11661,2022-12-18,Promotion,103.0,103.0,Role progression
EMP11662,2021-04-01,Joining,,,Initial employment
EMP11662,2022-12-02,Manager Change,106.0,106.0,Reporting-line change
EMP11663,2023-10-02,Joining,,,Initial employment
EMP11664,2022-06-10,Joining,,,Initial employment
EMP11664,2025-11-03,Promotion,102.0,102.0,Role progression
EMP11665,2024-05-22,Joining,,,Initial employment
EMP11666,2019-08-15,Joining,,,Initial employment
EMP11666,2023-10-16,Leave of Absence,102.0,102.0,Temporary leave
EMP11666,2021-09-21,Manager Change,102.0,102.0,Reporting-line change
EMP11666,2022-02-24,Transfer,102.0,104.0,Business transfer
EMP11667,2022-10-26,Joining,,,Initial employment
EMP11667,2023-04-28,Termination,108.0,108.0,Involuntary exit
EMP11668,2024-12-26,Joining,,,Initial employment
EMP11669,2021-03-27,Joining,,,Initial employment
EMP11669,2025-03-27,Promotion,103.0,103.0,Role progression
EMP11669,2024-04-23,Promotion,103.0,103.0,Role progression
EMP11670,2023-01-13,Joining,,,Initial employment
EMP11670,2023-08-28,Manager Change,101.0,101.0,Reporting-line change
EMP11671,2021-12-22,Joining,,,Initial employment
EMP11671,2023-02-26,Termination,102.0,102.0,Involuntary exit
EMP11671,2025-07-21,Resignation,102.0,102.0,Voluntary exit
EMP11671,2025-11-17,Transfer,102.0,105.0,Business transfer
EMP11672,2019-04-14,Joining,,,Initial employment
EMP11672,2023-09-19,Manager Change,107.0,107.0,Reporting-line change
EMP11672,2024-10-17,Manager Change,107.0,107.0,Reporting-line change
EMP11672,2023-03-13,Promotion,107.0,107.0,Role progression
EMP11672,2022-03-25,Promotion,107.0,107.0,Role progression
EMP11672,2023-01-27,Manager Change,107.0,107.0,Reporting-line change
EMP11673,2024-02-18,Joining,,,Initial employment
EMP11674,2021-05-20,Joining,,,Initial employment
EMP11674,2022-04-19,Transfer,101.0,103.0,Business transfer
EMP11674,2022-09-05,Transfer,101.0,103.0,Business transfer
EMP11675,2020-10-29,Joining,,,Initial employment
EMP11676,2024-08-04,Joining,,,Initial employment
EMP11676,2026-02-14,Transfer,101.0,104.0,Business transfer
EMP11677,2019-09-30,Joining,,,Initial employment
EMP11677,2024-06-20,Promotion,101.0,101.0,Role progression
EMP11677,2025-01-01,Transfer,101.0,104.0,Business transfer
EMP11678,2021-10-26,Joining,,,Initial employment
EMP11678,2024-10-30,Promotion,107.0,107.0,Role progression
EMP11679,2025-02-09,Joining,,,Initial employment
EMP11680,2021-11-17,Joining,,,Initial employment
EMP11680,2026-04-27,Manager Change,108.0,108.0,Reporting-line change
EMP11681,2023-04-23,Joining,,,Initial employment
EMP11681,2025-01-10,Leave of Absence,107.0,107.0,Temporary leave
EMP11682,2019-10-20,Joining,,,Initial employment
EMP11682,2023-11-26,Manager Change,106.0,106.0,Reporting-line change
EMP11682,2020-08-28,Transfer,106.0,108.0,Business transfer
EMP11682,2020-09-30,Promotion,106.0,106.0,Role progression
EMP11682,2024-01-31,Promotion,106.0,106.0,Role progression
EMP11683,2025-02-02,Joining,,,Initial employment
EMP11684,2024-10-06,Joining,,,Initial employment
EMP11685,2022-07-16,Joining,,,Initial employment
EMP11686,2019-11-04,Joining,,,Initial employment
EMP11687,2021-09-03,Joining,,,Initial employment
EMP11687,2022-07-18,Resignation,103.0,103.0,Voluntary exit
EMP11687,2024-08-02,Resignation,103.0,103.0,Voluntary exit
EMP11688,2022-06-05,Joining,,,Initial employment
EMP11688,2025-04-16,Termination,102.0,102.0,Involuntary exit
EMP11688,2024-04-26,Promotion,102.0,102.0,Role progression
EMP11689,2022-06-24,Joining,,,Initial employment
EMP11689,2023-06-14,Manager Change,107.0,107.0,Reporting-line change
EMP11689,2025-03-08,Resignation,107.0,107.0,Voluntary exit
EMP11690,2023-02-26,Joining,,,Initial employment
EMP11691,2024-10-31,Joining,,,Initial employment
EMP11692,2022-04-24,Joining,,,Initial employment
EMP11692,2025-03-25,Termination,101.0,101.0,Involuntary exit
EMP11693,2025-04-18,Joining,,,Initial employment
EMP11694,2022-10-10,Joining,,,Initial employment
EMP11694,2026-02-12,Leave of Absence,102.0,102.0,Temporary leave
EMP11695,2023-11-09,Joining,,,Initial employment
EMP11695,2024-10-21,Termination,107.0,107.0,Involuntary exit
EMP11695,2026-01-03,Resignation,107.0,107.0,Voluntary exit
EMP11696,2023-09-16,Joining,,,Initial employment
EMP11697,2024-08-04,Joining,,,Initial employment
EMP11698,2021-03-06,Joining,,,Initial employment
EMP11698,2024-12-05,Transfer,108.0,108.0,Business transfer
EMP11699,2021-06-15,Joining,,,Initial employment
EMP11699,2023-10-29,Promotion,101.0,101.0,Role progression
EMP11699,2022-11-10,Manager Change,101.0,101.0,Reporting-line change
EMP11700,2024-05-15,Joining,,,Initial employment
EMP11700,2026-06-16,MANAGER CHANGE,107.0,107.0,Reporting-line change
EMP11701,2019-07-29,Joining,,,Initial employment
EMP11701,2022-05-17,Termination,103.0,103.0,Involuntary exit
EMP11701,2021-08-30,Transfer,103.0,103.0,Business transfer
EMP11702,2026-04-10,Joining,,,Initial employment
EMP11703,2025-10-30,Joining,,,Initial employment
EMP11704,2025-11-12,Joining,,,Initial employment
EMP11705,2021-08-25,Joining,,,Initial employment
EMP11705,2023-07-24,Manager Change,108.0,108.0,Reporting-line change
EMP11705,2026-01-03,Transfer,108.0,103.0,Business transfer
EMP11706,2020-04-16,Joining,,,Initial employment
EMP11706,2022-04-19,Promotion,101.0,101.0,Role progression
EMP11707,2025-08-14,Joining,,,Initial employment
EMP11708,2021-07-11,Joining,,,Initial employment
EMP11708,2024-01-30,Promotion,102.0,102.0,Role progression
EMP11708,2023-07-24,Transfer,102.0,107.0,Business transfer
EMP11708,2025-07-04,Manager Change,102.0,102.0,Reporting-line change
EMP11709,2019-05-17,Joining,,,Initial employment
EMP11710,2020-01-02,Joining,,,Initial employment
EMP11710,2023-11-18,Resignation,107.0,107.0,Voluntary exit
EMP11711,2019-07-03,Joining,,,Initial employment
EMP11711,2024-05-03,Resignation,103.0,103.0,Voluntary exit
EMP11711,2025-05-12,Transfer,103.0,104.0,Business transfer
EMP11712,2025-11-24,Joining,,,Initial employment
EMP11713,2022-10-30,Joining,,,Initial employment
EMP11714,2026-05-25,Joining,,,Initial employment
EMP11715,2020-06-20,Joining,,,Initial employment
EMP11716,2023-05-22,Joining,,,Initial employment
EMP11716,2024-02-24,Transfer,102.0,102.0,Business transfer
EMP11717,2022-06-27,Joining,,,Initial employment
EMP11717,2023-09-05,Resignation,103.0,103.0,Voluntary exit
EMP11718,2026-01-01,Joining,,,Initial employment
EMP11719,2026-05-01,Joining,,,Initial employment
EMP11720,2022-01-01,Joining,,,Initial employment
EMP11720,2024-07-15,Termination,103.0,103.0,Involuntary exit
EMP11721,2022-07-29,Joining,,,Initial employment
EMP11721,2025-02-24,Manager Change,101.0,101.0,Reporting-line change
EMP11721,2024-10-19,Manager Change,101.0,101.0,Reporting-line change
EMP11722,2021-07-04,Joining,,,Initial employment
EMP11723,2019-06-01,Joining,,,Initial employment
EMP11723,2025-01-10,Resignation,102.0,102.0,Voluntary exit
EMP11723,2024-01-11,Leave of Absence,102.0,102.0,Temporary leave
EMP11724,2021-10-25,Joining,,,Initial employment
EMP11725,2022-05-03,Joining,,,Initial employment
EMP11725,2025-07-11,Rehire,104.0,104.0,Returned employee
EMP11726,2024-05-31,Joining,,,Initial employment
EMP11726,2025-05-01,Promotion,101.0,101.0,Role progression
EMP11726,2025-09-12,Promotion,101.0,101.0,Role progression
EMP11726,2025-10-01,Promotion,101.0,101.0,Role progression
EMP11726,2025-06-23,Promotion,101.0,101.0,Role progression
EMP11727,2025-11-16,Joining,,,Initial employment
EMP11728,2019-09-28,Joining,,,Initial employment
EMP11728,2022-12-28,Promotion,106.0,106.0,Role progression
EMP11728,2020-12-24,Promotion,106.0,106.0,Role progression
EMP11728,2024-04-28,Transfer,106.0,106.0,Business transfer
EMP11728,2024-07-26,Promotion,106.0,106.0,Role progression
EMP11729,2022-04-01,Joining,,,Initial employment
EMP11729,2022-12-23,Transfer,103.0,102.0,Business transfer
EMP11730,2020-04-04,Joining,,,Initial employment
EMP11730,2024-01-27,Resignation,101.0,101.0,Voluntary exit
EMP11731,2019-04-15,Joining,,,Initial employment
EMP11731,2023-02-17,Rehire,106.0,106.0,Returned employee
EMP11731,2019-12-20,Promotion,106.0,106.0,Role progression
EMP11732,2023-09-07,Joining,,,Initial employment
EMP11733,2025-01-18,Joining,,,Initial employment
EMP11734,2025-07-26,Joining,,,Initial employment
EMP11734,2026-04-28,Transfer,102.0,102.0,Business transfer
EMP11735,2020-03-09,Joining,,,Initial employment
EMP11735,2022-07-31,Leave of Absence,101.0,101.0,Temporary leave
EMP11735,2024-09-04,Rehire,101.0,101.0,Returned employee
EMP11735,2024-02-07,Resignation,101.0,101.0,Voluntary exit
EMP11736,2019-05-20,Joining,,,Initial employment
EMP11737,2023-02-03,Joining,,,Initial employment
EMP11737,2025-11-12,Transfer,101.0,107.0,Business transfer
EMP11737,2025-05-27,Transfer,101.0,106.0,Business transfer
EMP11738,2019-03-28,Joining,,,Initial employment
EMP11738,2023-07-31,Leave of Absence,102.0,102.0,Temporary leave
EMP11738,2024-06-02,Transfer,102.0,108.0,Business transfer
EMP11739,2023-09-08,Joining,,,Initial employment
EMP11739,2026-01-25,Promotion,106.0,106.0,Role progression
EMP11740,2025-02-08,Joining,,,Initial employment
EMP11741,2025-08-12,Joining,,,Initial employment
EMP11742,2019-05-09,Joining,,,Initial employment
EMP11742,2020-04-29,Promotion,103.0,103.0,Role progression
EMP11742,2021-05-22,Promotion,103.0,103.0,Role progression
EMP11742,2020-12-11,Transfer,103.0,101.0,Business transfer
EMP11743,2022-06-23,Joining,,,Initial employment
EMP11743,2023-05-21,Rehire,104.0,104.0,Returned employee
EMP11743,2025-04-22,Rehire,104.0,104.0,Returned employee
EMP11743,2023-04-20,Termination,104.0,104.0,Involuntary exit
EMP11744,2023-05-21,Joining,,,Initial employment
EMP11744,2024-05-01,Promotion,101.0,101.0,Role progression
EMP11745,2020-10-31,Joining,,,Initial employment
EMP11746,2019-05-29,Joining,,,Initial employment
EMP11746,2022-01-29,Leave of Absence,107.0,107.0,Temporary leave
EMP11746,2023-01-31,Rehire,107.0,107.0,Returned employee
EMP11746,2021-04-10,Resignation,107.0,107.0,Voluntary exit
EMP11747,2021-09-11,Joining,,,Initial employment
EMP11747,2024-04-22,Termination,101.0,101.0,Involuntary exit
EMP11747,2024-12-05,Rehire,101.0,101.0,Returned employee
EMP11748,2021-05-01,Joining,,,Initial employment
EMP11748,2025-10-25,Promotion,106.0,106.0,Role progression
EMP11749,2022-12-27,Joining,,,Initial employment
EMP11749,2026-06-12,Promotion,108.0,108.0,Role progression
EMP11749,2024-01-07,Resignation,108.0,108.0,Voluntary exit
EMP11750,2020-09-19,Joining,,,Initial employment
EMP11751,2023-02-01,Joining,,,Initial employment
EMP11752,2025-10-29,Joining,,,Initial employment
EMP11753,2024-08-06,Joining,,,Initial employment
EMP11754,2021-06-02,Joining,,,Initial employment
EMP11754,2024-07-07,Transfer,108.0,101.0,Business transfer
EMP11755,2025-05-30,Joining,,,Initial employment
EMP11756,2023-11-24,Joining,,,Initial employment
EMP11757,2019-09-07,Joining,,,Initial employment
EMP11757,2025-01-30,Termination,106.0,106.0,Involuntary exit
EMP11758,2021-08-05,Joining,,,Initial employment
EMP11759,2021-09-01,Joining,,,Initial employment
EMP11760,2022-08-18,Joining,,,Initial employment
EMP11761,2021-09-10,Joining,,,Initial employment
EMP11761,2022-04-08,Leave of Absence,101.0,101.0,Temporary leave
EMP11762,2021-06-07,Joining,,,Initial employment
EMP11762,2021-12-12,Transfer,107.0,107.0,Business transfer
EMP11763,2024-10-18,Joining,,,Initial employment
EMP11764,2026-04-26,Joining,,,Initial employment
EMP11765,2021-05-24,Joining,,,Initial employment
EMP11765,2025-09-04,Promotion,103.0,103.0,Role progression
EMP11765,2023-05-09,Manager Change,103.0,103.0,Reporting-line change
EMP11765,2021-12-10,Promotion,103.0,103.0,Role progression
EMP11766,2022-08-19,Joining,,,Initial employment
EMP11767,2020-04-15,Joining,,,Initial employment
EMP11767,2023-11-15,Leave of Absence,106.0,106.0,Temporary leave
EMP11768,2024-06-10,Joining,,,Initial employment
EMP11769,2019-04-01,Joining,,,Initial employment
EMP11769,2020-04-24,Promotion,101.0,101.0,Role progression
EMP11770,2020-06-13,Joining,,,Initial employment
EMP11770,2022-06-10,Transfer,102.0,105.0,Business transfer
EMP11770,2022-07-23,Transfer,102.0,101.0,Business transfer
EMP11770,2023-04-14,Promotion,102.0,102.0,Role progression
EMP11771,2020-10-22,Joining,,,Initial employment
EMP11771,2023-04-14,Transfer,108.0,103.0,Business transfer
EMP11771,2021-12-26,Transfer,108.0,107.0,Business transfer
EMP11771,2021-05-14,Promotion,108.0,108.0,Role progression
EMP11772,2021-01-08,Joining,,,Initial employment
EMP11773,2021-05-21,Joining,,,Initial employment
EMP11773,2022-04-11,Promotion,104.0,104.0,Role progression
EMP11774,2023-08-14,Joining,,,Initial employment
EMP11775,2019-07-11,Joining,,,Initial employment
EMP11775,2022-04-16,Termination,103.0,103.0,Involuntary exit
EMP11776,2024-06-09,Joining,,,Initial employment
EMP11776,2025-01-10,Leave of Absence,107.0,107.0,Temporary leave
EMP11776,2026-06-21,Rehire,107.0,107.0,Returned employee
EMP11777,2024-12-25,Joining,,,Initial employment
EMP11778,2019-12-11,Joining,,,Initial employment
EMP11778,2021-02-12,Termination,101.0,101.0,Involuntary exit
EMP11778,2023-08-02,Leave of Absence,101.0,101.0,Temporary leave
EMP11779,2021-10-05,Joining,,,Initial employment
EMP11779,2024-03-27,Resignation,101.0,101.0,Voluntary exit
EMP11779,2023-01-22,Promotion,101.0,101.0,Role progression
EMP11779,2025-04-03,Transfer,101.0,106.0,Business transfer
EMP11779,2026-04-01,Leave of Absence,101.0,101.0,Temporary leave
EMP11779,2024-01-14,Rehire,101.0,101.0,Returned employee
EMP11780,2025-12-25,Joining,,,Initial employment
EMP11781,2019-07-22,Joining,,,Initial employment
EMP11782,2020-07-26,Joining,,,Initial employment
EMP11782,2021-11-19,Promotion,102.0,102.0,Role progression
EMP11782,2025-08-11,Leave of Absence,102.0,102.0,Temporary leave
EMP11782,2021-08-26,Resignation,102.0,102.0,Voluntary exit
EMP11783,2019-07-11,Joining,,,Initial employment
EMP11783,2021-06-22,Rehire,107.0,107.0,Returned employee
EMP11784,2024-08-14,Joining,,,Initial employment
EMP11785,2024-03-28,Joining,,,Initial employment
EMP11785,2026-04-15,Promotion,102.0,102.0,Role progression
EMP11786,2023-09-13,Joining,,,Initial employment
EMP11787,2019-11-07,JOINING,,,Initial employment
EMP11787,2025-03-22,Manager Change,101.0,101.0,Reporting-line change
EMP11788,2026-02-09,Joining,,,Initial employment
EMP11789,2024-10-04,Joining,,,Initial employment
EMP11790,2020-03-18,Joining,,,Initial employment
EMP11790,2025-10-02,Termination,103.0,103.0,Involuntary exit
EMP11790,2023-09-08,Manager Change,103.0,103.0,Reporting-line change
EMP11791,2022-06-14,Joining,,,Initial employment
EMP11791,2025-04-15,Leave of Absence,103.0,103.0,Temporary leave
EMP11792,2021-05-19,Joining,,,Initial employment
EMP11793,2020-08-07,Joining,,,Initial employment
EMP11793,2025-09-11,Resignation,101.0,101.0,Voluntary exit
EMP11794,2023-05-14,Joining,,,Initial employment
EMP11795,2023-03-18,Joining,,,Initial employment
EMP11795,2024-09-24,Resignation,103.0,103.0,Voluntary exit
EMP11795,2026-02-22,Resignation,103.0,103.0,Voluntary exit
EMP11795,2024-08-02,Transfer,103.0,104.0,Business transfer
EMP11796,2019-12-26,Joining,,,Initial employment
EMP11796,2022-08-07,Promotion,104.0,104.0,Role progression
EMP11796,2023-10-18,Transfer,104.0,103.0,Business transfer
EMP11796,2025-05-05,Resignation,104.0,104.0,Voluntary exit
EMP11797,2023-09-20,Joining,,,Initial employment
EMP11797,2024-09-03,Manager Change,107.0,107.0,Reporting-line change
EMP11797,2024-11-14,TRANSFER,107.0,105.0,Business transfer
EMP11798,2024-09-08,Joining,,,Initial employment
EMP11798,2025-11-13,Termination,101.0,101.0,Involuntary exit
EMP11799,2023-12-08,Joining,,,Initial employment
EMP11800,2024-07-04,Joining,,,Initial employment
EMP11801,2024-11-25,Joining,,,Initial employment
EMP11802,2021-04-23,Joining,,,Initial employment
EMP11802,2025-07-26,Resignation,106.0,106.0,Voluntary exit
EMP11802,2024-06-28,Manager Change,106.0,106.0,Reporting-line change
EMP11803,2023-06-14,Joining,,,Initial employment
EMP11803,2025-11-13,Transfer,103.0,102.0,Business transfer
EMP11803,2024-11-06,Leave of Absence,103.0,103.0,Temporary leave
EMP11804,2021-06-09,Joining,,,Initial employment
EMP11805,2024-06-14,Joining,,,Initial employment
EMP11805,2025-06-27,Transfer,106.0,108.0,Business transfer
EMP11806,2024-06-05,Joining,,,Initial employment
EMP11806,2025-06-28,Manager Change,104.0,104.0,Reporting-line change
EMP11807,2021-08-17,Joining,,,Initial employment
EMP11807,2024-03-18,Transfer,105.0,106.0,Business transfer
EMP11808,2023-01-08,Joining,,,Initial employment
EMP11808,2025-05-09,Rehire,102.0,102.0,Returned employee
EMP11809,2023-01-01,Joining,,,Initial employment
EMP11809,2024-02-08,Resignation,108.0,108.0,Voluntary exit
EMP11810,2021-01-01,Joining,,,Initial employment
EMP11810,2025-10-29,Promotion,104.0,104.0,Role progression
EMP11810,2022-07-03,Leave of Absence,104.0,104.0,Temporary leave
EMP11810,2024-10-23,Termination,104.0,104.0,Involuntary exit
EMP11811,2020-08-28,Joining,,,Initial employment
EMP11811,2022-04-08,Leave of Absence,101.0,101.0,Temporary leave
EMP11811,2025-09-20,Transfer,101.0,107.0,Business transfer
EMP11811,2024-01-16,Rehire,101.0,101.0,Returned employee
EMP11812,2025-11-09,Joining,,,Initial employment
EMP11813,2020-09-06,Joining,,,Initial employment
EMP11813,2024-08-30,Promotion,106.0,106.0,Role progression
EMP11814,2024-06-27,Joining,,,Initial employment
EMP11814,2025-07-31,Transfer,107.0,103.0,Business transfer
EMP11815,2023-09-16,Joining,,,Initial employment
EMP11816,2020-11-04,Joining,,,Initial employment
EMP11816,2024-04-21,Promotion,107.0,107.0,Role progression
EMP11816,2025-02-04,Termination,107.0,107.0,Involuntary exit
EMP11817,2022-06-24,Joining,,,Initial employment
EMP11817,2023-08-21,Leave of Absence,102.0,102.0,Temporary leave
EMP11818,2026-02-03,Joining,,,Initial employment
EMP11819,2023-05-07,Joining,,,Initial employment
EMP11819,2026-02-13,Transfer,107.0,102.0,Business transfer
EMP11820,2023-05-31,Joining,,,Initial employment
EMP11820,2024-12-03,Manager Change,107.0,107.0,Reporting-line change
EMP11821,2021-06-15,Joining,,,Initial employment
EMP11821,2026-06-19,Leave of Absence,106.0,106.0,Temporary leave
EMP11822,2023-01-02,Joining,,,Initial employment
EMP11823,2019-10-05,Joining,,,Initial employment
EMP11823,2022-08-01,Termination,101.0,101.0,Involuntary exit
EMP11823,2024-09-01,Transfer,101.0,102.0,Business transfer
EMP11824,2020-07-05,Joining,,,Initial employment
EMP11825,2023-06-25,Joining,,,Initial employment
EMP11825,2024-07-19,Termination,102.0,102.0,Involuntary exit
EMP11826,2024-11-28,Joining,,,Initial employment
EMP11827,2025-08-29,Joining,,,Initial employment
EMP11828,2021-01-30,Joining,,,Initial employment
EMP11828,2023-06-11,Rehire,103.0,103.0,Returned employee
EMP11828,2022-09-01,Promotion,103.0,103.0,Role progression
EMP11829,2022-12-20,Joining,,,Initial employment
EMP11829,2024-06-17,Transfer,102.0,102.0,Business transfer
EMP11829,2024-12-12,Leave of Absence,102.0,102.0,Temporary leave
EMP11830,2020-02-09,Joining,,,Initial employment
EMP11831,2022-09-20,Joining,,,Initial employment
EMP11831,2023-10-25,Resignation,101.0,101.0,Voluntary exit
EMP11831,2023-05-28,Termination,101.0,101.0,Involuntary exit
EMP11831,2023-12-02,Manager Change,101.0,101.0,Reporting-line change
EMP11831,2024-10-06,Rehire,101.0,101.0,Returned employee
EMP11832,2022-05-17,Joining,,,Initial employment
EMP11832,2023-03-26,Resignation,102.0,102.0,Voluntary exit
EMP11833,2019-01-22,Joining,,,Initial employment
EMP11833,2022-12-13,Resignation,104.0,104.0,Voluntary exit
EMP11834,2020-11-08,Joining,,,Initial employment
EMP11834,2022-08-21,Transfer,103.0,103.0,Business transfer
EMP11834,2022-09-16,Resignation,103.0,103.0,Voluntary exit
EMP11835,2026-04-12,Joining,,,Initial employment
EMP11836,2024-07-21,Joining,,,Initial employment
EMP11836,2025-10-03,Termination,106.0,106.0,Involuntary exit
EMP11837,2022-05-16,Joining,,,Initial employment
EMP11838,2024-08-17,Joining,,,Initial employment
EMP11838,2025-07-20,Rehire,106.0,106.0,Returned employee
EMP11839,2023-12-14,Joining,,,Initial employment
EMP11839,2025-07-14,Manager Change,102.0,102.0,Reporting-line change
EMP11840,2020-06-12,Joining,,,Initial employment
EMP11840,2021-02-15,Manager Change,106.0,106.0,Reporting-line change
EMP11840,2025-08-16,Manager Change,106.0,106.0,Reporting-line change
EMP11840,2024-03-14,Transfer,106.0,104.0,Business transfer
EMP11841,2024-07-30,Joining,,,Initial employment
EMP11842,2026-04-03,Joining,,,Initial employment
EMP11843,2023-08-04,Joining,,,Initial employment
EMP11843,2025-07-24,Manager Change,102.0,102.0,Reporting-line change
EMP11843,2026-02-06,Rehire,102.0,102.0,Returned employee
EMP11844,2020-10-18,Joining,,,Initial employment
EMP11844,2024-06-15,Resignation,107.0,107.0,Voluntary exit
EMP11845,2019-06-15,Joining,,,Initial employment
EMP11846,2021-04-28,Joining,,,Initial employment
EMP11846,2022-04-02,Leave of Absence,101.0,101.0,Temporary leave
EMP11846,2022-03-21,Resignation,101.0,101.0,Voluntary exit
EMP11846,2026-03-25,Manager Change,101.0,101.0,Reporting-line change
EMP11847,2020-05-10,Joining,,,Initial employment
EMP11847,2026-02-03,Transfer,101.0,105.0,Business transfer
EMP11848,2020-08-12,Joining,,,Initial employment
EMP11848,2021-09-16,Termination,107.0,107.0,Involuntary exit
EMP11849,2020-03-04,Joining,,,Initial employment
EMP11849,2022-01-16,Transfer,105.0,107.0,Business transfer
EMP11850,2019-06-12,Joining,,,Initial employment
EMP11850,2020-12-07,Rehire,102.0,102.0,Returned employee
EMP11850,2025-05-25,Manager Change,102.0,102.0,Reporting-line change
EMP11851,2025-08-10,Joining,,,Initial employment
EMP11852,2022-06-16,Joining,,,Initial employment
EMP11853,2019-03-13,Joining,,,Initial employment
EMP11853,2023-09-14,Resignation,105.0,105.0,Voluntary exit
EMP11853,2023-05-19,Promotion,105.0,105.0,Role progression
EMP11854,2020-10-16,Joining,,,Initial employment
EMP11854,2024-07-28,Transfer,102.0,102.0,Business transfer
EMP11855,2019-09-26,Joining,,,Initial employment
EMP11855,2023-03-30,Transfer,107.0,106.0,Business transfer
EMP11855,2020-09-11,Resignation,107.0,107.0,Voluntary exit
EMP11856,2023-11-12,Joining,,,Initial employment
EMP11856,2025-07-12,Promotion,102.0,102.0,Role progression
EMP11857,2025-09-28,Joining,,,Initial employment
EMP11858,2022-06-22,Joining,,,Initial employment
EMP11858,2026-01-13,Leave of Absence,101.0,101.0,Temporary leave
EMP11859,2021-10-12,Joining,,,Initial employment
EMP11859,2025-06-26,Transfer,103.0,102.0,Business transfer
EMP11859,2024-02-12,Termination,103.0,103.0,Involuntary exit
EMP11859,2024-04-16,Termination,103.0,103.0,Involuntary exit
EMP11860,2026-06-15,Joining,,,Initial employment
EMP11861,2021-12-19,Joining,,,Initial employment
EMP11861,2026-02-24,Promotion,104.0,104.0,Role progression
EMP11862,2019-01-06,Joining,,,Initial employment
EMP11862,2020-09-25,Promotion,101.0,101.0,Role progression
EMP11862,2019-11-09,Resignation,101.0,101.0,Voluntary exit
EMP11863,2021-09-08,Joining,,,Initial employment
EMP11863,2023-09-22,Manager Change,107.0,107.0,Reporting-line change
EMP11864,2026-03-02,Joining,,,Initial employment
EMP11865,2020-02-11,Joining,,,Initial employment
EMP11865,2025-01-07,Promotion,106.0,106.0,Role progression
EMP11866,2024-05-07,Joining,,,Initial employment
EMP11866,2024-12-19,Promotion,107.0,107.0,Role progression
EMP11867,2024-09-04,Joining,,,Initial employment
EMP11867,2025-03-19,Promotion,104.0,104.0,Role progression
EMP11868,2021-09-12,Joining,,,Initial employment
EMP11868,2022-10-28,Rehire,106.0,106.0,Returned employee
EMP11869,2020-01-25,Joining,,,Initial employment
EMP11869,2025-11-11,Transfer,106.0,107.0,Business transfer
EMP11870,2020-12-10,Joining,,,Initial employment
EMP11870,2022-10-21,Transfer,102.0,106.0,Business transfer
EMP11870,2026-06-17,Resignation,102.0,102.0,Voluntary exit
EMP11871,2026-03-03,Joining,,,Initial employment
EMP11872,2023-01-11,Joining,,,Initial employment
EMP11873,2021-01-23,Joining,,,Initial employment
EMP11873,2022-06-03,Manager Change,104.0,104.0,Reporting-line change
EMP11874,2025-01-02,Joining,,,Initial employment
EMP11875,2022-11-12,Joining,,,Initial employment
EMP11876,2022-06-26,Joining,,,Initial employment
EMP11877,2020-06-09,Joining,,,Initial employment
EMP11877,2024-03-02,Promotion,103.0,103.0,Role progression
EMP11877,2021-03-07,Resignation,103.0,103.0,Voluntary exit
EMP11878,2023-01-25,Joining,,,Initial employment
EMP11878,2024-04-30,Promotion,107.0,107.0,Role progression
EMP11878,2025-12-04,Promotion,107.0,107.0,Role progression
EMP11879,2024-08-22,Joining,,,Initial employment
EMP11880,2025-08-28,Joining,,,Initial employment
EMP11881,2020-07-09,Joining,,,Initial employment
EMP11881,2022-11-23,Promotion,106.0,106.0,Role progression
EMP11881,2024-05-26,Promotion,106.0,106.0,Role progression
EMP11882,2019-01-19,Joining,,,Initial employment
EMP11882,2020-11-30,Resignation,108.0,108.0,Voluntary exit
EMP11883,2020-07-28,JOINING,,,Initial employment
EMP11883,2022-05-28,Promotion,101.0,101.0,Role progression
EMP11883,2025-05-15,Transfer,101.0,106.0,Business transfer
EMP11884,2021-09-30,Joining,,,Initial employment
EMP11885,2025-10-02,Joining,,,Initial employment
EMP11886,2025-10-02,Joining,,,Initial employment
EMP11887,2024-04-22,Joining,,,Initial employment
EMP11887,2026-02-01,Rehire,107.0,107.0,Returned employee
EMP11887,2024-12-04,Transfer,107.0,105.0,Business transfer
EMP11888,2024-04-23,Joining,,,Initial employment
EMP11888,2025-05-02,Transfer,103.0,108.0,Business transfer
EMP11888,2025-08-06,Transfer,103.0,105.0,Business transfer
EMP11889,2023-06-24,Joining,,,Initial employment
EMP11890,2023-08-26,Joining,,,Initial employment
EMP11891,2024-12-09,Joining,,,Initial employment
EMP11892,2020-03-07,Joining,,,Initial employment
EMP11892,2025-04-22,Leave of Absence,102.0,102.0,Temporary leave
EMP11892,2021-02-02,Transfer,102.0,102.0,Business transfer
EMP11892,2022-06-21,Transfer,102.0,103.0,Business transfer
EMP11893,2024-09-22,Joining,,,Initial employment
EMP11894,2024-03-10,Joining,,,Initial employment
EMP11894,2024-11-18,Promotion,101.0,101.0,Role progression
EMP11895,2024-04-27,Joining,,,Initial employment
EMP11896,2022-09-02,Joining,,,Initial employment
EMP11896,2024-08-29,Transfer,103.0,102.0,Business transfer
EMP11897,2025-08-25,Joining,,,Initial employment
EMP11898,2019-05-25,Joining,,,Initial employment
EMP11898,2020-07-25,Manager Change,101.0,101.0,Reporting-line change
EMP11898,2020-11-13,Manager Change,101.0,101.0,Reporting-line change
EMP11898,2024-04-15,Manager Change,101.0,101.0,Reporting-line change
EMP11899,2025-08-07,Joining,,,Initial employment
EMP11900,2021-12-09,Joining,,,Initial employment
EMP11900,2024-09-06,Promotion,101.0,101.0,Role progression
EMP11900,2026-03-09,Manager Change,101.0,101.0,Reporting-line change
EMP11901,2021-12-24,Joining,,,Initial employment
EMP11901,2023-03-29,Promotion,108.0,108.0,Role progression
EMP11901,2025-11-02,Transfer,108.0,104.0,Business transfer
EMP11901,2023-03-13,Promotion,108.0,108.0,Role progression
EMP11902,2025-07-30,Joining,,,Initial employment
EMP11903,2021-03-10,Joining,,,Initial employment
EMP11903,2023-12-15,Leave of Absence,103.0,103.0,Temporary leave
EMP11903,2024-04-24,Termination,103.0,103.0,Involuntary exit
EMP11904,2022-02-25,Joining,,,Initial employment
EMP11905,2025-09-11,Joining,,,Initial employment
EMP11906,2024-05-10,Joining,,,Initial employment
EMP11906,2025-01-28,Transfer,102.0,102.0,Business transfer
EMP11906,2026-06-20,Manager Change,102.0,102.0,Reporting-line change
EMP11907,2020-04-07,Joining,,,Initial employment
EMP11907,2022-08-19,Promotion,101.0,101.0,Role progression
EMP11908,2023-11-10,Joining,,,Initial employment
EMP11908,2026-06-21,Leave of Absence,104.0,104.0,Temporary leave
EMP11909,2024-08-07,Joining,,,Initial employment
EMP11909,2025-03-23,Manager Change,108.0,108.0,Reporting-line change
EMP11910,2021-03-18,Joining,,,Initial employment
EMP11910,2024-05-12,Transfer,101.0,101.0,Business transfer
EMP11910,2025-08-17,Rehire,101.0,101.0,Returned employee
EMP11910,2026-01-04,Manager Change,101.0,101.0,Reporting-line change
EMP11911,2019-07-06,Joining,,,Initial employment
EMP11911,2022-02-06,Promotion,102.0,102.0,Role progression
EMP11911,2024-10-10,Promotion,102.0,102.0,Role progression
EMP11911,2020-09-15,Manager Change,102.0,102.0,Reporting-line change
EMP11912,2023-10-10,Joining,,,Initial employment
EMP11913,2021-01-01,Joining,,,Initial employment
EMP11913,2022-09-24,Termination,101.0,101.0,Involuntary exit
EMP11913,2025-02-27,Manager Change,101.0,101.0,Reporting-line change
EMP11913,2021-10-22,Manager Change,101.0,101.0,Reporting-line change
EMP11913,2022-09-10,Promotion,101.0,101.0,Role progression
EMP11913,2023-04-14,Resignation,101.0,101.0,Voluntary exit
EMP11914,2024-04-19,Joining,,,Initial employment
EMP11915,2022-04-28,Joining,,,Initial employment
EMP11915,2023-02-06,Resignation,104.0,104.0,Voluntary exit
EMP11916,2022-11-12,Joining,,,Initial employment
EMP11917,2020-03-04,Joining,,,Initial employment
EMP11917,2021-08-07,Termination,103.0,103.0,Involuntary exit
EMP11918,2022-07-31,Joining,,,Initial employment
EMP11918,2023-07-16,Transfer,108.0,103.0,Business transfer
EMP11919,2025-04-03,Joining,,,Initial employment
EMP11920,2022-05-02,Joining,,,Initial employment
EMP11921,2022-08-03,Joining,,,Initial employment
EMP11921,2026-04-11,Resignation,108.0,108.0,Voluntary exit
EMP11922,2021-02-09,Joining,,,Initial employment
EMP11922,2024-05-23,Transfer,103.0,102.0,Business transfer
EMP11922,2026-03-17,Rehire,103.0,103.0,Returned employee
EMP11923,2021-01-27,Joining,,,Initial employment
EMP11923,2024-12-16,Promotion,102.0,102.0,Role progression
EMP11923,2025-04-09,TRANSFER,102.0,101.0,Business transfer
EMP11923,2025-07-31,Resignation,102.0,102.0,Voluntary exit
EMP11923,2025-05-25,Termination,102.0,102.0,Involuntary exit
EMP11924,2019-05-16,Joining,,,Initial employment
EMP11924,2025-01-01,PROMOTION,104.0,104.0,Role progression
EMP11925,2021-03-02,Joining,,,Initial employment
EMP11925,2022-12-10,Transfer,102.0,104.0,Business transfer
EMP11925,2025-06-30,Promotion,102.0,102.0,Role progression
EMP11926,2019-06-20,Joining,,,Initial employment
EMP11927,2025-01-15,Joining,,,Initial employment
EMP11928,2025-02-26,Joining,,,Initial employment
EMP11929,2023-04-30,Joining,,,Initial employment
EMP11930,2021-08-19,Joining,,,Initial employment
EMP11930,2024-10-30,Promotion,104.0,104.0,Role progression
EMP11931,2026-03-15,Joining,,,Initial employment
EMP11932,2021-05-25,Joining,,,Initial employment
EMP11933,2025-08-15,Joining,,,Initial employment
EMP11934,2019-04-13,Joining,,,Initial employment
EMP11934,2021-08-22,Termination,101.0,101.0,Involuntary exit
EMP11934,2024-02-16,Resignation,101.0,101.0,Voluntary exit
EMP11934,2021-07-19,Rehire,101.0,101.0,Returned employee
EMP11934,2025-01-28,Transfer,101.0,106.0,Business transfer
EMP11934,2021-12-10,Manager Change,101.0,101.0,Reporting-line change
EMP11935,2021-09-28,Joining,,,Initial employment
EMP11936,2022-02-22,Joining,,,Initial employment
EMP11936,2025-09-14,Transfer,102.0,105.0,Business transfer
EMP11937,2023-01-21,Joining,,,Initial employment
EMP11937,2026-02-26,Leave of Absence,107.0,107.0,Temporary leave
EMP11938,2020-10-19,Joining,,,Initial employment
EMP11938,2022-11-12,Transfer,108.0,106.0,Business transfer
EMP11938,2021-11-23,Termination,108.0,108.0,Involuntary exit
EMP11938,2025-11-13,Leave of Absence,108.0,108.0,Temporary leave
EMP11939,2022-05-05,Joining,,,Initial employment
EMP11939,2023-03-18,Promotion,108.0,108.0,Role progression
EMP11939,2023-03-01,Manager Change,108.0,108.0,Reporting-line change
EMP11940,2020-02-27,Joining,,,Initial employment
EMP11940,2022-01-30,Leave of Absence,102.0,102.0,Temporary leave
EMP11940,2024-03-17,Manager Change,102.0,102.0,Reporting-line change
EMP11941,2026-03-04,Joining,,,Initial employment
EMP11942,2019-06-20,Joining,,,Initial employment
EMP11943,2025-01-29,Joining,,,Initial employment
EMP11944,2026-06-03,Joining,,,Initial employment
EMP11945,2020-03-28,Joining,,,Initial employment
EMP11945,2024-11-09,Termination,105.0,105.0,Involuntary exit
EMP11945,2023-02-13,Transfer,105.0,105.0,Business transfer
EMP11946,2025-07-25,Joining,,,Initial employment
EMP11947,2024-05-29,Joining,,,Initial employment
EMP11948,2023-07-16,Joining,,,Initial employment
EMP11948,2025-03-30,Promotion,102.0,102.0,Role progression
EMP11949,2025-12-16,Joining,,,Initial employment
EMP11950,2026-04-21,Joining,,,Initial employment
EMP11951,2024-08-15,Joining,,,Initial employment
EMP11951,2025-07-25,Transfer,108.0,103.0,Business transfer
EMP11952,2019-10-15,Joining,,,Initial employment
EMP11952,2022-12-13,Transfer,101.0,108.0,Business transfer
EMP11953,2023-06-30,Joining,,,Initial employment
EMP11954,2022-12-18,Joining,,,Initial employment
EMP11955,2024-03-28,Joining,,,Initial employment
EMP11956,2020-08-30,Joining,,,Initial employment
EMP11956,2025-02-07,Promotion,102.0,102.0,Role progression
EMP11956,2021-07-08,Promotion,102.0,102.0,Role progression
EMP11957,2020-04-01,Joining,,,Initial employment
EMP11957,2024-08-13,Termination,106.0,106.0,Involuntary exit
EMP11958,2023-10-31,Joining,,,Initial employment
EMP11959,2022-05-10,Joining,,,Initial employment
EMP11959,2024-06-02,Promotion,108.0,108.0,Role progression
EMP11959,2026-02-18,Manager Change,108.0,108.0,Reporting-line change
EMP11959,2023-04-30,Promotion,108.0,108.0,Role progression
EMP11959,2025-03-01,Resignation,108.0,108.0,Voluntary exit
EMP11960,2022-05-20,Joining,,,Initial employment
EMP11961,2021-10-26,Joining,,,Initial employment
EMP11961,2023-03-20,Resignation,107.0,107.0,Voluntary exit
EMP11961,2024-08-06,Termination,107.0,107.0,Involuntary exit
EMP11961,2023-05-10,Resignation,107.0,107.0,Voluntary exit
EMP11962,2026-04-25,Joining,,,Initial employment
EMP11963,2025-08-20,Joining,,,Initial employment
EMP11964,2020-03-22,Joining,,,Initial employment
EMP11964,2023-03-30,Promotion,102.0,102.0,Role progression
EMP11964,2021-05-10,Promotion,102.0,102.0,Role progression
EMP11964,2021-12-10,Transfer,102.0,107.0,Business transfer
EMP11965,2021-04-14,Joining,,,Initial employment
EMP11965,2022-06-30,Leave of Absence,103.0,103.0,Temporary leave
EMP11966,2021-03-21,Joining,,,Initial employment
EMP11966,2025-12-06,Termination,102.0,102.0,Involuntary exit
EMP11967,2022-11-25,Joining,,,Initial employment
EMP11967,2023-11-27,Transfer,103.0,107.0,Business transfer
EMP11968,2022-11-12,Joining,,,Initial employment
EMP11968,2024-04-09,Transfer,102.0,101.0,Business transfer
EMP11969,2021-08-16,Joining,,,Initial employment
EMP11969,2024-07-29,Leave of Absence,108.0,108.0,Temporary leave
EMP11970,2023-01-15,Joining,,,Initial employment
EMP11970,2026-03-08,Termination,102.0,102.0,Involuntary exit
EMP11971,2021-03-19,Joining,,,Initial employment
EMP11971,2022-04-14,Promotion,101.0,101.0,Role progression
EMP11972,2021-09-05,Joining,,,Initial employment
EMP11972,2024-08-29,Promotion,104.0,104.0,Role progression
EMP11972,2025-01-18,Resignation,104.0,104.0,Voluntary exit
EMP11972,2024-10-29,Rehire,104.0,104.0,Returned employee
EMP11972,2024-12-20,Manager Change,104.0,104.0,Reporting-line change
EMP11973,2025-09-29,Joining,,,Initial employment
EMP11974,2020-12-26,Joining,,,Initial employment
EMP11975,2025-11-06,Joining,,,Initial employment
EMP11976,2022-05-01,Joining,,,Initial employment
EMP11976,2026-01-29,Transfer,103.0,105.0,Business transfer
EMP11977,2025-01-06,Joining,,,Initial employment
EMP11978,2024-03-18,Joining,,,Initial employment
EMP11979,2021-02-17,Joining,,,Initial employment
EMP11979,2025-07-16,Transfer,106.0,105.0,Business transfer
EMP11979,2023-09-12,Leave of Absence,106.0,106.0,Temporary leave
EMP11979,2023-05-28,Promotion,106.0,106.0,Role progression
EMP11979,2023-04-27,Manager Change,106.0,106.0,Reporting-line change
EMP11980,2021-08-30,Joining,,,Initial employment
EMP11980,2026-01-15,Leave of Absence,103.0,103.0,Temporary leave
EMP11980,2022-04-11,Leave of Absence,103.0,103.0,Temporary leave
EMP11980,2023-08-16,Promotion,103.0,103.0,Role progression
EMP11981,2023-03-19,Joining,,,Initial employment
EMP11982,2022-11-17,Joining,,,Initial employment
EMP11982,2026-03-24,Manager Change,102.0,102.0,Reporting-line change
EMP11983,2024-10-24,Joining,,,Initial employment
EMP11983,2025-08-14,Transfer,107.0,108.0,Business transfer
EMP11984,2020-08-21,Joining,,,Initial employment
EMP11984,2024-08-28,Manager Change,101.0,101.0,Reporting-line change
EMP11984,2022-02-27,Transfer,101.0,104.0,Business transfer
EMP11985,2019-08-13,Joining,,,Initial employment
EMP11985,2020-10-21,Promotion,101.0,101.0,Role progression
EMP11985,2024-12-07,Transfer,101.0,102.0,Business transfer
EMP11986,2023-04-03,Joining,,,Initial employment
EMP11987,2024-11-30,Joining,,,Initial employment
EMP11987,2025-09-22,Rehire,103.0,103.0,Returned employee
EMP11987,2025-10-26,Transfer,103.0,102.0,Business transfer
EMP11988,2025-04-17,Joining,,,Initial employment
EMP11989,2021-04-20,Joining,,,Initial employment
EMP11989,2023-12-09,Transfer,102.0,108.0,Business transfer
EMP11989,2023-07-10,Termination,102.0,102.0,Involuntary exit
EMP11989,2023-09-21,Termination,102.0,102.0,Involuntary exit
EMP11990,2023-12-20,Joining,,,Initial employment
EMP11991,2020-12-14,Joining,,,Initial employment
EMP11992,2022-01-11,Joining,,,Initial employment
EMP11992,2025-05-31,Termination,106.0,106.0,Involuntary exit
EMP11993,2019-05-05,Joining,,,Initial employment
EMP11993,2024-07-14,Promotion,103.0,103.0,Role progression
EMP11993,2021-08-08,Promotion,103.0,103.0,Role progression
EMP11994,2021-12-28,Joining,,,Initial employment
EMP11994,2022-11-18,Manager Change,104.0,104.0,Reporting-line change
EMP11994,2024-09-28,Leave of Absence,104.0,104.0,Temporary leave
EMP11995,2022-07-03,Joining,,,Initial employment
EMP11996,2023-10-17,Joining,,,Initial employment
EMP11997,2019-01-30,Joining,,,Initial employment
EMP11997,2022-05-14,Transfer,102.0,108.0,Business transfer
EMP11998,2025-05-17,Joining,,,Initial employment
EMP11999,2024-07-10,Joining,,,Initial employment
EMP11999,2026-04-21,Rehire,101.0,101.0,Returned employee
EMP12000,2025-08-12,Joining,,,Initial employment
EMP12001,2020-05-09,Joining,,,Initial employment
EMP12001,2023-06-07,Transfer,106.0,102.0,Business transfer
EMP12002,2023-05-29,Joining,,,Initial employment
EMP12002,2025-05-14,Transfer,103.0,104.0,Business transfer
EMP12002,2024-07-14,Promotion,103.0,103.0,Role progression
EMP12003,2020-12-18,Joining,,,Initial employment
EMP12003,2023-02-24,Resignation,108.0,108.0,Voluntary exit
EMP12003,2025-01-21,Promotion,108.0,108.0,Role progression
EMP12004,2021-10-13,Joining,,,Initial employment
EMP12004,2024-09-05,Transfer,101.0,103.0,Business transfer
EMP12005,2022-08-30,Joining,,,Initial employment
EMP12005,2025-06-25,Manager Change,104.0,104.0,Reporting-line change
EMP12005,2025-10-20,Transfer,104.0,108.0,Business transfer
EMP12006,2020-08-28,Joining,,,Initial employment
EMP12006,2024-11-13,Promotion,108.0,108.0,Role progression
EMP12006,2023-07-18,Promotion,108.0,108.0,Role progression
EMP12006,2024-03-20,Leave of Absence,108.0,108.0,Temporary leave
EMP12006,2022-01-28,Promotion,108.0,108.0,Role progression
EMP12007,2020-01-10,Joining,,,Initial employment
EMP12007,2024-02-08,Promotion,108.0,108.0,Role progression
EMP12007,2024-03-06,Resignation,108.0,108.0,Voluntary exit
EMP12007,2022-12-30,Promotion,108.0,108.0,Role progression
EMP12008,2026-05-10,Joining,,,Initial employment
EMP12009,2024-05-14,Joining,,,Initial employment
EMP12009,2025-05-26,Leave of Absence,103.0,103.0,Temporary leave
EMP12009,2025-02-27,Manager Change,103.0,103.0,Reporting-line change
EMP12010,2021-11-14,Joining,,,Initial employment
EMP12010,2024-10-23,Promotion,105.0,105.0,Role progression
EMP12010,2024-11-26,Termination,105.0,105.0,Involuntary exit
EMP12010,2025-05-27,Promotion,105.0,105.0,Role progression
EMP12011,2022-09-19,Joining,,,Initial employment
EMP12011,2026-02-26,Termination,101.0,101.0,Involuntary exit
EMP12012,2019-04-26,Joining,,,Initial employment
EMP12012,2023-10-25,Termination,108.0,108.0,Involuntary exit
EMP12012,2023-07-15,Resignation,108.0,108.0,Voluntary exit
EMP12013,2024-09-26,Joining,,,Initial employment
EMP12014,2023-12-07,Joining,,,Initial employment
EMP12015,2024-11-16,Joining,,,Initial employment
EMP12016,2023-01-22,Joining,,,Initial employment
EMP12017,2023-03-27,Joining,,,Initial employment
EMP12017,2024-03-02,Promotion,108.0,108.0,Role progression
EMP12018,2023-06-09,Joining,,,Initial employment
EMP12019,2025-09-18,Joining,,,Initial employment
EMP12020,2020-11-15,Joining,,,Initial employment
EMP12021,2025-12-25,Joining,,,Initial employment
EMP12022,2023-01-11,Joining,,,Initial employment
EMP12022,2025-09-11,Manager Change,101.0,101.0,Reporting-line change
EMP12023,2023-05-19,Joining,,,Initial employment
EMP12023,2024-02-10,Manager Change,102.0,102.0,Reporting-line change
EMP12023,2025-06-15,Promotion,102.0,102.0,Role progression
EMP12024,2025-04-24,Joining,,,Initial employment
EMP12025,2024-12-08,Joining,,,Initial employment
EMP12025,2025-08-25,Transfer,108.0,102.0,Business transfer
EMP12026,2021-03-20,Joining,,,Initial employment
EMP12026,2022-01-16,Leave of Absence,107.0,107.0,Temporary leave
EMP12027,2021-09-04,Joining,,,Initial employment
EMP12027,2024-10-03,Manager Change,101.0,101.0,Reporting-line change
EMP12028,2024-10-02,Joining,,,Initial employment
EMP12029,2022-09-16,Joining,,,Initial employment
EMP12030,2021-02-22,Joining,,,Initial employment
EMP12030,2024-07-30,Resignation,102.0,102.0,Voluntary exit
EMP12030,2022-04-05,Promotion,102.0,102.0,Role progression
EMP12030,2025-02-02,Promotion,102.0,102.0,Role progression
EMP12031,2019-08-29,Joining,,,Initial employment
EMP12031,2020-12-27,Manager Change,108.0,108.0,Reporting-line change
EMP12032,2023-11-14,Joining,,,Initial employment
EMP12032,2025-02-10,Termination,105.0,105.0,Involuntary exit
EMP12033,2023-04-03,Joining,,,Initial employment
EMP12033,2024-05-17,Promotion,101.0,101.0,Role progression
EMP12033,2026-03-13,Manager Change,101.0,101.0,Reporting-line change
EMP12034,2020-04-27,Joining,,,Initial employment
EMP12035,2021-10-09,Joining,,,Initial employment
EMP12035,2023-06-10,Rehire,108.0,108.0,Returned employee
EMP12036,2019-07-06,Joining,,,Initial employment
EMP12036,2021-11-02,Manager Change,101.0,101.0,Reporting-line change
EMP12037,2024-02-25,Joining,,,Initial employment
EMP12037,2024-11-06,Transfer,104.0,102.0,Business transfer
EMP12038,2026-05-27,Joining,,,Initial employment
EMP12039,2025-04-28,Joining,,,Initial employment
EMP12040,2021-08-10,Joining,,,Initial employment
EMP12041,2022-10-19,Joining,,,Initial employment
EMP12042,2020-05-05,Joining,,,Initial employment
EMP12043,2020-03-06,Joining,,,Initial employment
EMP12043,2021-09-04,Resignation,103.0,103.0,Voluntary exit
EMP12044,2019-08-27,Joining,,,Initial employment
EMP12045,2025-06-09,Joining,,,Initial employment
EMP12046,2025-06-03,Joining,,,Initial employment
EMP12046,2026-06-10,Termination,102.0,102.0,Involuntary exit
EMP12047,2019-03-17,Joining,,,Initial employment
EMP12047,2024-06-24,Transfer,107.0,103.0,Business transfer
EMP12047,2024-07-21,Transfer,107.0,101.0,Business transfer
EMP12048,2022-09-18,Joining,,,Initial employment
EMP12049,2024-04-07,Joining,,,Initial employment
EMP12049,2025-03-06,Transfer,101.0,103.0,Business transfer
EMP12049,2025-11-02,Promotion,101.0,101.0,Role progression
EMP12050,2023-11-17,Joining,,,Initial employment
EMP12051,2026-05-13,Joining,,,Initial employment
EMP12052,2021-04-06,Joining,,,Initial employment
EMP12052,2022-04-24,Transfer,102.0,107.0,Business transfer
EMP12053,2025-05-19,Joining,,,Initial employment
EMP12053,2025-11-30,Termination,107.0,107.0,Involuntary exit
EMP12054,2020-08-13,Joining,,,Initial employment
EMP12054,2021-02-23,Resignation,102.0,102.0,Voluntary exit
EMP12055,2024-10-20,Joining,,,Initial employment
EMP12055,2025-12-22,Promotion,102.0,102.0,Role progression
EMP12056,2024-03-17,Joining,,,Initial employment
EMP12057,2024-03-25,Joining,,,Initial employment
EMP12057,2025-02-27,Leave of Absence,108.0,108.0,Temporary leave
EMP12057,2026-02-05,Rehire,108.0,108.0,Returned employee
EMP12058,2020-07-28,Joining,,,Initial employment
EMP12058,2023-08-26,Transfer,108.0,108.0,Business transfer
EMP12059,2021-06-10,Joining,,,Initial employment
EMP12059,2024-05-31,Manager Change,102.0,102.0,Reporting-line change
EMP12059,2022-12-26,Termination,102.0,102.0,Involuntary exit
EMP12059,2025-05-01,Resignation,102.0,102.0,Voluntary exit
EMP12060,2024-08-21,Joining,,,Initial employment
EMP12061,2019-05-21,Joining,,,Initial employment
EMP12061,2020-07-15,Promotion,101.0,101.0,Role progression
EMP12061,2020-03-10,Manager Change,101.0,101.0,Reporting-line change
EMP12061,2021-01-22,Resignation,101.0,101.0,Voluntary exit
EMP12061,2020-01-06,Termination,101.0,101.0,Involuntary exit
EMP12062,2023-11-25,Joining,,,Initial employment
EMP12062,2024-09-22,Leave of Absence,103.0,103.0,Temporary leave
EMP12063,2019-01-17,Joining,,,Initial employment
EMP12063,2024-05-21,Resignation,103.0,103.0,Voluntary exit
EMP12064,2021-12-22,Joining,,,Initial employment
EMP12065,2019-09-10,Joining,,,Initial employment
EMP12065,2025-04-26,Promotion,108.0,108.0,Role progression
EMP12066,2020-04-09,Joining,,,Initial employment
EMP12066,2025-03-14,Manager Change,103.0,103.0,Reporting-line change
EMP12066,2022-08-15,Transfer,103.0,101.0,Business transfer
EMP12066,2021-07-27,Resignation,103.0,103.0,Voluntary exit
EMP12067,2020-01-11,Joining,,,Initial employment
EMP12067,2024-09-05,Transfer,103.0,102.0,Business transfer
EMP12067,2021-07-30,Promotion,103.0,103.0,Role progression
EMP12067,2025-10-22,Promotion,103.0,103.0,Role progression
EMP12068,2024-01-02,Joining,,,Initial employment
EMP12069,2020-06-03,Joining,,,Initial employment
EMP12069,2021-12-29,Promotion,107.0,107.0,Role progression
EMP12070,2024-02-04,Joining,,,Initial employment
EMP12070,2024-09-26,Termination,101.0,101.0,Involuntary exit
EMP12071,2019-03-31,Joining,,,Initial employment
EMP12071,2022-03-20,Promotion,102.0,102.0,Role progression
EMP12071,2020-06-18,Leave of Absence,102.0,102.0,Temporary leave
EMP12071,2021-06-06,Transfer,102.0,106.0,Business transfer
EMP12072,2020-12-20,Joining,,,Initial employment
EMP12072,2026-06-05,Transfer,103.0,105.0,Business transfer
EMP12072,2023-07-18,Transfer,103.0,108.0,Business transfer
EMP12073,2020-09-21,Joining,,,Initial employment
EMP12073,2022-12-04,Resignation,102.0,102.0,Voluntary exit
EMP12073,2026-03-28,Termination,102.0,102.0,Involuntary exit
EMP12073,2026-06-12,Transfer,102.0,108.0,Business transfer
EMP12074,2024-02-28,Joining,,,Initial employment
EMP12075,2019-03-17,Joining,,,Initial employment
EMP12075,2020-08-01,Manager Change,101.0,101.0,Reporting-line change
EMP12075,2022-04-24,Transfer,101.0,105.0,Business transfer
EMP12075,2024-06-10,Transfer,101.0,106.0,Business transfer
EMP12075,2020-08-30,Rehire,101.0,101.0,Returned employee
EMP12075,2023-04-06,Manager Change,101.0,101.0,Reporting-line change
EMP12076,2021-07-14,Joining,,,Initial employment
EMP12077,2025-09-13,Joining,,,Initial employment
EMP12078,2023-12-11,Joining,,,Initial employment
EMP12078,2024-06-26,Transfer,101.0,102.0,Business transfer
EMP12079,2021-08-27,Joining,,,Initial employment
EMP12080,2021-12-30,Joining,,,Initial employment
EMP12081,2024-07-21,Joining,,,Initial employment
EMP12082,2022-11-05,Joining,,,Initial employment
EMP12082,2024-04-26,Termination,103.0,103.0,Involuntary exit
EMP12082,2024-01-14,Leave of Absence,103.0,103.0,Temporary leave
EMP12083,2019-07-14,Joining,,,Initial employment
EMP12083,2020-07-24,Leave of Absence,103.0,103.0,Temporary leave
EMP12084,2019-08-16,Joining,,,Initial employment
EMP12084,2021-06-09,Termination,108.0,108.0,Involuntary exit
EMP12085,2022-12-30,Joining,,,Initial employment
EMP12085,2025-01-02,Manager Change,102.0,102.0,Reporting-line change
EMP12086,2020-04-05,Joining,,,Initial employment
EMP12086,2025-10-01,Leave of Absence,102.0,102.0,Temporary leave
EMP12086,2021-05-04,Manager Change,102.0,102.0,Reporting-line change
EMP12087,2020-09-09,Joining,,,Initial employment
EMP12088,2019-03-05,Joining,,,Initial employment
EMP12088,2024-06-25,Transfer,101.0,102.0,Business transfer
EMP12089,2025-01-21,Joining,,,Initial employment
EMP12090,2024-09-05,Joining,,,Initial employment
EMP12091,2019-10-12,Joining,,,Initial employment
EMP12091,2023-10-13,Promotion,105.0,105.0,Role progression
EMP12091,2021-09-21,Manager Change,105.0,105.0,Reporting-line change
EMP12092,2023-08-11,Joining,,,Initial employment
EMP12092,2024-12-03,Transfer,103.0,103.0,Business transfer
EMP12093,2025-05-17,Joining,,,Initial employment
EMP12094,2021-04-17,Joining,,,Initial employment
EMP12095,2021-04-10,Joining,,,Initial employment
EMP12095,2026-04-26,Manager Change,102.0,102.0,Reporting-line change
EMP12095,2025-04-09,Leave of Absence,102.0,102.0,Temporary leave
EMP12095,2021-11-09,Transfer,102.0,107.0,Business transfer
EMP12096,2022-04-02,Joining,,,Initial employment
EMP12097,2019-08-12,Joining,,,Initial employment
EMP12098,2021-02-22,Joining,,,Initial employment
EMP12098,2023-04-19,Transfer,101.0,108.0,Business transfer
EMP12098,2025-01-30,Transfer,101.0,102.0,Business transfer
EMP12099,2021-08-07,Joining,,,Initial employment
EMP12100,2019-02-14,Joining,,,Initial employment
EMP12100,2023-11-17,Transfer,105.0,102.0,Business transfer
EMP12100,2023-04-15,Manager Change,105.0,105.0,Reporting-line change
EMP12100,2024-11-08,Transfer,105.0,108.0,Business transfer
EMP12100,2023-03-31,Termination,105.0,105.0,Involuntary exit
EMP12100,2020-05-12,Termination,105.0,105.0,Involuntary exit
EMP12100,2021-02-17,Manager Change,105.0,105.0,Reporting-line change
EMP12101,2023-12-16,Joining,,,Initial employment
EMP12101,2024-10-20,Transfer,106.0,104.0,Business transfer
EMP12102,2020-04-15,Joining,,,Initial employment
EMP12102,2024-12-22,Transfer,105.0,101.0,Business transfer
EMP12102,2023-07-31,Resignation,105.0,105.0,Voluntary exit
EMP12103,2024-09-12,Joining,,,Initial employment
EMP12104,2026-05-24,Joining,,,Initial employment
EMP12105,2021-04-09,Joining,,,Initial employment
EMP12106,2024-03-24,Joining,,,Initial employment
EMP12107,2025-03-18,Joining,,,Initial employment
EMP12108,2024-03-06,Joining,,,Initial employment
EMP12109,2026-01-25,Joining,,,Initial employment
EMP12110,2020-11-22,Joining,,,Initial employment
EMP12110,2024-06-20,Manager Change,107.0,107.0,Reporting-line change
EMP12110,2026-01-30,Transfer,107.0,106.0,Business transfer
EMP12111,2022-10-22,Joining,,,Initial employment
EMP12111,2023-09-27,Transfer,103.0,101.0,Business transfer
EMP12111,2023-07-31,Transfer,103.0,108.0,Business transfer
EMP12112,2021-07-20,Joining,,,Initial employment
EMP12112,2024-12-21,Leave of Absence,102.0,102.0,Temporary leave
EMP12113,2021-04-20,Joining,,,Initial employment
EMP12114,2024-04-22,Joining,,,Initial employment
EMP12115,2023-04-23,Joining,,,Initial employment
EMP12115,2026-05-18,Resignation,106.0,106.0,Voluntary exit
EMP12116,2026-03-14,Joining,,,Initial employment
EMP12117,2025-04-05,Joining,,,Initial employment
EMP12118,2025-10-24,Joining,,,Initial employment
EMP12119,2019-05-28,Joining,,,Initial employment
EMP12119,2023-10-27,Termination,101.0,101.0,Involuntary exit
EMP12120,2021-10-29,Joining,,,Initial employment
EMP12120,2024-05-10,Promotion,102.0,102.0,Role progression
EMP12121,2022-08-04,Joining,,,Initial employment
EMP12122,2020-01-23,Joining,,,Initial employment
EMP12122,2024-07-16,Resignation,101.0,101.0,Voluntary exit
EMP12123,2024-02-17,Joining,,,Initial employment
EMP12123,2024-10-06,Transfer,106.0,105.0,Business transfer
EMP12124,2021-07-04,Joining,,,Initial employment
EMP12124,2025-12-20,Leave of Absence,103.0,103.0,Temporary leave
EMP12125,2024-02-22,Joining,,,Initial employment
EMP12126,2026-05-09,Joining,,,Initial employment
EMP12127,2019-10-05,Joining,,,Initial employment
EMP12128,2024-05-31,Joining,,,Initial employment
EMP12128,2026-05-10,Transfer,102.0,103.0,Business transfer
EMP12129,2024-02-03,Joining,,,Initial employment
EMP12130,2023-12-31,Joining,,,Initial employment
EMP12131,2026-03-21,Joining,,,Initial employment
EMP12132,2024-01-08,Joining,,,Initial employment
EMP12132,2026-04-13,Manager Change,108.0,108.0,Reporting-line change
EMP12133,2026-05-20,Joining,,,Initial employment
EMP12134,2020-09-09,Joining,,,Initial employment
EMP12134,2025-12-25,Transfer,103.0,101.0,Business transfer
EMP12135,2023-06-19,Joining,,,Initial employment
EMP12135,2025-10-13,Resignation,108.0,108.0,Voluntary exit
EMP12136,2024-12-22,Joining,,,Initial employment
EMP12137,2020-08-02,Joining,,,Initial employment
EMP12137,2023-07-11,Manager Change,102.0,102.0,Reporting-line change
EMP12137,2025-01-10,Promotion,102.0,102.0,Role progression
EMP12137,2022-08-22,Resignation,102.0,102.0,Voluntary exit
EMP12138,2022-03-16,Joining,,,Initial employment
EMP12138,2023-07-28,Termination,101.0,101.0,Involuntary exit
EMP12138,2024-01-07,Leave of Absence,101.0,101.0,Temporary leave
EMP12138,2025-07-08,Promotion,101.0,101.0,Role progression
EMP12138,2023-07-08,Resignation,101.0,101.0,Voluntary exit
EMP12139,2020-05-04,Joining,,,Initial employment
EMP12139,2022-02-16,Termination,107.0,107.0,Involuntary exit
EMP12139,2021-07-01,Promotion,107.0,107.0,Role progression
EMP12140,2025-11-30,Joining,,,Initial employment
EMP12141,2022-03-28,Joining,,,Initial employment
EMP12142,2020-01-19,Joining,,,Initial employment
EMP12142,2022-06-27,Leave of Absence,103.0,103.0,Temporary leave
EMP12142,2025-07-09,Manager Change,103.0,103.0,Reporting-line change
EMP12142,2026-01-10,Transfer,103.0,107.0,Business transfer
EMP12143,2019-06-12,Joining,,,Initial employment
EMP12143,2022-08-22,Manager Change,101.0,101.0,Reporting-line change
EMP12143,2022-02-14,Transfer,101.0,102.0,Business transfer
EMP12143,2024-12-04,Manager Change,101.0,101.0,Reporting-line change
EMP12144,2025-10-24,Joining,,,Initial employment
EMP12145,2024-02-20,Joining,,,Initial employment
EMP12146,2022-04-27,Joining,,,Initial employment
EMP12146,2025-05-21,Manager Change,103.0,103.0,Reporting-line change
EMP12146,2023-04-18,Promotion,103.0,103.0,Role progression
EMP12146,2025-07-06,Manager Change,103.0,103.0,Reporting-line change
EMP12147,2025-09-28,Joining,,,Initial employment
EMP12148,2022-09-24,Joining,,,Initial employment
EMP12149,2023-06-19,Joining,,,Initial employment
EMP12150,2022-04-19,Joining,,,Initial employment
EMP12150,2026-02-24,Transfer,107.0,103.0,Business transfer
EMP12151,2019-10-15,Joining,,,Initial employment
EMP12151,2022-12-31,Rehire,107.0,107.0,Returned employee
EMP12151,2020-05-09,Resignation,107.0,107.0,Voluntary exit
EMP12152,2024-02-01,Joining,,,Initial employment
EMP12153,2019-07-06,Joining,,,Initial employment
EMP12153,2025-07-10,Rehire,101.0,101.0,Returned employee
EMP12153,2022-05-31,Promotion,101.0,101.0,Role progression
EMP12154,2024-03-22,Joining,,,Initial employment
EMP12154,2025-02-28,Promotion,104.0,104.0,Role progression
EMP12155,2022-03-07,Joining,,,Initial employment
EMP12155,2023-06-22,Rehire,108.0,108.0,Returned employee
EMP12155,2023-06-04,Termination,108.0,108.0,Involuntary exit
EMP12155,2025-09-12,Transfer,108.0,104.0,Business transfer
EMP12156,2019-05-10,Joining,,,Initial employment
EMP12156,2023-07-17,Rehire,107.0,107.0,Returned employee
EMP12157,2025-02-19,Joining,,,Initial employment
EMP12157,2026-05-21,Manager Change,107.0,107.0,Reporting-line change
EMP12158,2025-06-21,Joining,,,Initial employment
EMP12158,2026-06-16,Transfer,102.0,101.0,Business transfer
EMP12159,2024-03-02,Joining,,,Initial employment
EMP12160,2019-05-24,Joining,,,Initial employment
EMP12160,2021-04-11,Manager Change,103.0,103.0,Reporting-line change
EMP12160,2021-11-30,Promotion,103.0,103.0,Role progression
EMP12161,2019-01-16,Joining,,,Initial employment
EMP12161,2021-07-10,Promotion,101.0,101.0,Role progression
EMP12162,2025-10-06,Joining,,,Initial employment
EMP12163,2019-09-02,Joining,,,Initial employment
EMP12164,2021-07-15,Joining,,,Initial employment
EMP12165,2024-12-16,Joining,,,Initial employment
EMP12166,2021-06-25,Joining,,,Initial employment
EMP12166,2026-01-19,Transfer,101.0,102.0,Business transfer
EMP12166,2024-07-25,Rehire,101.0,101.0,Returned employee
EMP12166,2022-02-15,Manager Change,101.0,101.0,Reporting-line change
EMP12167,2021-06-05,Joining,,,Initial employment
EMP12168,2019-12-07,Joining,,,Initial employment
EMP12168,2020-10-04,Manager Change,104.0,104.0,Reporting-line change
EMP12169,2024-08-13,Joining,,,Initial employment
EMP12170,2022-12-04,Joining,,,Initial employment
EMP12170,2026-06-01,Transfer,108.0,107.0,Business transfer
EMP12170,2024-07-27,Promotion,108.0,108.0,Role progression
EMP12170,2025-07-31,Promotion,108.0,108.0,Role progression
EMP12170,2025-11-13,Transfer,108.0,106.0,Business transfer
EMP12171,2019-11-02,Joining,,,Initial employment
EMP12171,2021-03-11,Resignation,102.0,102.0,Voluntary exit
EMP12171,2022-06-05,Promotion,102.0,102.0,Role progression
EMP12172,2021-06-26,Joining,,,Initial employment
EMP12173,2026-04-08,Joining,,,Initial employment
EMP12174,2022-10-03,Joining,,,Initial employment
EMP12174,2026-04-04,Termination,101.0,101.0,Involuntary exit
EMP12175,2019-11-17,Joining,,,Initial employment
EMP12175,2025-07-27,Transfer,107.0,102.0,Business transfer
EMP12175,2021-05-18,Manager Change,107.0,107.0,Reporting-line change
EMP12175,2022-12-31,Transfer,107.0,106.0,Business transfer
EMP12176,2020-07-12,Joining,,,Initial employment
EMP12176,2024-01-29,Resignation,107.0,107.0,Voluntary exit
EMP12176,2023-11-05,Termination,107.0,107.0,Involuntary exit
EMP12176,2025-12-20,Leave of Absence,107.0,107.0,Temporary leave
EMP12177,2022-04-19,Joining,,,Initial employment
EMP12177,2023-10-16,Promotion,102.0,102.0,Role progression
EMP12177,2022-11-22,Termination,102.0,102.0,Involuntary exit
EMP12178,2026-04-19,Joining,,,Initial employment
EMP12179,2022-11-10,Joining,,,Initial employment
EMP12180,2023-06-30,Joining,,,Initial employment
EMP12180,2026-03-16,Manager Change,101.0,101.0,Reporting-line change
EMP12181,2022-02-05,Joining,,,Initial employment
EMP12181,2025-03-15,Promotion,102.0,102.0,Role progression
EMP12181,2023-07-08,Transfer,102.0,105.0,Business transfer
EMP12181,2025-09-07,Manager Change,102.0,102.0,Reporting-line change
EMP12182,2026-01-22,Joining,,,Initial employment
EMP12183,2025-09-23,Joining,,,Initial employment
EMP12183,2026-05-03,Transfer,102.0,102.0,Business transfer
EMP12184,2021-03-28,Joining,,,Initial employment
EMP12184,2022-07-09,Transfer,107.0,102.0,Business transfer
EMP12184,2023-06-07,Transfer,107.0,105.0,Business transfer
EMP12185,2022-04-09,Joining,,,Initial employment
EMP12185,2024-07-16,Manager Change,102.0,102.0,Reporting-line change
EMP12186,2025-12-15,Joining,,,Initial employment
EMP12187,2019-01-12,Joining,,,Initial employment
EMP12187,2019-08-24,Manager Change,103.0,103.0,Reporting-line change
EMP12187,2023-07-07,Transfer,103.0,103.0,Business transfer
EMP12188,2019-07-14,Joining,,,Initial employment
EMP12188,2023-12-30,Manager Change,107.0,107.0,Reporting-line change
EMP12188,2020-08-16,Termination,107.0,107.0,Involuntary exit
EMP12188,2022-04-19,Promotion,107.0,107.0,Role progression
EMP12188,2020-07-15,Manager Change,107.0,107.0,Reporting-line change
EMP12189,2025-12-12,Joining,,,Initial employment
EMP12190,2025-02-07,Joining,,,Initial employment
EMP12191,2020-10-17,Joining,,,Initial employment
EMP12191,2025-08-10,Transfer,102.0,107.0,Business transfer
EMP12191,2024-08-13,Promotion,102.0,102.0,Role progression
EMP12192,2024-04-05,Joining,,,Initial employment
EMP12192,2025-11-05,Resignation,106.0,106.0,Voluntary exit
EMP12193,2024-09-08,Joining,,,Initial employment
EMP12193,2025-09-10,Resignation,104.0,104.0,Voluntary exit
EMP12194,2023-06-08,Joining,,,Initial employment
EMP12194,2025-12-24,Promotion,107.0,107.0,Role progression
EMP12195,2022-01-24,Joining,,,Initial employment
EMP12195,2023-11-30,Manager Change,108.0,108.0,Reporting-line change
EMP12196,2021-02-16,Joining,,,Initial employment
EMP12197,2020-03-19,Joining,,,Initial employment
EMP12197,2021-03-23,Rehire,105.0,105.0,Returned employee
EMP12198,2019-10-25,Joining,,,Initial employment
EMP12199,2021-03-18,Joining,,,Initial employment
EMP12199,2022-10-17,Promotion,101.0,101.0,Role progression
EMP12199,2026-01-24,Resignation,101.0,101.0,Voluntary exit
EMP12199,2022-08-31,Rehire,101.0,101.0,Returned employee
EMP12200,2023-10-27,Joining,,,Initial employment
EMP12201,2021-04-24,Joining,,,Initial employment
EMP12201,2025-06-13,Transfer,103.0,101.0,Business transfer
EMP12202,2021-10-12,Joining,,,Initial employment
EMP12202,2024-09-23,Manager Change,101.0,101.0,Reporting-line change
EMP12202,2026-03-10,PROMOTION,101.0,101.0,Role progression
EMP12203,2022-10-16,Joining,,,Initial employment
EMP12204,2022-10-29,Joining,,,Initial employment
EMP12204,2023-11-23,Termination,102.0,102.0,Involuntary exit
EMP12205,2020-07-07,Joining,,,Initial employment
EMP12206,2025-06-08,Joining,,,Initial employment
EMP12206,2026-04-08,Transfer,104.0,103.0,Business transfer
EMP12207,2020-02-25,Joining,,,Initial employment
EMP12207,2026-01-17,Transfer,103.0,102.0,Business transfer
EMP12207,2023-01-19,Promotion,103.0,103.0,Role progression
EMP12208,2022-06-23,Joining,,,Initial employment
EMP12208,2024-02-16,Promotion,107.0,107.0,Role progression
EMP12209,2022-06-14,Joining,,,Initial employment
EMP12209,2023-07-28,Transfer,102.0,105.0,Business transfer
EMP12210,2019-07-04,Joining,,,Initial employment
EMP12210,2021-06-27,Promotion,103.0,103.0,Role progression
EMP12211,2020-04-12,Joining,,,Initial employment
EMP12211,2024-01-28,Transfer,104.0,108.0,Business transfer
EMP12211,2023-02-20,Transfer,104.0,107.0,Business transfer
EMP12211,2025-12-31,Manager Change,104.0,104.0,Reporting-line change
EMP12211,2020-11-10,Manager Change,104.0,104.0,Reporting-line change
EMP12212,2025-08-07,Joining,,,Initial employment
EMP12213,2022-07-30,Joining,,,Initial employment
EMP12214,2023-04-26,Joining,,,Initial employment
EMP12215,2019-12-02,Joining,,,Initial employment
EMP12215,2020-11-15,Transfer,105.0,107.0,Business transfer
EMP12215,2024-04-14,Promotion,105.0,105.0,Role progression
EMP12216,2025-01-18,Joining,,,Initial employment
EMP12217,2023-02-06,Joining,,,Initial employment
EMP12218,2024-08-21,Joining,,,Initial employment
EMP12219,2022-12-18,Joining,,,Initial employment
EMP12220,2020-08-10,Joining,,,Initial employment
EMP12220,2024-09-16,Promotion,101.0,101.0,Role progression
EMP12220,2025-10-30,Promotion,101.0,101.0,Role progression
EMP12220,2022-09-26,Resignation,101.0,101.0,Voluntary exit
EMP12221,2024-02-25,Joining,,,Initial employment
EMP12222,2019-07-20,Joining,,,Initial employment
EMP12222,2021-05-14,Transfer,103.0,101.0,Business transfer
EMP12223,2020-06-05,Joining,,,Initial employment
EMP12223,2022-03-15,Resignation,107.0,107.0,Voluntary exit
EMP12223,2025-12-27,Transfer,107.0,104.0,Business transfer
EMP12223,2021-11-01,Manager Change,107.0,107.0,Reporting-line change
EMP12223,2022-03-12,Transfer,107.0,104.0,Business transfer
EMP12224,2024-03-02,Joining,,,Initial employment
EMP12224,2026-05-08,Manager Change,104.0,104.0,Reporting-line change
EMP12225,2025-12-27,Joining,,,Initial employment
EMP12226,2023-09-08,Joining,,,Initial employment
EMP12226,2024-07-07,Transfer,103.0,108.0,Business transfer
EMP12226,2025-11-09,Termination,103.0,103.0,Involuntary exit
EMP12226,2024-09-20,Manager Change,103.0,103.0,Reporting-line change
EMP12227,2021-02-26,Joining,,,Initial employment
EMP12227,2022-08-02,Resignation,103.0,103.0,Voluntary exit
EMP12228,2019-03-01,Joining,,,Initial employment
EMP12228,2022-02-09,Manager Change,101.0,101.0,Reporting-line change
EMP12229,2020-07-31,Joining,,,Initial employment
EMP12229,2022-07-16,Transfer,107.0,108.0,Business transfer
EMP12229,2022-11-23,Manager Change,107.0,107.0,Reporting-line change
EMP12229,2021-09-07,Manager Change,107.0,107.0,Reporting-line change
EMP12230,2019-11-17,Joining,,,Initial employment
EMP12230,2021-12-01,Termination,102.0,102.0,Involuntary exit
EMP12231,2022-12-29,Joining,,,Initial employment
EMP12231,2025-07-16,Manager Change,107.0,107.0,Reporting-line change
EMP12231,2025-04-14,Transfer,107.0,108.0,Business transfer
EMP12232,2024-07-30,Joining,,,Initial employment
EMP12233,2021-07-11,Joining,,,Initial employment
EMP12233,2024-07-27,Leave of Absence,108.0,108.0,Temporary leave
EMP12234,2022-11-10,Joining,,,Initial employment
EMP12234,2024-04-24,Manager Change,104.0,104.0,Reporting-line change
EMP12235,2023-08-22,Joining,,,Initial employment
EMP12235,2025-10-25,Leave of Absence,106.0,106.0,Temporary leave
EMP12236,2020-07-22,Joining,,,Initial employment
EMP12236,2023-11-27,Transfer,107.0,106.0,Business transfer
EMP12236,2023-04-16,Resignation,107.0,107.0,Voluntary exit
EMP12236,2026-06-29,Promotion,107.0,107.0,Role progression
EMP12237,2022-01-06,Joining,,,Initial employment
EMP12237,2025-12-23,Transfer,101.0,105.0,Business transfer
EMP12238,2020-06-10,Joining,,,Initial employment
EMP12238,2023-08-08,Transfer,105.0,104.0,Business transfer
EMP12238,2026-05-02,Transfer,105.0,105.0,Business transfer
EMP12238,2023-12-09,Transfer,105.0,101.0,Business transfer
EMP12239,2026-01-15,Joining,,,Initial employment
EMP12240,2026-04-14,Joining,,,Initial employment
EMP12241,2024-12-12,Joining,,,Initial employment
EMP12241,2026-04-02,Transfer,101.0,103.0,Business transfer
EMP12242,2021-05-20,Joining,,,Initial employment
EMP12242,2022-04-21,Manager Change,101.0,101.0,Reporting-line change
EMP12243,2019-10-07,Joining,,,Initial employment
EMP12243,2020-06-26,Transfer,103.0,106.0,Business transfer
EMP12243,2020-09-04,Promotion,103.0,103.0,Role progression
EMP12243,2023-07-09,Rehire,103.0,103.0,Returned employee
EMP12244,2026-04-23,Joining,,,Initial employment
EMP12245,2024-03-07,Joining,,,Initial employment
EMP12246,2023-10-18,Joining,,,Initial employment
EMP12246,2024-10-20,Transfer,101.0,105.0,Business transfer
EMP12246,2025-12-26,Leave of Absence,101.0,101.0,Temporary leave
EMP12247,2020-11-04,Joining,,,Initial employment
EMP12247,2025-08-20,Transfer,103.0,102.0,Business transfer
EMP12247,2023-05-20,Resignation,103.0,103.0,Voluntary exit
EMP12248,2022-02-25,Joining,,,Initial employment
EMP12248,2025-08-08,Transfer,101.0,108.0,Business transfer
EMP12249,2025-06-19,Joining,,,Initial employment
EMP12250,2019-11-28,Joining,,,Initial employment
EMP12251,2022-03-19,Joining,,,Initial employment
EMP12251,2024-01-20,Transfer,104.0,105.0,Business transfer
EMP12252,2024-08-01,Joining,,,Initial employment
EMP12252,2025-08-30,Transfer,106.0,107.0,Business transfer
EMP12253,2023-01-17,Joining,,,Initial employment
EMP12254,2019-02-05,Joining,,,Initial employment
EMP12255,2023-09-05,Joining,,,Initial employment
EMP12256,2022-12-14,Joining,,,Initial employment
EMP12256,2024-02-04,Manager Change,103.0,103.0,Reporting-line change
EMP12257,2025-03-03,Joining,,,Initial employment
EMP12258,2026-05-10,Joining,,,Initial employment
EMP12259,2022-10-11,Joining,,,Initial employment
EMP12259,2024-04-23,Resignation,105.0,105.0,Voluntary exit
EMP12259,2024-09-03,Termination,105.0,105.0,Involuntary exit
EMP12259,2025-05-31,Promotion,105.0,105.0,Role progression
EMP12259,2026-03-03,Transfer,105.0,104.0,Business transfer
EMP12259,2025-03-27,Transfer,105.0,106.0,Business transfer
EMP12260,2020-03-15,Joining,,,Initial employment
EMP12260,2022-05-24,Transfer,105.0,106.0,Business transfer
EMP12260,2024-06-15,Rehire,105.0,105.0,Returned employee
EMP12261,2022-01-24,Joining,,,Initial employment
EMP12261,2023-01-14,Manager Change,102.0,102.0,Reporting-line change
EMP12262,2019-06-13,Joining,,,Initial employment
EMP12263,2019-05-28,Joining,,,Initial employment
EMP12263,2023-09-12,Promotion,101.0,101.0,Role progression
EMP12263,2023-11-16,Termination,101.0,101.0,Involuntary exit
EMP12263,2023-02-21,Leave of Absence,101.0,101.0,Temporary leave
EMP12263,2024-01-11,Manager Change,101.0,101.0,Reporting-line change
EMP12263,2021-01-28,Resignation,101.0,101.0,Voluntary exit
EMP12264,2025-05-30,Joining,,,Initial employment
EMP12265,2019-07-14,Joining,,,Initial employment
EMP12265,2020-08-13,Termination,106.0,106.0,Involuntary exit
EMP12265,2020-12-02,Rehire,106.0,106.0,Returned employee
EMP12265,2021-03-09,Transfer,106.0,107.0,Business transfer
EMP12266,2020-10-24,Joining,,,Initial employment
EMP12266,2022-04-21,Resignation,101.0,101.0,Voluntary exit
EMP12267,2020-04-24,Joining,,,Initial employment
EMP12267,2023-10-14,Promotion,102.0,102.0,Role progression
EMP12268,2019-05-03,Joining,,,Initial employment
EMP12268,2022-09-01,Termination,105.0,105.0,Involuntary exit
EMP12269,2022-11-24,Joining,,,Initial employment
EMP12270,2021-08-22,Joining,,,Initial employment
EMP12270,2026-02-04,Promotion,101.0,101.0,Role progression
EMP12270,2022-10-15,Leave of Absence,101.0,101.0,Temporary leave
EMP12270,2025-07-18,Promotion,101.0,101.0,Role progression
EMP12270,2026-05-09,Promotion,101.0,101.0,Role progression
EMP12271,2026-06-01,Joining,,,Initial employment
EMP12272,2023-11-14,Joining,,,Initial employment
EMP12272,2024-10-24,Rehire,107.0,107.0,Returned employee
EMP12272,2024-09-25,Transfer,107.0,101.0,Business transfer
EMP12273,2023-01-25,Joining,,,Initial employment
EMP12274,2024-07-07,Joining,,,Initial employment
EMP12275,2020-12-10,Joining,,,Initial employment
EMP12275,2022-07-01,Transfer,108.0,106.0,Business transfer
EMP12276,2025-09-09,Joining,,,Initial employment
EMP12277,2021-06-30,Joining,,,Initial employment
EMP12277,2022-02-19,Termination,102.0,102.0,Involuntary exit
EMP12278,2022-09-22,Joining,,,Initial employment
EMP12278,2024-11-24,Transfer,101.0,103.0,Business transfer
EMP12279,2025-06-22,Joining,,,Initial employment
EMP12280,2023-10-01,Joining,,,Initial employment
EMP12281,2023-12-29,Joining,,,Initial employment
EMP12282,2023-04-29,Joining,,,Initial employment
EMP12283,2020-11-11,Joining,,,Initial employment
EMP12283,2025-02-26,Termination,106.0,106.0,Involuntary exit
EMP12284,2022-08-26,Joining,,,Initial employment
EMP12284,2023-08-27,Transfer,108.0,107.0,Business transfer
EMP12285,2025-12-17,Joining,,,Initial employment
EMP12286,2020-07-09,Joining,,,Initial employment
EMP12286,2026-05-27,Transfer,101.0,102.0,Business transfer
EMP12287,2020-09-01,Joining,,,Initial employment
EMP12287,2026-03-08,Manager Change,104.0,104.0,Reporting-line change
EMP12287,2022-06-09,Transfer,104.0,107.0,Business transfer
EMP12288,2024-11-26,Joining,,,Initial employment
EMP12288,2026-01-30,Promotion,108.0,108.0,Role progression
EMP12288,2025-12-19,Promotion,108.0,108.0,Role progression
EMP12289,2020-01-07,Joining,,,Initial employment
EMP12289,2024-03-13,Leave of Absence,107.0,107.0,Temporary leave
EMP12289,2021-10-17,Resignation,107.0,107.0,Voluntary exit
EMP12290,2020-09-07,Joining,,,Initial employment
EMP12290,2025-01-27,Rehire,101.0,101.0,Returned employee
EMP12291,2024-03-29,Joining,,,Initial employment
EMP12292,2025-03-03,Joining,,,Initial employment
EMP12293,2021-04-26,Joining,,,Initial employment
EMP12294,2019-02-12,Joining,,,Initial employment
EMP12294,2022-11-05,Rehire,101.0,101.0,Returned employee
EMP12294,2019-12-07,Promotion,101.0,101.0,Role progression
EMP12294,2021-03-03,Manager Change,101.0,101.0,Reporting-line change
EMP12295,2021-05-14,Joining,,,Initial employment
EMP12295,2024-12-01,Rehire,104.0,104.0,Returned employee
EMP12295,2022-01-28,Termination,104.0,104.0,Involuntary exit
EMP12295,2026-01-03,Transfer,104.0,106.0,Business transfer
EMP12295,2025-03-17,Resignation,104.0,104.0,Voluntary exit
EMP12296,2022-06-22,Joining,,,Initial employment
EMP12296,2025-07-11,Promotion,107.0,107.0,Role progression
EMP12297,2022-10-10,Joining,,,Initial employment
EMP12298,2021-02-23,Joining,,,Initial employment
EMP12299,2020-04-20,Joining,,,Initial employment
EMP12299,2022-02-28,Resignation,101.0,101.0,Voluntary exit
EMP12299,2022-01-03,Promotion,101.0,101.0,Role progression
EMP12300,2019-03-24,Joining,,,Initial employment
EMP12300,2020-03-09,Promotion,102.0,102.0,Role progression
EMP12300,2023-11-16,Resignation,102.0,102.0,Voluntary exit
EMP12300,2024-12-29,Promotion,102.0,102.0,Role progression
EMP12301,2022-02-07,Joining,,,Initial employment
EMP12301,2023-05-26,Promotion,102.0,102.0,Role progression
EMP12302,2025-02-15,Joining,,,Initial employment
EMP12303,2021-03-10,Joining,,,Initial employment
EMP12303,2023-02-17,Transfer,102.0,106.0,Business transfer
EMP12303,2024-05-08,Resignation,102.0,102.0,Voluntary exit
EMP12303,2025-01-16,Resignation,102.0,102.0,Voluntary exit
EMP12304,2021-07-24,Joining,,,Initial employment
EMP12304,2022-05-18,Promotion,103.0,103.0,Role progression
EMP12304,2024-02-11,Rehire,103.0,103.0,Returned employee
EMP12305,2025-04-17,Joining,,,Initial employment
EMP12306,2025-05-27,Joining,,,Initial employment
EMP12307,2023-07-27,Joining,,,Initial employment
EMP12308,2019-11-22,Joining,,,Initial employment
EMP12308,2025-08-19,Transfer,106.0,102.0,Business transfer
EMP12309,2023-03-15,Joining,,,Initial employment
EMP12310,2024-06-08,Joining,,,Initial employment
EMP12311,2024-05-18,Joining,,,Initial employment
EMP12311,2025-06-14,Promotion,106.0,106.0,Role progression
EMP12311,2025-07-30,Termination,106.0,106.0,Involuntary exit
EMP12312,2021-04-16,Joining,,,Initial employment
EMP12312,2023-11-11,Resignation,101.0,101.0,Voluntary exit
EMP12312,2026-03-08,Manager Change,101.0,101.0,Reporting-line change
EMP12313,2020-05-22,Joining,,,Initial employment
EMP12313,2026-03-19,Promotion,108.0,108.0,Role progression
EMP12313,2021-08-21,Manager Change,108.0,108.0,Reporting-line change
EMP12314,2024-10-20,Joining,,,Initial employment
EMP12315,2022-06-24,Joining,,,Initial employment
EMP12315,2023-01-20,Promotion,107.0,107.0,Role progression
EMP12315,2023-09-20,Promotion,107.0,107.0,Role progression
EMP12316,2020-10-02,Joining,,,Initial employment
EMP12316,2022-02-17,Promotion,102.0,102.0,Role progression
EMP12317,2024-02-22,Joining,,,Initial employment
EMP12317,2025-05-28,Promotion,108.0,108.0,Role progression
EMP12318,2020-08-30,Joining,,,Initial employment
EMP12318,2021-09-01,Promotion,106.0,106.0,Role progression
EMP12318,2021-05-12,Termination,106.0,106.0,Involuntary exit
EMP12318,2024-12-19,Termination,106.0,106.0,Involuntary exit
EMP12318,2022-09-17,Manager Change,106.0,106.0,Reporting-line change
EMP12318,2023-03-24,Transfer,106.0,108.0,Business transfer
EMP12319,2024-05-12,Joining,,,Initial employment
EMP12320,2020-07-19,Joining,,,Initial employment
EMP12320,2021-11-27,Transfer,102.0,105.0,Business transfer
EMP12321,2022-09-29,Joining,,,Initial employment
EMP12322,2024-10-02,Joining,,,Initial employment
EMP12323,2023-10-20,Joining,,,Initial employment
EMP12323,2026-04-18,Promotion,107.0,107.0,Role progression
EMP12323,2024-10-16,Promotion,107.0,107.0,Role progression
EMP12324,2026-01-19,Joining,,,Initial employment
EMP12325,2026-04-12,Joining,,,Initial employment
EMP12326,2023-05-01,Joining,,,Initial employment
EMP12326,2025-03-29,Transfer,107.0,102.0,Business transfer
EMP12327,2024-06-09,Joining,,,Initial employment
EMP12328,2025-02-18,Joining,,,Initial employment
EMP12329,2024-10-06,Joining,,,Initial employment
EMP12329,2025-08-08,Leave of Absence,104.0,104.0,Temporary leave
EMP12330,2019-05-09,Joining,,,Initial employment
EMP12330,2022-11-12,Resignation,103.0,103.0,Voluntary exit
EMP12331,2024-02-16,Joining,,,Initial employment
EMP12331,2024-11-06,Promotion,102.0,102.0,Role progression
EMP12332,2020-12-06,Joining,,,Initial employment
EMP12332,2025-11-24,Transfer,104.0,106.0,Business transfer
EMP12332,2023-09-19,Promotion,104.0,104.0,Role progression
EMP12332,2024-07-13,Transfer,104.0,103.0,Business transfer
EMP12333,2021-05-01,Joining,,,Initial employment
EMP12333,2025-11-12,Resignation,106.0,106.0,Voluntary exit
EMP12334,2019-01-08,Joining,,,Initial employment
EMP12334,2020-02-29,Leave of Absence,103.0,103.0,Temporary leave
EMP12334,2022-12-12,Transfer,103.0,103.0,Business transfer
EMP12335,2024-09-07,Joining,,,Initial employment
EMP12336,2022-02-09,Joining,,,Initial employment
EMP12336,2025-08-21,Manager Change,106.0,106.0,Reporting-line change
EMP12336,2024-02-24,Transfer,106.0,103.0,Business transfer
EMP12336,2025-03-19,Manager Change,106.0,106.0,Reporting-line change
EMP12336,2026-04-06,Rehire,106.0,106.0,Returned employee
EMP12337,2024-12-18,Joining,,,Initial employment
EMP12338,2025-02-13,Joining,,,Initial employment
EMP12339,2023-08-26,JOINING,,,Initial employment
EMP12340,2023-02-07,Joining,,,Initial employment
EMP12341,2025-03-09,Joining,,,Initial employment
EMP12341,2026-05-02,Rehire,102.0,102.0,Returned employee
EMP12342,2023-07-03,Joining,,,Initial employment
EMP12342,2025-10-08,Transfer,102.0,106.0,Business transfer
EMP12343,2019-10-03,Joining,,,Initial employment
EMP12343,2021-09-15,Manager Change,103.0,103.0,Reporting-line change
EMP12343,2023-03-30,Resignation,103.0,103.0,Voluntary exit
EMP12343,2025-07-30,Resignation,103.0,103.0,Voluntary exit
EMP12344,2023-08-30,Joining,,,Initial employment
EMP12344,2026-03-24,Resignation,107.0,107.0,Voluntary exit
EMP12344,2025-01-31,Manager Change,107.0,107.0,Reporting-line change
EMP12345,2023-12-01,Joining,,,Initial employment
EMP12346,2019-08-31,Joining,,,Initial employment
EMP12347,2026-06-25,Joining,,,Initial employment
EMP12348,2019-06-20,Joining,,,Initial employment
EMP12348,2023-05-27,Transfer,103.0,107.0,Business transfer
EMP12348,2020-08-16,Manager Change,103.0,103.0,Reporting-line change
EMP12348,2022-04-23,Manager Change,103.0,103.0,Reporting-line change
EMP12349,2020-10-14,Joining,,,Initial employment
EMP12349,2026-05-10,Resignation,108.0,108.0,Voluntary exit
EMP12349,2023-05-07,Promotion,108.0,108.0,Role progression
EMP12349,2021-05-10,Manager Change,108.0,108.0,Reporting-line change
EMP12349,2022-12-02,Transfer,108.0,103.0,Business transfer
EMP12350,2024-04-16,Joining,,,Initial employment
EMP12350,2025-07-16,Transfer,107.0,103.0,Business transfer
EMP12350,2026-06-27,Manager Change,107.0,107.0,Reporting-line change
EMP12351,2025-02-13,Joining,,,Initial employment
EMP12352,2022-01-14,Joining,,,Initial employment
EMP12352,2026-02-23,Transfer,103.0,103.0,Business transfer
EMP12352,2023-12-12,Transfer,103.0,103.0,Business transfer
EMP12353,2023-02-08,Joining,,,Initial employment
EMP12353,2025-07-15,Transfer,102.0,102.0,Business transfer
EMP12354,2024-09-30,Joining,,,Initial employment
EMP12354,2025-06-07,Transfer,103.0,108.0,Business transfer
EMP12355,2024-11-28,Joining,,,Initial employment
EMP12356,2024-05-26,Joining,,,Initial employment
EMP12357,2021-12-02,Joining,,,Initial employment
EMP12357,2024-05-14,Promotion,102.0,102.0,Role progression
EMP12358,2025-03-08,Joining,,,Initial employment
EMP12359,2024-07-28,Joining,,,Initial employment
EMP12360,2021-05-07,Joining,,,Initial employment
EMP12361,2026-04-28,Joining,,,Initial employment
EMP12362,2021-11-15,Joining,,,Initial employment
EMP12362,2025-05-10,Promotion,105.0,105.0,Role progression
EMP12363,2019-10-26,Joining,,,Initial employment
EMP12363,2022-12-03,Transfer,104.0,106.0,Business transfer
EMP12363,2020-11-23,Leave of Absence,104.0,104.0,Temporary leave
EMP12364,2021-07-12,Joining,,,Initial employment
EMP12364,2023-02-07,Promotion,103.0,103.0,Role progression
EMP12365,2019-05-17,Joining,,,Initial employment
EMP12365,2022-12-14,Termination,103.0,103.0,Involuntary exit
EMP12365,2021-03-03,Resignation,103.0,103.0,Voluntary exit
EMP12366,2021-11-09,Joining,,,Initial employment
EMP12366,2023-12-07,Resignation,101.0,101.0,Voluntary exit
EMP12366,2022-10-07,Leave of Absence,101.0,101.0,Temporary leave
EMP12366,2024-02-13,Transfer,101.0,107.0,Business transfer
EMP12366,2022-10-03,Transfer,101.0,104.0,Business transfer
EMP12367,2025-10-23,Joining,,,Initial employment
EMP12367,2026-05-16,Promotion,107.0,107.0,Role progression
EMP12368,2019-07-30,Joining,,,Initial employment
EMP12368,2020-09-19,Transfer,104.0,104.0,Business transfer
EMP12369,2023-04-24,Joining,,,Initial employment
EMP12370,2025-10-18,Joining,,,Initial employment
EMP12371,2021-02-18,Joining,,,Initial employment
EMP12371,2024-06-19,Transfer,108.0,105.0,Business transfer
EMP12372,2022-05-15,Joining,,,Initial employment
EMP12372,2025-03-22,Manager Change,108.0,108.0,Reporting-line change
EMP12373,2025-10-22,Joining,,,Initial employment
EMP12374,2023-12-08,Joining,,,Initial employment
EMP12374,2025-02-20,Transfer,101.0,104.0,Business transfer
EMP12375,2026-06-06,Joining,,,Initial employment
EMP12376,2021-12-01,Joining,,,Initial employment
EMP12376,2024-05-04,Transfer,101.0,107.0,Business transfer
EMP12376,2024-02-01,Termination,101.0,101.0,Involuntary exit
EMP12377,2020-02-15,Joining,,,Initial employment
EMP12377,2023-06-19,Transfer,108.0,108.0,Business transfer
EMP12377,2022-04-19,Transfer,108.0,107.0,Business transfer
EMP12378,2026-04-11,Joining,,,Initial employment
EMP12379,2020-03-02,Joining,,,Initial employment
EMP12379,2026-01-30,Promotion,102.0,102.0,Role progression
EMP12379,2023-04-30,Rehire,102.0,102.0,Returned employee
EMP12380,2023-01-11,Joining,,,Initial employment
EMP12380,2026-01-22,Termination,103.0,103.0,Involuntary exit
EMP12381,2021-07-30,Joining,,,Initial employment
EMP12382,2024-03-22,Joining,,,Initial employment
EMP12383,2021-01-11,Joining,,,Initial employment
EMP12383,2026-06-05,Termination,103.0,103.0,Involuntary exit
EMP12383,2025-11-17,Transfer,103.0,105.0,Business transfer
EMP12383,2022-09-08,Promotion,103.0,103.0,Role progression
EMP12384,2022-10-24,Joining,,,Initial employment
EMP12384,2025-02-23,Transfer,101.0,107.0,Business transfer
EMP12385,2022-05-28,Joining,,,Initial employment
EMP12385,2025-07-29,Transfer,102.0,108.0,Business transfer
EMP12385,2026-02-01,Leave of Absence,102.0,102.0,Temporary leave
EMP12386,2023-05-20,Joining,,,Initial employment
EMP12387,2022-06-09,Joining,,,Initial employment
EMP12388,2019-11-24,Joining,,,Initial employment
EMP12388,2024-06-10,Transfer,105.0,105.0,Business transfer
EMP12388,2024-03-18,Manager Change,105.0,105.0,Reporting-line change
EMP12388,2021-08-23,Transfer,105.0,102.0,Business transfer
EMP12388,2020-07-24,Manager Change,105.0,105.0,Reporting-line change
EMP12389,2023-01-06,Joining,,,Initial employment
EMP12389,2023-09-18,Manager Change,104.0,104.0,Reporting-line change
EMP12390,2024-09-30,Joining,,,Initial employment
EMP12391,2024-05-20,Joining,,,Initial employment
EMP12392,2020-01-11,Joining,,,Initial employment
EMP12392,2020-08-11,Rehire,108.0,108.0,Returned employee
EMP12392,2024-01-03,Termination,108.0,108.0,Involuntary exit
EMP12393,2019-09-20,Joining,,,Initial employment
EMP12394,2019-09-24,Joining,,,Initial employment
EMP12394,2020-05-12,Manager Change,102.0,102.0,Reporting-line change
EMP12394,2024-02-07,TRANSFER,102.0,106.0,Business transfer
EMP12394,2024-09-08,Promotion,102.0,102.0,Role progression
EMP12394,2024-02-20,Termination,102.0,102.0,Involuntary exit
EMP12395,2025-08-03,Joining,,,Initial employment
EMP12396,2024-04-28,Joining,,,Initial employment
EMP12397,2024-03-08,Joining,,,Initial employment
EMP12398,2024-03-16,Joining,,,Initial employment
EMP12398,2024-10-22,Promotion,108.0,108.0,Role progression
EMP12399,2026-05-23,Joining,,,Initial employment
EMP12400,2023-07-11,Joining,,,Initial employment
EMP12400,2026-01-10,Rehire,101.0,101.0,Returned employee
EMP12400,2026-04-06,Promotion,101.0,101.0,Role progression
EMP12401,2022-12-15,Joining,,,Initial employment
EMP12402,2019-02-15,Joining,,,Initial employment
EMP12403,2020-08-22,Joining,,,Initial employment
EMP12403,2025-06-12,Resignation,101.0,101.0,Voluntary exit
EMP12404,2020-12-20,Joining,,,Initial employment
EMP12405,2024-03-27,Joining,,,Initial employment
EMP12405,2026-01-15,Transfer,101.0,104.0,Business transfer
EMP12406,2022-07-16,Joining,,,Initial employment
EMP12406,2023-05-20,Promotion,104.0,104.0,Role progression
EMP12406,2023-05-08,Promotion,104.0,104.0,Role progression
EMP12407,2020-08-23,Joining,,,Initial employment
EMP12407,2025-06-17,Manager Change,102.0,102.0,Reporting-line change
EMP12407,2022-11-22,Promotion,102.0,102.0,Role progression
EMP12407,2023-08-15,Transfer,102.0,104.0,Business transfer
EMP12408,2020-01-16,Joining,,,Initial employment
EMP12408,2024-05-14,Resignation,103.0,103.0,Voluntary exit
EMP12409,2019-04-28,Joining,,,Initial employment
EMP12409,2024-11-19,Transfer,105.0,107.0,Business transfer
EMP12409,2021-10-27,Manager Change,105.0,105.0,Reporting-line change
EMP12409,2022-01-21,Transfer,105.0,108.0,Business transfer
EMP12410,2024-12-03,Joining,,,Initial employment
EMP12411,2019-09-17,Joining,,,Initial employment
EMP12411,2020-12-10,Promotion,106.0,106.0,Role progression
EMP12411,2025-04-15,Manager Change,106.0,106.0,Reporting-line change
EMP12412,2022-01-03,Joining,,,Initial employment
EMP12413,2023-02-12,Joining,,,Initial employment
EMP12414,2025-06-10,Joining,,,Initial employment
EMP12414,2026-03-17,Promotion,108.0,108.0,Role progression
EMP12415,2024-08-16,Joining,,,Initial employment
EMP12416,2020-01-01,Joining,,,Initial employment
EMP12416,2023-09-30,Transfer,104.0,107.0,Business transfer
EMP12417,2023-07-16,Joining,,,Initial employment
EMP12417,2026-03-28,Manager Change,102.0,102.0,Reporting-line change
EMP12417,2026-04-03,Resignation,102.0,102.0,Voluntary exit
EMP12417,2024-04-19,Promotion,102.0,102.0,Role progression
EMP12418,2026-01-14,Joining,,,Initial employment
EMP12419,2023-01-01,Joining,,,Initial employment
EMP12419,2025-08-11,Resignation,106.0,106.0,Voluntary exit
EMP12420,2024-07-17,Joining,,,Initial employment
EMP12421,2025-10-12,Joining,,,Initial employment
EMP12422,2021-03-01,Joining,,,Initial employment
EMP12423,2021-01-16,Joining,,,Initial employment
EMP12423,2025-12-14,Resignation,107.0,107.0,Voluntary exit
EMP12424,2025-08-11,Joining,,,Initial employment
EMP12425,2019-11-09,Joining,,,Initial employment
EMP12425,2025-09-26,Manager Change,102.0,102.0,Reporting-line change
EMP12425,2020-09-04,Promotion,102.0,102.0,Role progression
EMP12426,2020-06-21,Joining,,,Initial employment
EMP12426,2022-11-18,Rehire,108.0,108.0,Returned employee
EMP12427,2021-07-09,Joining,,,Initial employment
EMP12427,2024-07-27,Rehire,102.0,102.0,Returned employee
EMP12427,2024-07-05,Transfer,102.0,103.0,Business transfer
EMP12427,2023-09-09,Leave of Absence,102.0,102.0,Temporary leave
EMP12428,2021-12-13,Joining,,,Initial employment
EMP12428,2026-02-15,Transfer,104.0,103.0,Business transfer
EMP12429,2023-01-30,Joining,,,Initial employment
EMP12430,2025-07-09,Joining,,,Initial employment
EMP12431,2021-03-08,Joining,,,Initial employment
EMP12431,2022-01-13,Resignation,106.0,106.0,Voluntary exit
EMP12432,2019-12-14,Joining,,,Initial employment
EMP12432,2022-08-15,Transfer,103.0,104.0,Business transfer
EMP12432,2024-02-27,Promotion,103.0,103.0,Role progression
EMP12432,2024-11-14,Termination,103.0,103.0,Involuntary exit
EMP12432,2022-08-21,Promotion,103.0,103.0,Role progression
EMP12433,2019-09-30,Joining,,,Initial employment
EMP12434,2020-12-20,Joining,,,Initial employment
EMP12434,2023-05-12,Transfer,101.0,105.0,Business transfer
EMP12434,2026-01-16,Transfer,101.0,105.0,Business transfer
EMP12435,2023-11-09,Joining,,,Initial employment
EMP12436,2025-12-22,Joining,,,Initial employment
EMP12437,2020-11-15,Joining,,,Initial employment
EMP12438,2024-10-27,Joining,,,Initial employment
EMP12438,2025-11-26,Promotion,101.0,101.0,Role progression
EMP12439,2020-09-13,Joining,,,Initial employment
EMP12439,2024-07-02,Transfer,101.0,106.0,Business transfer
EMP12440,2024-08-01,Joining,,,Initial employment
EMP12441,2021-08-04,Joining,,,Initial employment
EMP12441,2022-10-17,Rehire,103.0,103.0,Returned employee
EMP12441,2022-09-27,Promotion,103.0,103.0,Role progression
EMP12442,2025-08-02,Joining,,,Initial employment
EMP12443,2026-04-19,Joining,,,Initial employment
EMP12444,2020-05-21,Joining,,,Initial employment
EMP12444,2023-11-20,Manager Change,108.0,108.0,Reporting-line change
EMP12444,2021-04-21,Transfer,108.0,102.0,Business transfer
EMP12445,2023-05-02,Joining,,,Initial employment
EMP12446,2026-03-08,Joining,,,Initial employment
EMP12447,2019-09-01,Joining,,,Initial employment
EMP12447,2022-10-28,Resignation,103.0,103.0,Voluntary exit
EMP12447,2025-07-12,Promotion,103.0,103.0,Role progression
EMP12447,2024-09-19,Manager Change,103.0,103.0,Reporting-line change
EMP12447,2025-06-05,Transfer,103.0,102.0,Business transfer
EMP12448,2020-05-20,Joining,,,Initial employment
EMP12448,2023-10-03,Termination,107.0,107.0,Involuntary exit
EMP12448,2025-12-29,Promotion,107.0,107.0,Role progression
EMP12448,2022-11-03,Promotion,107.0,107.0,Role progression
EMP12449,2020-02-26,Joining,,,Initial employment
EMP12449,2023-08-01,Termination,102.0,102.0,Involuntary exit
EMP12450,2025-03-14,Joining,,,Initial employment
EMP12451,2024-02-16,Joining,,,Initial employment
EMP12451,2026-01-07,Transfer,106.0,101.0,Business transfer
EMP12451,2024-10-25,Manager Change,106.0,106.0,Reporting-line change
EMP12451,2025-09-25,Promotion,106.0,106.0,Role progression
EMP12452,2022-04-07,Joining,,,Initial employment
EMP12452,2024-12-19,Transfer,105.0,103.0,Business transfer
EMP12453,2019-11-26,Joining,,,Initial employment
EMP12453,2020-06-21,Rehire,104.0,104.0,Returned employee
EMP12453,2025-08-15,Termination,104.0,104.0,Involuntary exit
EMP12453,2024-11-10,Manager Change,104.0,104.0,Reporting-line change
EMP12453,2020-08-11,Promotion,104.0,104.0,Role progression
EMP12453,2022-05-16,Transfer,104.0,107.0,Business transfer
EMP12454,2020-10-11,Joining,,,Initial employment
EMP12454,2024-10-20,Termination,101.0,101.0,Involuntary exit
EMP12455,2023-01-04,Joining,,,Initial employment
EMP12455,2025-11-14,Manager Change,101.0,101.0,Reporting-line change
EMP12455,2025-09-27,Rehire,101.0,101.0,Returned employee
EMP12456,2020-01-26,Joining,,,Initial employment
EMP12457,2023-02-28,Joining,,,Initial employment
EMP12457,2025-12-21,Termination,102.0,102.0,Involuntary exit
EMP12458,2020-01-16,Joining,,,Initial employment
EMP12458,2022-12-13,Rehire,103.0,103.0,Returned employee
EMP12458,2022-05-11,Transfer,103.0,103.0,Business transfer
EMP12458,2023-09-06,Manager Change,103.0,103.0,Reporting-line change
EMP12459,2021-01-11,Joining,,,Initial employment
EMP12459,2023-03-04,Termination,104.0,104.0,Involuntary exit
EMP12460,2024-07-03,Joining,,,Initial employment
EMP12461,2021-03-30,Joining,,,Initial employment
EMP12462,2020-11-03,Joining,,,Initial employment
EMP12462,2025-03-14,Resignation,107.0,107.0,Voluntary exit
EMP12463,2026-01-04,Joining,,,Initial employment
EMP12464,2023-11-07,Joining,,,Initial employment
EMP12465,2022-04-26,Joining,,,Initial employment
EMP12465,2024-04-24,Transfer,101.0,105.0,Business transfer
EMP12465,2024-08-18,Leave of Absence,101.0,101.0,Temporary leave
EMP12466,2021-07-18,Joining,,,Initial employment
EMP12466,2026-03-24,Manager Change,103.0,103.0,Reporting-line change
EMP12466,2026-02-13,Leave of Absence,103.0,103.0,Temporary leave
EMP12467,2023-03-20,Joining,,,Initial employment
EMP12468,2021-07-01,Joining,,,Initial employment
EMP12468,2026-01-21,Termination,108.0,108.0,Involuntary exit
EMP12468,2022-09-29,Manager Change,108.0,108.0,Reporting-line change
EMP12469,2020-10-05,Joining,,,Initial employment
EMP12469,2025-07-27,Leave of Absence,101.0,101.0,Temporary leave
EMP12470,2020-03-02,Joining,,,Initial employment
EMP12470,2022-09-02,Resignation,103.0,103.0,Voluntary exit
EMP12470,2021-05-18,Resignation,103.0,103.0,Voluntary exit
EMP12471,2020-05-16,Joining,,,Initial employment
EMP12471,2020-12-17,Transfer,103.0,103.0,Business transfer
EMP12471,2023-10-25,Resignation,103.0,103.0,Voluntary exit
EMP12472,2020-12-30,Joining,,,Initial employment
EMP12472,2021-11-16,Transfer,105.0,104.0,Business transfer
EMP12472,2023-04-21,Transfer,105.0,108.0,Business transfer
EMP12472,2026-06-21,Rehire,105.0,105.0,Returned employee
EMP12473,2022-07-07,Joining,,,Initial employment
EMP12473,2025-09-11,Transfer,101.0,106.0,Business transfer
EMP12473,2025-05-25,Rehire,101.0,101.0,Returned employee
EMP12473,2026-04-29,Rehire,101.0,101.0,Returned employee
EMP12474,2024-10-19,Joining,,,Initial employment
EMP12475,2025-11-30,Joining,,,Initial employment
EMP12476,2020-04-01,Joining,,,Initial employment
EMP12476,2022-02-21,Promotion,107.0,107.0,Role progression
EMP12476,2022-06-14,Manager Change,107.0,107.0,Reporting-line change
EMP12476,2025-04-11,Resignation,107.0,107.0,Voluntary exit
EMP12477,2025-02-14,Joining,,,Initial employment
EMP12477,2026-03-31,Transfer,101.0,107.0,Business transfer
EMP12478,2019-10-18,Joining,,,Initial employment
EMP12478,2023-02-09,Resignation,108.0,108.0,Voluntary exit
EMP12478,2020-04-26,Manager Change,108.0,108.0,Reporting-line change
EMP12479,2021-07-08,Joining,,,Initial employment
EMP12479,2025-05-24,Termination,107.0,107.0,Involuntary exit
EMP12479,2023-05-11,Promotion,107.0,107.0,Role progression
EMP12480,2025-05-28,Joining,,,Initial employment
EMP12481,2024-05-23,Joining,,,Initial employment
EMP12481,2026-02-01,Rehire,107.0,107.0,Returned employee
EMP12481,2025-10-06,Transfer,107.0,106.0,Business transfer
EMP12482,2021-01-25,Joining,,,Initial employment
EMP12483,2023-07-17,Joining,,,Initial employment
EMP12483,2024-03-30,Promotion,108.0,108.0,Role progression
EMP12484,2024-01-09,JOINING,,,Initial employment
EMP12484,2025-09-14,Promotion,104.0,104.0,Role progression
EMP12484,2024-09-30,Manager Change,104.0,104.0,Reporting-line change
EMP12485,2022-07-30,Joining,,,Initial employment
EMP12485,2026-06-07,Transfer,102.0,101.0,Business transfer
EMP12486,2023-04-17,Joining,,,Initial employment
EMP12486,2024-09-30,Resignation,103.0,103.0,Voluntary exit
EMP12486,2025-01-14,Transfer,103.0,107.0,Business transfer
EMP12486,2025-06-04,Transfer,103.0,105.0,Business transfer
EMP12487,2024-02-13,Joining,,,Initial employment
EMP12488,2020-01-12,Joining,,,Initial employment
EMP12488,2024-12-29,Promotion,108.0,108.0,Role progression
EMP12488,2024-12-28,Promotion,108.0,108.0,Role progression
EMP12489,2022-03-25,Joining,,,Initial employment
EMP12489,2025-05-16,Manager Change,101.0,101.0,Reporting-line change
EMP12489,2022-12-21,Termination,101.0,101.0,Involuntary exit
EMP12490,2020-05-22,Joining,,,Initial employment
EMP12491,2022-12-07,Joining,,,Initial employment
EMP12491,2025-11-30,Promotion,103.0,103.0,Role progression
EMP12491,2024-01-10,Transfer,103.0,106.0,Business transfer
EMP12492,2026-01-19,Joining,,,Initial employment
EMP12493,2020-07-12,Joining,,,Initial employment
EMP12493,2024-11-22,Termination,102.0,102.0,Involuntary exit
EMP12493,2021-04-30,Transfer,102.0,106.0,Business transfer
EMP12494,2025-04-26,Joining,,,Initial employment
EMP12495,2020-02-25,Joining,,,Initial employment
EMP12495,2024-09-21,Resignation,103.0,103.0,Voluntary exit
EMP12496,2023-04-02,Joining,,,Initial employment
EMP12497,2019-10-31,Joining,,,Initial employment
EMP12497,2024-08-16,Promotion,101.0,101.0,Role progression
EMP12497,2023-02-06,Manager Change,101.0,101.0,Reporting-line change
EMP12497,2020-12-09,Promotion,101.0,101.0,Role progression
EMP12497,2025-07-26,Rehire,101.0,101.0,Returned employee
EMP12498,2021-07-30,Joining,,,Initial employment
EMP12498,2023-12-14,Promotion,101.0,101.0,Role progression
EMP12498,2025-05-26,Transfer,101.0,101.0,Business transfer
EMP12498,2023-09-23,Termination,101.0,101.0,Involuntary exit
EMP12499,2026-02-02,Joining,,,Initial employment
EMP12500,2022-07-25,Joining,,,Initial employment
EMP12500,2025-12-31,Manager Change,106.0,106.0,Reporting-line change
EMP12500,2025-04-04,Rehire,106.0,106.0,Returned employee
EMP12501,2021-12-25,Joining,,,Initial employment
EMP12501,2025-03-07,Manager Change,101.0,101.0,Reporting-line change
EMP12502,2024-11-25,Joining,,,Initial employment
EMP12503,2025-05-04,Joining,,,Initial employment
EMP12504,2025-03-19,Joining,,,Initial employment
EMP12505,2024-01-02,Joining,,,Initial employment
EMP12506,2023-04-03,Joining,,,Initial employment
EMP12506,2025-08-25,Transfer,104.0,103.0,Business transfer
EMP12506,2023-10-19,Termination,104.0,104.0,Involuntary exit
EMP12507,2020-11-23,Joining,,,Initial employment
EMP12507,2022-12-22,Transfer,102.0,104.0,Business transfer
EMP12508,2019-09-12,Joining,,,Initial employment
EMP12509,2023-01-18,Joining,,,Initial employment
EMP12510,2025-04-19,Joining,,,Initial employment
EMP12510,2025-12-17,Manager Change,102.0,102.0,Reporting-line change
EMP12511,2019-09-14,Joining,,,Initial employment
EMP12511,2022-06-11,Promotion,105.0,105.0,Role progression
EMP12511,2025-06-08,Promotion,105.0,105.0,Role progression
EMP12511,2021-08-25,Transfer,105.0,107.0,Business transfer
EMP12512,2025-08-27,Joining,,,Initial employment
EMP12513,2020-03-17,Joining,,,Initial employment
EMP12514,2024-02-25,Joining,,,Initial employment
EMP12514,2025-02-03,Transfer,103.0,105.0,Business transfer
EMP12515,2026-03-31,Joining,,,Initial employment
EMP12516,2022-01-18,Joining,,,Initial employment
EMP12516,2023-02-03,Promotion,103.0,103.0,Role progression
EMP12516,2025-12-24,Promotion,103.0,103.0,Role progression
EMP12516,2024-01-03,Resignation,103.0,103.0,Voluntary exit
EMP12516,2023-09-29,Promotion,103.0,103.0,Role progression
EMP12517,2025-09-03,Joining,,,Initial employment
EMP12518,2020-08-04,Joining,,,Initial employment
EMP12518,2021-09-19,Manager Change,102.0,102.0,Reporting-line change
EMP12518,2024-10-05,Manager Change,102.0,102.0,Reporting-line change
EMP12518,2021-05-07,Promotion,102.0,102.0,Role progression
EMP12518,2021-12-02,Rehire,102.0,102.0,Returned employee
EMP12519,2023-10-02,Joining,,,Initial employment
EMP12519,2026-03-31,Resignation,103.0,103.0,Voluntary exit
EMP12520,2026-03-30,Joining,,,Initial employment
EMP12521,2019-01-19,Joining,,,Initial employment
EMP12521,2022-09-02,Leave of Absence,106.0,106.0,Temporary leave
EMP12522,2022-01-29,Joining,,,Initial employment
EMP12522,2024-11-05,Rehire,108.0,108.0,Returned employee
EMP12522,2023-03-18,Promotion,108.0,108.0,Role progression
EMP12522,2023-06-06,Promotion,108.0,108.0,Role progression
EMP12523,2026-04-08,Joining,,,Initial employment
EMP12524,2022-10-12,Joining,,,Initial employment
EMP12524,2025-01-16,Promotion,101.0,101.0,Role progression
EMP12525,2023-04-15,Joining,,,Initial employment
EMP12526,2024-09-11,Joining,,,Initial employment
EMP12526,2025-07-11,Rehire,104.0,104.0,Returned employee
EMP12527,2024-06-16,JOINING,,,Initial employment
EMP12527,2025-11-27,Transfer,101.0,107.0,Business transfer
EMP12528,2023-03-28,Joining,,,Initial employment
EMP12528,2026-03-19,Leave of Absence,107.0,107.0,Temporary leave
EMP12529,2021-05-11,Joining,,,Initial employment
EMP12530,2019-06-04,Joining,,,Initial employment
EMP12530,2020-02-29,Resignation,108.0,108.0,Voluntary exit
EMP12530,2023-06-25,Transfer,108.0,107.0,Business transfer
EMP12530,2024-10-16,Manager Change,108.0,108.0,Reporting-line change
EMP12531,2021-06-23,Joining,,,Initial employment
EMP12532,2022-06-23,Joining,,,Initial employment
EMP12532,2026-04-28,Promotion,107.0,107.0,Role progression
EMP12532,2025-09-14,Termination,107.0,107.0,Involuntary exit
EMP12533,2020-02-09,Joining,,,Initial employment
EMP12533,2020-12-24,Transfer,106.0,105.0,Business transfer
EMP12534,2021-04-23,Joining,,,Initial employment
EMP12535,2023-11-18,Joining,,,Initial employment
EMP12535,2025-02-02,Promotion,104.0,104.0,Role progression
EMP12536,2023-04-14,Joining,,,Initial employment
EMP12536,2025-04-18,Manager Change,107.0,107.0,Reporting-line change
EMP12536,2024-05-20,Rehire,107.0,107.0,Returned employee
EMP12537,2022-03-30,Joining,,,Initial employment
EMP12537,2025-10-26,Manager Change,103.0,103.0,Reporting-line change
EMP12538,2021-01-16,Joining,,,Initial employment
EMP12538,2023-06-13,Resignation,103.0,103.0,Voluntary exit
EMP12539,2023-09-22,Joining,,,Initial employment
EMP12540,2019-09-28,Joining,,,Initial employment
EMP12540,2021-10-14,Promotion,104.0,104.0,Role progression
EMP12541,2021-02-08,Joining,,,Initial employment
EMP12542,2023-09-12,Joining,,,Initial employment
EMP12543,2023-02-19,Joining,,,Initial employment
EMP12543,2025-03-02,Promotion,106.0,106.0,Role progression
EMP12543,2024-02-18,Transfer,106.0,101.0,Business transfer
EMP12543,2023-10-18,Rehire,106.0,106.0,Returned employee
EMP12544,2019-06-21,Joining,,,Initial employment
EMP12544,2020-12-25,Promotion,105.0,105.0,Role progression
EMP12545,2019-10-01,Joining,,,Initial employment
EMP12546,2025-04-25,Joining,,,Initial employment
EMP12547,2022-03-04,Joining,,,Initial employment
EMP12547,2024-10-23,Manager Change,101.0,101.0,Reporting-line change
EMP12547,2026-03-24,Manager Change,101.0,101.0,Reporting-line change
EMP12548,2023-09-03,Joining,,,Initial employment
EMP12549,2023-11-07,Joining,,,Initial employment
EMP12549,2025-06-24,Manager Change,104.0,104.0,Reporting-line change
EMP12550,2020-02-26,Joining,,,Initial employment
EMP12551,2022-12-15,Joining,,,Initial employment
EMP12551,2026-05-06,Termination,104.0,104.0,Involuntary exit
EMP12551,2024-04-21,Transfer,104.0,105.0,Business transfer
EMP12551,2026-05-23,Promotion,104.0,104.0,Role progression
EMP12551,2025-02-17,Manager Change,104.0,104.0,Reporting-line change
EMP12551,2025-12-11,Transfer,104.0,107.0,Business transfer
EMP12552,2022-04-24,Joining,,,Initial employment
EMP12552,2024-05-03,Leave of Absence,101.0,101.0,Temporary leave
EMP12553,2025-08-08,Joining,,,Initial employment
EMP12554,2025-08-22,Joining,,,Initial employment
EMP12555,2020-08-02,Joining,,,Initial employment
EMP12555,2022-01-29,Leave of Absence,108.0,108.0,Temporary leave
EMP12555,2024-04-27,Promotion,108.0,108.0,Role progression
EMP12556,2021-06-09,Joining,,,Initial employment
EMP12556,2023-12-20,Manager Change,104.0,104.0,Reporting-line change
EMP12557,2020-12-22,Joining,,,Initial employment
EMP12558,2021-05-30,Joining,,,Initial employment
EMP12558,2025-01-21,Leave of Absence,102.0,102.0,Temporary leave
EMP12559,2022-01-26,Joining,,,Initial employment
EMP12560,2026-04-06,Joining,,,Initial employment
EMP12561,2024-06-30,Joining,,,Initial employment
EMP12561,2025-07-30,Promotion,102.0,102.0,Role progression
EMP12562,2024-08-31,Joining,,,Initial employment
EMP12563,2023-01-13,Joining,,,Initial employment
EMP12564,2020-01-18,Joining,,,Initial employment
EMP12564,2021-03-13,Termination,101.0,101.0,Involuntary exit
EMP12565,2024-12-21,Joining,,,Initial employment
EMP12565,2026-03-03,Leave of Absence,107.0,107.0,Temporary leave
EMP12566,2022-12-20,Joining,,,Initial employment
EMP12567,2025-12-25,Joining,,,Initial employment
EMP12568,2023-05-10,Joining,,,Initial employment
EMP12568,2025-05-30,Leave of Absence,101.0,101.0,Temporary leave
EMP12568,2025-11-04,Resignation,101.0,101.0,Voluntary exit
EMP12568,2024-01-11,Transfer,101.0,102.0,Business transfer
EMP12569,2023-11-22,Joining,,,Initial employment
EMP12570,2019-05-24,Joining,,,Initial employment
EMP12570,2021-07-11,Manager Change,107.0,107.0,Reporting-line change
EMP12571,2024-03-01,Joining,,,Initial employment
EMP12571,2025-08-26,Transfer,106.0,101.0,Business transfer
EMP12572,2023-08-30,Joining,,,Initial employment
EMP12572,2024-10-21,Leave of Absence,102.0,102.0,Temporary leave
EMP12573,2022-12-06,Joining,,,Initial employment
EMP12573,2024-10-28,Transfer,101.0,101.0,Business transfer
EMP12574,2019-08-12,Joining,,,Initial employment
EMP12574,2021-02-06,Resignation,106.0,106.0,Voluntary exit
EMP12574,2022-11-30,Transfer,106.0,108.0,Business transfer
EMP12575,2019-08-08,Joining,,,Initial employment
EMP12575,2025-03-10,Rehire,104.0,104.0,Returned employee
EMP12575,2023-06-28,Transfer,104.0,108.0,Business transfer
EMP12576,2019-06-28,Joining,,,Initial employment
EMP12577,2023-07-13,Joining,,,Initial employment
EMP12577,2026-06-23,Transfer,103.0,102.0,Business transfer
EMP12577,2026-06-04,Transfer,103.0,102.0,Business transfer
EMP12578,2020-03-08,Joining,,,Initial employment
EMP12579,2019-09-22,Joining,,,Initial employment
EMP12579,2025-07-12,Promotion,106.0,106.0,Role progression
EMP12579,2025-04-17,Promotion,106.0,106.0,Role progression
EMP12580,2021-08-11,Joining,,,Initial employment
EMP12580,2024-06-07,Promotion,108.0,108.0,Role progression
EMP12580,2023-12-10,Manager Change,108.0,108.0,Reporting-line change
EMP12580,2024-11-12,Promotion,108.0,108.0,Role progression
EMP12581,2020-03-04,Joining,,,Initial employment
EMP12581,2020-10-29,Promotion,101.0,101.0,Role progression
EMP12581,2021-03-06,Transfer,101.0,102.0,Business transfer
EMP12581,2021-01-24,Promotion,101.0,101.0,Role progression
EMP12582,2025-09-29,Joining,,,Initial employment
EMP12583,2025-02-22,Joining,,,Initial employment
EMP12584,2023-04-27,Joining,,,Initial employment
EMP12585,2020-04-24,Joining,,,Initial employment
EMP12585,2021-09-07,Promotion,102.0,102.0,Role progression
EMP12585,2022-05-13,Resignation,102.0,102.0,Voluntary exit
EMP12585,2023-02-09,Leave of Absence,102.0,102.0,Temporary leave
EMP12586,2022-09-15,Joining,,,Initial employment
EMP12587,2021-06-08,Joining,,,Initial employment
EMP12588,2021-07-13,Joining,,,Initial employment
EMP12589,2024-12-10,Joining,,,Initial employment
EMP12590,2024-03-17,Joining,,,Initial employment
EMP12591,2022-11-11,Joining,,,Initial employment
EMP12591,2024-07-08,Manager Change,101.0,101.0,Reporting-line change
EMP12591,2023-11-23,Resignation,101.0,101.0,Voluntary exit
EMP12592,2022-09-24,Joining,,,Initial employment
EMP12592,2025-07-23,Transfer,106.0,108.0,Business transfer
EMP12593,2021-02-16,Joining,,,Initial employment
EMP12594,2025-07-23,Joining,,,Initial employment
EMP12594,2026-03-25,Promotion,106.0,106.0,Role progression
EMP12595,2019-01-29,Joining,,,Initial employment
EMP12595,2020-06-20,Leave of Absence,103.0,103.0,Temporary leave
EMP12595,2022-05-19,Rehire,103.0,103.0,Returned employee
EMP12596,2019-02-04,Joining,,,Initial employment
EMP12597,2022-11-20,Joining,,,Initial employment
EMP12598,2026-04-24,Joining,,,Initial employment
EMP12599,2020-08-11,Joining,,,Initial employment
EMP12599,2021-05-20,Manager Change,101.0,101.0,Reporting-line change
EMP12599,2023-12-06,Manager Change,101.0,101.0,Reporting-line change
EMP12600,2021-06-22,Joining,,,Initial employment
EMP12600,2023-11-15,Rehire,102.0,102.0,Returned employee
EMP12600,2025-08-30,Promotion,102.0,102.0,Role progression
EMP12600,2025-02-19,Manager Change,102.0,102.0,Reporting-line change
EMP12600,2024-08-09,Promotion,102.0,102.0,Role progression
EMP12601,2026-01-11,Joining,,,Initial employment
EMP12602,2024-12-09,Joining,,,Initial employment
EMP12603,2019-12-06,Joining,,,Initial employment
EMP12603,2021-02-25,Promotion,102.0,102.0,Role progression
EMP12603,2023-05-20,Promotion,102.0,102.0,Role progression
EMP12604,2019-06-24,Joining,,,Initial employment
EMP12604,2020-07-11,Promotion,103.0,103.0,Role progression
EMP12604,2021-08-10,Promotion,103.0,103.0,Role progression
EMP12604,2022-04-06,Termination,103.0,103.0,Involuntary exit
EMP12604,2021-03-04,Transfer,103.0,106.0,Business transfer
EMP12605,2024-04-07,Joining,,,Initial employment
EMP12605,2024-12-12,Promotion,101.0,101.0,Role progression
EMP12606,2023-09-11,Joining,,,Initial employment
EMP12607,2020-08-19,Joining,,,Initial employment
EMP12607,2024-06-12,Manager Change,101.0,101.0,Reporting-line change
EMP12607,2021-07-27,Leave of Absence,101.0,101.0,Temporary leave
EMP12607,2023-08-11,Transfer,101.0,105.0,Business transfer
EMP12608,2020-03-26,Joining,,,Initial employment
EMP12608,2021-08-09,Leave of Absence,107.0,107.0,Temporary leave
EMP12608,2021-01-02,Transfer,107.0,103.0,Business transfer
EMP12609,2020-07-10,Joining,,,Initial employment
EMP12609,2024-10-30,Promotion,102.0,102.0,Role progression
EMP12609,2025-01-18,Transfer,102.0,107.0,Business transfer
EMP12610,2022-03-05,Joining,,,Initial employment
EMP12610,2025-04-25,Rehire,102.0,102.0,Returned employee
EMP12610,2024-09-04,Transfer,102.0,108.0,Business transfer
EMP12610,2025-12-09,Transfer,102.0,107.0,Business transfer
EMP12611,2022-09-18,Joining,,,Initial employment
EMP12612,2024-08-18,Joining,,,Initial employment
EMP12612,2026-02-24,Termination,101.0,101.0,Involuntary exit
EMP12613,2025-07-09,Joining,,,Initial employment
EMP12614,2021-10-13,Joining,,,Initial employment
EMP12614,2023-11-15,Manager Change,101.0,101.0,Reporting-line change
EMP12614,2023-04-15,Leave of Absence,101.0,101.0,Temporary leave
EMP12615,2025-07-02,Joining,,,Initial employment
EMP12616,2024-08-24,Joining,,,Initial employment
EMP12617,2021-04-18,Joining,,,Initial employment
EMP12617,2025-07-01,Promotion,102.0,102.0,Role progression
EMP12617,2022-01-27,Resignation,102.0,102.0,Voluntary exit
EMP12617,2025-06-11,Rehire,102.0,102.0,Returned employee
EMP12618,2023-06-26,Joining,,,Initial employment
EMP12618,2026-05-07,Transfer,106.0,108.0,Business transfer
EMP12619,2019-08-14,Joining,,,Initial employment
EMP12619,2025-01-28,Manager Change,104.0,104.0,Reporting-line change
EMP12620,2023-12-19,Joining,,,Initial employment
EMP12621,2024-11-30,Joining,,,Initial employment
EMP12621,2026-03-21,Rehire,105.0,105.0,Returned employee
EMP12622,2024-07-13,Joining,,,Initial employment
EMP12623,2022-12-22,Joining,,,Initial employment
EMP12623,2026-01-26,Promotion,104.0,104.0,Role progression
EMP12623,2026-05-13,Termination,104.0,104.0,Involuntary exit
EMP12624,2024-08-10,Joining,,,Initial employment
EMP12625,2025-05-02,Joining,,,Initial employment
EMP12625,2026-02-13,Transfer,102.0,108.0,Business transfer
EMP12626,2023-02-23,Joining,,,Initial employment
EMP12626,2024-01-20,Manager Change,105.0,105.0,Reporting-line change
EMP12627,2022-05-16,Joining,,,Initial employment
EMP12628,2023-07-04,Joining,,,Initial employment
EMP12628,2025-09-21,Rehire,108.0,108.0,Returned employee
EMP12629,2023-10-02,Joining,,,Initial employment
EMP12630,2019-11-02,Joining,,,Initial employment
EMP12630,2024-12-30,Termination,103.0,103.0,Involuntary exit
EMP12630,2021-07-31,Resignation,103.0,103.0,Voluntary exit
EMP12631,2024-08-21,Joining,,,Initial employment
EMP12632,2023-09-20,Joining,,,Initial employment
EMP12632,2024-07-27,Transfer,102.0,105.0,Business transfer
EMP12633,2023-08-17,Joining,,,Initial employment
EMP12634,2023-02-26,Joining,,,Initial employment
EMP12634,2023-12-14,Resignation,103.0,103.0,Voluntary exit
EMP12635,2022-10-23,Joining,,,Initial employment
EMP12635,2026-05-12,Leave of Absence,108.0,108.0,Temporary leave
EMP12636,2020-02-24,Joining,,,Initial employment
EMP12636,2024-01-25,Resignation,103.0,103.0,Voluntary exit
EMP12637,2025-01-27,Joining,,,Initial employment
EMP12638,2019-05-14,Joining,,,Initial employment
EMP12638,2021-01-09,Resignation,103.0,103.0,Voluntary exit
EMP12638,2022-05-20,Transfer,103.0,107.0,Business transfer
EMP12638,2023-04-04,Promotion,103.0,103.0,Role progression
EMP12638,2022-03-28,Manager Change,103.0,103.0,Reporting-line change
EMP12639,2024-07-23,Joining,,,Initial employment
EMP12640,2022-12-21,Joining,,,Initial employment
EMP12641,2023-04-03,Joining,,,Initial employment
EMP12641,2024-01-24,Resignation,105.0,105.0,Voluntary exit
EMP12642,2022-03-10,Joining,,,Initial employment
EMP12642,2023-12-07,Manager Change,102.0,102.0,Reporting-line change
EMP12643,2024-02-13,Joining,,,Initial employment
EMP12644,2023-12-25,Joining,,,Initial employment
EMP12645,2026-05-29,Joining,,,Initial employment
EMP12646,2022-09-04,Joining,,,Initial employment
EMP12646,2023-10-26,Promotion,104.0,104.0,Role progression
EMP12646,2025-11-11,Transfer,104.0,103.0,Business transfer
EMP12647,2023-01-04,Joining,,,Initial employment
EMP12647,2025-05-18,Leave of Absence,103.0,103.0,Temporary leave
EMP12648,2025-02-04,Joining,,,Initial employment
EMP12649,2021-12-15,Joining,,,Initial employment
EMP12649,2024-05-18,Resignation,106.0,106.0,Voluntary exit
EMP12650,2022-03-24,Joining,,,Initial employment
EMP12651,2023-08-23,Joining,,,Initial employment
EMP12651,2025-08-11,Manager Change,107.0,107.0,Reporting-line change
EMP12652,2019-04-21,Joining,,,Initial employment
EMP12652,2025-03-18,Manager Change,103.0,103.0,Reporting-line change
EMP12652,2020-02-18,Termination,103.0,103.0,Involuntary exit
EMP12652,2022-07-06,Rehire,103.0,103.0,Returned employee
EMP12653,2024-12-24,Joining,,,Initial employment
EMP12653,2025-09-07,Manager Change,102.0,102.0,Reporting-line change
EMP12654,2025-03-29,Joining,,,Initial employment
EMP12655,2020-04-12,Joining,,,Initial employment
EMP12655,2025-05-11,Manager Change,103.0,103.0,Reporting-line change
EMP12656,2025-12-03,Joining,,,Initial employment
EMP12657,2021-03-24,Joining,,,Initial employment
EMP12657,2025-09-16,Transfer,103.0,103.0,Business transfer
EMP12658,2022-06-26,Joining,,,Initial employment
EMP12659,2021-09-20,Joining,,,Initial employment
EMP12659,2026-03-27,Rehire,103.0,103.0,Returned employee
EMP12659,2025-12-20,Resignation,103.0,103.0,Voluntary exit
EMP12659,2024-11-18,Transfer,103.0,102.0,Business transfer
EMP12660,2024-07-24,Joining,,,Initial employment
EMP12661,2019-11-19,Joining,,,Initial employment
EMP12661,2024-09-18,Resignation,105.0,105.0,Voluntary exit
EMP12661,2021-04-18,Manager Change,105.0,105.0,Reporting-line change
EMP12662,2021-06-22,Joining,,,Initial employment
EMP12662,2024-07-08,Manager Change,107.0,107.0,Reporting-line change
EMP12662,2025-01-01,Resignation,107.0,107.0,Voluntary exit
EMP12663,2023-03-22,Joining,,,Initial employment
EMP12663,2023-12-22,Promotion,101.0,101.0,Role progression
EMP12663,2025-12-12,Transfer,101.0,101.0,Business transfer
EMP12664,2024-06-22,Joining,,,Initial employment
EMP12665,2023-12-21,Joining,,,Initial employment
EMP12665,2025-05-15,Transfer,102.0,104.0,Business transfer
EMP12666,2026-04-07,Joining,,,Initial employment
EMP12667,2025-10-12,Joining,,,Initial employment
EMP12668,2019-05-28,Joining,,,Initial employment
EMP12668,2021-11-29,Manager Change,101.0,101.0,Reporting-line change
EMP12669,2022-02-15,Joining,,,Initial employment
EMP12670,2021-04-29,Joining,,,Initial employment
EMP12671,2020-01-02,Joining,,,Initial employment
EMP12671,2024-06-25,Resignation,102.0,102.0,Voluntary exit
EMP12671,2025-12-03,Manager Change,102.0,102.0,Reporting-line change
EMP12672,2021-12-25,Joining,,,Initial employment
EMP12673,2024-07-31,Joining,,,Initial employment
EMP12673,2026-06-02,Termination,104.0,104.0,Involuntary exit
EMP12674,2019-06-24,Joining,,,Initial employment
EMP12675,2024-01-29,Joining,,,Initial employment
EMP12675,2025-01-21,Termination,101.0,101.0,Involuntary exit
EMP12675,2025-06-15,Termination,101.0,101.0,Involuntary exit
EMP12676,2020-08-10,Joining,,,Initial employment
EMP12676,2024-03-18,Manager Change,101.0,101.0,Reporting-line change
EMP12676,2021-08-25,Transfer,101.0,106.0,Business transfer
EMP12677,2020-05-09,Joining,,,Initial employment
EMP12677,2022-11-24,Transfer,104.0,108.0,Business transfer
EMP12677,2026-03-11,Manager Change,104.0,104.0,Reporting-line change
EMP12677,2023-05-12,Transfer,104.0,105.0,Business transfer
EMP12677,2022-03-24,Transfer,104.0,107.0,Business transfer
EMP12678,2022-02-11,Joining,,,Initial employment
EMP12678,2023-08-12,Leave of Absence,108.0,108.0,Temporary leave
EMP12679,2023-11-20,Joining,,,Initial employment
EMP12679,2025-04-04,Promotion,103.0,103.0,Role progression
EMP12679,2024-08-13,Transfer,103.0,104.0,Business transfer
EMP12679,2025-10-22,Termination,103.0,103.0,Involuntary exit
EMP12680,2022-03-16,Joining,,,Initial employment
EMP12680,2024-03-24,Transfer,102.0,102.0,Business transfer
EMP12681,2019-02-04,Joining,,,Initial employment
EMP12681,2023-07-04,Transfer,105.0,106.0,Business transfer
EMP12681,2022-10-03,Manager Change,105.0,105.0,Reporting-line change
EMP12682,2021-09-25,Joining,,,Initial employment
EMP12682,2025-01-15,Promotion,108.0,108.0,Role progression
EMP12683,2022-08-25,Joining,,,Initial employment
EMP12683,2024-07-22,Rehire,107.0,107.0,Returned employee
EMP12684,2026-01-29,Joining,,,Initial employment
EMP12685,2021-11-03,Joining,,,Initial employment
EMP12686,2020-01-09,Joining,,,Initial employment
EMP12686,2023-11-10,Transfer,101.0,105.0,Business transfer
EMP12687,2026-02-17,Joining,,,Initial employment
EMP12688,2022-12-22,Joining,,,Initial employment
EMP12688,2026-04-10,Transfer,107.0,105.0,Business transfer
EMP12688,2024-09-27,Transfer,107.0,105.0,Business transfer
EMP12688,2025-06-28,Rehire,107.0,107.0,Returned employee
EMP12689,2023-10-18,Joining,,,Initial employment
EMP12689,2025-08-01,Resignation,102.0,102.0,Voluntary exit
EMP12690,2025-03-30,Joining,,,Initial employment
EMP12691,2020-12-05,Joining,,,Initial employment
EMP12691,2025-01-06,Transfer,107.0,102.0,Business transfer
EMP12691,2025-01-21,Resignation,107.0,107.0,Voluntary exit
EMP12691,2023-03-02,Manager Change,107.0,107.0,Reporting-line change
EMP12692,2020-07-16,Joining,,,Initial employment
EMP12692,2026-01-27,Transfer,101.0,107.0,Business transfer
EMP12692,2024-02-19,Manager Change,101.0,101.0,Reporting-line change
EMP12693,2024-02-17,Joining,,,Initial employment
EMP12694,2024-10-24,Joining,,,Initial employment
EMP12695,2020-03-14,Joining,,,Initial employment
EMP12696,2024-02-27,Joining,,,Initial employment
EMP12696,2025-09-24,Rehire,106.0,106.0,Returned employee
EMP12697,2024-06-02,Joining,,,Initial employment
EMP12698,2020-11-29,Joining,,,Initial employment
EMP12698,2023-11-28,Resignation,105.0,105.0,Voluntary exit
EMP12698,2023-08-04,Leave of Absence,105.0,105.0,Temporary leave
EMP12699,2022-08-05,Joining,,,Initial employment
EMP12700,2023-04-13,Joining,,,Initial employment
EMP12701,2020-11-22,Joining,,,Initial employment
EMP12702,2025-04-19,Joining,,,Initial employment
EMP12703,2022-04-15,Joining,,,Initial employment
EMP12703,2025-10-07,Transfer,101.0,106.0,Business transfer
EMP12703,2026-04-21,Manager Change,101.0,101.0,Reporting-line change
EMP12703,2024-11-16,Promotion,101.0,101.0,Role progression
EMP12703,2024-05-21,Rehire,101.0,101.0,Returned employee
EMP12703,2025-09-17,Promotion,101.0,101.0,Role progression
EMP12704,2025-09-23,Joining,,,Initial employment
EMP12705,2023-06-23,Joining,,,Initial employment
EMP12705,2025-07-13,Leave of Absence,102.0,102.0,Temporary leave
EMP12706,2023-06-22,Joining,,,Initial employment
EMP12706,2025-05-02,Transfer,103.0,101.0,Business transfer
EMP12706,2025-04-18,Promotion,103.0,103.0,Role progression
EMP12707,2019-05-07,Joining,,,Initial employment
EMP12707,2021-01-11,Transfer,107.0,108.0,Business transfer
EMP12707,2023-03-16,Rehire,107.0,107.0,Returned employee
EMP12707,2023-07-09,Manager Change,107.0,107.0,Reporting-line change
EMP12708,2023-02-15,Joining,,,Initial employment
EMP12708,2024-02-23,Transfer,106.0,105.0,Business transfer
EMP12708,2025-11-06,Manager Change,106.0,106.0,Reporting-line change
EMP12709,2022-04-06,Joining,,,Initial employment
EMP12709,2026-02-12,Promotion,107.0,107.0,Role progression
EMP12709,2023-09-02,Leave of Absence,107.0,107.0,Temporary leave
EMP12710,2026-03-24,Joining,,,Initial employment
EMP12711,2019-10-21,Joining,,,Initial employment
EMP12711,2020-06-26,Promotion,103.0,103.0,Role progression
EMP12712,2022-09-28,Joining,,,Initial employment
EMP12712,2026-02-21,Leave of Absence,103.0,103.0,Temporary leave
EMP12712,2025-12-01,Rehire,103.0,103.0,Returned employee
EMP12713,2021-10-16,Joining,,,Initial employment
EMP12713,2026-03-31,Promotion,101.0,101.0,Role progression
EMP12713,2022-09-02,Promotion,101.0,101.0,Role progression
EMP12714,2025-06-15,Joining,,,Initial employment
EMP12715,2026-06-02,Joining,,,Initial employment
EMP12716,2026-01-19,Joining,,,Initial employment
EMP12717,2026-01-31,Joining,,,Initial employment
EMP12718,2020-02-23,Joining,,,Initial employment
EMP12718,2025-11-22,Resignation,101.0,101.0,Voluntary exit
EMP12719,2020-03-19,Joining,,,Initial employment
EMP12719,2025-12-28,Transfer,107.0,107.0,Business transfer
EMP12720,2020-11-15,Joining,,,Initial employment
EMP12720,2025-04-15,Leave of Absence,102.0,102.0,Temporary leave
EMP12720,2025-07-23,Leave of Absence,102.0,102.0,Temporary leave
EMP12721,2025-04-02,Joining,,,Initial employment
EMP12721,2026-05-28,Transfer,107.0,105.0,Business transfer
EMP12721,2026-03-06,Termination,107.0,107.0,Involuntary exit
EMP12722,2023-01-02,Joining,,,Initial employment
EMP12722,2023-09-21,Promotion,106.0,106.0,Role progression
EMP12722,2023-08-08,Promotion,106.0,106.0,Role progression
EMP12723,2025-03-11,Joining,,,Initial employment
EMP12723,2025-12-31,Promotion,108.0,108.0,Role progression
EMP12724,2019-03-26,Joining,,,Initial employment
EMP12725,2023-11-03,Joining,,,Initial employment
EMP12726,2019-03-26,Joining,,,Initial employment
EMP12726,2024-04-08,Rehire,103.0,103.0,Returned employee
EMP12727,2024-04-28,Joining,,,Initial employment
EMP12728,2024-10-13,Joining,,,Initial employment
EMP12729,2023-07-28,Joining,,,Initial employment
EMP12729,2024-11-06,Transfer,101.0,105.0,Business transfer
EMP12730,2020-10-24,Joining,,,Initial employment
EMP12730,2021-06-16,Manager Change,103.0,103.0,Reporting-line change
EMP12730,2023-08-07,Manager Change,103.0,103.0,Reporting-line change
EMP12731,2020-09-18,Joining,,,Initial employment
EMP12731,2022-03-20,Promotion,104.0,104.0,Role progression
EMP12732,2019-03-05,Joining,,,Initial employment
EMP12732,2021-09-03,Rehire,107.0,107.0,Returned employee
EMP12733,2021-07-07,Joining,,,Initial employment
EMP12733,2024-11-26,Termination,106.0,106.0,Involuntary exit
EMP12733,2024-06-03,Termination,106.0,106.0,Involuntary exit
EMP12733,2024-12-17,Promotion,106.0,106.0,Role progression
EMP12733,2025-01-03,Transfer,106.0,101.0,Business transfer
EMP12733,2022-07-11,Resignation,106.0,106.0,Voluntary exit
EMP12734,2022-10-07,Joining,,,Initial employment
EMP12735,2022-03-27,Joining,,,Initial employment
EMP12735,2023-01-27,Resignation,101.0,101.0,Voluntary exit
EMP12736,2023-06-01,Joining,,,Initial employment
EMP12737,2020-05-05,Joining,,,Initial employment
EMP12737,2022-03-05,Rehire,103.0,103.0,Returned employee
EMP12737,2023-12-24,Rehire,103.0,103.0,Returned employee
EMP12738,2024-02-22,Joining,,,Initial employment
EMP12739,2024-04-24,Joining,,,Initial employment
EMP12739,2025-02-26,Promotion,108.0,108.0,Role progression
EMP12740,2019-11-09,Joining,,,Initial employment
EMP12740,2021-03-09,Transfer,101.0,103.0,Business transfer
EMP12740,2025-06-11,Promotion,101.0,101.0,Role progression
EMP12740,2022-07-23,Resignation,101.0,101.0,Voluntary exit
EMP12741,2026-04-16,Joining,,,Initial employment
EMP12742,2021-07-07,Joining,,,Initial employment
EMP12742,2022-05-27,Resignation,101.0,101.0,Voluntary exit
EMP12743,2024-02-26,Joining,,,Initial employment
EMP12743,2025-06-08,Transfer,103.0,104.0,Business transfer
EMP12743,2024-11-17,Promotion,103.0,103.0,Role progression
EMP12744,2021-03-23,Joining,,,Initial employment
EMP12744,2026-04-29,Leave of Absence,104.0,104.0,Temporary leave
EMP12745,2023-01-29,Joining,,,Initial employment
EMP12745,2025-04-09,Transfer,101.0,105.0,Business transfer
EMP12746,2022-08-19,Joining,,,Initial employment
EMP12746,2026-02-16,Promotion,106.0,106.0,Role progression
EMP12747,2020-11-10,Joining,,,Initial employment
EMP12747,2023-02-05,Resignation,101.0,101.0,Voluntary exit
EMP12747,2025-01-17,Transfer,101.0,103.0,Business transfer
EMP12748,2020-03-10,Joining,,,Initial employment
EMP12748,2021-01-11,Transfer,101.0,106.0,Business transfer
EMP12748,2023-02-25,Promotion,101.0,101.0,Role progression
EMP12748,2021-04-20,Rehire,101.0,101.0,Returned employee
EMP12748,2025-08-10,Resignation,101.0,101.0,Voluntary exit
EMP12749,2020-11-12,Joining,,,Initial employment
EMP12749,2023-11-23,Termination,104.0,104.0,Involuntary exit
EMP12749,2024-12-27,Manager Change,104.0,104.0,Reporting-line change
EMP12750,2022-03-04,Joining,,,Initial employment
EMP12751,2021-12-09,Joining,,,Initial employment
EMP12751,2022-12-02,Rehire,108.0,108.0,Returned employee
EMP12751,2025-01-05,Resignation,108.0,108.0,Voluntary exit
EMP12751,2026-03-10,Rehire,108.0,108.0,Returned employee
EMP12752,2022-12-26,Joining,,,Initial employment
EMP12752,2023-06-25,Promotion,106.0,106.0,Role progression
EMP12752,2025-04-13,Transfer,106.0,102.0,Business transfer
EMP12753,2025-07-15,Joining,,,Initial employment
EMP12754,2025-07-22,Joining,,,Initial employment
EMP12755,2026-05-17,Joining,,,Initial employment
EMP12756,2022-10-02,Joining,,,Initial employment
EMP12756,2025-09-13,Manager Change,101.0,101.0,Reporting-line change
EMP12757,2020-10-10,Joining,,,Initial employment
EMP12757,2026-01-15,Leave of Absence,104.0,104.0,Temporary leave
EMP12757,2022-07-28,Promotion,104.0,104.0,Role progression
EMP12758,2019-09-02,Joining,,,Initial employment
EMP12758,2025-01-28,Rehire,106.0,106.0,Returned employee
EMP12758,2023-09-15,Resignation,106.0,106.0,Voluntary exit
EMP12758,2022-04-08,Transfer,106.0,106.0,Business transfer
EMP12758,2025-08-02,Transfer,106.0,104.0,Business transfer
EMP12759,2024-11-26,Joining,,,Initial employment
EMP12760,2026-01-24,Joining,,,Initial employment
EMP12761,2019-10-23,Joining,,,Initial employment
EMP12761,2025-05-14,Transfer,104.0,104.0,Business transfer
EMP12762,2024-11-29,Joining,,,Initial employment
EMP12763,2023-06-01,Joining,,,Initial employment
EMP12764,2025-07-18,Joining,,,Initial employment
EMP12765,2024-11-18,Joining,,,Initial employment
EMP12766,2026-04-30,Joining,,,Initial employment
EMP12767,2023-06-16,Joining,,,Initial employment
EMP12767,2025-01-12,Resignation,101.0,101.0,Voluntary exit
EMP12768,2019-01-28,Joining,,,Initial employment
EMP12768,2020-07-22,Promotion,108.0,108.0,Role progression
EMP12768,2022-03-02,Manager Change,108.0,108.0,Reporting-line change
EMP12768,2022-05-17,Resignation,108.0,108.0,Voluntary exit
EMP12769,2024-06-08,Joining,,,Initial employment
EMP12770,2023-04-10,Joining,,,Initial employment
EMP12770,2024-09-11,Promotion,101.0,101.0,Role progression
EMP12770,2024-10-24,Promotion,101.0,101.0,Role progression
EMP12771,2019-02-27,Joining,,,Initial employment
EMP12772,2023-03-02,Joining,,,Initial employment
EMP12773,2019-10-24,Joining,,,Initial employment
EMP12773,2022-07-15,Leave of Absence,106.0,106.0,Temporary leave
EMP12774,2024-12-21,Joining,,,Initial employment
EMP12775,2025-04-15,Joining,,,Initial employment
EMP12776,2026-02-10,Joining,,,Initial employment
EMP12777,2021-06-20,Joining,,,Initial employment
EMP12777,2023-04-27,Resignation,102.0,102.0,Voluntary exit
EMP12778,2024-05-18,Joining,,,Initial employment
EMP12779,2022-01-03,Joining,,,Initial employment
EMP12780,2023-08-05,Joining,,,Initial employment
EMP12780,2025-05-08,Resignation,105.0,105.0,Voluntary exit
EMP12781,2022-04-06,Joining,,,Initial employment
EMP12782,2021-02-09,Joining,,,Initial employment
EMP12782,2022-08-02,Promotion,102.0,102.0,Role progression
EMP12782,2021-12-01,Rehire,102.0,102.0,Returned employee
EMP12782,2025-09-08,Transfer,102.0,104.0,Business transfer
EMP12783,2023-03-07,Joining,,,Initial employment
EMP12784,2022-10-10,Joining,,,Initial employment
EMP12784,2025-03-14,Leave of Absence,101.0,101.0,Temporary leave
EMP12784,2023-09-28,Termination,101.0,101.0,Involuntary exit
EMP12785,2022-06-02,Joining,,,Initial employment
EMP12786,2023-04-04,Joining,,,Initial employment
EMP12786,2024-06-20,Manager Change,103.0,103.0,Reporting-line change
EMP12787,2019-05-26,Joining,,,Initial employment
EMP12787,2021-12-20,Resignation,102.0,102.0,Voluntary exit
EMP12788,2024-06-06,Joining,,,Initial employment
EMP12788,2025-08-11,Transfer,103.0,103.0,Business transfer
EMP12789,2022-06-18,Joining,,,Initial employment
EMP12790,2024-03-22,Joining,,,Initial employment
EMP12790,2026-04-11,Leave of Absence,106.0,106.0,Temporary leave
EMP12791,2025-07-19,Joining,,,Initial employment
EMP12792,2023-11-08,Joining,,,Initial employment
EMP12792,2025-12-15,Promotion,103.0,103.0,Role progression
EMP12793,2021-11-24,Joining,,,Initial employment
EMP12794,2024-08-10,Joining,,,Initial employment
EMP12795,2024-07-12,Joining,,,Initial employment
EMP12796,2019-06-02,Joining,,,Initial employment
EMP12796,2023-03-20,Promotion,106.0,106.0,Role progression
EMP12796,2024-11-03,Transfer,106.0,106.0,Business transfer
EMP12797,2025-10-12,Joining,,,Initial employment
EMP12798,2020-05-22,Joining,,,Initial employment
EMP12799,2020-05-05,Joining,,,Initial employment
EMP12799,2024-01-18,Promotion,107.0,107.0,Role progression
EMP12800,2019-12-11,Joining,,,Initial employment
EMP12800,2025-07-26,Transfer,103.0,101.0,Business transfer
EMP12800,2021-04-05,Rehire,103.0,103.0,Returned employee
EMP12800,2021-05-09,Rehire,103.0,103.0,Returned employee
EMP12801,2024-04-19,Joining,,,Initial employment
EMP12801,2025-06-30,Leave of Absence,108.0,108.0,Temporary leave
EMP12802,2023-10-28,Joining,,,Initial employment
EMP12802,2026-04-23,Transfer,106.0,105.0,Business transfer
EMP12803,2019-08-09,Joining,,,Initial employment
EMP12803,2022-01-22,Termination,103.0,103.0,Involuntary exit
EMP12803,2022-07-28,Rehire,103.0,103.0,Returned employee
EMP12804,2024-04-22,Joining,,,Initial employment
EMP12805,2024-04-26,Joining,,,Initial employment
EMP12805,2026-06-19,Termination,102.0,102.0,Involuntary exit
EMP12806,2020-12-23,Joining,,,Initial employment
EMP12807,2020-06-11,Joining,,,Initial employment
EMP12807,2022-10-01,Promotion,106.0,106.0,Role progression
EMP12808,2023-03-03,Joining,,,Initial employment
EMP12809,2023-07-23,Joining,,,Initial employment
EMP12809,2026-03-16,Termination,102.0,102.0,Involuntary exit
EMP12810,2020-04-25,Joining,,,Initial employment
EMP12811,2024-02-15,Joining,,,Initial employment
EMP12811,2024-09-12,Manager Change,101.0,101.0,Reporting-line change
EMP12811,2026-03-24,Manager Change,101.0,101.0,Reporting-line change
EMP12812,2023-01-02,Joining,,,Initial employment
EMP12813,2022-11-26,Joining,,,Initial employment
EMP12814,2019-12-11,Joining,,,Initial employment
EMP12815,2019-02-14,Joining,,,Initial employment
EMP12816,2024-08-30,Joining,,,Initial employment
EMP12817,2023-07-16,Joining,,,Initial employment
EMP12817,2025-09-22,Promotion,101.0,101.0,Role progression
EMP12818,2024-03-02,Joining,,,Initial employment
EMP12819,2024-09-26,Joining,,,Initial employment
EMP12819,2025-07-25,Promotion,104.0,104.0,Role progression
EMP12820,2023-02-23,Joining,,,Initial employment
EMP12820,2025-09-27,Manager Change,102.0,102.0,Reporting-line change
EMP12821,2026-02-11,Joining,,,Initial employment
EMP12822,2025-05-23,Joining,,,Initial employment
EMP12823,2021-09-28,Joining,,,Initial employment
EMP12823,2026-01-26,Rehire,101.0,101.0,Returned employee
EMP12823,2024-11-15,Resignation,101.0,101.0,Voluntary exit
EMP12824,2021-10-30,Joining,,,Initial employment
EMP12824,2025-08-10,Transfer,101.0,107.0,Business transfer
EMP12824,2022-12-27,Manager Change,101.0,101.0,Reporting-line change
EMP12825,2026-02-02,Joining,,,Initial employment
EMP12826,2024-08-02,Joining,,,Initial employment
EMP12827,2019-10-01,Joining,,,Initial employment
EMP12828,2021-08-13,Joining,,,Initial employment
EMP12828,2022-04-02,Promotion,106.0,106.0,Role progression
EMP12828,2024-08-08,Termination,106.0,106.0,Involuntary exit
EMP12828,2022-03-14,Transfer,106.0,102.0,Business transfer
EMP12829,2026-04-01,Joining,,,Initial employment
EMP12830,2023-11-15,Joining,,,Initial employment
EMP12830,2026-04-04,Transfer,106.0,103.0,Business transfer
EMP12831,2020-01-16,Joining,,,Initial employment
EMP12831,2021-10-02,Resignation,103.0,103.0,Voluntary exit
EMP12832,2022-09-14,Joining,,,Initial employment
EMP12833,2020-04-23,Joining,,,Initial employment
EMP12833,2022-06-17,Transfer,101.0,102.0,Business transfer
EMP12833,2022-09-07,Termination,101.0,101.0,Involuntary exit
EMP12833,2022-09-05,Promotion,101.0,101.0,Role progression
EMP12834,2024-08-24,Joining,,,Initial employment
EMP12834,2025-08-29,Transfer,105.0,105.0,Business transfer
EMP12835,2020-05-30,Joining,,,Initial employment
EMP12835,2025-12-11,Rehire,107.0,107.0,Returned employee
EMP12835,2022-05-08,PROMOTION,107.0,107.0,Role progression
EMP12835,2023-09-02,Transfer,107.0,105.0,Business transfer
EMP12835,2025-07-02,Transfer,107.0,105.0,Business transfer
EMP12836,2019-07-10,Joining,,,Initial employment
EMP12836,2022-11-24,Promotion,103.0,103.0,Role progression
EMP12836,2022-03-17,Transfer,103.0,108.0,Business transfer
EMP12836,2020-05-23,Transfer,103.0,104.0,Business transfer
EMP12836,2020-07-11,Promotion,103.0,103.0,Role progression
EMP12837,2022-04-06,Joining,,,Initial employment
EMP12837,2024-03-01,Manager Change,102.0,102.0,Reporting-line change
EMP12837,2025-07-01,Promotion,102.0,102.0,Role progression
EMP12837,2025-12-22,Transfer,102.0,103.0,Business transfer
EMP12838,2026-04-22,Joining,,,Initial employment
EMP12839,2022-03-06,Joining,,,Initial employment
EMP12839,2023-02-27,Transfer,105.0,105.0,Business transfer
EMP12839,2023-11-25,Promotion,105.0,105.0,Role progression
EMP12839,2024-09-19,Rehire,105.0,105.0,Returned employee
EMP12840,2025-01-10,Joining,,,Initial employment
EMP12841,2022-11-12,Joining,,,Initial employment
EMP12842,2019-09-29,Joining,,,Initial employment
EMP12842,2022-01-05,Transfer,102.0,105.0,Business transfer
EMP12842,2023-12-24,Resignation,102.0,102.0,Voluntary exit
EMP12842,2022-08-08,Termination,102.0,102.0,Involuntary exit
EMP12843,2019-05-23,Joining,,,Initial employment
EMP12844,2024-03-27,Joining,,,Initial employment
EMP12845,2021-12-28,Joining,,,Initial employment
EMP12845,2024-02-23,Rehire,107.0,107.0,Returned employee
EMP12845,2022-11-03,Manager Change,107.0,107.0,Reporting-line change
EMP12845,2024-07-10,Termination,107.0,107.0,Involuntary exit
EMP12846,2025-04-13,Joining,,,Initial employment
EMP12847,2021-02-26,Joining,,,Initial employment
EMP12847,2023-01-12,Transfer,104.0,106.0,Business transfer
EMP12847,2025-12-13,Promotion,104.0,104.0,Role progression
EMP12847,2022-05-20,Transfer,104.0,106.0,Business transfer
EMP12848,2024-10-27,Joining,,,Initial employment
EMP12849,2023-08-09,Joining,,,Initial employment
EMP12850,2020-09-14,Joining,,,Initial employment
EMP12850,2023-02-25,Transfer,108.0,108.0,Business transfer
EMP12851,2026-01-16,Joining,,,Initial employment
EMP12852,2021-07-26,Joining,,,Initial employment
EMP12852,2025-02-15,Termination,101.0,101.0,Involuntary exit
EMP12852,2023-01-22,Promotion,101.0,101.0,Role progression
EMP12852,2022-11-01,Promotion,101.0,101.0,Role progression
EMP12853,2022-01-23,Joining,,,Initial employment
EMP12854,2020-09-08,Joining,,,Initial employment
EMP12854,2025-02-21,Resignation,104.0,104.0,Voluntary exit
EMP12855,2021-10-28,Joining,,,Initial employment
EMP12855,2024-09-09,Transfer,105.0,106.0,Business transfer
EMP12856,2019-03-08,Joining,,,Initial employment
EMP12856,2025-01-18,Transfer,103.0,102.0,Business transfer
EMP12857,2019-07-10,Joining,,,Initial employment
EMP12858,2020-06-04,Joining,,,Initial employment
EMP12858,2025-05-25,Termination,107.0,107.0,Involuntary exit
EMP12858,2021-12-04,Manager Change,107.0,107.0,Reporting-line change
EMP12859,2021-09-16,Joining,,,Initial employment
EMP12859,2023-10-15,Manager Change,106.0,106.0,Reporting-line change
EMP12860,2022-02-14,Joining,,,Initial employment
EMP12860,2024-09-16,Termination,102.0,102.0,Involuntary exit
EMP12861,2025-05-03,Joining,,,Initial employment
EMP12862,2023-06-23,Joining,,,Initial employment
EMP12863,2025-12-07,Joining,,,Initial employment
EMP12864,2022-04-02,Joining,,,Initial employment
EMP12864,2023-09-28,Resignation,107.0,107.0,Voluntary exit
EMP12864,2023-10-15,Manager Change,107.0,107.0,Reporting-line change
EMP12864,2022-12-07,Manager Change,107.0,107.0,Reporting-line change
EMP12865,2020-01-11,Joining,,,Initial employment
EMP12865,2024-10-08,Leave of Absence,102.0,102.0,Temporary leave
EMP12866,2020-10-14,Joining,,,Initial employment
EMP12866,2023-05-25,Transfer,105.0,107.0,Business transfer
EMP12866,2026-04-07,Manager Change,105.0,105.0,Reporting-line change
EMP12867,2020-07-02,Joining,,,Initial employment
EMP12868,2022-01-02,Joining,,,Initial employment
EMP12869,2019-03-14,Joining,,,Initial employment
EMP12869,2020-10-11,Transfer,103.0,104.0,Business transfer
EMP12869,2024-05-26,Termination,103.0,103.0,Involuntary exit
EMP12869,2021-02-09,Resignation,103.0,103.0,Voluntary exit
EMP12870,2025-06-13,Joining,,,Initial employment
EMP12870,2026-06-10,Promotion,106.0,106.0,Role progression
EMP12871,2019-07-18,Joining,,,Initial employment
EMP12871,2023-08-06,Termination,102.0,102.0,Involuntary exit
EMP12872,2023-11-17,Joining,,,Initial employment
EMP12872,2024-10-24,Transfer,102.0,107.0,Business transfer
EMP12873,2020-07-25,Joining,,,Initial employment
EMP12874,2021-03-01,Joining,,,Initial employment
EMP12874,2025-04-01,Leave of Absence,106.0,106.0,Temporary leave
EMP12875,2023-06-27,Joining,,,Initial employment
EMP12876,2024-01-06,Joining,,,Initial employment
EMP12876,2026-05-08,Transfer,102.0,105.0,Business transfer
EMP12877,2024-01-30,Joining,,,Initial employment
EMP12877,2024-08-25,Promotion,101.0,101.0,Role progression
EMP12878,2023-02-19,Joining,,,Initial employment
EMP12878,2024-01-01,Promotion,101.0,101.0,Role progression
EMP12878,2026-05-02,Rehire,101.0,101.0,Returned employee
EMP12879,2022-03-20,Joining,,,Initial employment
EMP12879,2026-05-02,Manager Change,104.0,104.0,Reporting-line change
EMP12879,2023-06-02,Promotion,104.0,104.0,Role progression
EMP12880,2019-06-28,Joining,,,Initial employment
EMP12880,2024-08-28,Manager Change,107.0,107.0,Reporting-line change
EMP12880,2022-07-02,Transfer,107.0,105.0,Business transfer
EMP12881,2025-02-22,Joining,,,Initial employment
EMP12882,2021-01-04,Joining,,,Initial employment
EMP12882,2021-10-21,Transfer,107.0,108.0,Business transfer
EMP12883,2024-11-06,Joining,,,Initial employment
EMP12884,2021-03-09,Joining,,,Initial employment
EMP12885,2021-02-26,Joining,,,Initial employment
EMP12885,2024-03-08,Manager Change,102.0,102.0,Reporting-line change
EMP12885,2023-10-15,Transfer,102.0,101.0,Business transfer
EMP12885,2022-01-02,Manager Change,102.0,102.0,Reporting-line change
EMP12885,2023-11-24,Manager Change,102.0,102.0,Reporting-line change
EMP12886,2019-07-28,Joining,,,Initial employment
EMP12886,2023-11-25,Resignation,103.0,103.0,Voluntary exit
EMP12886,2020-04-05,Promotion,103.0,103.0,Role progression
EMP12887,2020-05-07,Joining,,,Initial employment
EMP12887,2023-07-14,Promotion,101.0,101.0,Role progression
EMP12887,2024-07-02,Leave of Absence,101.0,101.0,Temporary leave
EMP12887,2021-09-08,Manager Change,101.0,101.0,Reporting-line change
EMP12888,2026-06-05,Joining,,,Initial employment
EMP12889,2023-07-16,Joining,,,Initial employment
EMP12889,2024-01-28,Termination,102.0,102.0,Involuntary exit
EMP12890,2021-01-01,Joining,,,Initial employment
EMP12891,2022-02-03,Joining,,,Initial employment
EMP12891,2024-07-07,Leave of Absence,103.0,103.0,Temporary leave
EMP12891,2023-04-09,Promotion,103.0,103.0,Role progression
EMP12891,2024-01-13,Promotion,103.0,103.0,Role progression
EMP12892,2023-05-25,Joining,,,Initial employment
EMP12893,2020-08-16,Joining,,,Initial employment
EMP12893,2026-01-08,Leave of Absence,104.0,104.0,Temporary leave
EMP12893,2026-06-12,Promotion,104.0,104.0,Role progression
EMP12893,2024-04-12,Rehire,104.0,104.0,Returned employee
EMP12894,2022-04-30,Joining,,,Initial employment
EMP12894,2026-04-26,Termination,108.0,108.0,Involuntary exit
EMP12894,2023-01-05,Manager Change,108.0,108.0,Reporting-line change
EMP12894,2023-08-10,Rehire,108.0,108.0,Returned employee
EMP12895,2019-11-21,Joining,,,Initial employment
EMP12895,2022-12-29,Promotion,101.0,101.0,Role progression
EMP12896,2021-09-05,Joining,,,Initial employment
EMP12896,2022-06-26,Manager Change,106.0,106.0,Reporting-line change
EMP12896,2024-08-13,Transfer,106.0,101.0,Business transfer
EMP12897,2023-10-16,Joining,,,Initial employment
EMP12897,2024-09-19,Resignation,108.0,108.0,Voluntary exit
EMP12898,2024-01-25,Joining,,,Initial employment
EMP12899,2023-01-30,Joining,,,Initial employment
EMP12899,2025-11-16,Resignation,101.0,101.0,Voluntary exit
EMP12900,2021-06-12,Joining,,,Initial employment
EMP12900,2022-11-19,Promotion,103.0,103.0,Role progression
EMP12900,2023-05-22,Manager Change,103.0,103.0,Reporting-line change
EMP12900,2022-02-09,Promotion,103.0,103.0,Role progression
EMP12901,2022-10-22,Joining,,,Initial employment
EMP12902,2019-05-24,Joining,,,Initial employment
EMP12902,2021-03-17,Promotion,104.0,104.0,Role progression
EMP12902,2020-04-26,Leave of Absence,104.0,104.0,Temporary leave
EMP12902,2024-07-20,Promotion,104.0,104.0,Role progression
EMP12902,2021-11-29,Manager Change,104.0,104.0,Reporting-line change
EMP12903,2020-01-19,Joining,,,Initial employment
EMP12904,2025-03-13,Joining,,,Initial employment
EMP12905,2025-06-29,Joining,,,Initial employment
EMP12906,2019-08-05,Joining,,,Initial employment
EMP12906,2020-03-30,Transfer,107.0,105.0,Business transfer
EMP12906,2020-12-24,Transfer,107.0,102.0,Business transfer
EMP12907,2023-02-24,Joining,,,Initial employment
EMP12908,2025-02-08,Joining,,,Initial employment
EMP12909,2025-05-06,Joining,,,Initial employment
EMP12910,2023-01-30,Joining,,,Initial employment
EMP12910,2025-08-24,Manager Change,102.0,102.0,Reporting-line change
EMP12910,2025-08-29,Termination,102.0,102.0,Involuntary exit
EMP12910,2023-12-31,Transfer,102.0,105.0,Business transfer
EMP12911,2023-06-24,Joining,,,Initial employment
EMP12911,2025-08-15,Transfer,106.0,102.0,Business transfer
EMP12911,2024-09-12,Termination,106.0,106.0,Involuntary exit
EMP12912,2025-11-19,Joining,,,Initial employment
EMP12913,2025-06-10,Joining,,,Initial employment
EMP12914,2022-03-13,Joining,,,Initial employment
EMP12915,2019-04-21,Joining,,,Initial employment
EMP12916,2021-10-10,Joining,,,Initial employment
EMP12916,2024-11-06,Promotion,102.0,102.0,Role progression
EMP12916,2023-06-07,Transfer,102.0,105.0,Business transfer
EMP12917,2019-08-20,Joining,,,Initial employment
EMP12917,2023-07-26,Leave of Absence,103.0,103.0,Temporary leave
EMP12917,2022-03-23,Manager Change,103.0,103.0,Reporting-line change
EMP12917,2020-10-30,Rehire,103.0,103.0,Returned employee
EMP12918,2023-09-11,Joining,,,Initial employment
EMP12919,2023-10-22,Joining,,,Initial employment
EMP12919,2026-05-03,Transfer,101.0,108.0,Business transfer
EMP12920,2026-03-27,Joining,,,Initial employment
EMP12921,2023-04-27,Joining,,,Initial employment
EMP12922,2022-07-20,Joining,,,Initial employment
EMP12922,2026-04-09,Promotion,106.0,106.0,Role progression
EMP12923,2025-01-29,Joining,,,Initial employment
EMP12924,2021-08-30,Joining,,,Initial employment
EMP12925,2021-10-27,Joining,,,Initial employment
EMP12925,2024-01-19,Transfer,101.0,105.0,Business transfer
EMP12926,2026-02-06,Joining,,,Initial employment
EMP12927,2026-02-08,Joining,,,Initial employment
EMP12928,2020-06-01,Joining,,,Initial employment
EMP12928,2025-02-10,Promotion,106.0,106.0,Role progression
EMP12928,2024-04-12,Promotion,106.0,106.0,Role progression
EMP12928,2024-10-27,Leave of Absence,106.0,106.0,Temporary leave
EMP12928,2022-09-20,Promotion,106.0,106.0,Role progression
EMP12929,2021-07-02,Joining,,,Initial employment
EMP12929,2022-12-10,Leave of Absence,102.0,102.0,Temporary leave
EMP12930,2025-03-12,Joining,,,Initial employment
EMP12931,2024-12-21,Joining,,,Initial employment
EMP12932,2025-05-21,Joining,,,Initial employment
EMP12933,2024-04-28,Joining,,,Initial employment
EMP12933,2026-04-01,Promotion,105.0,105.0,Role progression
EMP12934,2023-01-02,Joining,,,Initial employment
EMP12935,2024-02-16,Joining,,,Initial employment
EMP12936,2026-06-26,Joining,,,Initial employment
EMP12937,2025-07-06,Joining,,,Initial employment
EMP12938,2022-07-31,Joining,,,Initial employment
EMP12939,2021-06-17,Joining,,,Initial employment
EMP12940,2022-01-03,Joining,,,Initial employment
EMP12940,2025-07-08,Promotion,103.0,103.0,Role progression
EMP12941,2022-04-04,Joining,,,Initial employment
EMP12941,2022-11-01,Rehire,101.0,101.0,Returned employee
EMP12942,2022-04-27,Joining,,,Initial employment
EMP12943,2024-10-26,Joining,,,Initial employment
EMP12944,2020-11-18,Joining,,,Initial employment
EMP12945,2024-08-30,Joining,,,Initial employment
EMP12946,2020-07-19,Joining,,,Initial employment
EMP12946,2023-08-09,Resignation,102.0,102.0,Voluntary exit
EMP12947,2022-04-22,Joining,,,Initial employment
EMP12947,2026-01-07,Resignation,102.0,102.0,Voluntary exit
EMP12948,2024-03-09,Joining,,,Initial employment
EMP12949,2021-04-06,Joining,,,Initial employment
EMP12949,2023-11-02,Leave of Absence,102.0,102.0,Temporary leave
EMP12950,2022-09-13,Joining,,,Initial employment
EMP12950,2025-03-03,Promotion,107.0,107.0,Role progression
EMP12950,2024-07-29,Promotion,107.0,107.0,Role progression
EMP12950,2026-01-16,Rehire,107.0,107.0,Returned employee
EMP12951,2025-02-04,Joining,,,Initial employment
EMP12951,2026-04-19,Manager Change,107.0,107.0,Reporting-line change
EMP12952,2023-12-17,Joining,,,Initial employment
EMP12953,2021-12-18,Joining,,,Initial employment
EMP12954,2022-09-12,Joining,,,Initial employment
EMP12955,2023-07-03,Joining,,,Initial employment
EMP12956,2026-06-09,Joining,,,Initial employment
EMP12957,2019-07-10,Joining,,,Initial employment
EMP12957,2022-11-20,Leave of Absence,108.0,108.0,Temporary leave
EMP12958,2022-05-08,Joining,,,Initial employment
EMP12959,2022-08-28,Joining,,,Initial employment
EMP12960,2020-12-08,Joining,,,Initial employment
EMP12960,2026-03-04,Resignation,108.0,108.0,Voluntary exit
EMP12960,2026-01-09,Resignation,108.0,108.0,Voluntary exit
EMP12960,2024-01-07,Promotion,108.0,108.0,Role progression
EMP12960,2026-01-10,Promotion,108.0,108.0,Role progression
EMP12961,2020-01-14,Joining,,,Initial employment
EMP12961,2024-09-12,Promotion,101.0,101.0,Role progression
EMP12961,2022-01-14,Promotion,101.0,101.0,Role progression
EMP12962,2020-01-22,Joining,,,Initial employment
EMP12962,2021-11-11,Resignation,104.0,104.0,Voluntary exit
EMP12963,2025-04-03,Joining,,,Initial employment
EMP12963,2026-03-11,Resignation,104.0,104.0,Voluntary exit
EMP12964,2020-09-07,Joining,,,Initial employment
EMP12964,2023-01-04,Termination,102.0,102.0,Involuntary exit
EMP12965,2023-03-23,Joining,,,Initial employment
EMP12965,2024-09-12,Transfer,103.0,107.0,Business transfer
EMP12966,2025-05-19,Joining,,,Initial employment
EMP12967,2024-08-10,Joining,,,Initial employment
EMP12968,2023-10-21,Joining,,,Initial employment
EMP12969,2020-04-08,Joining,,,Initial employment
EMP12969,2021-11-30,Transfer,108.0,104.0,Business transfer
EMP12969,2024-11-30,Leave of Absence,108.0,108.0,Temporary leave
EMP12969,2021-01-28,Leave of Absence,108.0,108.0,Temporary leave
EMP12970,2021-08-24,Joining,,,Initial employment
EMP12970,2024-04-27,Transfer,101.0,101.0,Business transfer
EMP12970,2023-08-24,Promotion,101.0,101.0,Role progression
EMP12970,2025-08-27,Leave of Absence,101.0,101.0,Temporary leave
EMP12971,2019-06-21,Joining,,,Initial employment
EMP12971,2024-10-20,Promotion,102.0,102.0,Role progression
EMP12972,2022-02-20,Joining,,,Initial employment
EMP12972,2025-12-21,Transfer,102.0,108.0,Business transfer
EMP12973,2021-04-22,Joining,,,Initial employment
EMP12973,2023-09-09,Termination,101.0,101.0,Involuntary exit
EMP12974,2022-08-14,Joining,,,Initial employment
EMP12974,2023-05-31,Termination,101.0,101.0,Involuntary exit
EMP12975,2024-03-23,Joining,,,Initial employment
EMP12976,2020-11-20,Joining,,,Initial employment
EMP12976,2023-12-28,Leave of Absence,102.0,102.0,Temporary leave
EMP12977,2026-03-07,Joining,,,Initial employment
EMP12978,2023-02-16,Joining,,,Initial employment
EMP12979,2025-01-21,Joining,,,Initial employment
EMP12980,2024-07-17,Joining,,,Initial employment
EMP12980,2026-06-29,Manager Change,107.0,107.0,Reporting-line change
EMP12981,2023-09-19,Joining,,,Initial employment
EMP12982,2020-01-18,Joining,,,Initial employment
EMP12982,2022-09-19,Rehire,101.0,101.0,Returned employee
EMP12983,2025-03-06,Joining,,,Initial employment
EMP12984,2022-11-13,Joining,,,Initial employment
EMP12984,2026-04-26,Transfer,101.0,106.0,Business transfer
EMP12985,2023-05-03,Joining,,,Initial employment
EMP12985,2024-03-22,Transfer,101.0,107.0,Business transfer
EMP12986,2025-03-21,Joining,,,Initial employment
EMP12987,2024-08-12,Joining,,,Initial employment
EMP12988,2020-01-07,Joining,,,Initial employment
EMP12988,2025-01-30,Transfer,104.0,104.0,Business transfer
EMP12989,2023-09-07,Joining,,,Initial employment
EMP12990,2023-01-09,Joining,,,Initial employment
EMP12991,2020-09-02,Joining,,,Initial employment
EMP12991,2022-01-04,Promotion,108.0,108.0,Role progression
EMP12992,2019-04-26,Joining,,,Initial employment
EMP12992,2023-08-07,Resignation,104.0,104.0,Voluntary exit
EMP12993,2020-03-22,Joining,,,Initial employment
EMP12994,2022-10-23,Joining,,,Initial employment
EMP12994,2026-06-01,Termination,103.0,103.0,Involuntary exit
EMP12994,2024-02-11,Resignation,103.0,103.0,Voluntary exit
EMP12995,2022-09-02,Joining,,,Initial employment
EMP12996,2020-02-19,Joining,,,Initial employment
EMP12996,2023-09-26,Manager Change,106.0,106.0,Reporting-line change
EMP12997,2023-12-14,Joining,,,Initial employment
EMP12997,2024-08-21,Promotion,103.0,103.0,Role progression
EMP12998,2021-11-13,Joining,,,Initial employment
EMP12998,2022-09-09,Promotion,107.0,107.0,Role progression
EMP12998,2022-09-30,Transfer,107.0,105.0,Business transfer
EMP12999,2026-06-03,Joining,,,Initial employment
EMP13000,2024-02-17,Joining,,,Initial employment
EMP13000,2026-03-25,Transfer,102.0,104.0,Business transfer
EMP13001,2021-12-09,Joining,,,Initial employment
EMP13001,2025-01-03,Promotion,104.0,104.0,Role progression
EMP13002,2020-12-18,Joining,,,Initial employment
EMP13002,2021-07-31,Resignation,101.0,101.0,Voluntary exit
EMP13002,2025-05-26,Manager Change,101.0,101.0,Reporting-line change
EMP13003,2022-09-20,Joining,,,Initial employment
EMP13003,2023-04-04,Resignation,102.0,102.0,Voluntary exit
EMP13004,2023-05-25,Joining,,,Initial employment
EMP13005,2025-05-07,Joining,,,Initial employment
EMP13006,2020-07-15,Joining,,,Initial employment
EMP13006,2023-09-08,Promotion,107.0,107.0,Role progression
EMP13006,2023-12-15,Transfer,107.0,104.0,Business transfer
EMP13007,2025-04-13,Joining,,,Initial employment
EMP13008,2020-01-22,Joining,,,Initial employment
EMP13008,2024-10-26,Transfer,103.0,106.0,Business transfer
EMP13009,2020-12-02,Joining,,,Initial employment
EMP13009,2025-12-27,Transfer,105.0,101.0,Business transfer
EMP13010,2026-02-19,Joining,,,Initial employment
EMP13011,2021-08-30,Joining,,,Initial employment
EMP13011,2022-10-10,Promotion,103.0,103.0,Role progression
EMP13011,2024-08-28,Termination,103.0,103.0,Involuntary exit
EMP13012,2022-10-16,Joining,,,Initial employment
EMP13013,2021-09-10,Joining,,,Initial employment
EMP13013,2025-06-25,Termination,104.0,104.0,Involuntary exit
EMP13014,2023-02-20,Joining,,,Initial employment
EMP13014,2025-12-02,Rehire,103.0,103.0,Returned employee
EMP13015,2019-12-18,Joining,,,Initial employment
EMP13016,2023-09-21,Joining,,,Initial employment
EMP13016,2025-06-07,Transfer,103.0,104.0,Business transfer
EMP13016,2024-12-21,Manager Change,103.0,103.0,Reporting-line change
EMP13017,2024-05-05,Joining,,,Initial employment
EMP13018,2022-07-03,Joining,,,Initial employment
EMP13018,2025-03-21,Transfer,105.0,106.0,Business transfer
EMP13018,2026-05-03,Promotion,105.0,105.0,Role progression
EMP13019,2024-03-22,Joining,,,Initial employment
EMP13020,2021-01-22,Joining,,,Initial employment
EMP13020,2024-08-11,Resignation,103.0,103.0,Voluntary exit
EMP13020,2024-07-14,Leave of Absence,103.0,103.0,Temporary leave
EMP13020,2023-09-05,Transfer,103.0,108.0,Business transfer
EMP13021,2021-10-21,Joining,,,Initial employment
EMP13021,2025-02-18,Rehire,101.0,101.0,Returned employee
EMP13022,2020-06-29,Joining,,,Initial employment
EMP13022,2025-04-16,Manager Change,101.0,101.0,Reporting-line change
EMP13022,2022-10-26,Leave of Absence,101.0,101.0,Temporary leave
EMP13022,2024-12-25,Promotion,101.0,101.0,Role progression
EMP13023,2023-01-09,Joining,,,Initial employment
EMP13023,2023-09-07,Transfer,102.0,105.0,Business transfer
EMP13023,2023-08-19,Transfer,102.0,104.0,Business transfer
EMP13024,2019-03-20,Joining,,,Initial employment
EMP13024,2025-02-03,Transfer,106.0,106.0,Business transfer
EMP13025,2022-06-13,Joining,,,Initial employment
EMP13025,2024-11-16,Promotion,107.0,107.0,Role progression
EMP13026,2025-07-09,Joining,,,Initial employment
EMP13027,2021-06-07,Joining,,,Initial employment
EMP13027,2021-12-16,Termination,103.0,103.0,Involuntary exit
EMP13027,2022-10-27,Manager Change,103.0,103.0,Reporting-line change
EMP13028,2022-01-10,Joining,,,Initial employment
EMP13029,2025-12-24,Joining,,,Initial employment
EMP13030,2024-06-13,Joining,,,Initial employment
EMP13031,2023-02-09,Joining,,,Initial employment
EMP13031,2025-05-19,Transfer,101.0,105.0,Business transfer
EMP13031,2025-02-17,Transfer,101.0,101.0,Business transfer
EMP13032,2021-07-09,Joining,,,Initial employment
EMP13032,2024-10-21,Promotion,101.0,101.0,Role progression
EMP13032,2025-02-14,Rehire,101.0,101.0,Returned employee
EMP13032,2024-09-13,Promotion,101.0,101.0,Role progression
EMP13033,2020-07-03,Joining,,,Initial employment
EMP13034,2024-08-23,Joining,,,Initial employment
EMP13034,2026-04-22,Termination,101.0,101.0,Involuntary exit
EMP13035,2020-01-27,Joining,,,Initial employment
EMP13035,2025-04-23,Transfer,101.0,104.0,Business transfer
EMP13035,2024-10-28,Transfer,101.0,101.0,Business transfer
EMP13036,2025-06-15,Joining,,,Initial employment
EMP13037,2025-08-30,Joining,,,Initial employment
EMP13038,2022-10-12,Joining,,,Initial employment
EMP13039,2021-08-31,Joining,,,Initial employment
EMP13039,2024-10-08,Rehire,101.0,101.0,Returned employee
EMP13039,2024-08-15,Rehire,101.0,101.0,Returned employee
EMP13040,2019-12-06,Joining,,,Initial employment
EMP13040,2022-10-23,Termination,102.0,102.0,Involuntary exit
EMP13040,2024-11-20,Manager Change,102.0,102.0,Reporting-line change
EMP13040,2024-02-02,Termination,102.0,102.0,Involuntary exit
EMP13040,2024-04-17,Termination,102.0,102.0,Involuntary exit
EMP13041,2026-03-29,Joining,,,Initial employment
EMP13042,2021-01-26,Joining,,,Initial employment
EMP13042,2023-12-17,Manager Change,101.0,101.0,Reporting-line change
EMP13043,2021-11-11,Joining,,,Initial employment
EMP13043,2023-03-29,Rehire,107.0,107.0,Returned employee
EMP13044,2025-05-27,Joining,,,Initial employment
EMP13044,2026-04-11,Promotion,101.0,101.0,Role progression
EMP13045,2025-06-11,Joining,,,Initial employment
EMP13045,2026-06-11,Rehire,108.0,108.0,Returned employee
EMP13046,2026-05-05,Joining,,,Initial employment
EMP13047,2026-04-26,Joining,,,Initial employment
EMP13048,2021-07-27,Joining,,,Initial employment
EMP13048,2023-12-04,Transfer,104.0,108.0,Business transfer
EMP13049,2021-04-27,Joining,,,Initial employment
EMP13049,2022-06-15,Leave of Absence,105.0,105.0,Temporary leave
EMP13050,2020-03-17,Joining,,,Initial employment
EMP13050,2024-01-13,Manager Change,103.0,103.0,Reporting-line change
EMP13050,2025-08-09,Manager Change,103.0,103.0,Reporting-line change
EMP13051,2025-12-25,Joining,,,Initial employment
EMP13052,2019-05-10,Joining,,,Initial employment
EMP13052,2021-08-10,Promotion,101.0,101.0,Role progression
EMP13053,2020-08-19,Joining,,,Initial employment
EMP13053,2024-03-13,Promotion,101.0,101.0,Role progression
EMP13053,2026-02-18,Promotion,101.0,101.0,Role progression
EMP13053,2023-06-08,Transfer,101.0,105.0,Business transfer
EMP13054,2024-05-12,Joining,,,Initial employment
EMP13055,2023-02-14,Joining,,,Initial employment
EMP13055,2023-09-26,Resignation,104.0,104.0,Voluntary exit
EMP13056,2021-05-11,Joining,,,Initial employment
EMP13057,2026-03-25,Joining,,,Initial employment
EMP13058,2021-09-25,Joining,,,Initial employment
EMP13058,2022-10-05,Transfer,107.0,106.0,Business transfer
EMP13058,2025-04-22,Resignation,107.0,107.0,Voluntary exit
EMP13058,2024-12-08,Manager Change,107.0,107.0,Reporting-line change
EMP13059,2025-06-30,Joining,,,Initial employment
EMP13060,2025-10-31,Joining,,,Initial employment
EMP13061,2023-04-01,Joining,,,Initial employment
EMP13061,2024-01-06,Manager Change,102.0,102.0,Reporting-line change
EMP13062,2023-06-29,Joining,,,Initial employment
EMP13063,2023-02-20,Joining,,,Initial employment
EMP13063,2024-12-25,Leave of Absence,101.0,101.0,Temporary leave
EMP13064,2023-10-03,Joining,,,Initial employment
EMP13065,2022-12-20,Joining,,,Initial employment
EMP13066,2024-02-01,Joining,,,Initial employment
EMP13066,2025-10-25,Rehire,103.0,103.0,Returned employee
EMP13067,2019-09-22,Joining,,,Initial employment
EMP13067,2023-04-03,Manager Change,103.0,103.0,Reporting-line change
EMP13067,2023-01-20,Transfer,103.0,104.0,Business transfer
EMP13067,2025-03-02,Transfer,103.0,106.0,Business transfer
EMP13067,2025-01-27,Manager Change,103.0,103.0,Reporting-line change
EMP13068,2026-04-13,Joining,,,Initial employment
EMP13069,2026-06-14,Joining,,,Initial employment
EMP13070,2023-01-02,Joining,,,Initial employment
EMP13070,2024-05-02,Termination,103.0,103.0,Involuntary exit
EMP13071,2019-06-06,Joining,,,Initial employment
EMP13071,2024-07-28,Transfer,102.0,101.0,Business transfer
EMP13072,2022-12-16,Joining,,,Initial employment
EMP13072,2024-06-01,Termination,107.0,107.0,Involuntary exit
EMP13073,2025-04-17,Joining,,,Initial employment
EMP13074,2023-06-21,Joining,,,Initial employment
EMP13075,2026-01-21,Joining,,,Initial employment
EMP13076,2025-07-02,Joining,,,Initial employment
EMP13077,2021-06-13,Joining,,,Initial employment
EMP13077,2022-10-09,Transfer,101.0,107.0,Business transfer
EMP13077,2025-05-11,Resignation,101.0,101.0,Voluntary exit
EMP13078,2024-11-14,JOINING,,,Initial employment
EMP13079,2020-05-27,Joining,,,Initial employment
EMP13079,2025-07-30,Manager Change,101.0,101.0,Reporting-line change
EMP13079,2026-01-28,Manager Change,101.0,101.0,Reporting-line change
EMP13079,2024-09-16,Transfer,101.0,101.0,Business transfer
EMP13080,2019-08-04,Joining,,,Initial employment
EMP13080,2024-12-05,Manager Change,107.0,107.0,Reporting-line change
EMP13080,2024-05-09,Leave of Absence,107.0,107.0,Temporary leave
EMP13081,2024-12-12,Joining,,,Initial employment
EMP13082,2023-09-03,Joining,,,Initial employment
EMP13082,2026-04-03,Promotion,103.0,103.0,Role progression
EMP13083,2024-10-07,Joining,,,Initial employment
EMP13084,2023-04-17,Joining,,,Initial employment
EMP13084,2024-12-10,Termination,103.0,103.0,Involuntary exit
EMP13084,2024-10-02,Transfer,103.0,107.0,Business transfer
EMP13085,2025-01-17,Joining,,,Initial employment
EMP13086,2025-05-20,Joining,,,Initial employment
EMP13087,2024-11-23,Joining,,,Initial employment
EMP13088,2022-02-02,Joining,,,Initial employment
EMP13088,2024-05-11,Termination,102.0,102.0,Involuntary exit
EMP13088,2023-10-05,Promotion,102.0,102.0,Role progression
EMP13089,2019-08-16,Joining,,,Initial employment
EMP13089,2025-04-07,Transfer,106.0,103.0,Business transfer
EMP13089,2023-08-17,Rehire,106.0,106.0,Returned employee
EMP13089,2024-08-21,Promotion,106.0,106.0,Role progression
EMP13089,2022-11-21,Leave of Absence,106.0,106.0,Temporary leave
EMP13090,2025-06-23,Joining,,,Initial employment
EMP13091,2023-01-27,Joining,,,Initial employment
EMP13092,2021-03-12,Joining,,,Initial employment
EMP13092,2022-05-16,Rehire,103.0,103.0,Returned employee
EMP13093,2023-06-11,Joining,,,Initial employment
EMP13093,2024-08-13,Transfer,105.0,108.0,Business transfer
EMP13093,2024-11-05,Promotion,105.0,105.0,Role progression
EMP13094,2024-03-20,Joining,,,Initial employment
EMP13094,2026-03-09,Resignation,106.0,106.0,Voluntary exit
EMP13095,2020-04-16,Joining,,,Initial employment
EMP13095,2024-03-04,Promotion,101.0,101.0,Role progression
EMP13095,2024-02-17,Promotion,101.0,101.0,Role progression
EMP13095,2024-01-02,Transfer,101.0,102.0,Business transfer
EMP13096,2021-12-15,Joining,,,Initial employment
EMP13096,2022-08-26,Termination,101.0,101.0,Involuntary exit
EMP13096,2023-10-05,Transfer,101.0,107.0,Business transfer
EMP13097,2026-04-26,Joining,,,Initial employment
EMP13098,2024-08-22,Joining,,,Initial employment
EMP13099,2021-11-07,Joining,,,Initial employment
EMP13099,2025-08-16,Rehire,107.0,107.0,Returned employee
EMP13100,2024-11-30,Joining,,,Initial employment
EMP13100,2025-09-02,Leave of Absence,107.0,107.0,Temporary leave
EMP13101,2019-08-17,Joining,,,Initial employment
EMP13101,2020-02-27,Termination,107.0,107.0,Involuntary exit
EMP13102,2019-06-20,Joining,,,Initial employment
EMP13102,2024-05-03,Termination,101.0,101.0,Involuntary exit
EMP13102,2021-05-21,Promotion,101.0,101.0,Role progression
EMP13102,2020-02-01,Termination,101.0,101.0,Involuntary exit
EMP13102,2023-11-08,Manager Change,101.0,101.0,Reporting-line change
EMP13103,2019-10-22,Joining,,,Initial employment
EMP13104,2019-07-08,Joining,,,Initial employment
EMP13104,2021-08-13,Promotion,107.0,107.0,Role progression
EMP13104,2023-03-18,Transfer,107.0,102.0,Business transfer
EMP13104,2024-08-05,Manager Change,107.0,107.0,Reporting-line change
EMP13105,2020-03-01,Joining,,,Initial employment
EMP13105,2022-06-13,Resignation,105.0,105.0,Voluntary exit
EMP13105,2023-01-17,Rehire,105.0,105.0,Returned employee
EMP13106,2021-09-03,Joining,,,Initial employment
EMP13106,2025-06-30,Transfer,102.0,108.0,Business transfer
EMP13107,2022-01-07,Joining,,,Initial employment
EMP13108,2026-05-29,Joining,,,Initial employment
EMP13109,2021-07-07,Joining,,,Initial employment
EMP13109,2025-09-23,Manager Change,103.0,103.0,Reporting-line change
EMP13109,2023-02-02,Transfer,103.0,107.0,Business transfer
EMP13110,2020-05-13,Joining,,,Initial employment
EMP13110,2024-01-08,Promotion,104.0,104.0,Role progression
EMP13111,2023-12-27,Joining,,,Initial employment
EMP13112,2021-05-15,Joining,,,Initial employment
EMP13112,2025-08-20,Resignation,103.0,103.0,Voluntary exit
EMP13112,2025-08-05,Resignation,103.0,103.0,Voluntary exit
EMP13113,2021-04-05,Joining,,,Initial employment
EMP13114,2024-02-02,Joining,,,Initial employment
EMP13115,2024-10-19,Joining,,,Initial employment
EMP13116,2025-04-14,Joining,,,Initial employment
EMP13117,2019-05-26,Joining,,,Initial employment
EMP13117,2024-05-12,Termination,103.0,103.0,Involuntary exit
EMP13117,2020-03-17,Manager Change,103.0,103.0,Reporting-line change
EMP13117,2022-10-30,Rehire,103.0,103.0,Returned employee
EMP13118,2023-06-30,Joining,,,Initial employment
EMP13119,2022-08-12,Joining,,,Initial employment
EMP13119,2024-03-29,Resignation,105.0,105.0,Voluntary exit
EMP13119,2024-07-04,Termination,105.0,105.0,Involuntary exit
EMP13120,2026-03-14,Joining,,,Initial employment
EMP13121,2020-04-14,Joining,,,Initial employment
EMP13122,2019-07-12,Joining,,,Initial employment
EMP13122,2022-01-22,Promotion,102.0,102.0,Role progression
EMP13123,2021-12-27,Joining,,,Initial employment
EMP13124,2025-12-16,Joining,,,Initial employment
EMP13125,2019-02-21,Joining,,,Initial employment
EMP13125,2021-10-02,Manager Change,105.0,105.0,Reporting-line change
EMP13125,2021-04-04,Transfer,105.0,108.0,Business transfer
EMP13126,2025-08-07,Joining,,,Initial employment
EMP13127,2023-12-26,Joining,,,Initial employment
EMP13127,2025-10-01,Manager Change,107.0,107.0,Reporting-line change
EMP13128,2025-11-26,Joining,,,Initial employment
EMP13129,2024-02-13,Joining,,,Initial employment
EMP13130,2026-01-12,JOINING,,,Initial employment
EMP13131,2023-11-22,Joining,,,Initial employment
EMP13132,2022-12-25,Joining,,,Initial employment
EMP13133,2024-02-11,Joining,,,Initial employment
EMP13134,2026-01-23,Joining,,,Initial employment
EMP13135,2024-06-30,Joining,,,Initial employment
EMP13136,2022-12-05,Joining,,,Initial employment
EMP13137,2021-04-19,Joining,,,Initial employment
EMP13138,2019-08-29,Joining,,,Initial employment
EMP13138,2024-02-17,Promotion,101.0,101.0,Role progression
EMP13138,2022-01-10,Leave of Absence,101.0,101.0,Temporary leave
EMP13139,2020-06-19,Joining,,,Initial employment
EMP13139,2025-03-30,Rehire,102.0,102.0,Returned employee
EMP13139,2023-09-29,Resignation,102.0,102.0,Voluntary exit
EMP13139,2023-01-09,Manager Change,102.0,102.0,Reporting-line change
EMP13139,2025-06-29,Promotion,102.0,102.0,Role progression
EMP13140,2022-11-08,Joining,,,Initial employment
EMP13140,2023-12-18,Resignation,101.0,101.0,Voluntary exit
EMP13141,2019-03-24,Joining,,,Initial employment
EMP13141,2021-09-20,Rehire,103.0,103.0,Returned employee
EMP13141,2022-11-26,Manager Change,103.0,103.0,Reporting-line change
EMP13142,2021-09-08,Joining,,,Initial employment
EMP13142,2022-11-08,Leave of Absence,107.0,107.0,Temporary leave
EMP13142,2024-05-25,Promotion,107.0,107.0,Role progression
EMP13142,2025-12-24,Resignation,107.0,107.0,Voluntary exit
EMP13143,2021-08-08,Joining,,,Initial employment
EMP13144,2020-09-02,Joining,,,Initial employment
EMP13144,2022-07-03,Transfer,105.0,102.0,Business transfer
EMP13144,2025-04-25,Promotion,105.0,105.0,Role progression
EMP13145,2020-07-27,Joining,,,Initial employment
EMP13145,2024-08-11,Promotion,101.0,101.0,Role progression
EMP13145,2023-04-06,Resignation,101.0,101.0,Voluntary exit
EMP13145,2024-12-21,Promotion,101.0,101.0,Role progression
EMP13145,2023-10-11,Transfer,101.0,102.0,Business transfer
EMP13145,2023-10-30,Promotion,101.0,101.0,Role progression
EMP13146,2025-05-22,Joining,,,Initial employment
EMP13146,2026-04-27,Transfer,108.0,102.0,Business transfer
EMP13147,2021-09-15,Joining,,,Initial employment
EMP13148,2020-04-03,Joining,,,Initial employment
EMP13148,2023-07-04,Manager Change,101.0,101.0,Reporting-line change
EMP13149,2024-12-13,Joining,,,Initial employment
EMP13150,2023-03-03,Joining,,,Initial employment
EMP13151,2025-10-08,Joining,,,Initial employment
EMP13152,2026-02-14,Joining,,,Initial employment
EMP13153,2026-04-11,Joining,,,Initial employment
EMP13154,2024-06-07,Joining,,,Initial employment
EMP13155,2023-04-16,Joining,,,Initial employment
EMP13156,2024-11-29,Joining,,,Initial employment
EMP13157,2025-09-15,Joining,,,Initial employment
EMP13158,2019-05-02,Joining,,,Initial employment
EMP13159,2019-09-30,Joining,,,Initial employment
EMP13159,2023-11-24,Promotion,107.0,107.0,Role progression
EMP13159,2021-10-22,Resignation,107.0,107.0,Voluntary exit
EMP13160,2022-08-10,Joining,,,Initial employment
EMP13161,2020-02-02,Joining,,,Initial employment
EMP13162,2025-11-23,Joining,,,Initial employment
EMP13163,2021-09-11,Joining,,,Initial employment
EMP13163,2025-02-24,Resignation,105.0,105.0,Voluntary exit
EMP13164,2022-05-15,Joining,,,Initial employment
EMP13164,2025-04-11,Transfer,102.0,108.0,Business transfer
EMP13165,2022-02-07,Joining,,,Initial employment
EMP13166,2022-07-25,Joining,,,Initial employment
EMP13166,2023-12-05,Resignation,102.0,102.0,Voluntary exit
EMP13166,2025-05-02,Resignation,102.0,102.0,Voluntary exit
EMP13167,2024-03-25,Joining,,,Initial employment
EMP13168,2026-03-01,Joining,,,Initial employment
EMP13169,2023-02-14,Joining,,,Initial employment
EMP13170,2024-03-31,Joining,,,Initial employment
EMP13171,2021-03-30,Joining,,,Initial employment
EMP13171,2022-12-31,Termination,108.0,108.0,Involuntary exit
EMP13172,2024-05-10,Joining,,,Initial employment
EMP13173,2025-06-26,Joining,,,Initial employment
EMP13174,2019-06-28,Joining,,,Initial employment
EMP13174,2021-08-28,Transfer,106.0,102.0,Business transfer
EMP13175,2021-06-15,Joining,,,Initial employment
EMP13175,2025-08-23,Leave of Absence,101.0,101.0,Temporary leave
EMP13175,2021-12-31,Termination,101.0,101.0,Involuntary exit
EMP13176,2025-03-16,Joining,,,Initial employment
EMP13177,2024-05-26,Joining,,,Initial employment
EMP13177,2025-03-18,Promotion,104.0,104.0,Role progression
EMP13178,2023-04-01,Joining,,,Initial employment
EMP13179,2020-05-06,Joining,,,Initial employment
EMP13179,2025-11-08,Transfer,106.0,107.0,Business transfer
EMP13180,2019-03-02,Joining,,,Initial employment
EMP13180,2023-02-07,Promotion,102.0,102.0,Role progression
EMP13180,2019-09-06,Promotion,102.0,102.0,Role progression
EMP13181,2021-12-13,Joining,,,Initial employment
EMP13181,2024-02-20,Promotion,106.0,106.0,Role progression
EMP13182,2023-08-31,Joining,,,Initial employment
EMP13182,2024-11-20,Termination,101.0,101.0,Involuntary exit
EMP13183,2026-01-29,Joining,,,Initial employment
EMP13184,2019-03-06,Joining,,,Initial employment
EMP13184,2021-09-01,Transfer,103.0,103.0,Business transfer
EMP13185,2020-08-08,Joining,,,Initial employment
EMP13186,2023-09-24,Joining,,,Initial employment
EMP13186,2024-12-16,Promotion,102.0,102.0,Role progression
EMP13186,2026-02-17,Promotion,102.0,102.0,Role progression
EMP13187,2025-01-27,Joining,,,Initial employment
EMP13188,2020-06-18,Joining,,,Initial employment
EMP13188,2021-08-17,Promotion,107.0,107.0,Role progression
EMP13188,2023-04-13,Transfer,107.0,104.0,Business transfer
EMP13188,2025-02-14,Transfer,107.0,101.0,Business transfer
EMP13189,2024-11-25,Joining,,,Initial employment
EMP13190,2024-02-14,Joining,,,Initial employment
EMP13190,2026-04-09,Leave of Absence,105.0,105.0,Temporary leave
EMP13190,2025-05-06,Promotion,105.0,105.0,Role progression
EMP13190,2025-03-26,Resignation,105.0,105.0,Voluntary exit
EMP13191,2021-10-01,Joining,,,Initial employment
EMP13192,2025-11-04,Joining,,,Initial employment
EMP13193,2022-05-14,Joining,,,Initial employment
EMP13193,2023-03-26,Resignation,103.0,103.0,Voluntary exit
EMP13194,2026-03-22,Joining,,,Initial employment
EMP13195,2021-11-05,Joining,,,Initial employment
EMP13195,2023-01-19,Termination,107.0,107.0,Involuntary exit
EMP13196,2019-11-23,Joining,,,Initial employment
EMP13196,2023-01-15,Manager Change,103.0,103.0,Reporting-line change
EMP13196,2023-08-14,Termination,103.0,103.0,Involuntary exit
EMP13196,2023-05-26,Manager Change,103.0,103.0,Reporting-line change
EMP13197,2020-08-30,Joining,,,Initial employment
EMP13198,2026-05-30,Joining,,,Initial employment
EMP13199,2019-01-02,Joining,,,Initial employment
EMP13199,2020-01-29,Rehire,107.0,107.0,Returned employee
EMP13199,2020-05-16,Manager Change,107.0,107.0,Reporting-line change
EMP12125,2025-06-09,Resignation,103.0,,Voluntary exit
EMP12141,2024-10-30,Resignation,106.0,,Voluntary exit
EMP12708,2025-09-16,Resignation,106.0,,Voluntary exit
EMP11410,2024-06-15,Resignation,105.0,,Voluntary exit
EMP10664,2025-05-05,Resignation,106.0,,Voluntary exit
EMP10757,2024-09-22,Resignation,103.0,,Voluntary exit
EMP10786,2022-07-04,Resignation,102.0,,Voluntary exit
EMP12374,2025-11-19,Resignation,101.0,,Voluntary exit
EMP13101,2023-06-17,Resignation,107.0,,Voluntary exit
EMP10509,2026-04-11,Resignation,102.0,,Voluntary exit
EMP10313,2022-04-05,Termination,104.0,,Involuntary exit
EMP11246,2025-04-17,Resignation,103.0,,Voluntary exit
EMP12213,2022-09-17,Resignation,107.0,,Voluntary exit
EMP10176,2023-10-09,Termination,102.0,,Involuntary exit
EMP10860,2023-08-11,Termination,108.0,,Involuntary exit
EMP10647,2025-06-06,Termination,101.0,,Involuntary exit
EMP11353,2025-09-22,Resignation,105.0,,Voluntary exit
EMP11352,2026-04-27,Termination,102.0,,Involuntary exit
EMP11903,2023-08-18,Termination,103.0,,Involuntary exit
EMP10629,2023-09-18,Resignation,103.0,,Voluntary exit
EMP10766,2025-10-12,Resignation,108.0,,Voluntary exit
EMP10528,2022-11-26,Resignation,103.0,,Voluntary exit
EMP12822,2025-10-25,Resignation,105.0,,Voluntary exit
EMP12634,2024-11-03,Resignation,103.0,,Voluntary exit
EMP11908,2024-04-22,Resignation,104.0,,Voluntary exit
EMP11021,2023-10-26,Resignation,102.0,,Voluntary exit
EMP11475,2025-06-15,Termination,103.0,,Involuntary exit
EMP10737,2025-02-22,Resignation,108.0,,Voluntary exit
EMP11517,2026-03-04,Resignation,103.0,,Voluntary exit
EMP10423,2023-05-09,Termination,103.0,,Involuntary exit
EMP10747,2022-09-15,Termination,105.0,,Involuntary exit
EMP10457,2024-06-25,Resignation,103.0,,Voluntary exit
EMP12377,2024-08-28,Termination,108.0,,Involuntary exit
EMP12568,2024-06-06,Resignation,101.0,,Voluntary exit
EMP12867,2023-01-29,Resignation,108.0,,Voluntary exit
EMP12774,2026-02-27,Resignation,101.0,,Voluntary exit
EMP10772,2024-03-28,Resignation,106.0,,Voluntary exit
EMP13104,2022-03-13,Resignation,107.0,,Voluntary exit
EMP10169,2024-08-24,Resignation,101.0,,Voluntary exit
EMP12750,2023-11-14,Resignation,106.0,,Voluntary exit
EMP11831,2024-06-21,Resignation,101.0,,Voluntary exit
EMP10720,2022-05-05,Resignation,101.0,,Voluntary exit
EMP12509,2025-03-14,Resignation,101.0,,Voluntary exit
EMP11820,2024-10-11,Resignation,107.0,,Voluntary exit
EMP11461,2025-09-19,Resignation,108.0,,Voluntary exit
EMP11084,2025-05-27,Resignation,108.0,,Voluntary exit
EMP12548,2023-12-13,Resignation,101.0,,Voluntary exit
EMP12376,2025-02-18,Resignation,101.0,,Voluntary exit
EMP11669,2023-04-13,Resignation,103.0,,Voluntary exit
EMP12575,2022-07-28,Termination,104.0,,Involuntary exit
EMP13050,2023-04-10,Resignation,103.0,,Voluntary exit
EMP10168,2024-12-15,Resignation,107.0,,Voluntary exit
EMP13049,2025-02-14,Termination,105.0,,Involuntary exit
EMP11170,2026-04-06,Termination,107.0,,Involuntary exit
EMP13040,2026-04-01,Resignation,102.0,,Voluntary exit
EMP12106,2025-12-14,Termination,101.0,,Involuntary exit
EMP11538,2022-06-25,Resignation,104.0,,Voluntary exit
EMP11733,2025-03-26,Resignation,102.0,,Voluntary exit
EMP11995,2024-08-05,Resignation,108.0,,Voluntary exit
EMP12447,2023-06-25,Resignation,103.0,,Voluntary exit
EMP13122,2022-09-17,Resignation,102.0,,Voluntary exit
EMP12162,2026-04-11,Resignation,101.0,,Voluntary exit
EMP12935,2025-02-22,Resignation,103.0,,Voluntary exit
EMP12438,2025-08-09,Termination,101.0,,Involuntary exit
EMP11005,2025-05-24,Resignation,107.0,,Voluntary exit
EMP11776,2025-07-21,Resignation,107.0,,Voluntary exit
EMP10841,2023-06-28,Resignation,101.0,,Voluntary exit
EMP12481,2025-02-22,Resignation,107.0,,Voluntary exit
EMP11993,2025-01-01,Resignation,103.0,,Voluntary exit
EMP11549,2025-07-24,Termination,106.0,,Involuntary exit
EMP13188,2023-06-14,Resignation,107.0,,Voluntary exit
EMP10216,2026-03-23,Resignation,106.0,,Voluntary exit
EMP11770,2025-11-21,Resignation,102.0,,Voluntary exit
EMP11208,2024-07-03,Resignation,102.0,,Voluntary exit
EMP10383,2023-07-21,Resignation,108.0,,Voluntary exit
EMP10611,2024-06-07,Resignation,101.0,,Voluntary exit
EMP10163,2023-12-02,Resignation,108.0,,Voluntary exit
EMP11943,2025-12-13,Resignation,101.0,,Voluntary exit
EMP11307,2023-03-25,Resignation,101.0,,Voluntary exit
EMP11634,2025-07-17,Termination,106.0,,Involuntary exit
EMP12231,2025-11-16,Resignation,107.0,,Voluntary exit
EMP11153,2025-12-07,Termination,105.0,,Involuntary exit
EMP10118,2026-04-30,Termination,108.0,,Involuntary exit
EMP12813,2025-12-02,Resignation,103.0,,Voluntary exit
EMP12153,2022-12-12,Resignation,101.0,,Voluntary exit
EMP11590,2024-06-05,Resignation,108.0,,Voluntary exit
EMP10637,2024-09-01,Termination,102.0,,Involuntary exit
EMP12401,2025-06-07,Termination,108.0,,Involuntary exit
EMP11725,2023-08-29,Resignation,104.0,,Voluntary exit
EMP12609,2026-01-26,Resignation,102.0,,Voluntary exit
EMP12128,2024-07-24,Termination,102.0,,Involuntary exit
EMP12466,2023-04-21,Termination,103.0,,Involuntary exit
EMP12677,2025-02-05,Resignation,104.0,,Voluntary exit
EMP12642,2023-09-19,Resignation,102.0,,Voluntary exit
EMP11232,2022-10-31,Termination,107.0,,Involuntary exit
EMP12208,2024-05-29,Resignation,107.0,,Voluntary exit
EMP12130,2026-01-05,Termination,106.0,,Involuntary exit
EMP13001,2025-04-11,Resignation,104.0,,Voluntary exit
EMP10479,2025-09-24,Termination,103.0,,Involuntary exit
EMP10633,2024-01-19,Resignation,107.0,,Voluntary exit
EMP12744,2024-06-15,Resignation,104.0,,Voluntary exit
EMP12727,2025-03-10,Resignation,105.0,,Voluntary exit
EMP10695,2026-01-08,Resignation,105.0,,Voluntary exit
EMP11907,2025-11-30,Termination,101.0,,Involuntary exit
EMP10504,2026-02-16,Termination,102.0,,Involuntary exit
EMP12689,2025-05-22,Resignation,102.0,,Voluntary exit
EMP10837,2023-06-29,Resignation,105.0,,Voluntary exit
EMP10909,2022-01-22,Resignation,105.0,,Voluntary exit
EMP11929,2024-02-17,Resignation,107.0,,Voluntary exit
EMP13080,2023-09-17,Resignation,107.0,,Voluntary exit
EMP12267,2026-01-31,Resignation,102.0,,Voluntary exit
EMP10634,2022-05-02,Resignation,102.0,,Voluntary exit
EMP11830,2024-11-26,Resignation,102.0,,Voluntary exit
EMP10654,2025-02-28,Resignation,102.0,,Voluntary exit
EMP10215,2024-06-16,Resignation,101.0,,Voluntary exit
EMP11041,2026-05-14,Resignation,107.0,,Voluntary exit
EMP10954,2022-12-12,Termination,103.0,,Involuntary exit
EMP10928,2025-01-12,Resignation,103.0,,Voluntary exit
EMP11516,2026-03-20,Resignation,107.0,,Voluntary exit
EMP12075,2022-12-07,Resignation,101.0,,Voluntary exit
EMP11003,2024-09-20,Resignation,108.0,,Voluntary exit
EMP12605,2025-11-05,Resignation,101.0,,Voluntary exit
EMP10065,2025-02-07,Termination,105.0,,Involuntary exit
EMP10745,2023-11-28,Resignation,107.0,,Voluntary exit
EMP11684,2025-06-21,Resignation,107.0,,Voluntary exit
EMP12938,2024-07-16,Termination,105.0,,Involuntary exit
EMP11654,2026-05-09,Resignation,103.0,,Voluntary exit
EMP12404,2022-10-15,Resignation,103.0,,Voluntary exit
EMP12082,2022-12-09,Resignation,103.0,,Voluntary exit
EMP12175,2022-10-11,Resignation,107.0,,Voluntary exit
EMP10972,2022-09-11,Resignation,101.0,,Voluntary exit
EMP11268,2023-04-12,Resignation,106.0,,Voluntary exit
EMP11431,2026-03-24,Resignation,107.0,,Voluntary exit
EMP12355,2025-07-03,Termination,107.0,,Involuntary exit
EMP10406,2024-02-24,Resignation,103.0,,Voluntary exit
EMP12658,2025-01-02,Resignation,106.0,,Voluntary exit
EMP11318,2023-07-25,Resignation,101.0,,Voluntary exit
EMP10222,2026-03-04,Resignation,104.0,,Voluntary exit
EMP13027,2024-10-08,Resignation,103.0,,Voluntary exit
EMP10231,2024-06-13,Termination,104.0,,Involuntary exit
EMP10861,2022-03-14,Resignation,101.0,,Voluntary exit
EMP11449,2026-02-21,Resignation,102.0,,Voluntary exit
EMP10734,2022-06-24,Resignation,108.0,,Voluntary exit
EMP11436,2025-01-15,Resignation,108.0,,Voluntary exit
EMP10543,2025-05-14,Termination,103.0,,Involuntary exit
EMP11320,2024-05-02,Resignation,103.0,,Voluntary exit
EMP10845,2025-09-11,Resignation,105.0,,Voluntary exit
EMP12954,2023-06-05,Termination,101.0,,Involuntary exit
EMP12539,2026-02-16,Termination,103.0,,Involuntary exit
EMP13106,2023-04-03,Resignation,102.0,,Voluntary exit
EMP13158,2022-02-27,Resignation,107.0,,Voluntary exit
EMP10162,2026-05-08,Resignation,107.0,,Voluntary exit
EMP13012,2023-03-10,Termination,107.0,,Involuntary exit
EMP10551,2025-11-11,Resignation,107.0,,Voluntary exit
EMP11367,2025-09-01,Resignation,106.0,,Voluntary exit
EMP12726,2022-11-26,Termination,103.0,,Involuntary exit
EMP11671,2025-09-03,Resignation,102.0,,Voluntary exit
EMP11729,2024-03-13,Resignation,103.0,,Voluntary exit
EMP12201,2022-01-09,Resignation,103.0,,Voluntary exit
EMP13043,2023-08-21,Resignation,107.0,,Voluntary exit
EMP12745,2026-02-06,Resignation,101.0,,Voluntary exit
EMP12445,2024-10-18,Resignation,105.0,,Voluntary exit
EMP11738,2025-05-17,Resignation,102.0,,Voluntary exit
EMP11321,2022-02-04,Resignation,105.0,,Voluntary exit
EMP11365,2025-08-17,Resignation,107.0,,Voluntary exit
EMP12974,2025-09-23,Resignation,101.0,,Voluntary exit
EMP12057,2025-11-23,Resignation,108.0,,Voluntary exit
EMP12866,2024-01-25,Resignation,105.0,,Voluntary exit
EMP11668,2025-02-03,Resignation,101.0,,Voluntary exit
EMP11868,2022-06-16,Resignation,106.0,,Voluntary exit
EMP12064,2025-11-26,Termination,108.0,,Involuntary exit
EMP11514,2023-03-15,Resignation,105.0,,Voluntary exit
EMP13028,2024-02-08,Resignation,103.0,,Voluntary exit
EMP12334,2024-09-19,Resignation,103.0,,Voluntary exit
EMP10986,2023-04-28,Resignation,102.0,,Voluntary exit
EMP12556,2023-08-31,Termination,104.0,,Involuntary exit
EMP10912,2024-10-11,Resignation,103.0,,Voluntary exit
EMP12585,2025-09-02,Resignation,102.0,,Voluntary exit
EMP10836,2025-10-16,Resignation,104.0,,Voluntary exit
EMP12773,2026-05-02,Termination,106.0,,Involuntary exit
EMP13177,2024-11-27,Resignation,104.0,,Voluntary exit
EMP10055,2026-05-14,Resignation,107.0,,Voluntary exit
EMP10906,2024-09-25,Resignation,104.0,,Voluntary exit
EMP12491,2025-01-23,Termination,103.0,,Involuntary exit
EMP10675,2025-06-27,Resignation,102.0,,Voluntary exit
EMP13147,2023-06-24,Resignation,104.0,,Voluntary exit
EMP11698,2022-04-02,Resignation,108.0,,Voluntary exit
EMP11508,2024-10-08,Termination,106.0,,Involuntary exit
EMP12736,2026-01-09,Resignation,106.0,,Voluntary exit
EMP12914,2025-11-14,Resignation,101.0,,Voluntary exit
EMP12818,2026-01-24,Resignation,106.0,,Voluntary exit
EMP12262,2024-11-14,Resignation,101.0,,Voluntary exit
EMP10872,2024-06-01,Resignation,102.0,,Voluntary exit
EMP12612,2025-08-31,Termination,101.0,,Involuntary exit
EMP12862,2025-12-30,Resignation,107.0,,Voluntary exit
EMP12250,2024-10-13,Resignation,105.0,,Voluntary exit
EMP11609,2022-09-14,Resignation,104.0,,Voluntary exit
EMP10592,2023-05-16,Resignation,102.0,,Voluntary exit
EMP12657,2025-03-23,Resignation,103.0,,Voluntary exit
EMP10431,2026-01-20,Termination,103.0,,Involuntary exit
EMP12146,2025-10-23,Termination,103.0,,Involuntary exit
EMP12161,2022-04-12,Resignation,101.0,,Voluntary exit
EMP10525,2024-06-22,Resignation,102.0,,Voluntary exit
EMP12339,2023-08-26,JOINING,,,Initial employment
EMP10179,2023-11-17,Manager Change,107.0,107.0,Reporting-line change
EMP11461,2025-09-22,Transfer,108.0,105.0,Business transfer
EMP10288,2021-05-06,Manager Change,105.0,105.0,Reporting-line change
EMP10283,2021-07-17,Joining,,,Initial employment
EMP10980,2024-05-30,Promotion,108.0,108.0,Role progression
EMP10735,2020-12-01,JOINING,,,Initial employment
EMP12923,2025-01-29,Joining,,,Initial employment
EMP12075,2022-12-07,Resignation,101.0,,Voluntary exit
EMP12862,2023-06-23,Joining,,,Initial employment
EMP12052,2022-04-24,Transfer,102.0,107.0,Business transfer
EMP12978,2023-02-16,Joining,,,Initial employment
EMP12199,2021-03-18,Joining,,,Initial employment
EMP12522,2022-01-29,Joining,,,Initial employment
EMP12950,2022-09-13,Joining,,,Initial employment
EMP11101,2020-08-30,Manager Change,105.0,105.0,Reporting-line change
EMP12807,2020-06-11,Joining,,,Initial employment
EMP10175,2025-05-08,Promotion,107.0,107.0,Role progression
EMP12610,2024-09-04,Transfer,102.0,108.0,Business transfer
EMP12669,2022-02-15,Joining,,,Initial employment
