Employee_ID,Training_Date,Training_Name,Training_Hours,Completion_Status,Assessment_Score
EMP10000,2025-09-30,Sales Negotiation,16,Completed,60.6
EMP10000,2025-04-11,Sales Negotiation,4,No Show,
EMP10000,2025-09-04,Advanced Excel,8,In Progress,
EMP10001,2024-10-16,Advanced Excel,16,Cancelled,
EMP10001,2023-12-14,Time Management,40,Completed,82.3
EMP10002,2025-02-10,Time Management,16,Completed,87.1
EMP10002,2026-03-21,Advanced Excel,8,Completed,77.0
EMP10002,2024-03-02,Power BI Fundamentals,40,Completed,83.7
EMP10004,2026-05-04,Leadership Essentials,40,Completed,75.6
EMP10005,2023-02-02,Power BI Fundamentals,8,Completed,70.8
EMP10007,2025-05-21,Advanced Excel,4,Completed,82.1
EMP10007,2026-06-20,Data Analytics,24,Completed,86.2
EMP10007,2025-03-26,Advanced Excel,4,In Progress,
EMP10007,2025-06-20,Communication Skills,8,Cancelled,
EMP10008,2021-10-28,Project Management,24,Completed,64.1
EMP10009,2023-04-05,Data Analytics,8,In Progress,
EMP10009,2023-03-02,Customer Handling,24,Completed,94.3
EMP10009,2025-01-19,Sales Negotiation,24,Completed,70.8
EMP10010,2025-02-23,Power BI Fundamentals,16,Completed,60.4
EMP10011,2021-10-03,Sales Negotiation,24,Completed,67.9
EMP10013,2024-03-14,Advanced Excel,8,Completed,73.9
EMP10013,2025-12-07,Data Analytics,8,Completed,75.2
EMP10014,2024-05-20,Project Management,4,Completed,67.1
EMP10015,2025-10-09,Project Management,4,No Show,
EMP10015,2025-08-01,Data Analytics,24,Completed,69.7
EMP10016,2025-03-03,Advanced Excel,8,Completed,71.9
EMP10017,2025-07-11,Communication Skills,40,Completed,87.2
EMP10017,2025-11-12,Sales Negotiation,8,Completed,94.1
EMP10018,2023-10-05,Cyber Security,24,Completed,69.4
EMP10018,2023-07-31,Leadership Essentials,8,Completed,95.5
EMP10018,2021-09-11,Communication Skills,8,Completed,53.1
EMP10018,2025-10-30,Sales Negotiation,16,Completed,89.2
EMP10020,2021-12-11,Project Management,16,Completed,80.3
EMP10020,2021-07-11,Customer Handling,24,In Progress,
EMP10020,2022-03-25,Power BI Fundamentals,16,Completed,64.3
EMP10024,2025-08-15,Data Analytics,16,Completed,92.4
EMP10024,2025-10-11,Advanced Excel,4,Completed,66.9
EMP10024,2023-08-17,Customer Handling,16,Completed,85.3
EMP10026,2019-10-08,Project Management,4,Completed,76.8
EMP10026,2019-07-06,Cyber Security,4,Completed,97.1
EMP10028,2025-08-18,Project Management,4,Completed,54.3
EMP10028,2024-06-03,Communication Skills,4,Cancelled,
EMP10028,2024-09-03,Data Analytics,8,Completed,83.0
EMP10028,2024-08-19,Power BI Fundamentals,16,Completed,89.5
EMP10028,2024-05-05,Cyber Security,16,Completed,65.6
EMP10029,2021-06-29,Communication Skills,40,Completed,84.3
EMP10029,2023-09-17,Data Analytics,16,No Show,
EMP10029,2022-09-07,Cyber Security,8,Completed,90.2
EMP10029,2025-01-13,Cyber Security,8,Completed,78.7
EMP10031,2025-12-03,Cyber Security,16,Completed,100.0
EMP10032,2026-02-16,Sales Negotiation,8,No Show,
EMP10033,2022-03-04,Power BI Fundamentals,16,Completed,100.0
EMP10034,2023-05-27,Project Management,24,Completed,86.2
EMP10034,2020-01-29,Leadership Essentials,16,In Progress,
EMP10034,2021-06-10,Sales Negotiation,8,Completed,76.1
EMP10035,2019-11-30,Data Analytics,24,Completed,55.5
EMP10035,2022-09-15,Leadership Essentials,8,Completed,70.7
EMP10036,2025-12-17,Power BI Fundamentals,4,Completed,88.7
EMP10038,2024-05-31,Advanced Excel,16,In Progress,
EMP10040,2026-05-11,Advanced Excel,24,Completed,74.8
EMP10040,2026-05-09,Project Management,24,Completed,75.6
EMP10042,2021-07-23,Project Management,4,Completed,74.7
EMP10042,2019-05-12,Cyber Security,4,Completed,74.1
EMP10046,2022-04-14,Data Analytics,4,Cancelled,
EMP10046,2022-01-04,Cyber Security,8,Completed,67.5
EMP10046,2022-01-14,Leadership Essentials,24,Completed,63.2
EMP10046,2022-12-08,Cyber Security,8,Completed,100.0
EMP10046,2020-11-03,Leadership Essentials,16,Completed,63.7
EMP10046,2021-02-16,Data Analytics,40,Completed,92.0
EMP10047,2023-11-18,Time Management,4,Completed,81.7
EMP10047,2025-05-24,Leadership Essentials,16,Completed,81.3
EMP10048,2023-06-11,Power BI Fundamentals,8,Completed,74.4
EMP10048,2023-06-15,Customer Handling,16,Completed,53.6
EMP10048,2025-12-01,Cyber Security,24,In Progress,
EMP10050,2026-01-23,Cyber Security,40,Completed,82.9
EMP10050,2025-03-01,Power BI Fundamentals,24,Completed,98.5
EMP10050,2024-05-19,Customer Handling,16,Completed,90.2
EMP10051,2023-12-29,Project Management,8,Completed,56.9
EMP10051,2024-06-22,Project Management,24,Completed,81.8
EMP10051,2025-04-30,Leadership Essentials,8,Completed,80.3
EMP10054,2022-06-05,Customer Handling,4,Completed,88.4
EMP10054,2025-01-26,Power BI Fundamentals,16,Completed,72.6
EMP10054,2022-08-22,Time Management,4,Completed,86.5
EMP10054,2023-05-02,Data Analytics,8,Completed,53.4
EMP10055,2022-04-28,Cyber Security,8,Cancelled,
EMP10055,2021-05-25,Sales Negotiation,24,Completed,91.7
EMP10056,2023-12-24,Communication Skills,16,Completed,86.4
EMP10056,2023-04-02,Power BI Fundamentals,16,Completed,89.1
EMP10056,2023-11-26,Time Management,16,Completed,61.2
EMP10057,2022-03-16,Time Management,4,Completed,73.2
EMP10057,2022-08-19,Sales Negotiation,24,Completed,57.6
EMP10057,2024-10-02,Project Management,24,Completed,87.0
EMP10058,2024-01-17,Cyber Security,8,Completed,61.5
EMP10058,2024-08-24,Communication Skills,16,In Progress,
EMP10059,2020-10-30,Customer Handling,8,No Show,
EMP10059,2019-12-02,Advanced Excel,16,In Progress,
EMP10059,2021-11-02,Leadership Essentials,16,Completed,95.2
EMP10059,2020-09-17,Power BI Fundamentals,16,Completed,87.9
EMP10060,2022-07-24,Project Management,40,Completed,95.0
EMP10060,2023-09-25,Cyber Security,16,Completed,71.1
EMP10062,2023-12-13,Data Analytics,8,Completed,97.8
EMP10062,2023-10-13,Power BI Fundamentals,8,In Progress,
EMP10063,2024-04-12,Power BI Fundamentals,8,In Progress,
EMP10063,2024-06-11,Customer Handling,16,Completed,84.0
EMP10063,2024-09-10,Communication Skills,40,Cancelled,
EMP10063,2025-07-11,Advanced Excel,8,Completed,62.9
EMP10063,2025-03-23,Power BI Fundamentals,8,In Progress,
EMP10064,2025-09-04,Power BI Fundamentals,16,Completed,71.6
EMP10064,2025-12-02,Customer Handling,4,No Show,
EMP10065,2025-08-07,Power BI Fundamentals,24,In Progress,
EMP10065,2025-06-06,Project Management,16,Completed,84.6
EMP10066,2023-08-23,Data Analytics,16,Completed,91.9
EMP10066,2022-11-17,Leadership Essentials,8,Completed,67.1
EMP10066,2025-04-05,Leadership Essentials,24,Completed,75.6
EMP10069,2025-02-22,Power BI Fundamentals,8,Completed,77.7
EMP10069,2023-05-25,Time Management,8,Completed,73.9
EMP10069,2022-09-17,Customer Handling,40,Completed,53.0
EMP10069,2022-12-08,Communication Skills,16,In Progress,
EMP10069,2024-07-07,Customer Handling,24,Completed,76.8
EMP10069,2023-03-03,Cyber Security,24,Completed,70.5
EMP10070,2026-01-02,Power BI Fundamentals,24,No Show,
EMP10071,2022-01-01,Advanced Excel,16,Completed,78.8
EMP10071,2024-10-04,Leadership Essentials,24,Completed,71.0
EMP10071,2025-04-15,Project Management,40,Completed,100.0
EMP10073,2026-06-03,Customer Handling,24,Completed,83.4
EMP10075,2025-09-27,Power BI Fundamentals,16,Completed,72.3
EMP10075,2025-08-04,Project Management,16,Completed,89.5
EMP10076,2025-06-02,Advanced Excel,24,Completed,89.0
EMP10077,2025-04-13,Leadership Essentials,40,Completed,81.8
EMP10078,2023-04-10,Advanced Excel,4,No Show,
EMP10078,2024-01-08,Sales Negotiation,4,Completed,87.7
EMP10078,2023-06-25,Customer Handling,8,No Show,
EMP10079,2025-04-26,Time Management,8,Completed,59.8
EMP10079,2025-08-16,Leadership Essentials,16,Completed,80.7
EMP10081,2024-04-29,Sales Negotiation,24,Completed,90.1
EMP10081,2026-02-06,Project Management,16,Completed,78.9
EMP10081,2023-03-09,Communication Skills,8,No Show,
EMP10083,2024-05-02,Time Management,4,Completed,71.0
EMP10084,2026-05-26,Time Management,8,Completed,60.3
EMP10086,2025-05-17,Power BI Fundamentals,16,Completed,93.7
EMP10086,2024-04-30,Time Management,8,Completed,82.2
EMP10087,2025-11-27,Communication Skills,16,In Progress,
EMP10087,2025-06-30,Project Management,16,Completed,90.4
EMP10089,2026-06-15,Customer Handling,8,Cancelled,
EMP10089,2022-09-17,Customer Handling,16,Completed,56.9
EMP10089,2022-12-21,Time Management,8,Completed,74.3
EMP10089,2022-06-01,Data Analytics,8,Completed,70.5
EMP10089,2025-07-05,CYBER SECURITY,24,Completed,77.2
EMP10091,2022-08-22,POWER BI FUNDAMENTALS,8,Completed,82.6
EMP10091,2021-06-21,Communication Skills,4,Completed,66.7
EMP10091,2022-11-16,Advanced Excel,4,In Progress,
EMP10091,2022-09-30,Project Management,16,No Show,
EMP10091,2022-11-18,Power BI Fundamentals,8,No Show,
EMP10091,2023-07-11,Time Management,8,Completed,89.7
EMP10093,2025-10-06,Communication Skills,16,Completed,64.3
EMP10095,2026-01-08,Project Management,24,Completed,90.4
EMP10096,2025-11-24,Sales Negotiation,16,Completed,78.1
EMP10096,2025-05-09,Advanced Excel,8,Completed,69.0
EMP10097,2025-02-04,Data Analytics,40,In Progress,
EMP10097,2020-06-22,Cyber Security,24,In Progress,
EMP10097,2022-05-18,Cyber Security,24,Completed,70.9
EMP10098,2023-12-27,Advanced Excel,8,Completed,81.2
EMP10098,2022-04-13,Advanced Excel,8,Completed,84.4
EMP10099,2025-05-06,Leadership Essentials,40,Completed,78.4
EMP10099,2025-06-24,Cyber Security,24,Completed,83.6
EMP10099,2026-01-13,Data Analytics,16,In Progress,
EMP10100,2026-05-27,Sales Negotiation,8,In Progress,
EMP10100,2025-06-10,Communication Skills,40,No Show,
EMP10101,2024-12-06,Sales Negotiation,24,Completed,79.2
EMP10102,2021-06-25,Advanced Excel,4,Completed,80.2
EMP10102,2022-03-14,Project Management,16,No Show,
EMP10102,2023-04-17,Power BI Fundamentals,16,Completed,76.5
EMP10102,2021-08-15,Cyber Security,4,Completed,93.8
EMP10102,2022-08-07,Time Management,8,In Progress,
EMP10103,2023-05-03,Power BI Fundamentals,8,Completed,93.8
EMP10103,2022-01-05,Power BI Fundamentals,16,Completed,76.5
EMP10103,2024-10-07,Cyber Security,8,Completed,88.2
EMP10103,2022-10-14,Customer Handling,24,Completed,73.3
EMP10104,2025-05-18,Time Management,16,Completed,83.2
EMP10105,2022-09-02,Sales Negotiation,16,Completed,62.3
EMP10105,2023-09-10,Cyber Security,16,Completed,85.9
EMP10106,2025-12-29,Sales Negotiation,8,Completed,69.5
EMP10107,2021-05-30,Sales Negotiation,24,In Progress,
EMP10107,2024-08-21,Cyber Security,4,Completed,83.4
EMP10107,2023-10-06,Data Analytics,24,Completed,89.2
EMP10110,2022-08-12,Data Analytics,24,Completed,74.0
EMP10110,2022-06-05,Power BI Fundamentals,40,In Progress,
EMP10111,2023-02-28,Data Analytics,16,Completed,81.0
EMP10111,2023-12-18,Sales Negotiation,24,Completed,64.5
EMP10111,2021-09-25,Sales Negotiation,40,Completed,71.7
EMP10111,2021-08-28,Data Analytics,40,Completed,86.2
EMP10112,2024-11-05,Power BI Fundamentals,16,Completed,85.4
EMP10112,2022-06-20,Power BI Fundamentals,8,In Progress,
EMP10113,2023-06-02,Advanced Excel,16,In Progress,
EMP10114,2023-09-16,Communication Skills,24,Completed,84.1
EMP10114,2025-05-15,Sales Negotiation,16,In Progress,
EMP10114,2024-04-16,Sales Negotiation,16,Completed,67.2
EMP10115,2022-06-28,Leadership Essentials,24,Completed,87.5
EMP10115,2025-09-20,Data Analytics,4,In Progress,
EMP10115,2022-10-26,Power BI Fundamentals,24,Completed,100.0
EMP10115,2023-09-16,Project Management,24,Completed,63.4
EMP10116,2025-12-04,Advanced Excel,16,In Progress,
EMP10117,2023-07-14,Time Management,8,Completed,83.3
EMP10117,2022-04-18,Cyber Security,8,Completed,100.0
EMP10119,2025-02-16,Advanced Excel,4,Completed,73.1
EMP10119,2022-12-16,Advanced Excel,24,Cancelled,
EMP10120,2021-07-06,Project Management,8,Completed,95.5
EMP10120,2024-03-21,Time Management,8,Completed,82.0
EMP10120,2022-04-19,Customer Handling,16,No Show,
EMP10121,2026-02-09,Leadership Essentials,16,In Progress,
EMP10122,2025-01-22,Power BI Fundamentals,16,In Progress,
EMP10122,2024-08-18,Data Analytics,40,Cancelled,
EMP10122,2024-06-06,Advanced Excel,8,In Progress,
EMP10122,2024-01-12,Project Management,40,Completed,80.1
EMP10123,2024-09-26,Customer Handling,16,Completed,82.7
EMP10123,2025-01-04,Project Management,4,In Progress,
EMP10123,2025-03-16,Customer Handling,8,Completed,100.0
EMP10123,2025-12-19,Customer Handling,16,Completed,74.9
EMP10123,2025-11-11,Sales Negotiation,16,Completed,84.4
EMP10124,2019-05-11,Leadership Essentials,16,Completed,76.4
EMP10124,2021-12-05,Data Analytics,16,Completed,65.5
EMP10124,2023-06-10,Data Analytics,4,In Progress,
EMP10125,2025-07-18,Time Management,4,Cancelled,
EMP10125,2025-07-06,Cyber Security,24,No Show,
EMP10125,2022-08-06,Leadership Essentials,8,Completed,95.0
EMP10126,2025-02-15,Customer Handling,16,Completed,82.4
EMP10127,2026-04-17,Customer Handling,8,Completed,58.1
EMP10128,2025-08-28,Communication Skills,8,Completed,77.3
EMP10129,2026-02-19,Data Analytics,8,Completed,72.8
EMP10129,2023-02-28,Sales Negotiation,24,Completed,59.4
EMP10130,2020-07-12,Leadership Essentials,24,Completed,82.8
EMP10130,2021-12-23,Advanced Excel,16,Completed,79.0
EMP10130,2022-05-27,Power BI Fundamentals,8,Cancelled,
EMP10131,2023-03-16,Project Management,8,Completed,58.8
EMP10131,2022-11-30,Advanced Excel,16,No Show,
EMP10131,2020-04-07,Leadership Essentials,16,Completed,95.1
EMP10134,2023-07-24,Cyber Security,24,Cancelled,
EMP10134,2022-08-31,Sales Negotiation,24,No Show,
EMP10134,2022-09-11,Time Management,8,Completed,85.9
EMP10134,2021-01-20,Customer Handling,24,Completed,88.6
EMP10134,2019-11-18,Time Management,16,Completed,78.3
EMP10134,2023-09-14,Sales Negotiation,24,Completed,90.0
EMP10137,2025-07-26,Project Management,16,Completed,78.0
EMP10137,2022-11-29,Cyber Security,16,Completed,70.5
EMP10137,2024-08-23,Sales Negotiation,24,In Progress,
EMP10139,2025-10-02,Time Management,8,Completed,85.9
EMP10139,2025-07-25,Data Analytics,40,Completed,85.7
EMP10141,2022-06-10,Data Analytics,8,Completed,63.2
EMP10141,2025-11-26,Power BI Fundamentals,4,No Show,
EMP10141,2024-09-10,Sales Negotiation,8,Completed,75.4
EMP10142,2025-02-19,Sales Negotiation,8,In Progress,
EMP10142,2023-05-09,Sales Negotiation,4,Completed,68.3
EMP10143,2024-11-23,Data Analytics,4,Completed,55.0
EMP10144,2025-09-12,Project Management,16,Completed,78.2
EMP10145,2022-04-09,Advanced Excel,16,Completed,61.9
EMP10147,2020-03-27,Time Management,16,Cancelled,
EMP10147,2021-06-28,Time Management,8,In Progress,
EMP10148,2026-04-20,Cyber Security,8,Completed,80.6
EMP10151,2026-03-12,Cyber Security,16,Completed,63.5
EMP10152,2023-09-16,Communication Skills,4,Completed,91.7
EMP10152,2022-12-04,Cyber Security,24,Completed,79.4
EMP10152,2019-12-18,Project Management,16,No Show,
EMP10153,2020-01-06,POWER BI FUNDAMENTALS,4,Completed,72.4
EMP10153,2022-05-16,Leadership Essentials,24,In Progress,
EMP10153,2023-07-29,Sales Negotiation,4,Completed,100.0
EMP10154,2026-06-15,Customer Handling,16,Completed,63.5
EMP10155,2025-04-02,Advanced Excel,8,Completed,79.7
EMP10155,2023-09-24,Data Analytics,16,Completed,58.9
EMP10155,2024-02-13,Leadership Essentials,16,Completed,80.8
EMP10155,2026-04-02,Time Management,24,Completed,61.2
EMP10156,2025-06-30,Customer Handling,4,Completed,88.4
EMP10159,2022-10-23,Power BI Fundamentals,40,Completed,87.4
EMP10159,2020-05-11,Advanced Excel,16,Completed,85.5
EMP10159,2023-07-15,Power BI Fundamentals,4,Completed,91.3
EMP10160,2022-07-29,Advanced Excel,40,In Progress,
EMP10160,2022-09-14,Communication Skills,24,Completed,85.1
EMP10161,2025-07-18,Time Management,16,Completed,69.8
EMP10161,2026-01-04,Power BI Fundamentals,24,Completed,85.4
EMP10162,2022-07-08,Time Management,24,Completed,77.4
EMP10163,2022-12-27,Leadership Essentials,4,Completed,77.3
EMP10163,2021-06-19,Time Management,40,Cancelled,
EMP10163,2022-04-01,Power BI Fundamentals,16,Completed,71.5
EMP10165,2021-05-28,Communication Skills,24,Completed,65.8
EMP10165,2022-09-26,Sales Negotiation,8,Cancelled,
EMP10166,2026-03-22,Power BI Fundamentals,16,Completed,73.9
EMP10166,2025-02-15,Leadership Essentials,8,Completed,76.7
EMP10166,2026-01-22,Advanced Excel,8,Completed,87.4
EMP10166,2022-09-11,Power BI Fundamentals,24,Completed,62.2
EMP10167,2021-12-11,Data Analytics,24,Completed,90.1
EMP10167,2023-11-11,Leadership Essentials,24,In Progress,
EMP10167,2022-09-11,Customer Handling,16,Completed,71.6
EMP10167,2022-08-21,Communication Skills,40,In Progress,
EMP10168,2024-11-01,Communication Skills,16,Completed,83.4
EMP10169,2026-02-07,Time Management,8,Completed,80.4
EMP10170,2023-06-18,Sales Negotiation,24,Completed,71.9
EMP10170,2026-04-24,Advanced Excel,40,Completed,65.5
EMP10170,2023-05-27,Power BI Fundamentals,8,Completed,74.6
EMP10171,2019-09-07,Time Management,4,Completed,70.3
EMP10171,2020-07-01,Project Management,16,In Progress,
EMP10171,2020-08-08,Cyber Security,24,Completed,81.8
EMP10171,2022-08-08,Time Management,40,In Progress,
EMP10172,2025-05-25,Leadership Essentials,16,Completed,75.5
EMP10173,2025-02-16,Sales Negotiation,8,Completed,77.8
EMP10173,2023-11-13,Leadership Essentials,16,Completed,84.3
EMP10173,2025-06-23,Project Management,8,Completed,87.3
EMP10175,2021-01-31,Cyber Security,8,In Progress,
EMP10175,2023-11-09,Data Analytics,4,Completed,68.1
EMP10175,2023-07-02,Cyber Security,16,No Show,
EMP10175,2023-04-16,Leadership Essentials,40,Completed,69.7
EMP10176,2020-11-17,Power BI Fundamentals,16,Completed,89.6
EMP10177,2025-02-13,Project Management,40,Completed,100.0
EMP10177,2020-12-14,Cyber Security,16,In Progress,
EMP10177,2022-11-23,Customer Handling,4,Completed,95.2
EMP10177,2024-01-10,Advanced Excel,16,Completed,69.9
EMP10178,2026-03-01,Advanced Excel,4,Completed,99.8
EMP10179,2021-08-18,Advanced Excel,40,Completed,73.9
EMP10179,2023-09-02,Power BI Fundamentals,8,Completed,90.7
EMP10179,2024-05-31,Data Analytics,8,In Progress,
EMP10180,2022-05-03,Customer Handling,16,Completed,75.0
EMP10181,2021-07-09,Data Analytics,8,Cancelled,
EMP10182,2024-10-19,Data Analytics,4,Completed,83.9
EMP10183,2024-12-22,Customer Handling,24,Completed,79.8
EMP10183,2023-03-30,Advanced Excel,16,Completed,81.8
EMP10184,2023-11-05,Data Analytics,8,No Show,
EMP10184,2023-01-19,Customer Handling,4,Cancelled,
EMP10185,2024-05-17,Cyber Security,8,Completed,54.4
EMP10185,2025-07-24,Data Analytics,16,Cancelled,
EMP10187,2025-10-25,Leadership Essentials,24,Completed,73.7
EMP10188,2022-10-21,Time Management,16,Completed,76.7
EMP10188,2023-08-15,Project Management,24,In Progress,
EMP10189,2025-05-04,DATA ANALYTICS,24,Completed,62.0
EMP10190,2025-05-26,Leadership Essentials,4,Completed,82.4
EMP10191,2022-08-01,Leadership Essentials,4,Completed,98.7
EMP10192,2021-03-25,Customer Handling,16,Completed,55.1
EMP10192,2023-03-22,Cyber Security,4,Completed,96.3
EMP10193,2026-01-09,Advanced Excel,8,Completed,78.0
EMP10193,2025-09-10,Project Management,24,Completed,52.4
EMP10194,2023-08-09,Data Analytics,8,No Show,
EMP10194,2024-01-25,Cyber Security,24,Completed,83.0
EMP10194,2024-12-15,Project Management,8,Completed,81.0
EMP10194,2024-02-29,Customer Handling,16,Completed,87.7
EMP10195,2025-01-27,Cyber Security,24,Cancelled,
EMP10196,2026-06-15,Advanced Excel,8,In Progress,
EMP10197,2019-08-23,Leadership Essentials,8,In Progress,
EMP10197,2020-10-01,Communication Skills,16,Completed,64.2
EMP10197,2021-11-15,Communication Skills,16,Completed,64.1
EMP10199,2020-11-18,Time Management,24,Completed,66.3
EMP10199,2025-02-24,Time Management,24,In Progress,
EMP10199,2023-03-29,Communication Skills,8,No Show,
EMP10200,2025-08-29,Sales Negotiation,16,Completed,96.2
EMP10200,2024-03-21,Power BI Fundamentals,24,In Progress,
EMP10200,2025-06-22,Power BI Fundamentals,16,Completed,75.6
EMP10202,2025-07-16,Cyber Security,8,Completed,85.7
EMP10204,2025-12-04,Advanced Excel,8,Completed,70.9
EMP10206,2026-06-05,Customer Handling,24,Completed,76.8
EMP10206,2025-10-20,Leadership Essentials,4,Completed,54.1
EMP10206,2025-08-09,Project Management,4,Completed,75.8
EMP10206,2025-03-01,Sales Negotiation,8,Completed,79.1
EMP10207,2026-03-01,Power BI Fundamentals,40,Completed,84.9
EMP10208,2026-05-24,Cyber Security,24,Completed,68.4
EMP10208,2025-04-18,Advanced Excel,40,In Progress,
EMP10209,2025-02-13,Sales Negotiation,40,Completed,86.1
EMP10209,2023-12-08,Leadership Essentials,16,Completed,95.1
EMP10209,2026-04-18,Cyber Security,4,Completed,85.0
EMP10209,2025-04-22,Communication Skills,16,Completed,63.7
EMP10209,2025-09-02,Leadership Essentials,8,Completed,74.0
EMP10210,2022-06-07,Customer Handling,8,No Show,
EMP10210,2021-02-18,Power BI Fundamentals,16,Cancelled,
EMP10210,2024-01-04,Time Management,16,Completed,93.9
EMP10210,2021-02-20,Advanced Excel,24,Completed,78.8
EMP10211,2025-12-09,Communication Skills,8,Completed,75.9
EMP10213,2026-06-08,Power BI Fundamentals,4,Completed,79.3
EMP10215,2024-02-15,Data Analytics,4,In Progress,
EMP10215,2024-01-26,Customer Handling,16,Completed,64.8
EMP10216,2021-08-01,Time Management,40,Completed,65.7
EMP10216,2022-01-07,Cyber Security,24,Completed,59.0
EMP10217,2024-07-26,Sales Negotiation,4,Completed,68.4
EMP10217,2024-08-16,Advanced Excel,4,Completed,64.1
EMP10219,2026-06-02,Power BI Fundamentals,16,Completed,98.4
EMP10219,2025-03-25,Communication Skills,8,Completed,63.7
EMP10221,2025-09-12,Data Analytics,16,Cancelled,
EMP10222,2020-12-19,Project Management,4,Completed,66.1
EMP10222,2022-09-13,Power BI Fundamentals,24,In Progress,
EMP10222,2021-11-23,Data Analytics,16,Completed,81.1
EMP10224,2024-02-05,Communication Skills,4,In Progress,
EMP10224,2025-10-26,Power BI Fundamentals,24,Completed,86.7
EMP10225,2024-06-19,Cyber Security,8,Completed,94.6
EMP10225,2024-03-19,Power BI Fundamentals,4,Completed,75.7
EMP10225,2024-06-08,Sales Negotiation,16,Cancelled,
EMP10226,2023-08-25,Leadership Essentials,24,Cancelled,
EMP10227,2024-09-02,Leadership Essentials,8,Completed,76.1
EMP10227,2024-11-06,Sales Negotiation,4,In Progress,
EMP10228,2024-07-10,Time Management,24,Completed,100.0
EMP10228,2023-02-26,Customer Handling,24,Completed,56.2
EMP10228,2023-01-13,Data Analytics,16,Cancelled,
EMP10229,2022-03-14,Leadership Essentials,16,Completed,74.0
EMP10229,2020-09-02,Leadership Essentials,8,Cancelled,
EMP10229,2021-12-14,Sales Negotiation,16,Completed,79.1
EMP10229,2022-03-13,Customer Handling,8,Completed,64.5
EMP10231,2023-07-18,Time Management,4,In Progress,
EMP10231,2026-01-01,Customer Handling,8,Completed,79.9
EMP10231,2024-03-30,Cyber Security,4,No Show,
EMP10232,2021-07-20,Project Management,8,Completed,62.4
EMP10232,2023-09-03,Communication Skills,16,Completed,100.0
EMP10234,2023-02-25,Time Management,4,Completed,90.7
EMP10234,2025-08-19,Power BI Fundamentals,24,Completed,76.6
EMP10235,2023-03-30,CUSTOMER HANDLING,40,Completed,70.6
EMP10235,2023-05-23,Leadership Essentials,4,No Show,
EMP10235,2025-08-02,Data Analytics,16,Cancelled,
EMP10235,2025-10-25,Power BI Fundamentals,8,Completed,75.3
EMP10237,2026-05-06,Time Management,16,In Progress,
EMP10237,2025-08-01,Advanced Excel,40,Completed,82.2
EMP10237,2025-05-01,Customer Handling,4,No Show,
EMP10237,2023-09-19,Advanced Excel,4,Completed,64.6
EMP10238,2024-07-15,Cyber Security,16,No Show,
EMP10238,2026-05-08,Advanced Excel,16,Completed,87.0
EMP10238,2023-06-07,Data Analytics,24,Completed,71.6
EMP10238,2025-07-22,Power BI Fundamentals,16,Completed,60.3
EMP10239,2023-07-06,Customer Handling,4,In Progress,
EMP10239,2025-03-12,Cyber Security,40,In Progress,
EMP10240,2026-04-19,Communication Skills,8,Completed,79.6
EMP10240,2024-12-06,Time Management,24,Completed,54.5
EMP10241,2024-10-16,Power BI Fundamentals,4,Completed,76.8
EMP10242,2025-08-13,Project Management,4,Completed,53.8
EMP10242,2023-01-03,Project Management,24,In Progress,
EMP10243,2020-12-08,CUSTOMER HANDLING,24,Completed,61.0
EMP10243,2023-11-05,Sales Negotiation,4,In Progress,
EMP10243,2024-01-11,Customer Handling,16,No Show,
EMP10246,2024-06-22,Communication Skills,16,Completed,84.8
EMP10246,2023-03-20,Project Management,24,Completed,92.9
EMP10247,2025-09-06,Project Management,8,Completed,83.1
EMP10247,2025-01-04,Communication Skills,8,Completed,82.8
EMP10247,2022-02-01,Sales Negotiation,24,Completed,87.7
EMP10248,2023-06-17,Time Management,8,Completed,77.8
EMP10250,2024-03-21,Project Management,8,Completed,72.7
EMP10250,2025-03-22,Leadership Essentials,4,In Progress,
EMP10250,2026-02-06,Data Analytics,16,Completed,83.3
EMP10252,2025-09-17,Leadership Essentials,8,Completed,45.2
EMP10252,2025-05-28,Time Management,16,In Progress,
EMP10253,2024-09-07,Sales Negotiation,24,Completed,87.9
EMP10253,2022-07-08,Leadership Essentials,24,Completed,57.5
EMP10254,2021-06-26,Leadership Essentials,40,Completed,72.7
EMP10256,2024-06-16,Data Analytics,8,In Progress,
EMP10257,2026-01-26,Cyber Security,40,Completed,73.6
EMP10259,2025-02-27,Power BI Fundamentals,24,Completed,64.3
EMP10260,2024-10-30,Sales Negotiation,16,Completed,57.3
EMP10262,2023-10-15,Cyber Security,40,In Progress,
EMP10263,2022-10-13,Power BI Fundamentals,8,Completed,60.4
EMP10263,2022-01-29,Advanced Excel,16,Completed,85.2
EMP10263,2022-06-17,Advanced Excel,24,No Show,
EMP10263,2022-01-23,Power BI Fundamentals,8,Completed,96.1
EMP10265,2025-09-24,Leadership Essentials,24,Completed,76.6
EMP10266,2021-05-16,Sales Negotiation,4,Completed,84.0
EMP10266,2019-07-26,Advanced Excel,8,Completed,73.6
EMP10266,2022-08-02,Project Management,24,Completed,69.3
EMP10267,2025-11-29,Cyber Security,40,Completed,60.8
EMP10267,2024-06-25,Time Management,16,Completed,83.3
EMP10268,2024-02-02,Project Management,16,Completed,71.9
EMP10268,2024-02-14,Cyber Security,8,Completed,96.1
EMP10269,2020-07-10,Data Analytics,24,Completed,100.0
EMP10269,2021-07-25,Leadership Essentials,8,Completed,100.0
EMP10270,2026-03-05,Advanced Excel,24,Completed,35.0
EMP10270,2024-07-20,Sales Negotiation,40,Cancelled,
EMP10270,2025-01-04,Project Management,16,Completed,64.6
EMP10272,2025-02-11,Communication Skills,4,Completed,73.9
EMP10272,2022-05-13,Sales Negotiation,8,Completed,91.3
EMP10272,2023-05-22,Leadership Essentials,16,Completed,100.0
EMP10272,2025-12-24,Communication Skills,16,Completed,81.7
EMP10272,2025-05-22,Leadership Essentials,24,Completed,89.5
EMP10274,2025-12-21,Customer Handling,16,Completed,83.5
EMP10274,2023-06-18,Project Management,16,Completed,83.5
EMP10274,2026-06-18,Communication Skills,8,No Show,
EMP10274,2023-10-24,Advanced Excel,8,Completed,62.5
EMP10274,2025-07-02,Time Management,16,Completed,76.7
EMP10274,2024-05-03,Customer Handling,4,In Progress,
EMP10275,2026-01-12,Communication Skills,16,Completed,92.7
EMP10275,2026-05-08,Communication Skills,24,In Progress,
EMP10276,2024-05-13,Sales Negotiation,24,Completed,70.2
EMP10276,2021-04-23,Project Management,8,In Progress,
EMP10278,2025-01-26,Leadership Essentials,8,Completed,64.7
EMP10280,2022-12-05,Customer Handling,16,Completed,76.5
EMP10280,2023-10-01,Sales Negotiation,24,Cancelled,
EMP10281,2025-07-16,Time Management,24,Completed,88.2
EMP10282,2024-12-11,Communication Skills,16,Cancelled,
EMP10283,2022-02-02,Leadership Essentials,8,No Show,
EMP10283,2024-09-08,Communication Skills,16,Completed,80.8
EMP10283,2025-07-27,Cyber Security,16,Completed,81.7
EMP10286,2025-08-06,Advanced Excel,16,Completed,72.0
EMP10286,2024-06-11,Customer Handling,8,Completed,71.4
EMP10286,2023-02-21,Time Management,4,Completed,77.3
EMP10287,2026-04-10,Power BI Fundamentals,4,Completed,63.5
EMP10288,2021-01-06,Sales Negotiation,8,In Progress,
EMP10288,2019-09-09,Data Analytics,24,Completed,100.0
EMP10289,2022-05-16,Power BI Fundamentals,8,Completed,75.3
EMP10289,2020-11-08,Communication Skills,16,In Progress,
EMP10289,2021-04-23,Time Management,24,In Progress,
EMP10290,2024-05-30,Time Management,4,Completed,89.3
EMP10291,2025-02-12,Time Management,8,Completed,78.1
EMP10291,2025-08-06,Data Analytics,24,Completed,98.3
EMP10292,2023-08-15,Advanced Excel,16,Completed,59.2
EMP10292,2020-10-31,Time Management,24,In Progress,
EMP10293,2024-04-02,Data Analytics,4,Completed,70.1
EMP10293,2025-02-13,Advanced Excel,16,Completed,70.8
EMP10294,2022-11-29,Data Analytics,8,Completed,71.8
EMP10294,2021-03-16,Customer Handling,4,Completed,93.6
EMP10294,2024-01-19,Time Management,16,In Progress,
EMP10294,2022-06-24,Communication Skills,8,Completed,70.6
EMP10295,2022-05-15,Power BI Fundamentals,16,Completed,92.1
EMP10295,2022-11-29,Customer Handling,8,Completed,100.0
EMP10296,2025-07-09,Communication Skills,4,Completed,67.8
EMP10296,2025-05-27,Leadership Essentials,16,Completed,59.6
EMP10298,2022-04-16,Power BI Fundamentals,4,Completed,68.1
EMP10298,2023-09-19,Time Management,24,Completed,76.3
EMP10298,2023-11-13,Customer Handling,24,Completed,78.5
EMP10299,2024-12-25,Power BI Fundamentals,40,Completed,68.6
EMP10300,2024-01-06,Sales Negotiation,8,Completed,79.0
EMP10300,2025-10-21,Leadership Essentials,4,Completed,68.4
EMP10300,2023-09-03,Cyber Security,16,In Progress,
EMP10303,2025-05-27,Leadership Essentials,8,Completed,71.6
EMP10304,2026-01-07,Project Management,8,Completed,82.5
EMP10305,2024-09-23,Cyber Security,16,Completed,69.1
EMP10308,2023-09-04,Cyber Security,16,Completed,80.9
EMP10308,2024-08-30,Customer Handling,24,Completed,74.4
EMP10309,2024-01-04,Advanced Excel,8,Completed,100.0
EMP10310,2024-06-25,Power BI Fundamentals,8,Completed,81.3
EMP10311,2025-08-10,Sales Negotiation,24,Cancelled,
EMP10313,2022-01-04,Sales Negotiation,16,Completed,73.4
EMP10314,2024-08-06,Project Management,16,Completed,72.5
EMP10314,2026-02-16,Power BI Fundamentals,24,Completed,77.5
EMP10315,2025-11-15,Leadership Essentials,16,Completed,59.4
EMP10316,2024-03-03,Communication Skills,8,Completed,73.8
EMP10317,2025-02-15,Leadership Essentials,40,In Progress,
EMP10317,2025-03-28,Customer Handling,16,In Progress,
EMP10318,2024-05-31,Cyber Security,8,Completed,76.5
EMP10319,2026-04-22,Power BI Fundamentals,16,Completed,85.9
EMP10319,2025-04-23,Sales Negotiation,16,In Progress,
EMP10320,2023-07-16,Project Management,16,In Progress,
EMP10320,2021-09-17,Leadership Essentials,8,Completed,72.0
EMP10320,2022-01-10,Cyber Security,8,Completed,100.0
EMP10321,2024-08-05,Communication Skills,24,Completed,77.5
EMP10321,2026-01-23,Project Management,16,In Progress,
EMP10321,2026-05-01,Advanced Excel,8,Completed,86.3
EMP10322,2025-04-17,Time Management,8,In Progress,
EMP10322,2026-04-22,Leadership Essentials,16,No Show,
EMP10322,2025-07-02,Communication Skills,8,Completed,54.9
EMP10323,2022-01-07,Cyber Security,8,No Show,
EMP10323,2021-04-16,Advanced Excel,24,Completed,59.0
EMP10323,2025-08-15,Communication Skills,4,In Progress,
EMP10324,2020-04-23,Communication Skills,8,Completed,99.1
EMP10325,2023-08-15,Data Analytics,16,In Progress,
EMP10326,2024-10-23,Project Management,4,Completed,75.6
EMP10326,2026-04-27,Customer Handling,16,No Show,
EMP10326,2022-10-15,Advanced Excel,16,Completed,73.4
EMP10326,2023-05-18,Advanced Excel,24,Completed,89.4
EMP10326,2024-06-18,Leadership Essentials,8,Completed,69.6
EMP10327,2025-12-19,Sales Negotiation,24,Completed,80.5
EMP10330,2025-11-28,Cyber Security,8,Completed,89.1
EMP10330,2026-04-19,Leadership Essentials,16,Completed,81.2
EMP10331,2025-01-10,Time Management,8,Completed,58.7
EMP10331,2025-11-05,Project Management,40,Completed,86.1
EMP10333,2020-02-04,Customer Handling,4,In Progress,
EMP10333,2022-07-08,Communication Skills,40,In Progress,
EMP10333,2022-08-11,Advanced Excel,4,Completed,68.5
EMP10334,2026-04-24,Sales Negotiation,24,Completed,61.9
EMP10335,2024-08-06,Communication Skills,16,Completed,64.2
EMP10336,2024-04-24,Project Management,8,In Progress,
EMP10336,2025-10-03,Leadership Essentials,16,Completed,69.1
EMP10336,2025-05-07,Project Management,4,Completed,73.3
EMP10336,2025-12-21,Power BI Fundamentals,24,Completed,56.4
EMP10337,2026-02-20,Communication Skills,16,In Progress,
EMP10337,2025-11-10,Advanced Excel,16,In Progress,
EMP10337,2026-01-21,Time Management,8,Completed,78.1
EMP10338,2025-06-22,Time Management,16,Completed,82.6
EMP10338,2026-02-19,Sales Negotiation,40,Completed,69.7
EMP10338,2026-05-05,Advanced Excel,8,Completed,71.7
EMP10338,2026-02-25,Sales Negotiation,4,Completed,73.2
EMP10340,2026-06-13,Time Management,16,Completed,85.3
EMP10341,2024-09-13,Advanced Excel,4,Completed,85.7
EMP10343,2024-10-01,Advanced Excel,8,Completed,70.0
EMP10344,2024-02-23,Leadership Essentials,24,Completed,90.6
EMP10344,2026-04-10,Leadership Essentials,24,Completed,80.6
EMP10345,2026-04-17,Cyber Security,4,Completed,78.3
EMP10345,2024-03-26,PROJECT MANAGEMENT,8,Completed,90.7
EMP10345,2022-02-27,Advanced Excel,24,Cancelled,
EMP10345,2023-09-06,Data Analytics,16,Completed,99.8
EMP10345,2026-02-09,Leadership Essentials,16,Completed,57.1
EMP10346,2021-12-12,Sales Negotiation,16,Completed,61.4
EMP10347,2024-02-04,Leadership Essentials,16,Cancelled,
EMP10347,2023-08-17,Customer Handling,8,Completed,66.2
EMP10347,2023-10-04,Time Management,24,Completed,56.8
EMP10347,2023-09-05,Cyber Security,24,Completed,57.6
EMP10348,2025-08-02,Advanced Excel,4,Completed,73.7
EMP10348,2025-08-03,Advanced Excel,8,Cancelled,
EMP10348,2026-04-19,Leadership Essentials,4,Completed,89.7
EMP10348,2026-06-27,Power BI Fundamentals,16,Completed,85.5
EMP10349,2023-06-24,Leadership Essentials,4,Completed,73.6
EMP10351,2023-10-08,Customer Handling,24,In Progress,
EMP10352,2025-04-06,Cyber Security,16,Completed,98.9
EMP10353,2024-05-09,Cyber Security,8,Completed,65.7
EMP10355,2025-03-26,Advanced Excel,24,Completed,80.3
EMP10356,2025-04-26,Time Management,24,Completed,83.6
EMP10356,2025-03-03,Cyber Security,4,In Progress,
EMP10356,2025-01-19,Communication Skills,4,Completed,100.0
EMP10356,2026-05-18,Time Management,16,Cancelled,
EMP10357,2024-11-05,Time Management,24,Completed,72.2
EMP10358,2025-09-30,Leadership Essentials,16,Completed,62.7
EMP10360,2022-11-24,Sales Negotiation,4,Completed,82.0
EMP10360,2023-05-01,Cyber Security,16,Completed,72.3
EMP10360,2020-05-24,Sales Negotiation,24,Cancelled,
EMP10361,2021-11-03,Cyber Security,40,In Progress,
EMP10361,2024-01-28,Time Management,4,Cancelled,
EMP10362,2021-12-04,Time Management,8,In Progress,
EMP10362,2024-05-15,Advanced Excel,40,Completed,89.2
EMP10362,2024-08-30,Project Management,16,Completed,63.0
EMP10362,2021-11-10,Leadership Essentials,8,Completed,86.4
EMP10365,2025-08-16,Sales Negotiation,16,Completed,90.9
EMP10366,2021-07-10,Power BI Fundamentals,4,Completed,86.8
EMP10367,2021-12-21,Project Management,40,Completed,77.5
EMP10367,2020-12-15,Time Management,8,Completed,91.8
EMP10367,2023-03-20,Communication Skills,8,Completed,75.5
EMP10367,2021-01-09,Advanced Excel,16,Completed,90.2
EMP10368,2020-06-15,Advanced Excel,16,No Show,
EMP10368,2022-04-01,Leadership Essentials,16,Completed,66.1
EMP10368,2020-02-26,Time Management,8,Completed,63.4
EMP10368,2019-09-01,Advanced Excel,8,Completed,83.7
EMP10370,2021-03-12,Time Management,8,Completed,94.9
EMP10370,2022-09-08,Communication Skills,8,Completed,74.1
EMP10371,2024-08-02,Time Management,4,Completed,78.5
EMP10371,2024-03-24,Data Analytics,40,In Progress,
EMP10371,2025-03-07,Power BI Fundamentals,8,Completed,66.7
EMP10373,2020-08-07,Customer Handling,16,Completed,87.2
EMP10374,2026-03-25,Project Management,24,Completed,81.8
EMP10376,2024-09-26,Cyber Security,16,Completed,64.5
EMP10377,2024-02-07,Sales Negotiation,8,Cancelled,
EMP10377,2024-03-19,Time Management,8,Completed,57.0
EMP10378,2024-03-06,Sales Negotiation,4,Completed,85.2
EMP10379,2025-11-20,Data Analytics,8,Completed,88.5
EMP10380,2025-06-25,Communication Skills,24,Completed,63.0
EMP10380,2025-07-02,Data Analytics,16,Completed,98.7
EMP10380,2023-10-26,Leadership Essentials,16,Completed,89.4
EMP10381,2025-06-28,Leadership Essentials,4,Completed,70.9
EMP10381,2025-12-30,Data Analytics,16,Cancelled,
EMP10384,2025-03-11,Customer Handling,16,Completed,85.8
EMP10384,2022-04-27,Time Management,16,Completed,83.6
EMP10384,2023-09-13,Cyber Security,4,In Progress,
EMP10384,2021-07-08,Power BI Fundamentals,8,In Progress,
EMP10384,2023-01-13,Project Management,4,Completed,79.4
EMP10384,2022-03-26,Customer Handling,16,Cancelled,
EMP10385,2023-06-03,Time Management,24,Completed,59.9
EMP10385,2020-12-29,Power BI Fundamentals,4,No Show,
EMP10385,2020-09-19,Data Analytics,8,Completed,64.5
EMP10385,2019-11-10,Data Analytics,8,Cancelled,
EMP10385,2021-07-30,Sales Negotiation,24,Cancelled,
EMP10386,2024-11-09,Customer Handling,8,In Progress,
EMP10386,2025-10-05,Time Management,24,In Progress,
EMP10388,2024-10-11,Project Management,8,Completed,76.6
EMP10389,2023-07-28,Customer Handling,16,Completed,85.2
EMP10394,2026-02-04,Project Management,4,Completed,74.7
EMP10394,2023-11-26,Leadership Essentials,24,Completed,98.7
EMP10394,2025-02-22,Power BI Fundamentals,16,Completed,85.8
EMP10394,2024-07-04,Time Management,24,Completed,82.5
EMP10396,2022-10-11,Data Analytics,40,Completed,75.6
EMP10396,2020-05-25,Leadership Essentials,4,Completed,76.4
EMP10397,2023-10-22,Communication Skills,24,In Progress,
EMP10397,2023-12-18,Power BI Fundamentals,24,In Progress,
EMP10399,2022-10-19,Power BI Fundamentals,4,Completed,73.3
EMP10399,2022-07-21,Leadership Essentials,16,In Progress,
EMP10399,2022-02-16,Cyber Security,16,In Progress,
EMP10400,2023-05-28,Project Management,40,Cancelled,
EMP10400,2019-12-17,Communication Skills,8,Cancelled,
EMP10401,2024-05-22,Communication Skills,40,In Progress,
EMP10401,2024-04-28,Communication Skills,16,Completed,81.3
EMP10402,2023-09-24,Advanced Excel,24,Completed,100.0
EMP10402,2025-07-05,Project Management,8,Completed,93.1
EMP10402,2025-09-29,Communication Skills,4,Completed,77.3
EMP10403,2024-04-09,Sales Negotiation,16,Completed,69.0
EMP10403,2023-09-04,Sales Negotiation,8,Completed,73.4
EMP10403,2022-05-19,Time Management,16,In Progress,
EMP10403,2024-10-04,Project Management,24,Completed,61.5
EMP10403,2023-12-29,Time Management,4,Completed,82.8
EMP10404,2024-04-01,Time Management,8,Completed,100.0
EMP10404,2024-03-13,Project Management,4,Completed,84.0
EMP10404,2023-06-17,Time Management,16,Completed,68.8
EMP10404,2022-12-12,CUSTOMER HANDLING,4,Completed,58.1
EMP10404,2022-03-13,Cyber Security,8,Completed,67.2
EMP10404,2025-07-18,Project Management,24,Completed,77.7
EMP10405,2021-01-07,Data Analytics,4,Cancelled,
EMP10405,2023-06-08,Advanced Excel,4,Completed,80.0
EMP10405,2021-12-17,Sales Negotiation,16,Completed,90.3
EMP10406,2023-02-15,Leadership Essentials,16,Completed,96.0
EMP10406,2022-07-12,Sales Negotiation,8,Cancelled,
EMP10406,2021-10-19,Communication Skills,24,Completed,64.4
EMP10406,2021-10-08,Leadership Essentials,24,Completed,77.2
EMP10407,2026-04-11,Communication Skills,16,In Progress,
EMP10409,2026-01-10,Communication Skills,8,Cancelled,
EMP10409,2025-09-02,Sales Negotiation,8,Completed,75.2
EMP10411,2026-01-28,Time Management,24,Completed,81.5
EMP10411,2022-12-08,Communication Skills,16,Cancelled,
EMP10412,2025-12-02,Communication Skills,8,Completed,78.2
EMP10412,2024-06-22,Sales Negotiation,8,Completed,83.7
EMP10414,2024-08-19,Project Management,8,Completed,78.2
EMP10414,2023-04-06,CYBER SECURITY,4,Completed,77.3
EMP10414,2022-12-16,Communication Skills,16,Completed,96.7
EMP10415,2024-01-18,Cyber Security,4,Completed,67.5
EMP10415,2023-04-18,Data Analytics,16,In Progress,
EMP10415,2024-02-06,Leadership Essentials,16,In Progress,
EMP10415,2021-10-26,Project Management,24,In Progress,
EMP10417,2024-06-22,Leadership Essentials,40,Completed,74.9
EMP10417,2026-01-14,Advanced Excel,24,Completed,84.9
EMP10418,2022-09-21,Project Management,8,Completed,78.8
EMP10418,2021-04-06,Leadership Essentials,8,Completed,77.2
EMP10419,2023-09-24,Power BI Fundamentals,16,No Show,
EMP10419,2022-08-04,Advanced Excel,16,Completed,73.9
EMP10419,2022-06-19,Data Analytics,16,Completed,81.1
EMP10419,2020-11-09,Customer Handling,8,Completed,76.7
EMP10422,2026-02-01,Sales Negotiation,16,Completed,78.5
EMP10423,2022-06-11,Communication Skills,16,Cancelled,
EMP10423,2023-12-26,Time Management,40,Completed,87.6
EMP10426,2021-12-19,Project Management,16,Completed,73.5
EMP10426,2022-03-25,Leadership Essentials,24,Completed,80.6
EMP10426,2020-04-01,Leadership Essentials,24,No Show,
EMP10429,2023-01-30,Communication Skills,16,Completed,91.3
EMP10429,2024-11-09,Communication Skills,4,Completed,71.7
EMP10431,2022-10-05,Customer Handling,24,Cancelled,
EMP10431,2022-07-10,Data Analytics,8,In Progress,
EMP10432,2024-03-10,Communication Skills,16,Cancelled,
EMP10432,2024-06-25,Customer Handling,8,Completed,77.5
EMP10432,2025-09-18,Data Analytics,16,Completed,79.6
EMP10432,2023-04-15,Project Management,16,Completed,82.0
EMP10434,2026-03-27,Power BI Fundamentals,8,No Show,
EMP10435,2021-10-27,Communication Skills,40,Completed,97.2
EMP10437,2022-10-19,Data Analytics,16,Completed,72.2
EMP10437,2023-01-03,Communication Skills,8,In Progress,
EMP10438,2022-08-04,Leadership Essentials,24,Completed,81.1
EMP10438,2022-03-07,Data Analytics,16,In Progress,
EMP10439,2026-02-08,Customer Handling,8,Completed,72.9
EMP10439,2026-04-20,Advanced Excel,8,Completed,93.3
EMP10440,2024-05-25,Leadership Essentials,24,Completed,59.2
EMP10440,2024-12-19,Data Analytics,24,Completed,81.6
EMP10441,2023-01-09,Cyber Security,24,Completed,96.3
EMP10441,2024-06-08,Advanced Excel,8,In Progress,
EMP10441,2022-12-01,Project Management,4,Completed,78.4
EMP10441,2024-09-17,Communication Skills,8,Completed,68.7
EMP10443,2022-06-25,Customer Handling,24,Completed,66.8
EMP10444,2025-06-20,Sales Negotiation,24,Completed,73.1
EMP10444,2025-09-03,Communication Skills,16,Completed,96.1
EMP10444,2026-05-15,Project Management,24,Completed,87.6
EMP10445,2024-10-21,Project Management,24,In Progress,
EMP10447,2020-04-10,Data Analytics,8,Completed,88.5
EMP10447,2023-02-25,Power BI Fundamentals,16,Completed,59.4
EMP10447,2021-11-17,Time Management,4,Completed,63.6
EMP10449,2021-12-29,Cyber Security,8,Completed,86.6
EMP10450,2025-05-24,Advanced Excel,40,Completed,77.6
EMP10450,2024-11-06,Advanced Excel,16,Completed,70.1
EMP10451,2026-05-11,Data Analytics,16,In Progress,
EMP10454,2026-01-01,Data Analytics,40,Completed,59.8
EMP10456,2025-05-21,Communication Skills,4,Completed,56.4
EMP10459,2025-06-09,Communication Skills,16,In Progress,
EMP10459,2024-10-12,Power BI Fundamentals,8,No Show,
EMP10461,2025-11-17,Cyber Security,8,In Progress,
EMP10463,2025-05-22,Project Management,16,Completed,68.2
EMP10463,2026-06-27,Project Management,16,Completed,58.6
EMP10463,2025-03-10,Time Management,16,Completed,86.6
EMP10463,2023-09-05,Cyber Security,8,Completed,89.2
EMP10467,2025-11-26,Communication Skills,16,Completed,78.7
EMP10468,2025-08-02,Leadership Essentials,4,In Progress,
EMP10470,2025-07-10,Time Management,24,Completed,68.2
EMP10472,2025-01-29,Time Management,4,Completed,59.3
EMP10472,2026-02-07,Communication Skills,8,No Show,
EMP10473,2024-06-23,Power BI Fundamentals,4,Completed,100.0
EMP10474,2023-06-14,Customer Handling,4,Completed,99.1
EMP10474,2024-07-21,Data Analytics,8,Cancelled,
EMP10476,2023-03-29,Project Management,24,Completed,82.1
EMP10476,2023-02-13,Communication Skills,40,Completed,78.9
EMP10476,2024-01-21,Leadership Essentials,16,Completed,94.0
EMP10476,2021-06-22,Customer Handling,40,Completed,72.6
EMP10477,2021-09-06,Data Analytics,8,In Progress,
EMP10477,2024-10-28,Power BI Fundamentals,16,No Show,
EMP10477,2022-09-29,Time Management,24,In Progress,
EMP10477,2021-01-03,Sales Negotiation,4,Completed,59.2
EMP10477,2025-03-05,Communication Skills,4,Completed,60.9
EMP10481,2024-10-13,Advanced Excel,8,Completed,87.3
EMP10481,2026-02-08,Sales Negotiation,24,Completed,95.4
EMP10481,2023-11-14,Time Management,16,Cancelled,
EMP10481,2023-12-01,Advanced Excel,8,Completed,83.7
EMP10481,2024-05-22,Data Analytics,4,Completed,63.0
EMP10483,2024-09-01,Power BI Fundamentals,16,Completed,86.7
EMP10483,2024-10-30,Cyber Security,24,Completed,56.8
EMP10483,2025-11-17,Power BI Fundamentals,16,Completed,83.0
EMP10484,2024-10-01,Project Management,16,Completed,83.9
EMP10484,2024-08-07,Sales Negotiation,8,Completed,52.4
EMP10485,2026-01-16,Power BI Fundamentals,24,Completed,86.4
EMP10485,2026-01-16,Sales Negotiation,8,Completed,65.3
EMP10486,2020-09-08,Data Analytics,16,Completed,69.4
EMP10486,2022-10-14,Project Management,24,In Progress,
EMP10488,2022-12-04,Project Management,24,Completed,83.4
EMP10488,2025-07-13,Power BI Fundamentals,16,In Progress,
EMP10488,2023-04-27,Sales Negotiation,4,Completed,96.6
EMP10490,2026-06-18,Sales Negotiation,8,In Progress,
EMP10492,2025-05-06,Sales Negotiation,4,Completed,92.4
EMP10492,2026-02-17,Customer Handling,8,Completed,72.7
EMP10492,2025-07-11,Time Management,4,Completed,95.1
EMP10492,2023-10-18,Cyber Security,40,Completed,88.5
EMP10493,2024-01-08,Time Management,4,Completed,73.5
EMP10493,2023-09-29,Leadership Essentials,4,No Show,
EMP10494,2021-02-17,Communication Skills,8,Completed,67.0
EMP10494,2022-09-30,Communication Skills,4,Completed,73.8
EMP10495,2025-12-26,Communication Skills,8,Completed,73.5
EMP10499,2021-08-07,Sales Negotiation,16,In Progress,
EMP10499,2021-11-09,Communication Skills,16,Cancelled,
EMP10499,2025-09-22,Cyber Security,24,In Progress,
EMP10499,2025-07-11,Communication Skills,8,Completed,75.7
EMP10501,2025-09-07,Customer Handling,40,Completed,80.4
EMP10502,2025-07-28,Cyber Security,16,Completed,78.5
EMP10503,2024-02-05,Cyber Security,4,Completed,74.9
EMP10504,2022-08-09,Time Management,4,Completed,67.3
EMP10505,2021-01-23,Data Analytics,24,In Progress,
EMP10505,2022-07-21,Project Management,4,Completed,78.4
EMP10506,2023-05-18,Customer Handling,16,Completed,95.3
EMP10506,2023-02-04,Power BI Fundamentals,8,Completed,61.1
EMP10507,2023-07-09,Advanced Excel,16,Completed,100.0
EMP10507,2024-11-19,Data Analytics,24,Cancelled,
EMP10509,2026-02-11,Advanced Excel,4,No Show,
EMP10509,2023-05-01,Customer Handling,16,Completed,58.6
EMP10510,2023-03-02,Sales Negotiation,8,No Show,
EMP10510,2023-05-13,Power BI Fundamentals,8,Completed,70.0
EMP10510,2024-02-23,Project Management,40,Cancelled,
EMP10510,2023-12-10,Communication Skills,24,Completed,84.7
EMP10510,2021-01-20,Time Management,16,No Show,
EMP10510,2024-05-01,Leadership Essentials,16,Completed,64.9
EMP10511,2025-03-09,Sales Negotiation,40,Completed,53.3
EMP10511,2025-01-29,Power BI Fundamentals,4,Completed,78.8
EMP10511,2025-01-26,Time Management,16,Completed,82.1
EMP10512,2023-04-21,Project Management,8,In Progress,
EMP10512,2023-03-28,Cyber Security,16,Cancelled,
EMP10512,2023-01-30,Sales Negotiation,16,Completed,82.3
EMP10513,2026-05-27,Sales Negotiation,16,Completed,81.2
EMP10514,2024-06-23,Cyber Security,4,No Show,
EMP10514,2024-04-24,Cyber Security,4,Completed,68.9
EMP10514,2021-11-21,Project Management,24,Cancelled,
EMP10514,2024-01-12,Sales Negotiation,40,No Show,
EMP10516,2023-05-27,Project Management,8,Completed,68.3
EMP10517,2026-06-26,Customer Handling,16,Completed,73.4
EMP10518,2021-01-18,Cyber Security,24,Cancelled,
EMP10518,2021-04-07,Leadership Essentials,24,Completed,70.2
EMP10518,2020-10-04,Data Analytics,16,Completed,79.5
EMP10518,2020-06-04,Sales Negotiation,4,Completed,65.9
EMP10518,2019-05-08,Communication Skills,16,Completed,63.7
EMP10521,2020-07-10,Customer Handling,40,In Progress,
EMP10521,2024-02-03,Advanced Excel,16,Completed,87.7
EMP10522,2024-05-04,Project Management,4,Completed,89.3
EMP10522,2025-03-06,Advanced Excel,16,Completed,77.1
EMP10522,2024-05-24,Customer Handling,24,Completed,56.1
EMP10522,2023-08-27,Power BI Fundamentals,16,Cancelled,
EMP10523,2022-02-20,Power BI Fundamentals,24,Completed,95.4
EMP10525,2023-05-18,POWER BI FUNDAMENTALS,16,Completed,69.2
EMP10526,2024-12-27,Advanced Excel,8,Completed,77.9
EMP10527,2026-02-10,Customer Handling,4,Completed,74.0
EMP10528,2020-11-10,Communication Skills,16,Completed,75.9
EMP10528,2020-01-21,ADVANCED EXCEL,4,In Progress,
EMP10529,2020-08-28,Advanced Excel,16,Completed,70.8
EMP10530,2026-01-29,Advanced Excel,16,Completed,77.8
EMP10531,2025-12-23,Project Management,24,Completed,89.1
EMP10532,2025-05-22,Leadership Essentials,8,Completed,88.5
EMP10533,2026-06-15,Power BI Fundamentals,16,Completed,85.7
EMP10534,2025-07-26,Communication Skills,40,Completed,60.7
EMP10534,2025-05-08,Project Management,8,In Progress,
EMP10536,2024-04-15,Communication Skills,16,Completed,61.9
EMP10536,2024-07-10,Project Management,16,Completed,81.0
EMP10537,2026-02-21,Customer Handling,16,Completed,73.1
EMP10537,2025-12-02,Customer Handling,4,Completed,100.0
EMP10538,2026-06-19,Customer Handling,4,Completed,84.8
EMP10539,2026-06-19,Communication Skills,40,Completed,77.0
EMP10540,2024-12-24,Time Management,24,Completed,64.6
EMP10540,2022-06-23,Data Analytics,8,Completed,54.2
EMP10540,2026-02-13,Power BI Fundamentals,24,Cancelled,
EMP10540,2025-04-16,Customer Handling,16,Completed,100.0
EMP10540,2024-06-08,Leadership Essentials,4,Completed,100.0
EMP10541,2023-12-14,Customer Handling,16,In Progress,
EMP10541,2026-04-06,Customer Handling,24,In Progress,
EMP10543,2021-01-27,Project Management,16,In Progress,
EMP10543,2021-05-27,Cyber Security,4,Completed,69.5
EMP10543,2024-10-11,Cyber Security,8,Completed,67.3
EMP10544,2024-11-16,Time Management,24,Completed,82.6
EMP10545,2026-04-12,Leadership Essentials,40,Completed,84.0
EMP10545,2023-05-05,Sales Negotiation,16,Completed,72.4
EMP10546,2022-11-26,Power BI Fundamentals,40,Cancelled,
EMP10546,2021-11-10,Data Analytics,24,Completed,75.4
EMP10546,2020-07-15,Cyber Security,16,Completed,79.9
EMP10546,2021-06-17,Communication Skills,8,Completed,76.2
EMP10547,2024-05-08,Communication Skills,24,Completed,94.2
EMP10547,2024-08-27,Communication Skills,24,Completed,97.6
EMP10547,2025-12-10,Sales Negotiation,24,Completed,74.5
EMP10548,2021-06-03,Communication Skills,40,Completed,61.8
EMP10548,2025-07-14,Power BI Fundamentals,16,Completed,76.0
EMP10548,2021-01-13,Time Management,8,No Show,
EMP10550,2025-03-12,Power BI Fundamentals,16,Completed,62.5
EMP10550,2026-02-20,Sales Negotiation,4,Completed,71.1
EMP10552,2023-06-28,Sales Negotiation,24,Cancelled,
EMP10554,2022-02-08,Project Management,8,Completed,78.7
EMP10554,2023-11-26,Advanced Excel,16,Completed,85.2
EMP10554,2020-07-10,Project Management,8,Cancelled,
EMP10555,2026-04-14,Communication Skills,8,Completed,59.1
EMP10557,2024-09-26,Cyber Security,4,No Show,
EMP10557,2024-02-15,Cyber Security,24,Completed,100.0
EMP10557,2021-09-02,Communication Skills,24,Completed,84.3
EMP10558,2023-12-29,Sales Negotiation,8,Completed,93.6
EMP10558,2024-09-24,Sales Negotiation,24,In Progress,
EMP10558,2024-12-24,Power BI Fundamentals,8,Completed,90.2
EMP10559,2023-05-05,Leadership Essentials,8,Completed,71.7
EMP10559,2021-02-26,Project Management,24,Completed,79.0
EMP10559,2024-06-04,Data Analytics,8,Completed,73.4
EMP10559,2021-06-11,Time Management,16,Completed,67.6
EMP10559,2020-08-04,Data Analytics,8,No Show,
EMP10559,2023-01-26,Customer Handling,8,Cancelled,
EMP10559,2020-05-05,Leadership Essentials,40,Completed,55.6
EMP10560,2022-10-15,Sales Negotiation,40,Completed,73.8
EMP10560,2023-03-27,Project Management,24,Completed,100.0
EMP10560,2025-08-24,Project Management,24,Completed,55.1
EMP10560,2025-09-08,Communication Skills,40,Completed,70.2
EMP10560,2024-03-03,Cyber Security,24,Completed,88.7
EMP10560,2021-09-21,Cyber Security,24,In Progress,
EMP10561,2023-04-22,Cyber Security,8,In Progress,
EMP10561,2021-03-31,Power BI Fundamentals,8,Completed,93.1
EMP10561,2021-01-25,Customer Handling,4,Completed,69.7
EMP10561,2020-10-29,Project Management,8,Completed,80.0
EMP10562,2024-08-31,Time Management,16,In Progress,
EMP10562,2023-06-28,Leadership Essentials,8,Completed,88.0
EMP10564,2021-05-27,Time Management,16,Completed,59.4
EMP10564,2023-07-19,Leadership Essentials,40,In Progress,
EMP10565,2024-02-10,Data Analytics,24,Completed,87.2
EMP10565,2022-05-04,Data Analytics,4,Completed,89.9
EMP10565,2022-05-16,Project Management,16,In Progress,
EMP10565,2026-02-19,Time Management,24,Cancelled,
EMP10565,2025-06-24,Time Management,8,Completed,66.9
EMP10565,2025-09-28,Time Management,16,Completed,76.8
EMP10565,2023-06-14,Time Management,4,Completed,70.8
EMP10567,2025-02-04,Cyber Security,8,Completed,59.8
EMP10568,2025-04-07,Cyber Security,24,Completed,77.8
EMP10568,2024-02-06,Communication Skills,8,Completed,94.0
EMP10569,2020-11-30,Cyber Security,8,Completed,78.8
EMP10569,2021-11-06,Advanced Excel,24,Cancelled,
EMP10569,2023-07-22,Power BI Fundamentals,8,Completed,88.3
EMP10571,2025-08-11,Cyber Security,8,Completed,76.7
EMP10571,2025-02-19,Communication Skills,24,Completed,75.0
EMP10573,2020-11-05,Sales Negotiation,8,Completed,61.0
EMP10573,2021-12-04,Advanced Excel,16,Completed,83.2
EMP10573,2024-08-29,Project Management,8,Completed,87.3
EMP10573,2020-07-28,Time Management,40,In Progress,
EMP10574,2023-04-19,Sales Negotiation,16,Completed,93.9
EMP10574,2022-02-27,Customer Handling,16,Completed,77.5
EMP10574,2022-11-22,Advanced Excel,4,Completed,78.6
EMP10574,2024-08-27,Data Analytics,24,No Show,
EMP10574,2022-06-20,Advanced Excel,40,Completed,90.6
EMP10575,2022-08-21,Power BI Fundamentals,24,Completed,86.0
EMP10576,2025-06-08,Data Analytics,24,In Progress,
EMP10579,2025-03-09,Leadership Essentials,4,Completed,62.5
EMP10579,2025-03-05,Time Management,16,Completed,73.8
EMP10581,2024-07-15,Sales Negotiation,4,Completed,81.8
EMP10581,2025-02-19,Leadership Essentials,16,Completed,95.3
EMP10583,2026-02-26,Data Analytics,16,In Progress,
EMP10583,2026-03-08,Communication Skills,16,In Progress,
EMP10583,2026-02-12,Advanced Excel,40,Completed,93.7
EMP10585,2022-10-29,Cyber Security,24,Completed,79.7
EMP10585,2023-07-31,Customer Handling,8,No Show,
EMP10586,2024-03-28,Communication Skills,8,Completed,78.2
EMP10586,2026-03-01,Communication Skills,24,In Progress,
EMP10586,2025-10-17,Customer Handling,8,Completed,67.8
EMP10586,2021-12-16,Power BI Fundamentals,16,In Progress,
EMP10586,2024-04-10,Advanced Excel,16,Completed,70.5
EMP10587,2023-03-05,Sales Negotiation,4,Completed,58.8
EMP10587,2022-06-15,Leadership Essentials,16,Completed,70.5
EMP10592,2023-03-28,Project Management,4,Completed,74.9
EMP10592,2025-04-10,Power BI Fundamentals,16,Completed,86.7
EMP10592,2023-05-08,Leadership Essentials,16,Completed,98.9
EMP10592,2024-12-18,Data Analytics,24,Completed,69.5
EMP10593,2024-05-16,Project Management,16,Completed,78.6
EMP10593,2022-02-02,Cyber Security,16,Completed,100.0
EMP10594,2025-11-11,Cyber Security,16,Completed,88.1
EMP10596,2025-09-28,Data Analytics,4,Completed,92.6
EMP10597,2026-01-03,Advanced Excel,8,Completed,85.1
EMP10598,2021-12-21,Data Analytics,8,In Progress,
EMP10598,2023-05-27,Power BI Fundamentals,4,In Progress,
EMP10598,2020-08-09,Cyber Security,8,Completed,77.4
EMP10599,2023-10-26,Sales Negotiation,40,Completed,65.9
EMP10600,2022-09-12,Advanced Excel,8,Cancelled,
EMP10600,2021-05-01,Cyber Security,16,In Progress,
EMP10601,2025-05-06,Communication Skills,24,Completed,69.0
EMP10603,2020-04-13,Data Analytics,8,Completed,67.8
EMP10603,2020-07-26,Communication Skills,40,Completed,62.8
EMP10604,2025-02-02,Customer Handling,24,Completed,55.8
EMP10604,2023-09-11,Cyber Security,24,Completed,90.8
EMP10608,2025-03-19,Sales Negotiation,16,Completed,100.0
EMP10609,2023-07-11,Data Analytics,40,Completed,82.2
EMP10609,2020-06-06,Time Management,8,Cancelled,
EMP10609,2022-07-14,Time Management,8,Completed,51.7
EMP10610,2023-12-09,Customer Handling,8,Completed,84.3
EMP10610,2024-05-03,Time Management,8,Cancelled,
EMP10612,2024-04-17,Communication Skills,24,No Show,
EMP10612,2024-11-14,Power BI Fundamentals,16,No Show,
EMP10612,2022-09-02,Sales Negotiation,24,Completed,77.6
EMP10612,2021-01-10,Customer Handling,24,In Progress,
EMP10613,2024-06-01,Communication Skills,16,Completed,81.6
EMP10613,2025-05-28,Leadership Essentials,4,Completed,65.9
EMP10613,2025-09-26,Data Analytics,8,Cancelled,
EMP10614,2022-08-18,Sales Negotiation,8,In Progress,
EMP10614,2021-06-11,Advanced Excel,16,Completed,87.7
EMP10616,2025-09-25,Cyber Security,24,Completed,91.9
EMP10617,2023-11-24,Time Management,8,Completed,80.0
EMP10618,2020-08-29,Communication Skills,16,Completed,95.3
EMP10618,2023-12-15,Power BI Fundamentals,8,In Progress,
EMP10619,2025-06-03,Project Management,40,Completed,76.4
EMP10621,2025-02-14,Time Management,24,Completed,87.6
EMP10622,2025-07-19,Sales Negotiation,8,Completed,78.1
EMP10624,2021-08-25,Sales Negotiation,8,Completed,46.6
EMP10624,2021-11-19,Sales Negotiation,8,Completed,74.2
EMP10625,2025-12-31,Time Management,16,Completed,56.6
EMP10628,2023-11-14,Leadership Essentials,8,Completed,70.9
EMP10628,2022-09-28,Advanced Excel,4,Completed,75.2
EMP10628,2020-02-13,Customer Handling,8,In Progress,
EMP10628,2021-06-30,Sales Negotiation,4,Completed,77.4
EMP10629,2024-09-12,Project Management,24,Completed,67.8
EMP10629,2020-10-10,Customer Handling,16,Cancelled,
EMP10629,2022-09-04,Cyber Security,16,Completed,75.7
EMP10630,2022-09-11,Time Management,4,In Progress,
EMP10630,2025-04-17,Data Analytics,24,Completed,91.9
EMP10631,2019-12-10,Cyber Security,16,In Progress,
EMP10631,2021-02-18,Communication Skills,24,Completed,100.0
EMP10631,2020-09-08,Data Analytics,8,Completed,98.4
EMP10631,2020-04-26,Time Management,16,Completed,71.5
EMP10632,2020-05-10,Cyber Security,16,Completed,76.4
EMP10632,2021-10-09,Sales Negotiation,24,Cancelled,
EMP10633,2022-05-17,Cyber Security,8,Completed,78.2
EMP10633,2023-12-26,Data Analytics,16,Cancelled,
EMP10633,2023-09-30,Time Management,8,Completed,70.2
EMP10633,2021-08-03,Advanced Excel,8,In Progress,
EMP10633,2023-12-25,Cyber Security,16,Completed,79.4
EMP10633,2022-04-13,Leadership Essentials,16,Completed,41.2
EMP10637,2025-02-16,Communication Skills,24,Completed,93.1
EMP10637,2022-12-01,Data Analytics,8,In Progress,
EMP10637,2026-04-13,Customer Handling,16,In Progress,
EMP10638,2023-09-27,Power BI Fundamentals,4,Completed,71.6
EMP10638,2024-07-03,Customer Handling,8,Cancelled,
EMP10638,2022-12-23,Advanced Excel,40,Completed,69.4
EMP10639,2023-12-23,Communication Skills,8,Completed,76.6
EMP10641,2026-06-13,Sales Negotiation,8,Completed,92.3
EMP10642,2025-12-09,Cyber Security,24,Completed,60.4
EMP10645,2025-12-03,Power BI Fundamentals,40,Cancelled,
EMP10646,2024-10-01,Advanced Excel,8,In Progress,
EMP10646,2022-03-17,Project Management,24,No Show,
EMP10647,2024-08-10,Advanced Excel,24,In Progress,
EMP10649,2025-10-12,Advanced Excel,16,Completed,87.5
EMP10649,2024-03-09,Power BI Fundamentals,8,Completed,82.5
EMP10649,2024-12-20,Project Management,8,Completed,84.1
EMP10650,2025-02-11,Cyber Security,40,Completed,64.0
EMP10651,2021-07-21,Sales Negotiation,24,Completed,74.0
EMP10651,2024-12-24,Data Analytics,8,Completed,72.7
EMP10652,2024-02-20,Customer Handling,24,Completed,92.6
EMP10652,2025-04-22,Communication Skills,16,Completed,82.5
EMP10653,2021-08-27,Power BI Fundamentals,8,Completed,65.5
EMP10653,2024-01-27,Leadership Essentials,8,Completed,70.1
EMP10653,2023-05-11,Sales Negotiation,24,In Progress,
EMP10653,2021-02-23,Leadership Essentials,24,Cancelled,
EMP10654,2025-07-10,Advanced Excel,40,Completed,43.5
EMP10656,2024-09-25,Sales Negotiation,16,Completed,88.7
EMP10657,2023-08-05,Cyber Security,24,Completed,73.1
EMP10657,2022-07-04,Project Management,24,Completed,67.4
EMP10658,2023-01-15,Cyber Security,8,Completed,83.4
EMP10660,2022-10-04,Communication Skills,4,Completed,74.7
EMP10661,2026-03-20,Cyber Security,16,Cancelled,
EMP10663,2023-01-24,Leadership Essentials,8,Completed,75.2
EMP10663,2023-10-06,Leadership Essentials,8,Completed,58.6
EMP10664,2025-02-07,Customer Handling,8,Completed,78.6
EMP10664,2025-04-11,Advanced Excel,8,Completed,79.8
EMP10666,2023-08-23,Data Analytics,4,Cancelled,
EMP10666,2024-12-16,Project Management,8,Completed,69.8
EMP10667,2020-04-27,Sales Negotiation,8,Completed,84.7
EMP10667,2023-08-13,Sales Negotiation,4,Completed,87.3
EMP10667,2022-10-30,Sales Negotiation,24,Completed,100.0
EMP10667,2023-06-13,Advanced Excel,8,Completed,82.5
EMP10667,2022-05-19,Advanced Excel,8,Completed,87.4
EMP10667,2020-07-06,Power BI Fundamentals,16,No Show,
EMP10667,2023-03-09,Communication Skills,8,Completed,80.6
EMP10667,2022-11-25,Sales Negotiation,4,Completed,53.6
EMP10668,2020-04-29,Data Analytics,24,In Progress,
EMP10668,2023-01-04,Sales Negotiation,16,In Progress,
EMP10668,2020-01-19,Customer Handling,24,Completed,55.8
EMP10670,2025-10-14,Data Analytics,40,Completed,79.6
EMP10671,2023-10-24,Data Analytics,8,Completed,82.3
EMP10671,2020-02-29,Leadership Essentials,4,Completed,62.4
EMP10671,2021-08-06,Time Management,16,Completed,80.4
EMP10673,2025-06-27,Advanced Excel,8,Completed,83.8
EMP10674,2022-04-02,Data Analytics,40,Completed,63.4
EMP10674,2024-06-03,Customer Handling,4,Cancelled,
EMP10674,2020-08-03,Advanced Excel,8,Completed,73.1
EMP10674,2022-10-07,Power BI Fundamentals,4,Completed,81.0
EMP10674,2024-12-01,Cyber Security,16,Completed,78.7
EMP10676,2023-09-26,Data Analytics,24,Completed,73.8
EMP10676,2020-06-23,Advanced Excel,16,Completed,63.3
EMP10678,2026-05-29,Leadership Essentials,16,Completed,74.0
EMP10678,2025-11-06,Customer Handling,16,In Progress,
EMP10678,2023-01-26,Data Analytics,8,Completed,81.3
EMP10678,2022-01-25,Sales Negotiation,8,Completed,68.3
EMP10681,2025-05-10,Project Management,4,Completed,87.7
EMP10683,2023-04-06,Data Analytics,40,Completed,72.7
EMP10684,2021-10-18,Communication Skills,8,Completed,75.4
EMP10684,2022-12-10,Leadership Essentials,8,Cancelled,
EMP10684,2022-01-09,Power BI Fundamentals,40,Completed,47.8
EMP10684,2023-02-22,Communication Skills,40,Completed,62.9
EMP10685,2025-02-11,Sales Negotiation,40,Completed,59.0
EMP10685,2025-07-07,Leadership Essentials,16,In Progress,
EMP10687,2023-11-02,Power BI Fundamentals,16,Completed,86.9
EMP10687,2024-08-08,Advanced Excel,4,Completed,83.1
EMP10689,2026-05-27,Cyber Security,16,Completed,78.8
EMP10690,2023-11-28,Customer Handling,16,Completed,83.6
EMP10690,2023-03-25,Sales Negotiation,4,No Show,
EMP10691,2026-03-15,Leadership Essentials,8,In Progress,
EMP10692,2023-10-19,Time Management,4,Completed,75.1
EMP10692,2025-03-25,Leadership Essentials,24,Completed,81.3
EMP10693,2025-12-08,Leadership Essentials,4,Completed,77.8
EMP10693,2026-02-09,Cyber Security,24,No Show,
EMP10693,2025-03-07,Communication Skills,4,Completed,100.0
EMP10694,2021-10-12,Communication Skills,24,Completed,92.7
EMP10694,2024-01-05,Project Management,8,No Show,
EMP10694,2021-07-29,Communication Skills,8,Completed,75.1
EMP10694,2023-08-04,Communication Skills,16,Completed,66.9
EMP10694,2020-12-27,Advanced Excel,16,Completed,89.4
EMP10695,2025-10-08,Leadership Essentials,24,Completed,75.9
EMP10698,2023-08-04,Cyber Security,16,In Progress,
EMP10698,2026-01-22,Leadership Essentials,4,No Show,
EMP10698,2025-08-26,Leadership Essentials,24,In Progress,
EMP10699,2020-05-15,Project Management,4,Completed,66.0
EMP10699,2020-11-27,Communication Skills,40,Completed,88.3
EMP10700,2024-06-01,Advanced Excel,24,Completed,69.1
EMP10700,2021-01-28,Communication Skills,4,Completed,94.3
EMP10700,2023-11-07,Advanced Excel,8,Completed,88.2
EMP10700,2024-01-11,Data Analytics,16,Cancelled,
EMP10701,2025-01-22,Data Analytics,16,Completed,79.0
EMP10701,2026-05-04,Leadership Essentials,4,Cancelled,
EMP10703,2023-11-11,Cyber Security,16,Completed,89.5
EMP10703,2023-07-25,Power BI Fundamentals,4,Completed,58.1
EMP10703,2022-08-29,Advanced Excel,40,Completed,80.5
EMP10704,2022-11-02,Project Management,4,Completed,88.1
EMP10704,2025-08-23,Project Management,16,Completed,70.7
EMP10704,2024-10-24,POWER BI FUNDAMENTALS,16,In Progress,
EMP10707,2025-02-07,Communication Skills,16,Completed,100.0
EMP10707,2023-06-17,Time Management,24,Completed,83.7
EMP10707,2025-10-11,Communication Skills,16,Completed,63.0
EMP10707,2023-04-10,Power BI Fundamentals,8,Completed,78.9
EMP10707,2025-11-18,Cyber Security,16,In Progress,
EMP10707,2022-05-31,Cyber Security,16,Completed,63.3
EMP10708,2025-04-06,Advanced Excel,8,Completed,68.1
EMP10708,2021-10-08,Communication Skills,8,Completed,75.9
EMP10708,2022-03-30,Communication Skills,40,Completed,75.2
EMP10709,2023-12-25,Advanced Excel,24,Completed,71.5
EMP10710,2022-10-29,Project Management,16,Completed,75.7
EMP10711,2023-02-11,Project Management,8,Completed,86.5
EMP10711,2024-06-10,Data Analytics,16,Completed,77.5
EMP10711,2025-03-22,Leadership Essentials,24,Completed,57.1
EMP10711,2022-11-20,Cyber Security,8,Completed,77.7
EMP10711,2025-09-30,Project Management,24,Completed,78.0
EMP10713,2023-07-14,Leadership Essentials,8,Completed,80.7
EMP10713,2025-09-01,Cyber Security,40,Completed,62.8
EMP10713,2025-12-12,Communication Skills,24,In Progress,
EMP10714,2023-05-30,Sales Negotiation,4,Completed,82.1
EMP10714,2022-01-26,Communication Skills,24,Completed,62.1
EMP10715,2025-08-25,Advanced Excel,16,Completed,59.6
EMP10715,2024-02-08,Customer Handling,8,Completed,77.1
EMP10715,2026-02-22,Time Management,8,Completed,56.9
EMP10715,2022-07-14,Project Management,24,Completed,74.0
EMP10715,2024-08-12,Leadership Essentials,16,No Show,
EMP10717,2023-05-14,Advanced Excel,4,Completed,52.2
EMP10717,2021-06-29,Communication Skills,24,Cancelled,
EMP10717,2020-07-02,Cyber Security,24,Completed,89.4
EMP10720,2022-07-01,Customer Handling,8,No Show,
EMP10720,2022-08-26,Time Management,8,Completed,66.1
EMP10720,2024-02-02,Sales Negotiation,16,No Show,
EMP10720,2022-12-01,Advanced Excel,16,Cancelled,
EMP10721,2022-12-26,Power BI Fundamentals,24,Completed,81.4
EMP10721,2019-08-13,Time Management,8,Completed,90.0
EMP10721,2022-07-09,Data Analytics,16,Completed,87.5
EMP10723,2025-07-30,Customer Handling,16,In Progress,
EMP10726,2020-10-08,Advanced Excel,16,Completed,67.2
EMP10727,2021-09-07,TIME MANAGEMENT,8,Completed,86.2
EMP10727,2022-06-30,Project Management,4,Completed,83.2
EMP10728,2022-04-02,Cyber Security,16,Completed,60.8
EMP10728,2022-01-23,Data Analytics,16,Completed,92.2
EMP10728,2019-03-15,Project Management,16,Completed,94.7
EMP10728,2023-04-23,Data Analytics,16,In Progress,
EMP10729,2025-03-08,Project Management,16,Completed,91.5
EMP10729,2025-06-28,Sales Negotiation,24,Completed,72.5
EMP10731,2020-05-21,Advanced Excel,4,Completed,100.0
EMP10731,2021-01-03,Project Management,16,Completed,78.2
EMP10731,2019-08-01,Leadership Essentials,24,Completed,86.8
EMP10732,2024-08-29,Time Management,8,Completed,70.8
EMP10732,2024-03-03,Time Management,8,In Progress,
EMP10732,2025-10-04,Sales Negotiation,16,Completed,82.0
EMP10733,2023-01-20,Cyber Security,16,In Progress,
EMP10734,2023-01-09,Power BI Fundamentals,8,Completed,83.0
EMP10735,2021-04-29,Communication Skills,8,In Progress,
EMP10735,2022-03-15,Power BI Fundamentals,40,In Progress,
EMP10735,2023-03-22,Time Management,24,No Show,
EMP10736,2025-11-05,Leadership Essentials,24,Completed,85.9
EMP10736,2023-11-16,Communication Skills,16,Cancelled,
EMP10737,2026-05-27,Leadership Essentials,24,Completed,84.7
EMP10738,2024-01-11,Time Management,24,Completed,73.6
EMP10739,2022-12-10,Advanced Excel,24,In Progress,
EMP10739,2026-01-14,Customer Handling,8,Completed,64.6
EMP10740,2023-11-03,Communication Skills,24,Cancelled,
EMP10740,2022-12-09,Cyber Security,8,Completed,87.8
EMP10740,2024-01-04,Communication Skills,16,Cancelled,
EMP10740,2026-01-12,Time Management,24,Completed,74.7
EMP10741,2026-01-31,Advanced Excel,24,No Show,
EMP10743,2025-11-27,Leadership Essentials,24,Completed,74.1
EMP10743,2023-06-03,Data Analytics,8,Completed,79.7
EMP10744,2026-04-27,Project Management,16,Completed,72.9
EMP10745,2023-02-26,Sales Negotiation,16,In Progress,
EMP10745,2022-05-18,Customer Handling,4,Completed,63.0
EMP10746,2024-05-01,Communication Skills,16,In Progress,
EMP10747,2023-02-03,Data Analytics,16,Completed,80.5
EMP10748,2024-03-30,Cyber Security,8,Completed,75.1
EMP10748,2025-08-26,Communication Skills,16,Completed,75.6
EMP10750,2021-07-10,Leadership Essentials,4,Completed,85.9
EMP10750,2020-12-20,Communication Skills,8,Completed,76.5
EMP10751,2023-07-12,Time Management,16,Completed,74.2
EMP10751,2022-02-02,Sales Negotiation,16,Completed,68.9
EMP10751,2023-06-11,Project Management,16,Completed,69.9
EMP10752,2026-06-24,Data Analytics,8,Cancelled,
EMP10753,2021-05-07,Customer Handling,16,In Progress,
EMP10753,2024-03-21,Project Management,4,In Progress,
EMP10753,2021-05-11,Leadership Essentials,8,Cancelled,
EMP10753,2023-04-09,Power BI Fundamentals,8,In Progress,
EMP10754,2025-11-18,Cyber Security,16,Completed,56.8
EMP10755,2026-02-12,Customer Handling,24,No Show,
EMP10756,2024-09-24,Leadership Essentials,8,Cancelled,
EMP10756,2025-05-17,Communication Skills,8,Completed,89.5
EMP10756,2026-02-19,Project Management,8,Completed,62.0
EMP10757,2020-06-06,Project Management,16,Completed,87.3
EMP10757,2021-03-13,Communication Skills,16,Completed,61.4
EMP10758,2023-08-16,Communication Skills,16,Completed,73.5
EMP10758,2021-12-07,Power BI Fundamentals,8,Completed,66.3
EMP10758,2022-03-15,Leadership Essentials,4,Completed,74.3
EMP10758,2024-02-04,Communication Skills,8,In Progress,
EMP10760,2021-07-03,Communication Skills,24,Completed,72.8
EMP10760,2021-07-28,Time Management,24,In Progress,
EMP10761,2020-08-01,Cyber Security,8,Completed,79.8
EMP10763,2025-12-24,Power BI Fundamentals,24,Cancelled,
EMP10763,2024-08-13,Project Management,4,Completed,68.3
EMP10763,2024-05-02,Data Analytics,8,Completed,86.6
EMP10763,2022-08-22,Sales Negotiation,8,Completed,80.7
EMP10764,2020-07-17,Leadership Essentials,24,Completed,73.5
EMP10765,2022-07-10,Advanced Excel,24,In Progress,
EMP10765,2023-08-05,Sales Negotiation,40,Completed,51.0
EMP10765,2021-10-28,Advanced Excel,8,Completed,74.7
EMP10765,2021-07-27,Communication Skills,40,Completed,69.3
EMP10765,2021-11-06,Leadership Essentials,24,Completed,66.1
EMP10765,2021-07-02,Data Analytics,16,Completed,68.7
EMP10766,2022-06-14,Communication Skills,24,Completed,76.6
EMP10766,2019-10-20,Data Analytics,4,No Show,
EMP10766,2020-01-03,Advanced Excel,24,Completed,72.1
EMP10767,2023-09-09,Data Analytics,24,Cancelled,
EMP10767,2025-04-26,Time Management,24,Completed,69.8
EMP10767,2023-07-29,Power BI Fundamentals,16,Completed,65.8
EMP10768,2025-09-26,Communication Skills,16,Completed,100.0
EMP10769,2026-02-14,Communication Skills,4,Completed,76.1
EMP10770,2019-11-03,Power BI Fundamentals,8,Completed,91.3
EMP10770,2023-10-10,Advanced Excel,8,Completed,85.3
EMP10770,2020-02-19,Cyber Security,40,Completed,84.1
EMP10770,2022-02-25,Sales Negotiation,8,Completed,65.4
EMP10770,2020-11-08,Customer Handling,16,Completed,91.6
EMP10770,2019-12-02,Data Analytics,24,Completed,73.1
EMP10772,2021-08-20,Communication Skills,24,Cancelled,
EMP10774,2026-02-13,Communication Skills,4,Completed,82.6
EMP10775,2025-09-18,Cyber Security,40,Completed,69.7
EMP10776,2026-02-26,Data Analytics,8,Completed,100.0
EMP10777,2024-09-23,Time Management,8,Completed,65.6
EMP10778,2019-11-24,Communication Skills,8,Completed,81.3
EMP10778,2023-12-28,Customer Handling,24,In Progress,
EMP10778,2021-07-24,Customer Handling,8,No Show,
EMP10778,2021-09-09,Time Management,8,Completed,84.0
EMP10778,2021-04-25,Sales Negotiation,8,Completed,89.4
EMP10779,2022-05-17,Communication Skills,16,Completed,74.5
EMP10779,2022-07-21,Customer Handling,4,No Show,
EMP10779,2019-11-07,Sales Negotiation,16,Completed,52.5
EMP10779,2022-02-03,Advanced Excel,4,Cancelled,
EMP10779,2020-12-09,Project Management,8,Completed,88.8
EMP10779,2022-07-30,Cyber Security,8,Completed,83.5
EMP10779,2022-04-06,Cyber Security,8,In Progress,
EMP10780,2021-04-13,Data Analytics,24,Completed,71.8
EMP10780,2023-06-19,Sales Negotiation,4,In Progress,
EMP10780,2025-05-23,Sales Negotiation,24,Completed,86.2
EMP10782,2023-05-08,Cyber Security,4,Completed,65.0
EMP10782,2023-11-07,Power BI Fundamentals,16,Completed,69.0
EMP10782,2026-03-13,Time Management,8,Completed,93.4
EMP10782,2025-10-29,CYBER SECURITY,24,Completed,64.5
EMP10784,2022-05-04,Data Analytics,4,Completed,73.5
EMP10786,2024-08-05,Sales Negotiation,8,Completed,80.8
EMP10786,2023-01-05,Leadership Essentials,16,Cancelled,
EMP10786,2024-09-17,Cyber Security,24,In Progress,
EMP10786,2024-10-01,Cyber Security,4,Completed,80.7
EMP10786,2022-07-21,Advanced Excel,24,Completed,100.0
EMP10786,2026-05-09,Customer Handling,16,Completed,78.3
EMP10786,2022-09-06,Time Management,8,Completed,73.8
EMP10786,2024-11-21,Power BI Fundamentals,24,Completed,97.3
EMP10789,2023-05-07,Data Analytics,24,Completed,82.0
EMP10789,2021-06-17,Power BI Fundamentals,4,Completed,79.7
EMP10789,2022-10-04,Data Analytics,4,In Progress,
EMP10790,2023-05-06,Customer Handling,4,Completed,86.0
EMP10790,2025-10-30,Cyber Security,8,Completed,60.9
EMP10790,2023-09-13,Sales Negotiation,8,Cancelled,
EMP10792,2020-05-18,Customer Handling,4,Completed,89.0
EMP10792,2023-08-05,Sales Negotiation,40,In Progress,
EMP10792,2020-09-03,Customer Handling,16,Completed,70.5
EMP10792,2023-04-18,Cyber Security,24,Completed,67.9
EMP10792,2023-11-02,Power BI Fundamentals,24,Completed,93.0
EMP10792,2020-11-03,Time Management,4,Completed,94.1
EMP10793,2025-04-03,Sales Negotiation,4,Completed,79.5
EMP10793,2024-06-16,Advanced Excel,8,Completed,68.7
EMP10793,2024-10-13,Project Management,16,Completed,60.4
EMP10794,2025-03-26,Data Analytics,16,Completed,93.5
EMP10794,2024-06-14,Sales Negotiation,16,Completed,67.0
EMP10796,2025-05-21,Communication Skills,4,Completed,81.8
EMP10796,2025-12-31,Data Analytics,4,Completed,72.5
EMP10796,2024-03-31,Communication Skills,16,Completed,78.5
EMP10798,2023-09-21,Leadership Essentials,16,In Progress,
EMP10799,2023-12-23,Leadership Essentials,16,Completed,72.1
EMP10799,2020-12-05,Power BI Fundamentals,16,In Progress,
EMP10799,2024-11-08,Project Management,16,Completed,65.0
EMP10800,2025-06-24,Sales Negotiation,24,No Show,
EMP10800,2023-07-01,Cyber Security,4,Completed,95.0
EMP10801,2025-11-06,Cyber Security,16,Completed,85.4
EMP10802,2024-05-08,Cyber Security,8,Completed,100.0
EMP10802,2024-12-26,Project Management,24,Completed,85.8
EMP10802,2026-01-27,Cyber Security,24,Completed,65.3
EMP10804,2021-08-27,Sales Negotiation,16,In Progress,
EMP10804,2020-06-23,Customer Handling,4,Completed,59.8
EMP10804,2023-01-20,Time Management,8,Completed,72.7
EMP10805,2025-11-28,Advanced Excel,24,Completed,61.7
EMP10807,2023-07-25,Cyber Security,40,Completed,71.3
EMP10808,2025-05-03,Leadership Essentials,8,Completed,81.8
EMP10808,2023-05-29,Advanced Excel,16,Completed,77.9
EMP10809,2023-04-15,Cyber Security,16,Completed,77.6
EMP10809,2025-05-31,Time Management,16,Completed,95.7
EMP10809,2025-08-02,Data Analytics,16,Completed,82.9
EMP10809,2025-05-21,Communication Skills,4,Completed,72.9
EMP10810,2024-12-28,Cyber Security,40,No Show,
EMP10813,2025-03-23,Customer Handling,24,Completed,78.2
EMP10813,2024-02-02,Project Management,16,Completed,85.0
EMP10814,2021-09-09,Power BI Fundamentals,8,Completed,93.5
EMP10814,2023-02-06,Sales Negotiation,24,Completed,61.6
EMP10815,2024-08-05,Project Management,4,Completed,60.4
EMP10816,2024-04-19,Leadership Essentials,8,Completed,74.7
EMP10816,2025-06-25,Cyber Security,16,Completed,94.8
EMP10816,2026-06-30,Cyber Security,24,Completed,98.2
EMP10817,2026-06-20,Communication Skills,8,Completed,70.2
EMP10818,2021-08-26,Communication Skills,4,In Progress,
EMP10819,2025-02-23,Sales Negotiation,8,Completed,76.1
EMP10820,2024-06-29,Leadership Essentials,4,Cancelled,
EMP10820,2025-11-27,Project Management,40,Completed,89.2
EMP10820,2024-04-20,Leadership Essentials,8,Completed,77.9
EMP10821,2023-03-19,Data Analytics,24,Completed,64.7
EMP10822,2023-04-28,Customer Handling,16,No Show,
EMP10823,2025-01-30,Time Management,8,Cancelled,
EMP10823,2024-07-08,Sales Negotiation,16,No Show,
EMP10826,2021-06-19,Data Analytics,24,Completed,75.8
EMP10827,2023-12-25,Customer Handling,16,Cancelled,
EMP10827,2020-06-11,Communication Skills,40,In Progress,
EMP10827,2023-12-15,Time Management,24,In Progress,
EMP10827,2024-04-04,Time Management,16,In Progress,
EMP10829,2021-08-10,Data Analytics,16,Completed,75.9
EMP10829,2022-11-06,Leadership Essentials,16,In Progress,
EMP10829,2021-07-18,Advanced Excel,24,Completed,63.6
EMP10830,2024-10-13,Advanced Excel,4,Completed,64.0
EMP10831,2023-04-21,Cyber Security,24,Completed,80.3
EMP10831,2025-06-22,Cyber Security,40,Completed,78.9
EMP10833,2024-12-22,Time Management,40,Completed,100.0
EMP10833,2024-12-20,Advanced Excel,16,In Progress,
EMP10833,2025-12-04,Power BI Fundamentals,8,No Show,
EMP10833,2025-02-03,Communication Skills,16,Completed,95.6
EMP10835,2025-08-22,Cyber Security,8,In Progress,
EMP10835,2024-03-26,Data Analytics,24,Completed,94.6
EMP10836,2025-10-26,Cyber Security,8,Completed,67.7
EMP10837,2023-07-23,Customer Handling,16,In Progress,
EMP10837,2021-03-01,Customer Handling,40,No Show,
EMP10837,2020-09-03,Power BI Fundamentals,16,Completed,80.3
EMP10837,2020-08-07,Power BI Fundamentals,16,Completed,98.4
EMP10837,2022-01-05,Cyber Security,40,Completed,84.2
EMP10838,2023-03-30,Time Management,4,In Progress,
EMP10840,2024-05-28,Customer Handling,8,Completed,69.9
EMP10840,2025-03-13,Cyber Security,8,Completed,79.1
EMP10842,2026-02-15,Advanced Excel,24,Completed,100.0
EMP10842,2025-06-07,Advanced Excel,16,In Progress,
EMP10843,2024-11-01,Time Management,24,Completed,84.5
EMP10843,2025-05-17,Project Management,8,Completed,82.3
EMP10845,2022-12-06,Data Analytics,8,Completed,63.7
EMP10846,2021-12-14,Customer Handling,16,Completed,44.4
EMP10846,2021-10-09,Communication Skills,8,Completed,88.3
EMP10846,2021-07-10,Cyber Security,16,Completed,72.1
EMP10847,2024-07-28,Customer Handling,16,Completed,73.1
EMP10847,2025-09-29,Leadership Essentials,8,Completed,68.0
EMP10847,2023-12-01,Data Analytics,16,Completed,73.7
EMP10848,2023-10-15,Sales Negotiation,24,Completed,79.0
EMP10849,2024-01-10,Leadership Essentials,24,In Progress,
EMP10849,2022-08-27,Advanced Excel,4,Cancelled,
EMP10849,2023-06-02,Advanced Excel,4,Completed,67.6
EMP10850,2023-03-10,Cyber Security,24,Completed,84.3
EMP10850,2024-11-11,Power BI Fundamentals,8,In Progress,
EMP10850,2024-04-29,Cyber Security,8,Completed,82.1
EMP10852,2025-05-28,Customer Handling,8,Completed,88.8
EMP10853,2021-11-22,Cyber Security,8,Completed,96.3
EMP10853,2021-05-25,Data Analytics,24,Completed,60.3
EMP10853,2022-10-21,Data Analytics,8,Completed,82.6
EMP10854,2024-05-31,Project Management,16,Cancelled,
EMP10854,2022-10-30,Data Analytics,16,Completed,78.8
EMP10856,2025-06-12,Data Analytics,16,Completed,63.1
EMP10856,2022-05-10,Communication Skills,24,Completed,80.4
EMP10856,2024-11-24,Sales Negotiation,24,No Show,
EMP10856,2024-07-13,Data Analytics,8,Completed,92.7
EMP10857,2024-11-19,Power BI Fundamentals,4,Cancelled,
EMP10857,2025-02-03,Advanced Excel,8,Completed,91.2
EMP10858,2025-07-13,Sales Negotiation,16,Completed,65.2
EMP10859,2021-12-06,Time Management,16,In Progress,
EMP10859,2023-02-04,Communication Skills,40,Completed,82.1
EMP10860,2022-08-10,Data Analytics,16,Completed,77.6
EMP10861,2023-07-03,Communication Skills,8,Completed,84.4
EMP10861,2025-02-19,Leadership Essentials,4,Completed,85.5
EMP10861,2023-12-18,Data Analytics,4,In Progress,
EMP10861,2024-12-26,Communication Skills,16,Completed,64.6
EMP10861,2021-08-30,Customer Handling,16,Completed,80.5
EMP10861,2025-04-19,Cyber Security,16,Completed,72.2
EMP10862,2023-08-16,Sales Negotiation,8,No Show,
EMP10862,2023-02-01,Time Management,8,In Progress,
EMP10862,2025-08-28,Advanced Excel,16,Completed,75.8
EMP10862,2026-01-16,Data Analytics,4,Completed,70.7
EMP10863,2026-01-25,Advanced Excel,24,Completed,66.3
EMP10864,2021-10-02,Customer Handling,8,Completed,83.8
EMP10864,2023-07-27,Advanced Excel,24,Completed,72.6
EMP10865,2025-12-19,Cyber Security,8,In Progress,
EMP10866,2021-03-07,Advanced Excel,16,Completed,76.2
EMP10866,2022-04-18,Customer Handling,24,Completed,74.8
EMP10866,2020-08-29,Advanced Excel,8,Completed,69.7
EMP10866,2019-06-17,Project Management,8,Completed,72.8
EMP10867,2026-06-25,Leadership Essentials,16,Completed,77.3
EMP10868,2022-02-16,Time Management,40,Completed,69.9
EMP10869,2025-04-17,Communication Skills,4,Completed,76.9
EMP10869,2026-06-26,Sales Negotiation,8,Completed,73.6
EMP10869,2024-07-22,Sales Negotiation,24,Completed,100.0
EMP10869,2025-04-03,Advanced Excel,4,Completed,69.2
EMP10870,2020-11-20,Leadership Essentials,4,Completed,71.9
EMP10870,2021-04-01,Leadership Essentials,40,Completed,71.9
EMP10871,2024-09-28,Customer Handling,8,Completed,78.3
EMP10871,2025-05-15,Leadership Essentials,40,Completed,62.1
EMP10873,2024-02-02,Time Management,8,Completed,81.3
EMP10874,2021-11-02,Leadership Essentials,4,Completed,76.1
EMP10874,2019-09-11,Advanced Excel,24,Completed,90.5
EMP10874,2020-07-06,Communication Skills,16,In Progress,
EMP10874,2022-03-23,Power BI Fundamentals,16,Completed,52.4
EMP10875,2025-01-27,Leadership Essentials,8,Cancelled,
EMP10875,2024-09-13,Cyber Security,4,In Progress,
EMP10876,2026-01-14,Time Management,4,Completed,84.9
EMP10876,2025-01-11,Power BI Fundamentals,16,Completed,84.6
EMP10877,2022-03-11,Customer Handling,4,Completed,99.8
EMP10877,2022-11-14,Sales Negotiation,16,Completed,96.9
EMP10877,2022-07-01,Sales Negotiation,24,Completed,96.9
EMP10877,2023-08-28,Project Management,24,Completed,100.0
EMP10877,2022-07-09,Time Management,8,Completed,61.7
EMP10877,2025-02-07,Cyber Security,24,Completed,69.8
EMP10877,2021-07-12,Project Management,16,Completed,90.6
EMP10878,2026-03-24,Project Management,8,Completed,72.1
EMP10879,2019-08-28,Project Management,4,In Progress,
EMP10879,2020-11-02,Project Management,4,Completed,83.8
EMP10879,2020-09-21,Communication Skills,4,Completed,78.4
EMP10880,2024-02-16,Project Management,16,No Show,
EMP10882,2023-10-04,Cyber Security,40,Completed,73.6
EMP10882,2022-05-01,Cyber Security,24,Completed,80.1
EMP10882,2023-12-24,Time Management,16,Completed,100.0
EMP10883,2021-05-09,Leadership Essentials,16,Completed,71.0
EMP10883,2023-09-30,Project Management,8,In Progress,
EMP10884,2026-05-01,Project Management,4,No Show,
EMP10885,2026-03-05,Advanced Excel,4,Completed,77.3
EMP10887,2024-07-12,Leadership Essentials,16,Completed,60.7
EMP10887,2025-05-21,Sales Negotiation,24,Completed,66.7
EMP10887,2025-05-18,Cyber Security,16,Completed,89.5
EMP10888,2024-02-02,Data Analytics,16,Completed,100.0
EMP10888,2024-03-17,Leadership Essentials,16,Completed,78.2
EMP10889,2023-01-15,Time Management,4,Completed,89.2
EMP10889,2024-09-20,Advanced Excel,40,Completed,66.7
EMP10889,2025-04-19,Power BI Fundamentals,40,Completed,78.5
EMP10890,2020-11-07,CUSTOMER HANDLING,40,Completed,81.1
EMP10891,2022-06-13,Communication Skills,24,Completed,59.3
EMP10891,2024-04-02,Project Management,8,Completed,69.6
EMP10891,2023-10-18,Sales Negotiation,24,Completed,77.9
EMP10893,2023-06-02,Time Management,16,Completed,43.4
EMP10894,2023-02-22,Sales Negotiation,16,Completed,88.8
EMP10894,2024-01-16,Power BI Fundamentals,16,Completed,82.4
EMP10895,2024-09-17,Cyber Security,8,In Progress,
EMP10896,2019-09-21,Communication Skills,16,Completed,89.5
EMP10896,2020-01-19,Leadership Essentials,4,Completed,86.7
EMP10898,2022-08-20,Project Management,16,Completed,74.5
EMP10898,2026-01-29,Leadership Essentials,24,In Progress,
EMP10899,2026-06-27,Project Management,4,Completed,57.5
EMP10900,2026-02-11,Leadership Essentials,8,Completed,86.2
EMP10901,2023-07-07,Project Management,4,Completed,71.8
EMP10901,2023-04-29,Sales Negotiation,40,Completed,72.6
EMP10903,2024-04-14,Communication Skills,24,Completed,81.9
EMP10903,2022-04-13,Time Management,8,Completed,90.9
EMP10904,2023-01-20,Sales Negotiation,16,Completed,88.7
EMP10907,2025-11-23,Cyber Security,8,Completed,88.2
EMP10908,2023-08-11,Time Management,16,Completed,67.4
EMP10908,2022-11-23,Advanced Excel,4,Completed,93.3
EMP10909,2023-03-30,Project Management,24,Completed,78.2
EMP10909,2026-06-20,Cyber Security,8,Completed,62.0
EMP10911,2025-05-14,Sales Negotiation,16,Completed,83.3
EMP10912,2025-07-02,Advanced Excel,24,Completed,79.7
EMP10913,2020-06-14,Cyber Security,24,In Progress,
EMP10913,2020-08-26,Customer Handling,16,Completed,54.5
EMP10913,2021-07-12,Time Management,4,Completed,78.6
EMP10913,2020-02-10,Communication Skills,8,Cancelled,
EMP10915,2023-12-13,Data Analytics,24,Cancelled,
EMP10915,2022-02-05,Power BI Fundamentals,40,Completed,65.7
EMP10916,2022-03-31,Time Management,16,Completed,73.9
EMP10916,2021-07-20,Power BI Fundamentals,24,Completed,85.9
EMP10916,2023-01-15,Leadership Essentials,40,In Progress,
EMP10916,2024-04-28,Data Analytics,24,In Progress,
EMP10919,2022-04-23,Sales Negotiation,16,In Progress,
EMP10919,2023-11-01,Advanced Excel,16,In Progress,
EMP10919,2023-03-30,Customer Handling,40,Completed,96.0
EMP10919,2019-10-07,Power BI Fundamentals,16,No Show,
EMP10920,2024-10-09,Sales Negotiation,16,In Progress,
EMP10920,2021-11-30,Data Analytics,16,Completed,76.1
EMP10921,2025-08-10,Sales Negotiation,8,In Progress,
EMP10922,2025-08-22,Advanced Excel,16,Completed,85.6
EMP10922,2024-03-26,Sales Negotiation,8,Completed,73.1
EMP10922,2026-04-20,Power BI Fundamentals,8,Completed,53.7
EMP10923,2024-03-25,Communication Skills,24,Completed,90.9
EMP10923,2022-02-21,Communication Skills,16,Completed,64.0
EMP10924,2026-06-10,Communication Skills,8,No Show,
EMP10924,2025-07-09,Data Analytics,8,Completed,82.5
EMP10924,2024-07-07,Advanced Excel,16,Completed,80.4
EMP10924,2023-07-24,Advanced Excel,4,Completed,84.7
EMP10925,2023-10-04,Cyber Security,8,Completed,54.8
EMP10927,2024-02-23,Leadership Essentials,4,Cancelled,
EMP10928,2025-08-13,Data Analytics,4,In Progress,
EMP10930,2023-03-05,Project Management,16,Completed,90.9
EMP10930,2025-10-29,Cyber Security,16,In Progress,
EMP10930,2025-01-16,Customer Handling,24,Cancelled,
EMP10930,2026-04-26,Communication Skills,16,In Progress,
EMP10930,2024-04-27,Customer Handling,40,Completed,72.3
EMP10931,2024-11-03,Sales Negotiation,4,Completed,81.4
EMP10931,2026-04-08,Advanced Excel,24,Completed,93.0
EMP10931,2025-03-30,Data Analytics,8,Completed,75.2
EMP10933,2020-12-04,Power BI Fundamentals,24,In Progress,
EMP10933,2023-04-03,Sales Negotiation,16,Cancelled,
EMP10935,2026-02-26,Advanced Excel,24,In Progress,
EMP10938,2026-06-04,Project Management,16,In Progress,
EMP10939,2024-11-21,Communication Skills,16,Completed,70.0
EMP10940,2023-07-18,Time Management,24,Completed,86.2
EMP10940,2024-10-03,Time Management,4,Completed,79.1
EMP10941,2023-02-07,Advanced Excel,16,Completed,48.0
EMP10941,2024-11-17,Project Management,16,Completed,87.9
EMP10941,2024-04-12,Cyber Security,40,Completed,44.3
EMP10941,2024-10-07,Cyber Security,40,Completed,83.7
EMP10942,2025-02-19,Power BI Fundamentals,4,Completed,87.0
EMP10942,2025-08-21,Cyber Security,40,Completed,82.9
EMP10943,2020-11-10,Communication Skills,8,Completed,97.0
EMP10943,2023-09-15,Communication Skills,24,Completed,81.5
EMP10943,2024-03-14,Customer Handling,8,Completed,88.0
EMP10945,2022-12-18,Advanced Excel,16,Completed,56.5
EMP10945,2021-05-26,Customer Handling,16,In Progress,
EMP10945,2022-01-07,Advanced Excel,16,Completed,91.2
EMP10945,2023-04-22,Advanced Excel,8,Completed,67.8
EMP10946,2024-08-20,Advanced Excel,24,Completed,82.2
EMP10947,2022-12-07,Project Management,8,Completed,89.8
EMP10947,2021-06-11,Time Management,8,Completed,66.2
EMP10949,2021-05-07,Communication Skills,8,In Progress,
EMP10949,2023-09-16,Advanced Excel,24,In Progress,
EMP10949,2020-10-09,Time Management,4,Completed,76.9
EMP10950,2020-10-07,Project Management,4,Completed,100.0
EMP10952,2025-10-30,Data Analytics,24,Cancelled,
EMP10954,2021-05-26,Project Management,16,Completed,69.2
EMP10954,2021-12-26,Cyber Security,16,Completed,90.8
EMP10956,2022-04-01,Time Management,24,Completed,84.4
EMP10956,2024-11-10,Leadership Essentials,4,Completed,69.2
EMP10956,2022-09-29,Customer Handling,16,Completed,87.7
EMP10957,2024-05-27,Leadership Essentials,16,Completed,68.5
EMP10957,2020-05-21,Time Management,16,In Progress,
EMP10957,2022-09-12,Power BI Fundamentals,24,Completed,78.9
EMP10957,2023-09-01,Communication Skills,4,In Progress,
EMP10958,2022-07-31,Cyber Security,8,Completed,79.5
EMP10958,2022-08-28,Cyber Security,16,In Progress,
EMP10958,2021-03-01,Project Management,4,No Show,
EMP10960,2022-06-28,Project Management,8,Completed,74.3
EMP10960,2025-12-18,Data Analytics,4,Completed,100.0
EMP10961,2025-07-19,Power BI Fundamentals,24,Completed,73.1
EMP10961,2024-05-28,Time Management,8,Completed,76.8
EMP10963,2021-09-04,Time Management,16,Completed,63.0
EMP10963,2025-02-10,Communication Skills,8,Completed,75.1
EMP10963,2022-06-20,Advanced Excel,40,In Progress,
EMP10965,2026-04-05,Cyber Security,24,Completed,81.4
EMP10965,2023-08-24,Leadership Essentials,8,Completed,69.4
EMP10967,2024-07-21,Power BI Fundamentals,4,Completed,94.5
EMP10967,2025-07-06,Sales Negotiation,8,Completed,57.7
EMP10967,2023-06-21,Project Management,16,Completed,84.3
EMP10967,2024-12-15,Data Analytics,24,Cancelled,
EMP10967,2022-12-25,Customer Handling,8,Completed,76.0
EMP10968,2026-05-07,Communication Skills,16,Completed,73.9
EMP10968,2026-04-23,Sales Negotiation,24,In Progress,
EMP10969,2021-10-21,Sales Negotiation,16,Completed,77.4
EMP10969,2021-04-26,Data Analytics,16,Completed,81.0
EMP10969,2019-07-21,Time Management,40,Completed,58.0
EMP10971,2023-07-30,Customer Handling,24,Completed,78.8
EMP10971,2025-02-15,Data Analytics,16,Completed,89.1
EMP10971,2025-02-07,Leadership Essentials,8,Completed,89.0
EMP10971,2024-06-30,Time Management,4,In Progress,
EMP10971,2024-06-21,Project Management,16,Completed,70.1
EMP10972,2025-08-22,Customer Handling,16,Completed,84.5
EMP10973,2020-04-14,Power BI Fundamentals,16,In Progress,
EMP10973,2021-07-24,Advanced Excel,8,Completed,79.6
EMP10974,2024-01-22,Customer Handling,40,Completed,100.0
EMP10974,2024-02-20,Time Management,8,Completed,83.9
EMP10974,2022-12-27,Sales Negotiation,16,Completed,100.0
EMP10975,2023-06-10,Communication Skills,24,Completed,90.6
EMP10975,2025-05-05,Sales Negotiation,8,Completed,72.3
EMP10975,2024-05-04,Customer Handling,8,Completed,92.3
EMP10976,2021-10-16,Cyber Security,40,Completed,79.5
EMP10976,2022-04-28,Leadership Essentials,16,Completed,68.1
EMP10977,2026-01-08,Project Management,24,Completed,82.3
EMP10978,2024-11-02,Data Analytics,24,Completed,71.3
EMP10979,2023-03-11,Communication Skills,16,Completed,84.0
EMP10979,2025-11-14,Communication Skills,8,Completed,77.1
EMP10979,2025-03-22,Leadership Essentials,8,Completed,76.9
EMP10980,2025-03-25,Data Analytics,8,In Progress,
EMP10980,2024-09-30,Sales Negotiation,40,Completed,64.5
EMP10980,2024-01-08,Cyber Security,16,Completed,75.5
EMP10981,2022-10-23,Customer Handling,40,Completed,66.7
EMP10981,2022-03-09,Data Analytics,16,Completed,74.3
EMP10981,2020-06-22,Leadership Essentials,8,Completed,91.7
EMP10982,2025-12-29,Power BI Fundamentals,16,In Progress,
EMP10982,2025-12-12,Cyber Security,24,Cancelled,
EMP10983,2025-12-18,Project Management,16,In Progress,
EMP10983,2026-03-25,Cyber Security,40,Cancelled,
EMP10984,2023-01-05,Sales Negotiation,24,Completed,69.0
EMP10984,2022-05-11,Project Management,16,Completed,69.1
EMP10984,2022-08-05,Cyber Security,8,In Progress,
EMP10984,2026-05-13,Cyber Security,8,Completed,85.4
EMP10984,2024-11-19,Advanced Excel,8,Completed,75.5
EMP10985,2025-03-27,Power BI Fundamentals,16,Completed,83.5
EMP10985,2025-07-04,Customer Handling,8,Cancelled,
EMP10985,2021-12-14,Customer Handling,40,Completed,81.7
EMP10985,2023-11-26,Communication Skills,16,Completed,79.2
EMP10985,2024-11-14,Power BI Fundamentals,8,Completed,69.1
EMP10985,2025-01-16,Cyber Security,16,Completed,84.0
EMP10986,2023-05-25,Advanced Excel,24,Completed,76.5
EMP10986,2021-09-06,Data Analytics,16,Completed,69.1
EMP10986,2025-01-16,Project Management,16,Cancelled,
EMP10986,2023-05-03,Time Management,16,Completed,100.0
EMP10989,2021-12-13,Leadership Essentials,8,Completed,85.4
EMP10989,2024-07-10,Customer Handling,40,Completed,89.1
EMP10993,2025-07-26,Sales Negotiation,24,Completed,77.8
EMP10994,2021-11-27,Data Analytics,24,Completed,75.7
EMP10994,2025-02-06,Time Management,24,Completed,76.0
EMP10994,2022-01-25,Data Analytics,24,Completed,80.0
EMP10994,2024-09-09,Sales Negotiation,24,In Progress,
EMP10994,2022-09-12,Sales Negotiation,8,Completed,76.8
EMP10995,2023-11-17,Customer Handling,24,Completed,94.1
EMP10995,2022-07-06,Data Analytics,40,In Progress,
EMP10995,2022-08-06,Communication Skills,24,Completed,90.7
EMP10996,2019-10-08,Communication Skills,16,Completed,40.5
EMP10996,2021-07-17,Communication Skills,16,Completed,91.5
EMP10996,2020-06-08,Leadership Essentials,24,Completed,79.8
EMP10996,2019-04-11,Project Management,16,Completed,78.6
EMP10996,2022-07-30,Time Management,8,Completed,87.5
EMP10998,2019-12-31,Advanced Excel,24,In Progress,
EMP10998,2021-09-14,Data Analytics,8,Cancelled,
EMP10998,2022-10-16,Cyber Security,40,Completed,79.5
EMP10999,2025-05-31,Cyber Security,24,Completed,47.4
EMP11001,2025-07-30,Data Analytics,4,Completed,100.0
EMP11002,2025-10-25,Leadership Essentials,8,Completed,73.8
EMP11002,2025-02-04,Advanced Excel,8,Completed,97.6
EMP11003,2025-09-28,Project Management,24,Completed,87.3
EMP11003,2025-09-23,Sales Negotiation,8,Completed,50.5
EMP11004,2024-06-14,Data Analytics,4,In Progress,
EMP11004,2022-05-05,Leadership Essentials,16,Completed,79.7
EMP11005,2020-02-07,Advanced Excel,8,Completed,73.8
EMP11005,2019-12-04,Power BI Fundamentals,16,In Progress,
EMP11005,2023-09-12,Project Management,16,Completed,76.2
EMP11006,2024-12-08,Time Management,24,Completed,71.1
EMP11008,2025-07-27,Cyber Security,8,Cancelled,
EMP11008,2025-10-28,Data Analytics,4,Completed,35.0
EMP11009,2026-05-06,Cyber Security,16,Completed,77.6
EMP11009,2025-04-09,Communication Skills,24,Completed,84.6
EMP11010,2025-02-21,Leadership Essentials,24,Cancelled,
EMP11010,2022-10-07,Advanced Excel,40,Completed,83.6
EMP11012,2026-03-07,Communication Skills,16,Cancelled,
EMP11013,2021-01-18,Cyber Security,24,Cancelled,
EMP11013,2022-01-10,Sales Negotiation,24,In Progress,
EMP11013,2022-04-01,Customer Handling,16,No Show,
EMP11014,2025-01-03,Time Management,16,Completed,91.9
EMP11015,2024-02-10,Data Analytics,24,Completed,76.6
EMP11015,2021-11-24,Cyber Security,24,Completed,94.8
EMP11015,2022-12-12,Advanced Excel,4,In Progress,
EMP11015,2023-11-10,Sales Negotiation,16,Completed,96.8
EMP11017,2026-03-17,Cyber Security,24,Completed,68.9
EMP11017,2023-12-23,Customer Handling,24,In Progress,
EMP11017,2024-04-07,Sales Negotiation,8,Completed,68.9
EMP11018,2023-01-16,Project Management,16,Completed,82.2
EMP11018,2020-11-05,Leadership Essentials,16,Completed,76.8
EMP11018,2023-01-04,Advanced Excel,4,Completed,91.1
EMP11018,2023-02-06,Advanced Excel,4,Completed,74.8
EMP11020,2023-01-17,Advanced Excel,40,Completed,79.9
EMP11020,2022-07-19,Advanced Excel,16,No Show,
EMP11020,2023-09-26,Sales Negotiation,8,No Show,
EMP11021,2021-02-26,Power BI Fundamentals,4,Completed,56.5
EMP11021,2022-01-12,Communication Skills,16,Completed,64.1
EMP11021,2020-05-03,Leadership Essentials,24,Completed,81.9
EMP11022,2024-06-04,Time Management,8,Cancelled,
EMP11022,2024-07-24,Time Management,8,Completed,93.9
EMP11022,2026-02-20,Time Management,4,Completed,78.8
EMP11022,2023-07-23,Sales Negotiation,16,In Progress,
EMP11023,2025-12-08,Customer Handling,4,Completed,85.6
EMP11023,2025-11-04,Advanced Excel,8,Completed,73.4
EMP11023,2025-01-14,Time Management,24,Completed,62.8
EMP11025,2023-03-03,Data Analytics,16,No Show,
EMP11025,2025-01-04,CYBER SECURITY,40,Completed,86.1
EMP11026,2026-01-04,Sales Negotiation,8,Cancelled,
EMP11029,2023-08-20,Cyber Security,8,Completed,71.7
EMP11029,2020-03-03,Customer Handling,16,Completed,69.0
EMP11031,2025-02-04,Time Management,40,No Show,
EMP11039,2022-01-05,Data Analytics,40,Completed,81.9
EMP11039,2022-04-13,Advanced Excel,24,Completed,71.6
EMP11040,2024-07-23,Project Management,24,Cancelled,
EMP11042,2024-11-02,Advanced Excel,16,In Progress,
EMP11042,2023-08-15,POWER BI FUNDAMENTALS,24,Completed,68.3
EMP11042,2025-07-14,Data Analytics,40,Completed,75.5
EMP11042,2025-06-08,Cyber Security,4,Completed,82.4
EMP11042,2022-01-14,Leadership Essentials,16,Completed,69.8
EMP11043,2025-10-31,Cyber Security,24,In Progress,
EMP11044,2023-03-26,Power BI Fundamentals,16,Completed,94.9
EMP11044,2021-01-25,Power BI Fundamentals,24,Completed,64.3
EMP11044,2021-08-30,Power BI Fundamentals,8,Completed,61.3
EMP11045,2023-03-19,Sales Negotiation,16,Completed,87.7
EMP11045,2022-03-26,Advanced Excel,16,Completed,65.6
EMP11045,2021-08-07,Power BI Fundamentals,16,Cancelled,
EMP11045,2020-10-14,Time Management,16,No Show,
EMP11045,2021-06-11,Power BI Fundamentals,16,Completed,70.0
EMP11045,2024-05-27,Advanced Excel,8,Completed,77.5
EMP11046,2022-01-21,Communication Skills,24,Completed,55.3
EMP11046,2024-07-04,Advanced Excel,24,In Progress,
EMP11046,2023-12-30,Data Analytics,24,Completed,75.2
EMP11046,2022-01-20,Time Management,24,Completed,97.4
EMP11046,2022-01-03,Data Analytics,16,Completed,49.3
EMP11046,2021-12-17,Leadership Essentials,16,In Progress,
EMP11047,2024-12-21,Power BI Fundamentals,24,Completed,86.2
EMP11047,2023-10-30,Sales Negotiation,8,Completed,95.6
EMP11047,2024-12-25,Project Management,16,In Progress,
EMP11047,2021-03-22,Advanced Excel,4,Completed,63.4
EMP11049,2025-08-02,Leadership Essentials,8,Completed,67.9
EMP11050,2022-01-27,Data Analytics,4,Cancelled,
EMP11051,2021-12-02,Time Management,24,Completed,73.8
EMP11051,2025-01-05,Communication Skills,24,Completed,57.0
EMP11051,2021-09-24,Data Analytics,4,In Progress,
EMP11052,2022-12-07,Advanced Excel,16,Completed,61.1
EMP11052,2024-07-02,Power BI Fundamentals,8,Completed,78.1
EMP11052,2020-11-16,Customer Handling,16,Completed,81.0
EMP11052,2024-01-25,Leadership Essentials,16,In Progress,
EMP11052,2021-05-08,Advanced Excel,8,Completed,85.7
EMP11052,2020-11-11,Advanced Excel,24,Completed,43.4
EMP11053,2022-01-26,Power BI Fundamentals,8,Completed,69.2
EMP11053,2023-06-28,Customer Handling,4,Completed,78.2
EMP11053,2023-06-07,Project Management,16,In Progress,
EMP11053,2021-04-06,Power BI Fundamentals,24,Completed,69.5
EMP11053,2021-10-08,Data Analytics,40,Completed,85.0
EMP11054,2021-10-18,Cyber Security,16,In Progress,
EMP11054,2023-10-24,Leadership Essentials,16,Completed,80.3
EMP11054,2022-12-28,Communication Skills,16,Completed,73.9
EMP11056,2026-05-02,Customer Handling,16,Completed,74.3
EMP11057,2020-09-18,Leadership Essentials,40,In Progress,
EMP11058,2023-04-13,Power BI Fundamentals,16,Completed,100.0
EMP11058,2022-08-10,Customer Handling,40,In Progress,
EMP11058,2023-12-19,Power BI Fundamentals,16,Completed,48.4
EMP11058,2022-01-10,Sales Negotiation,24,Completed,100.0
EMP11058,2022-02-23,Data Analytics,40,Completed,89.5
EMP11059,2023-12-09,Time Management,16,Cancelled,
EMP11059,2025-04-13,Sales Negotiation,4,Completed,91.8
EMP11060,2025-11-07,Project Management,24,Cancelled,
EMP11061,2022-11-10,Power BI Fundamentals,40,Completed,77.0
EMP11061,2022-01-19,Project Management,16,In Progress,
EMP11061,2021-03-17,Time Management,8,No Show,
EMP11061,2023-10-19,Power BI Fundamentals,8,Completed,90.9
EMP11062,2025-05-23,Power BI Fundamentals,16,Completed,77.3
EMP11062,2024-04-22,Communication Skills,8,Completed,71.4
EMP11064,2024-09-28,Advanced Excel,24,In Progress,
EMP11064,2022-09-07,Leadership Essentials,8,Completed,67.9
EMP11064,2023-01-04,Communication Skills,40,Completed,66.2
EMP11064,2024-10-25,Leadership Essentials,4,Completed,76.0
EMP11066,2026-05-18,Communication Skills,16,Completed,64.3
EMP11066,2025-12-05,Data Analytics,16,Cancelled,
EMP11067,2023-01-13,Customer Handling,24,Completed,82.9
EMP11067,2023-09-11,Communication Skills,24,Completed,92.3
EMP11067,2022-01-23,Data Analytics,16,Cancelled,
EMP11067,2024-02-10,Time Management,4,Completed,77.8
EMP11067,2020-07-12,Power BI Fundamentals,24,Cancelled,
EMP11072,2024-07-30,Communication Skills,24,Completed,78.4
EMP11072,2024-08-02,Time Management,8,Completed,64.7
EMP11074,2021-07-12,Project Management,8,Completed,81.0
EMP11074,2021-07-28,Customer Handling,4,Cancelled,
EMP11074,2020-01-27,Data Analytics,4,In Progress,
EMP11076,2025-11-16,Time Management,8,Completed,79.2
EMP11076,2026-05-17,Cyber Security,16,Completed,85.0
EMP11076,2025-12-13,Advanced Excel,16,Completed,100.0
EMP11077,2024-08-06,Power BI Fundamentals,16,Completed,73.7
EMP11078,2025-07-31,Customer Handling,8,Completed,75.2
EMP11078,2025-11-12,Customer Handling,8,Completed,95.1
EMP11079,2023-03-01,Cyber Security,4,Completed,100.0
EMP11079,2023-07-29,Data Analytics,40,In Progress,
EMP11079,2025-05-21,Cyber Security,16,Completed,68.6
EMP11079,2024-12-05,Sales Negotiation,16,Cancelled,
EMP11079,2023-06-25,Advanced Excel,40,Completed,69.6
EMP11079,2025-06-11,Customer Handling,40,Completed,69.9
EMP11080,2024-04-03,Cyber Security,16,Completed,85.8
EMP11080,2022-05-08,Data Analytics,24,Completed,57.6
EMP11080,2024-07-25,Power BI Fundamentals,8,Completed,80.5
EMP11080,2023-11-18,Communication Skills,4,Completed,77.4
EMP11081,2024-09-30,Advanced Excel,40,Completed,86.5
EMP11081,2024-10-27,Customer Handling,16,Completed,73.4
EMP11082,2022-08-04,Communication Skills,8,Completed,94.6
EMP11082,2026-05-11,Project Management,16,Completed,89.4
EMP11083,2025-04-21,Time Management,16,Cancelled,
EMP11083,2024-10-22,Power BI Fundamentals,4,Completed,64.7
EMP11083,2023-01-15,Time Management,24,In Progress,
EMP11085,2024-01-21,Data Analytics,4,In Progress,
EMP11085,2021-02-09,Cyber Security,24,Completed,100.0
EMP11085,2019-12-06,Data Analytics,40,Completed,90.4
EMP11085,2020-08-09,Project Management,8,Completed,77.0
EMP11086,2025-05-19,Cyber Security,8,No Show,
EMP11086,2025-05-11,Cyber Security,24,Completed,75.2
EMP11086,2025-12-01,Leadership Essentials,16,Completed,82.8
EMP11087,2022-08-18,Time Management,8,Completed,82.6
EMP11087,2021-09-11,Communication Skills,8,Completed,63.3
EMP11088,2023-07-29,Advanced Excel,16,Completed,98.7
EMP11088,2022-03-11,Customer Handling,8,Completed,90.8
EMP11088,2024-05-15,Advanced Excel,40,Completed,78.9
EMP11088,2024-01-09,Power BI Fundamentals,16,Completed,69.7
EMP11089,2023-03-25,Advanced Excel,16,Completed,89.2
EMP11089,2022-11-17,Power BI Fundamentals,16,Completed,60.8
EMP11089,2021-05-12,Cyber Security,16,Completed,100.0
EMP11089,2022-03-08,Advanced Excel,8,Completed,91.4
EMP11089,2022-08-24,Project Management,40,Completed,92.4
EMP11089,2023-11-18,Advanced Excel,16,Completed,67.7
EMP11092,2021-01-13,Project Management,4,Completed,58.0
EMP11092,2024-07-24,Project Management,24,Completed,98.3
EMP11092,2019-10-15,Customer Handling,24,Completed,65.4
EMP11093,2022-10-01,Data Analytics,40,Completed,90.0
EMP11093,2025-02-20,Communication Skills,16,Completed,78.4
EMP11096,2023-05-05,Customer Handling,16,Completed,55.9
EMP11096,2021-06-17,Leadership Essentials,4,Completed,85.5
EMP11098,2022-12-08,Advanced Excel,8,Completed,85.0
EMP11099,2026-06-16,Cyber Security,8,Completed,87.6
EMP11099,2026-02-23,Communication Skills,16,Completed,81.2
EMP11100,2024-02-28,CYBER SECURITY,16,Completed,55.5
EMP11101,2023-12-27,Advanced Excel,16,In Progress,
EMP11101,2020-11-28,Advanced Excel,8,Completed,94.6
EMP11102,2025-01-14,Data Analytics,16,Completed,55.8
EMP11102,2025-03-27,Power BI Fundamentals,4,Completed,100.0
EMP11103,2025-12-25,Customer Handling,24,Completed,78.4
EMP11103,2024-05-10,Time Management,4,Completed,89.2
EMP11104,2021-07-15,Sales Negotiation,16,Completed,90.6
EMP11105,2025-04-04,Advanced Excel,16,In Progress,
EMP11105,2022-09-18,Power BI Fundamentals,8,In Progress,
EMP11105,2024-06-24,Project Management,4,Completed,84.0
EMP11106,2022-12-27,Time Management,8,Completed,77.9
EMP11106,2026-02-04,Customer Handling,24,Completed,97.4
EMP11106,2023-02-05,Power BI Fundamentals,24,In Progress,
EMP11107,2023-11-24,Customer Handling,8,In Progress,
EMP11107,2022-06-30,Time Management,24,Completed,91.0
EMP11107,2022-11-11,Advanced Excel,4,In Progress,
EMP11107,2020-03-16,Leadership Essentials,24,Completed,91.4
EMP11107,2020-05-16,Data Analytics,8,Completed,96.8
EMP11107,2021-03-24,Project Management,16,Completed,89.7
EMP11108,2024-05-12,Cyber Security,24,Completed,76.6
EMP11109,2020-08-09,Data Analytics,16,Completed,96.1
EMP11109,2021-11-14,Project Management,8,In Progress,
EMP11109,2021-01-14,Power BI Fundamentals,4,Cancelled,
EMP11109,2025-04-01,Power BI Fundamentals,8,In Progress,
EMP11109,2023-06-06,Time Management,16,In Progress,
EMP11111,2021-01-06,Cyber Security,16,Completed,100.0
EMP11111,2019-10-08,Sales Negotiation,16,Completed,94.3
EMP11112,2024-03-09,Time Management,40,Completed,66.8
EMP11116,2025-12-04,Data Analytics,16,Completed,80.5
EMP11117,2024-12-12,Customer Handling,16,Completed,75.1
EMP11117,2022-12-22,Leadership Essentials,8,In Progress,
EMP11117,2022-11-30,Power BI Fundamentals,4,Completed,59.1
EMP11117,2023-02-23,Data Analytics,8,Completed,92.2
EMP11120,2025-05-24,Data Analytics,24,Completed,100.0
EMP11122,2025-07-15,Data Analytics,4,Completed,77.7
EMP11123,2024-11-05,Cyber Security,8,Completed,93.4
EMP11123,2020-08-15,Time Management,16,Completed,88.9
EMP11124,2024-09-27,Customer Handling,24,Completed,92.0
EMP11124,2025-07-20,Leadership Essentials,16,In Progress,
EMP11125,2026-05-22,Project Management,8,In Progress,
EMP11126,2026-01-11,Communication Skills,16,No Show,
EMP11126,2025-12-07,Time Management,16,Completed,76.5
EMP11128,2025-04-03,Cyber Security,16,Completed,72.8
EMP11130,2024-07-10,Sales Negotiation,8,No Show,
EMP11131,2023-10-01,Data Analytics,16,Completed,96.2
EMP11131,2024-03-04,Sales Negotiation,24,In Progress,
EMP11132,2020-11-22,Project Management,24,Completed,86.0
EMP11133,2021-11-08,Sales Negotiation,24,Completed,66.7
EMP11135,2023-06-09,Power BI Fundamentals,16,Completed,67.9
EMP11136,2021-08-19,Customer Handling,8,Completed,86.4
EMP11136,2023-03-16,Customer Handling,16,In Progress,
EMP11136,2024-03-30,Cyber Security,16,Completed,90.7
EMP11137,2021-04-19,Power BI Fundamentals,8,Completed,82.8
EMP11137,2023-07-11,Communication Skills,24,Completed,81.1
EMP11138,2023-05-01,Customer Handling,4,Completed,85.0
EMP11138,2025-02-19,Advanced Excel,8,Cancelled,
EMP11140,2023-12-25,Customer Handling,24,Completed,67.1
EMP11140,2026-06-04,Cyber Security,24,Completed,88.4
EMP11140,2025-04-26,Project Management,8,In Progress,
EMP11143,2020-11-14,Advanced Excel,16,No Show,
EMP11143,2022-10-20,Advanced Excel,40,In Progress,
EMP11144,2026-06-06,Advanced Excel,16,Completed,89.2
EMP11145,2019-11-30,Communication Skills,8,Completed,59.3
EMP11145,2023-07-02,Advanced Excel,8,In Progress,
EMP11145,2021-12-07,Data Analytics,8,Completed,92.7
EMP11145,2023-04-26,Time Management,4,Completed,65.7
EMP11151,2023-10-08,Leadership Essentials,16,Completed,98.4
EMP11151,2021-04-11,Advanced Excel,16,Completed,79.7
EMP11151,2024-03-27,Customer Handling,24,No Show,
EMP11151,2023-11-26,Power BI Fundamentals,4,Completed,93.1
EMP11153,2025-02-19,Sales Negotiation,4,Completed,72.7
EMP11153,2024-06-23,Leadership Essentials,40,Completed,86.2
EMP11153,2021-12-22,Cyber Security,16,Completed,79.6
EMP11153,2024-10-15,Power BI Fundamentals,24,Completed,84.7
EMP11153,2022-10-29,Data Analytics,4,Completed,66.3
EMP11153,2022-10-09,Sales Negotiation,4,Completed,86.6
EMP11154,2023-02-22,Sales Negotiation,8,Completed,84.5
EMP11158,2023-12-14,Power BI Fundamentals,8,Completed,83.1
EMP11158,2023-01-06,Power BI Fundamentals,24,In Progress,
EMP11158,2025-05-18,Advanced Excel,40,Completed,61.2
EMP11158,2023-01-25,Cyber Security,16,Completed,71.0
EMP11158,2023-09-28,Leadership Essentials,16,Completed,65.9
EMP11158,2023-09-10,Time Management,4,Completed,100.0
EMP11160,2021-02-26,Communication Skills,24,Completed,72.4
EMP11160,2020-06-09,Leadership Essentials,16,Completed,82.6
EMP11160,2021-01-30,Cyber Security,8,Completed,66.5
EMP11160,2024-03-07,Power BI Fundamentals,8,No Show,
EMP11161,2021-12-19,Project Management,24,Cancelled,
EMP11161,2024-09-26,Communication Skills,8,Completed,96.3
EMP11161,2024-07-28,Power BI Fundamentals,40,Cancelled,
EMP11164,2025-04-23,Time Management,24,Completed,100.0
EMP11165,2023-01-04,Leadership Essentials,40,Cancelled,
EMP11165,2020-01-30,Time Management,24,No Show,
EMP11166,2025-09-10,Sales Negotiation,8,Completed,80.8
EMP11167,2020-01-23,Data Analytics,8,Completed,82.0
EMP11168,2024-03-03,Power BI Fundamentals,8,Completed,81.2
EMP11169,2021-07-29,Communication Skills,16,Completed,66.9
EMP11169,2019-08-02,Data Analytics,8,Completed,66.4
EMP11169,2021-08-07,Advanced Excel,16,Completed,54.6
EMP11169,2023-10-22,Project Management,4,Completed,59.1
EMP11169,2022-11-03,Data Analytics,40,Completed,66.9
EMP11170,2024-12-18,Power BI Fundamentals,16,In Progress,
EMP11172,2021-09-10,Project Management,24,Completed,90.5
EMP11173,2025-04-08,Leadership Essentials,16,Completed,66.5
EMP11173,2025-03-01,Cyber Security,40,No Show,
EMP11173,2024-12-09,Sales Negotiation,4,In Progress,
EMP11174,2025-08-14,Cyber Security,16,In Progress,
EMP11174,2026-02-15,Data Analytics,8,In Progress,
EMP11175,2026-06-28,Project Management,24,Completed,92.5
EMP11176,2025-12-15,Advanced Excel,8,In Progress,
EMP11177,2025-05-11,Project Management,8,In Progress,
EMP11177,2024-10-01,Communication Skills,24,Completed,73.8
EMP11177,2022-12-10,POWER BI FUNDAMENTALS,40,In Progress,
EMP11178,2023-05-04,Advanced Excel,4,Completed,84.1
EMP11178,2023-07-22,Customer Handling,16,Completed,60.6
EMP11178,2024-02-04,Customer Handling,16,Completed,66.7
EMP11179,2022-08-05,Sales Negotiation,4,Completed,79.3
EMP11179,2023-01-19,Customer Handling,8,Completed,74.5
EMP11179,2026-02-19,Customer Handling,40,Completed,71.7
EMP11182,2021-02-05,Communication Skills,24,Completed,98.3
EMP11182,2021-06-25,Leadership Essentials,8,Completed,65.3
EMP11182,2025-05-03,Time Management,24,Completed,75.7
EMP11182,2024-03-16,Cyber Security,24,Completed,74.0
EMP11183,2024-10-30,Communication Skills,8,No Show,
EMP11183,2024-12-28,Customer Handling,8,Completed,63.9
EMP11183,2025-05-16,Power BI Fundamentals,8,Completed,69.4
EMP11183,2025-01-01,Leadership Essentials,4,Completed,80.2
EMP11185,2021-02-07,Sales Negotiation,24,Completed,69.8
EMP11185,2025-09-09,Time Management,16,Completed,80.0
EMP11185,2024-08-06,Sales Negotiation,16,Completed,75.6
EMP11186,2022-06-21,Leadership Essentials,4,In Progress,
EMP11186,2023-01-17,Project Management,16,Completed,70.9
EMP11187,2025-08-07,Leadership Essentials,40,Completed,81.2
EMP11188,2024-01-07,Time Management,24,In Progress,
EMP11188,2025-11-15,Sales Negotiation,8,Completed,87.3
EMP11188,2022-09-26,Project Management,8,Completed,77.7
EMP11189,2020-10-22,Customer Handling,24,Completed,83.9
EMP11189,2021-09-09,Project Management,40,Completed,85.8
EMP11189,2024-05-06,Advanced Excel,16,Completed,75.7
EMP11189,2023-11-02,Leadership Essentials,16,No Show,
EMP11191,2024-11-27,Project Management,40,Completed,58.1
EMP11191,2025-07-23,Data Analytics,8,In Progress,
EMP11192,2026-05-06,Cyber Security,8,In Progress,
EMP11192,2024-09-27,Project Management,8,Completed,78.7
EMP11192,2024-03-17,Leadership Essentials,40,Completed,61.4
EMP11192,2025-10-08,Advanced Excel,16,In Progress,
EMP11192,2024-10-07,Cyber Security,40,Completed,88.0
EMP11193,2023-12-02,Sales Negotiation,8,Completed,70.8
EMP11195,2025-10-01,Communication Skills,4,Completed,90.1
EMP11195,2022-12-25,Advanced Excel,4,Completed,85.8
EMP11195,2025-08-25,Power BI Fundamentals,16,Completed,71.7
EMP11196,2022-11-26,Power BI Fundamentals,8,Completed,67.5
EMP11196,2023-05-22,Data Analytics,8,Completed,76.3
EMP11196,2021-01-01,Cyber Security,16,Cancelled,
EMP11198,2022-02-16,Advanced Excel,24,Completed,69.1
EMP11199,2026-04-21,Sales Negotiation,8,Completed,70.0
EMP11199,2022-11-02,Leadership Essentials,8,Completed,73.3
EMP11199,2023-07-22,Data Analytics,16,Completed,84.5
EMP11201,2026-02-26,Customer Handling,8,Completed,78.9
EMP11203,2025-07-31,Communication Skills,8,Completed,78.1
EMP11203,2025-05-07,Sales Negotiation,8,Completed,94.7
EMP11205,2023-11-27,Cyber Security,16,Completed,91.4
EMP11205,2025-11-19,Project Management,16,Completed,100.0
EMP11205,2022-10-28,Customer Handling,24,Completed,68.0
EMP11206,2023-04-14,Project Management,24,Cancelled,
EMP11206,2022-10-27,Cyber Security,24,Completed,100.0
EMP11206,2023-04-09,Data Analytics,8,Completed,72.1
EMP11206,2024-04-07,Power BI Fundamentals,24,In Progress,
EMP11206,2021-09-07,Customer Handling,16,Cancelled,
EMP11206,2022-02-16,Advanced Excel,8,Completed,79.2
EMP11206,2024-08-01,Sales Negotiation,16,Completed,71.6
EMP11206,2022-09-18,Sales Negotiation,4,Completed,61.9
EMP11207,2021-03-20,Data Analytics,24,Completed,50.7
EMP11207,2022-10-01,Data Analytics,8,No Show,
EMP11207,2022-01-11,Project Management,16,Completed,40.9
EMP11208,2026-04-20,Cyber Security,24,Completed,80.0
EMP11209,2025-08-21,Leadership Essentials,4,Cancelled,
EMP11210,2024-04-11,Project Management,8,Completed,65.9
EMP11210,2025-08-30,Communication Skills,24,Completed,97.7
EMP11212,2019-09-05,Advanced Excel,16,Completed,83.4
EMP11212,2020-03-13,Communication Skills,40,Completed,82.7
EMP11214,2022-03-24,Customer Handling,8,Completed,71.5
EMP11214,2024-10-15,Leadership Essentials,4,Cancelled,
EMP11214,2023-06-09,Data Analytics,24,Completed,88.8
EMP11214,2024-02-23,Cyber Security,4,Completed,90.6
EMP11214,2023-03-09,Cyber Security,16,Completed,81.4
EMP11214,2022-06-20,Project Management,40,Completed,83.8
EMP11214,2020-12-11,Leadership Essentials,8,Completed,83.6
EMP11214,2025-05-23,Data Analytics,16,Completed,50.8
EMP11214,2024-06-23,Communication Skills,8,In Progress,
EMP11214,2021-11-13,Sales Negotiation,4,Completed,69.7
EMP11217,2022-07-30,Customer Handling,16,Completed,78.1
EMP11217,2021-11-16,Advanced Excel,40,Completed,91.5
EMP11217,2024-09-09,CYBER SECURITY,24,In Progress,
EMP11218,2026-04-15,Sales Negotiation,24,In Progress,
EMP11220,2021-06-07,Power BI Fundamentals,16,Completed,77.1
EMP11220,2024-11-07,Sales Negotiation,16,Completed,81.8
EMP11220,2022-09-23,Data Analytics,16,Completed,68.3
EMP11220,2024-08-22,Project Management,8,Completed,73.7
EMP11222,2024-08-21,Cyber Security,4,Completed,84.1
EMP11222,2023-08-13,Power BI Fundamentals,24,Completed,87.5
EMP11222,2020-11-20,Cyber Security,24,Completed,90.7
EMP11222,2023-08-15,Data Analytics,4,Completed,57.8
EMP11223,2025-11-17,Advanced Excel,24,Completed,72.6
EMP11223,2025-06-28,Advanced Excel,16,In Progress,
EMP11223,2024-08-21,Leadership Essentials,8,Completed,88.6
EMP11223,2025-11-07,Data Analytics,16,Completed,73.8
EMP11223,2024-07-07,Data Analytics,16,Completed,67.4
EMP11223,2026-03-30,Project Management,8,Completed,77.4
EMP11226,2026-05-12,Power BI Fundamentals,8,No Show,
EMP11226,2026-05-04,Leadership Essentials,24,Completed,79.8
EMP11226,2026-01-20,Communication Skills,24,Completed,72.7
EMP11227,2021-11-06,Leadership Essentials,4,Completed,57.3
EMP11228,2023-08-15,Project Management,16,Completed,98.3
EMP11228,2023-06-22,Cyber Security,4,In Progress,
EMP11229,2025-05-25,Time Management,8,Completed,86.2
EMP11229,2022-08-27,Leadership Essentials,24,In Progress,
EMP11229,2023-03-23,Cyber Security,24,Completed,58.2
EMP11229,2021-10-01,Sales Negotiation,40,In Progress,
EMP11230,2022-03-19,Customer Handling,8,Completed,80.2
EMP11230,2022-06-27,Customer Handling,16,Completed,70.2
EMP11230,2023-01-12,Sales Negotiation,4,Completed,70.4
EMP11230,2024-12-03,Advanced Excel,40,Completed,90.1
EMP11230,2023-07-08,Cyber Security,8,Completed,82.1
EMP11232,2020-09-15,Communication Skills,8,Completed,78.3
EMP11232,2024-01-16,Time Management,4,In Progress,
EMP11232,2023-12-18,Data Analytics,16,In Progress,
EMP11233,2025-01-16,Power BI Fundamentals,40,Completed,55.0
EMP11235,2024-01-12,Data Analytics,8,Cancelled,
EMP11235,2023-07-24,Communication Skills,16,Completed,83.2
EMP11236,2024-05-23,Customer Handling,4,Completed,85.7
EMP11236,2019-08-24,Advanced Excel,8,Completed,66.5
EMP11236,2022-10-11,Customer Handling,8,Completed,81.2
EMP11238,2025-07-03,Communication Skills,8,In Progress,
EMP11241,2025-11-29,Cyber Security,24,Cancelled,
EMP11242,2024-02-22,Communication Skills,8,No Show,
EMP11242,2023-02-26,Sales Negotiation,8,In Progress,
EMP11242,2020-03-12,Advanced Excel,24,Completed,85.4
EMP11243,2024-07-14,Power BI Fundamentals,8,Completed,84.2
EMP11243,2025-02-24,Time Management,24,Completed,70.7
EMP11243,2025-08-06,Data Analytics,4,In Progress,
EMP11243,2021-09-03,Communication Skills,16,No Show,
EMP11243,2023-09-07,Time Management,4,Completed,98.4
EMP11243,2026-05-07,Data Analytics,24,Completed,71.8
EMP11244,2024-06-29,Communication Skills,24,Completed,76.8
EMP11244,2024-03-08,Advanced Excel,16,No Show,
EMP11244,2023-11-02,Data Analytics,8,Completed,57.7
EMP11244,2025-08-16,Cyber Security,16,Completed,79.3
EMP11245,2026-02-11,Leadership Essentials,16,Completed,75.2
EMP11246,2023-06-21,Customer Handling,40,Completed,75.5
EMP11246,2024-09-08,Communication Skills,16,Completed,63.8
EMP11248,2025-09-12,Data Analytics,4,No Show,
EMP11249,2025-04-13,Cyber Security,16,Completed,85.6
EMP11249,2022-05-04,Leadership Essentials,16,Completed,80.2
EMP11249,2024-08-04,Time Management,16,Completed,64.6
EMP11249,2023-11-22,Communication Skills,16,Completed,72.4
EMP11249,2024-09-22,Advanced Excel,16,Completed,86.7
EMP11249,2023-10-26,Leadership Essentials,8,Cancelled,
EMP11249,2022-09-28,Cyber Security,8,Completed,81.7
EMP11249,2026-01-27,Cyber Security,24,In Progress,
EMP11250,2026-04-29,Power BI Fundamentals,4,Completed,89.2
EMP11251,2024-08-30,Customer Handling,16,Completed,64.4
EMP11251,2026-02-11,Communication Skills,24,Completed,87.1
EMP11251,2024-10-24,COMMUNICATION SKILLS,4,Completed,76.1
EMP11251,2025-03-23,Project Management,16,Completed,67.7
EMP11253,2023-05-03,Cyber Security,8,In Progress,
EMP11253,2021-05-16,Sales Negotiation,40,In Progress,
EMP11253,2022-09-25,Leadership Essentials,4,Completed,83.5
EMP11254,2021-01-23,Power BI Fundamentals,8,Completed,62.5
EMP11254,2024-03-26,Cyber Security,4,Completed,65.5
EMP11255,2023-01-05,Leadership Essentials,40,Completed,87.5
EMP11255,2022-01-06,Customer Handling,16,Completed,68.0
EMP11255,2020-06-18,Advanced Excel,16,Completed,76.7
EMP11255,2023-08-24,Customer Handling,8,Completed,67.3
EMP11255,2023-08-05,Project Management,24,Completed,67.0
EMP11256,2024-10-08,Customer Handling,16,Completed,79.3
EMP11256,2022-05-06,Project Management,40,Cancelled,
EMP11256,2024-02-21,Cyber Security,4,Completed,61.2
EMP11256,2023-05-28,Communication Skills,4,Completed,86.7
EMP11256,2023-11-04,Project Management,16,Completed,77.3
EMP11256,2022-09-03,Leadership Essentials,4,Completed,84.0
EMP11259,2024-12-12,Data Analytics,16,Completed,78.8
EMP11260,2023-06-15,Leadership Essentials,24,Cancelled,
EMP11261,2023-02-15,Leadership Essentials,8,Completed,83.7
EMP11261,2024-06-29,Leadership Essentials,8,Completed,82.0
EMP11261,2022-07-31,Project Management,8,Completed,72.8
EMP11262,2025-06-25,Communication Skills,16,Completed,79.8
EMP11262,2026-04-23,Customer Handling,24,In Progress,
EMP11263,2025-07-16,Sales Negotiation,24,Completed,76.5
EMP11263,2025-11-19,Customer Handling,40,Completed,82.4
EMP11264,2024-07-11,Time Management,16,Completed,79.4
EMP11265,2021-09-30,Advanced Excel,16,Completed,75.4
EMP11266,2023-06-07,Cyber Security,16,Cancelled,
EMP11267,2026-06-01,Data Analytics,8,Completed,83.8
EMP11267,2025-03-20,Customer Handling,8,Completed,86.9
EMP11268,2023-12-09,Sales Negotiation,8,Completed,68.3
EMP11268,2024-08-13,Project Management,8,Completed,96.6
EMP11268,2020-09-09,Project Management,4,In Progress,
EMP11269,2026-04-21,Customer Handling,4,Completed,81.9
EMP11269,2024-10-09,Advanced Excel,4,Completed,82.8
EMP11269,2024-05-19,Advanced Excel,16,Completed,77.4
EMP11270,2022-12-02,Leadership Essentials,16,Completed,59.8
EMP11270,2024-06-21,Power BI Fundamentals,4,Completed,83.0
EMP11270,2020-07-31,Data Analytics,4,Cancelled,
EMP11271,2023-11-06,Project Management,40,In Progress,
EMP11271,2019-08-13,Project Management,24,Completed,73.3
EMP11271,2024-02-07,Project Management,24,Completed,59.8
EMP11272,2020-09-28,Time Management,8,Cancelled,
EMP11272,2021-10-09,Power BI Fundamentals,8,Completed,64.1
EMP11272,2021-11-25,Time Management,8,Cancelled,
EMP11273,2021-12-15,Project Management,16,Completed,65.9
EMP11273,2021-12-05,Communication Skills,24,Completed,89.4
EMP11273,2021-11-26,Customer Handling,4,Completed,69.7
EMP11274,2026-05-04,Communication Skills,4,Completed,81.4
EMP11274,2024-09-01,Time Management,16,Completed,86.3
EMP11274,2025-06-15,Cyber Security,8,Completed,87.0
EMP11276,2024-04-19,Advanced Excel,4,Completed,70.1
EMP11276,2024-11-24,Advanced Excel,16,Completed,78.5
EMP11276,2025-08-27,Data Analytics,16,In Progress,
EMP11277,2024-07-14,Time Management,8,Completed,79.6
EMP11277,2026-05-12,Advanced Excel,16,In Progress,
EMP11277,2025-09-10,Leadership Essentials,8,Completed,83.3
EMP11277,2023-07-12,Time Management,16,In Progress,
EMP11277,2022-11-30,Communication Skills,8,Completed,75.3
EMP11278,2023-07-29,Communication Skills,16,Completed,67.3
EMP11278,2024-04-17,Sales Negotiation,4,Completed,60.8
EMP11281,2025-03-05,Advanced Excel,4,Cancelled,
EMP11282,2023-03-26,Advanced Excel,16,No Show,
EMP11282,2024-01-31,Power BI Fundamentals,24,Completed,78.8
EMP11283,2023-01-24,Time Management,16,Completed,86.5
EMP11284,2022-10-06,Project Management,8,Completed,81.5
EMP11288,2023-11-12,Customer Handling,8,In Progress,
EMP11288,2023-11-18,Sales Negotiation,24,Completed,99.1
EMP11288,2023-07-21,Communication Skills,8,Completed,61.1
EMP11289,2020-05-23,Power BI Fundamentals,24,Completed,77.1
EMP11289,2020-02-29,Data Analytics,16,Completed,72.5
EMP11289,2024-10-27,Leadership Essentials,4,Completed,84.7
EMP11290,2024-03-27,Data Analytics,16,Completed,86.4
EMP11290,2025-09-18,Communication Skills,16,Completed,79.5
EMP11291,2024-07-29,Cyber Security,24,Completed,88.7
EMP11292,2025-07-09,Power BI Fundamentals,16,No Show,
EMP11293,2025-06-17,Customer Handling,24,Completed,73.5
EMP11294,2024-01-28,Power BI Fundamentals,4,Completed,79.8
EMP11294,2026-06-02,Project Management,8,Completed,79.1
EMP11296,2020-11-13,Project Management,24,Completed,79.7
EMP11296,2023-10-13,Sales Negotiation,4,Completed,70.0
EMP11296,2023-09-23,Advanced Excel,8,Completed,79.5
EMP11296,2022-12-30,Cyber Security,4,Completed,87.5
EMP11296,2021-04-08,Advanced Excel,4,Completed,78.9
EMP11296,2022-04-18,Sales Negotiation,8,Completed,100.0
EMP11297,2023-08-22,Cyber Security,40,Cancelled,
EMP11297,2023-12-01,Power BI Fundamentals,8,Completed,84.3
EMP11300,2023-12-20,Power BI Fundamentals,16,Completed,88.8
EMP11300,2023-08-23,Leadership Essentials,8,Completed,76.4
EMP11301,2023-10-21,Data Analytics,8,No Show,
EMP11301,2023-12-31,Time Management,24,Cancelled,
EMP11304,2022-06-25,Customer Handling,8,Completed,92.7
EMP11304,2023-03-19,Data Analytics,24,Completed,65.1
EMP11304,2022-02-24,Customer Handling,4,Completed,74.7
EMP11306,2022-10-13,Leadership Essentials,4,In Progress,
EMP11306,2024-03-31,Time Management,8,Completed,69.8
EMP11307,2020-01-09,Leadership Essentials,16,Completed,90.7
EMP11307,2020-07-10,Communication Skills,24,Completed,77.7
EMP11308,2024-09-11,Cyber Security,8,Completed,65.6
EMP11308,2022-06-24,Sales Negotiation,40,In Progress,
EMP11308,2022-03-07,Power BI Fundamentals,16,Completed,80.7
EMP11308,2023-12-03,Power BI Fundamentals,16,In Progress,
EMP11310,2025-06-29,Advanced Excel,16,In Progress,
EMP11310,2025-09-27,Data Analytics,16,In Progress,
EMP11310,2026-02-14,Sales Negotiation,40,Completed,89.7
EMP11310,2026-04-13,Power BI Fundamentals,8,Completed,73.8
EMP11311,2025-11-25,Cyber Security,8,In Progress,
EMP11312,2024-04-28,Power BI Fundamentals,16,Cancelled,
EMP11312,2020-12-01,CYBER SECURITY,16,Completed,71.5
EMP11313,2025-08-24,Cyber Security,8,In Progress,
EMP11313,2026-02-17,Time Management,16,Completed,52.9
EMP11313,2026-01-31,Customer Handling,16,Cancelled,
EMP11313,2024-02-03,Communication Skills,4,Completed,100.0
EMP11314,2023-04-10,Data Analytics,8,Completed,58.5
EMP11315,2026-01-01,Leadership Essentials,24,Cancelled,
EMP11316,2023-09-20,Data Analytics,4,Completed,64.7
EMP11316,2024-01-30,Time Management,4,Completed,79.5
EMP11321,2021-01-14,Communication Skills,8,Completed,61.4
EMP11321,2020-12-29,Time Management,16,Completed,82.0
EMP11321,2021-10-24,Leadership Essentials,8,Completed,91.4
EMP11321,2023-10-14,Power BI Fundamentals,24,Completed,80.8
EMP11322,2020-10-23,Sales Negotiation,40,Completed,85.9
EMP11322,2019-12-26,Power BI Fundamentals,24,In Progress,
EMP11324,2025-05-11,Power BI Fundamentals,8,Completed,70.2
EMP11325,2020-09-04,Customer Handling,24,Completed,76.7
EMP11325,2021-12-23,Customer Handling,8,Completed,50.0
EMP11325,2021-02-17,Communication Skills,24,Completed,89.1
EMP11325,2023-05-22,Customer Handling,8,Completed,79.5
EMP11326,2024-04-24,Customer Handling,24,Completed,78.4
EMP11326,2023-05-12,Power BI Fundamentals,8,Completed,68.3
EMP11326,2023-07-01,Advanced Excel,8,Completed,43.1
EMP11329,2023-10-09,Data Analytics,16,Cancelled,
EMP11329,2021-10-25,Communication Skills,4,Completed,60.5
EMP11330,2024-10-14,Leadership Essentials,4,Completed,68.3
EMP11330,2023-10-31,Power BI Fundamentals,16,In Progress,
EMP11330,2024-12-02,Communication Skills,4,Completed,96.0
EMP11331,2023-08-17,Customer Handling,8,Completed,84.7
EMP11331,2023-10-19,Leadership Essentials,8,Completed,71.0
EMP11331,2024-03-13,Data Analytics,16,In Progress,
EMP11333,2025-04-04,Customer Handling,24,Completed,68.5
EMP11334,2021-09-16,Data Analytics,8,Completed,75.0
EMP11334,2022-03-16,CUSTOMER HANDLING,16,Completed,79.6
EMP11334,2025-12-28,Leadership Essentials,16,In Progress,
EMP11336,2023-07-02,Communication Skills,16,Completed,68.1
EMP11336,2024-05-17,Communication Skills,8,Completed,73.6
EMP11336,2024-01-06,Power BI Fundamentals,16,Completed,56.5
EMP11336,2025-07-21,Advanced Excel,40,Completed,90.6
EMP11337,2026-02-28,Leadership Essentials,8,Completed,81.4
EMP11338,2024-01-18,Project Management,8,In Progress,
EMP11339,2024-02-10,Time Management,24,Completed,85.6
EMP11339,2022-07-10,Project Management,24,Completed,60.8
EMP11339,2023-08-27,Project Management,8,In Progress,
EMP11339,2022-08-03,Advanced Excel,4,Completed,85.1
EMP11342,2025-12-19,Power BI Fundamentals,8,In Progress,
EMP11342,2022-12-25,Customer Handling,4,Completed,98.1
EMP11343,2024-08-19,Data Analytics,8,Completed,69.2
EMP11343,2026-02-08,Cyber Security,8,Completed,62.6
EMP11344,2020-06-01,Time Management,8,Completed,89.0
EMP11344,2022-10-24,Customer Handling,16,Completed,66.0
EMP11344,2022-09-12,Project Management,24,Completed,84.0
EMP11346,2023-08-07,Leadership Essentials,4,Completed,85.6
EMP11346,2025-05-14,Leadership Essentials,8,Completed,92.5
EMP11346,2024-10-13,Project Management,24,Completed,86.8
EMP11347,2024-10-19,Communication Skills,4,No Show,
EMP11348,2026-01-06,Customer Handling,16,In Progress,
EMP11350,2025-07-13,Data Analytics,4,Completed,61.1
EMP11351,2023-05-13,Customer Handling,16,Completed,90.8
EMP11351,2024-09-08,Leadership Essentials,40,Completed,81.7
EMP11351,2024-07-07,Power BI Fundamentals,8,Completed,100.0
EMP11352,2024-09-07,Time Management,16,Completed,99.6
EMP11352,2025-08-17,Advanced Excel,16,Completed,63.0
EMP11353,2023-05-22,Cyber Security,4,Completed,99.4
EMP11353,2021-02-04,Customer Handling,16,Completed,92.4
EMP11353,2022-08-16,Time Management,16,Completed,74.4
EMP11353,2025-01-04,Power BI Fundamentals,40,Completed,98.7
EMP11353,2021-03-24,Communication Skills,24,Completed,82.8
EMP11354,2024-08-04,Sales Negotiation,8,Cancelled,
EMP11355,2025-06-13,Communication Skills,16,Completed,66.9
EMP11355,2026-05-12,Project Management,24,Completed,51.4
EMP11355,2023-04-18,Customer Handling,16,Completed,84.7
EMP11355,2025-07-19,Communication Skills,40,In Progress,
EMP11355,2025-11-13,Time Management,16,Completed,68.5
EMP11355,2024-06-30,Cyber Security,24,Completed,68.1
EMP11356,2026-03-28,Data Analytics,16,In Progress,
EMP11357,2025-12-05,Sales Negotiation,40,Completed,88.8
EMP11357,2022-01-03,Communication Skills,16,Completed,75.2
EMP11357,2025-08-09,Cyber Security,24,Completed,74.9
EMP11358,2024-11-25,Project Management,40,In Progress,
EMP11359,2024-08-08,Data Analytics,8,Completed,74.0
EMP11361,2025-12-25,Sales Negotiation,24,Completed,70.4
EMP11361,2024-03-15,Advanced Excel,24,Completed,73.7
EMP11361,2025-05-07,Sales Negotiation,16,Completed,94.3
EMP11364,2025-11-05,Data Analytics,16,No Show,
EMP11364,2024-01-01,Sales Negotiation,40,Completed,53.7
EMP11365,2020-05-20,Data Analytics,40,Completed,73.6
EMP11366,2026-03-31,Data Analytics,16,Completed,86.8
EMP11366,2026-05-17,Communication Skills,16,Completed,71.6
EMP11367,2024-01-05,Time Management,16,Completed,77.6
EMP11368,2022-04-29,Sales Negotiation,8,Completed,74.9
EMP11368,2024-03-19,Data Analytics,16,Cancelled,
EMP11368,2024-03-11,Customer Handling,16,Completed,56.7
EMP11368,2021-10-06,Leadership Essentials,4,In Progress,
EMP11368,2024-02-14,Customer Handling,24,Completed,74.6
EMP11369,2024-10-24,Data Analytics,4,Completed,69.5
EMP11370,2021-09-15,Data Analytics,24,Cancelled,
EMP11370,2024-06-12,Cyber Security,16,Completed,67.8
EMP11371,2024-01-25,Time Management,8,Completed,88.0
EMP11371,2025-05-21,Communication Skills,40,Completed,89.3
EMP11371,2022-12-26,Advanced Excel,16,In Progress,
EMP11372,2022-02-12,Data Analytics,4,Completed,49.0
EMP11373,2024-05-30,Advanced Excel,8,Completed,71.2
EMP11373,2021-09-24,Cyber Security,40,In Progress,
EMP11373,2025-10-31,Communication Skills,8,Completed,100.0
EMP11373,2025-11-07,Sales Negotiation,16,Completed,57.5
EMP11374,2026-06-21,Cyber Security,8,Completed,81.0
EMP11374,2022-09-23,Advanced Excel,24,Completed,63.1
EMP11374,2024-03-07,Power BI Fundamentals,40,Completed,73.3
EMP11374,2023-05-30,Data Analytics,16,In Progress,
EMP11375,2025-12-12,Leadership Essentials,4,Completed,61.7
EMP11375,2026-01-15,Time Management,16,In Progress,
EMP11376,2021-09-13,Advanced Excel,24,Completed,93.3
EMP11377,2025-07-22,Cyber Security,8,Cancelled,
EMP11379,2019-07-16,Cyber Security,24,Completed,61.4
EMP11379,2023-08-11,Leadership Essentials,24,Completed,65.1
EMP11379,2019-10-04,Advanced Excel,8,Completed,76.6
EMP11379,2020-01-23,Leadership Essentials,16,In Progress,
EMP11380,2026-03-16,Leadership Essentials,24,Completed,59.4
EMP11381,2019-07-06,Data Analytics,16,Completed,71.9
EMP11381,2023-05-29,Communication Skills,16,Completed,72.2
EMP11381,2020-03-27,Advanced Excel,16,Completed,84.5
EMP11381,2019-06-05,Customer Handling,16,In Progress,
EMP11383,2022-07-02,Data Analytics,8,In Progress,
EMP11383,2024-04-08,Time Management,40,Completed,65.1
EMP11383,2021-12-05,Leadership Essentials,16,No Show,
EMP11384,2023-03-06,Leadership Essentials,8,Completed,80.7
EMP11384,2026-05-11,Advanced Excel,4,Completed,74.0
EMP11385,2026-02-28,Power BI Fundamentals,16,In Progress,
EMP11386,2023-12-12,Project Management,16,Completed,43.7
EMP11389,2026-03-25,Advanced Excel,8,Completed,69.9
EMP11389,2025-07-13,Communication Skills,24,Cancelled,
EMP11390,2022-12-15,Data Analytics,8,Completed,88.1
EMP11390,2022-07-15,Sales Negotiation,4,Completed,78.1
EMP11392,2022-03-19,Time Management,24,Completed,98.7
EMP11392,2022-11-18,Sales Negotiation,24,In Progress,
EMP11394,2020-12-09,Data Analytics,24,Completed,75.9
EMP11394,2021-01-22,Customer Handling,8,Completed,69.0
EMP11394,2023-08-10,Project Management,8,Completed,75.3
EMP11396,2024-05-06,Sales Negotiation,40,Completed,78.6
EMP11397,2022-01-17,Data Analytics,40,No Show,
EMP11398,2022-12-15,Communication Skills,40,Completed,67.6
EMP11398,2023-08-24,Leadership Essentials,24,No Show,
EMP11398,2023-02-14,Power BI Fundamentals,8,Completed,65.0
EMP11398,2026-01-14,Customer Handling,24,Cancelled,
EMP11398,2021-05-24,Power BI Fundamentals,4,In Progress,
EMP11398,2022-07-13,Advanced Excel,24,Completed,78.0
EMP11399,2025-12-25,Leadership Essentials,40,Completed,89.6
EMP11399,2024-03-04,Leadership Essentials,16,Completed,73.8
EMP11401,2024-09-02,Advanced Excel,16,Completed,83.7
EMP11402,2025-02-24,Power BI Fundamentals,16,Completed,87.7
EMP11402,2023-04-23,Customer Handling,8,Completed,69.2
EMP11403,2026-02-28,Advanced Excel,8,Cancelled,
EMP11403,2025-05-21,Power BI Fundamentals,4,No Show,
EMP11404,2022-09-18,Cyber Security,4,Completed,86.3
EMP11405,2023-05-13,Data Analytics,8,Completed,90.8
EMP11407,2025-08-24,Leadership Essentials,16,Completed,95.9
EMP11407,2022-12-08,Communication Skills,16,In Progress,
EMP11408,2025-02-09,Leadership Essentials,4,In Progress,
EMP11409,2023-09-02,Communication Skills,16,Completed,64.5
EMP11410,2024-11-08,Cyber Security,24,Completed,62.9
EMP11411,2020-01-05,Cyber Security,8,Completed,77.2
EMP11411,2019-09-11,Data Analytics,40,No Show,
EMP11414,2022-08-19,Project Management,16,In Progress,
EMP11415,2021-01-01,Customer Handling,8,Completed,90.1
EMP11415,2022-11-04,Communication Skills,16,In Progress,
EMP11415,2020-12-17,Cyber Security,4,Completed,84.7
EMP11415,2021-09-01,Advanced Excel,24,Completed,76.0
EMP11416,2025-09-21,Sales Negotiation,16,Completed,77.2
EMP11418,2022-10-31,Data Analytics,16,Completed,49.0
EMP11418,2022-07-16,Advanced Excel,16,In Progress,
EMP11422,2025-11-15,Communication Skills,8,Completed,68.0
EMP11423,2025-12-05,Advanced Excel,16,Completed,84.3
EMP11424,2024-11-25,Customer Handling,24,Completed,86.8
EMP11424,2025-02-10,Project Management,40,Completed,65.1
EMP11424,2026-02-05,Advanced Excel,8,Cancelled,
EMP11425,2024-05-10,Time Management,8,No Show,
EMP11426,2022-12-27,Project Management,4,Completed,68.6
EMP11426,2024-01-24,Advanced Excel,24,Completed,64.5
EMP11426,2021-12-13,Project Management,8,Completed,93.4
EMP11426,2024-02-08,Advanced Excel,16,Completed,70.3
EMP11426,2024-03-21,Leadership Essentials,16,Completed,80.2
EMP11427,2025-04-04,Time Management,8,Completed,74.1
EMP11429,2022-01-09,Data Analytics,16,Completed,64.5
EMP11430,2025-08-26,Data Analytics,4,Completed,83.9
EMP11430,2026-06-30,Cyber Security,16,Cancelled,
EMP11430,2024-04-05,Power BI Fundamentals,16,Completed,69.9
EMP11432,2023-06-07,Project Management,8,Completed,78.6
EMP11432,2025-06-19,Time Management,8,Completed,75.4
EMP11432,2023-09-21,Data Analytics,16,Completed,74.7
EMP11432,2026-03-22,Cyber Security,24,Completed,92.0
EMP11433,2025-12-03,Data Analytics,8,Completed,68.4
EMP11436,2023-03-26,Customer Handling,24,Completed,78.6
EMP11436,2025-12-21,Time Management,24,Completed,84.5
EMP11436,2023-05-08,Customer Handling,16,In Progress,
EMP11436,2024-08-11,Project Management,4,In Progress,
EMP11437,2025-10-22,Advanced Excel,24,Completed,82.9
EMP11438,2022-01-26,Customer Handling,16,Completed,70.5
EMP11439,2022-10-04,Sales Negotiation,8,Completed,80.8
EMP11439,2024-12-30,Project Management,24,Completed,68.0
EMP11439,2024-10-28,Customer Handling,8,Completed,62.5
EMP11439,2025-03-30,Advanced Excel,24,In Progress,
EMP11439,2024-09-24,Leadership Essentials,24,Completed,84.4
EMP11439,2021-08-08,Data Analytics,40,Completed,64.2
EMP11439,2026-05-04,Data Analytics,8,Completed,71.0
EMP11439,2026-04-08,Project Management,8,Completed,57.6
EMP11439,2023-08-07,Data Analytics,16,Completed,55.9
EMP11439,2023-11-09,Cyber Security,8,Completed,73.6
EMP11440,2024-03-25,Sales Negotiation,4,Cancelled,
EMP11441,2025-03-11,Sales Negotiation,16,Completed,95.2
EMP11441,2022-04-19,Advanced Excel,16,In Progress,
EMP11441,2023-12-12,Advanced Excel,40,Completed,100.0
EMP11444,2024-11-24,Time Management,16,In Progress,
EMP11445,2022-11-27,Cyber Security,4,Completed,74.6
EMP11445,2025-04-20,Customer Handling,24,Completed,80.5
EMP11445,2022-06-27,Data Analytics,16,Completed,81.0
EMP11446,2025-02-06,Advanced Excel,4,Completed,75.3
EMP11446,2024-08-02,Project Management,16,Completed,71.9
EMP11446,2023-11-14,Data Analytics,4,Completed,84.1
EMP11447,2020-07-17,Data Analytics,16,Completed,75.2
EMP11447,2024-02-11,Cyber Security,40,Completed,100.0
EMP11447,2024-05-15,Project Management,8,In Progress,
EMP11447,2023-02-10,Project Management,4,Completed,68.3
EMP11450,2020-05-11,Sales Negotiation,4,Completed,56.3
EMP11450,2024-03-25,Cyber Security,16,Completed,89.4
EMP11450,2022-09-05,Sales Negotiation,24,Completed,99.8
EMP11451,2025-12-26,Cyber Security,16,Completed,91.7
EMP11452,2023-06-22,Time Management,4,Completed,73.9
EMP11452,2021-08-19,Project Management,4,Completed,73.7
EMP11452,2021-01-26,Data Analytics,4,In Progress,
EMP11452,2023-02-11,Communication Skills,16,Completed,79.9
EMP11453,2020-11-24,CYBER SECURITY,40,Completed,75.8
EMP11453,2024-06-06,Cyber Security,8,Completed,65.3
EMP11454,2022-06-28,Power BI Fundamentals,8,Completed,69.5
EMP11454,2025-11-22,Sales Negotiation,16,Completed,73.5
EMP11455,2023-07-07,Power BI Fundamentals,8,In Progress,
EMP11455,2025-07-07,Power BI Fundamentals,24,Completed,65.8
EMP11455,2023-07-29,Sales Negotiation,24,In Progress,
EMP11456,2024-02-03,Power BI Fundamentals,16,Completed,77.6
EMP11458,2026-05-19,Power BI Fundamentals,16,Completed,100.0
EMP11458,2022-06-04,Communication Skills,24,No Show,
EMP11458,2024-06-14,Cyber Security,40,Completed,86.2
EMP11458,2025-08-18,Advanced Excel,16,Completed,68.1
EMP11460,2023-12-30,Time Management,24,In Progress,
EMP11461,2024-07-12,Cyber Security,4,Cancelled,
EMP11461,2023-01-10,Power BI Fundamentals,24,In Progress,
EMP11461,2021-12-13,Time Management,4,No Show,
EMP11462,2024-04-20,Communication Skills,16,Cancelled,
EMP11462,2022-05-26,Advanced Excel,8,Completed,76.7
EMP11462,2024-04-19,Communication Skills,4,In Progress,
EMP11463,2021-07-06,Project Management,4,Completed,74.7
EMP11465,2022-12-16,Leadership Essentials,16,Completed,69.3
EMP11466,2025-03-31,Communication Skills,16,Completed,82.6
EMP11467,2021-02-20,Leadership Essentials,8,Completed,49.0
EMP11469,2025-10-23,Project Management,40,In Progress,
EMP11469,2024-11-25,Power BI Fundamentals,8,Completed,68.2
EMP11469,2025-01-06,Sales Negotiation,40,Completed,57.2
EMP11470,2023-12-20,Data Analytics,24,Completed,84.9
EMP11470,2023-04-28,Advanced Excel,8,Completed,62.9
EMP11470,2021-05-29,Leadership Essentials,4,Completed,73.6
EMP11471,2021-02-25,Project Management,8,No Show,
EMP11471,2021-01-11,Project Management,16,Completed,86.1
EMP11471,2019-07-14,Data Analytics,16,Completed,86.3
EMP11472,2025-01-18,Customer Handling,16,Completed,79.6
EMP11473,2025-11-27,Sales Negotiation,16,Completed,71.0
EMP11474,2025-12-12,Data Analytics,16,Cancelled,
EMP11476,2022-08-03,Power BI Fundamentals,24,Completed,64.6
EMP11476,2021-01-13,Cyber Security,24,No Show,
EMP11477,2024-01-07,Communication Skills,8,Completed,72.6
EMP11478,2023-11-15,Communication Skills,16,Completed,73.4
EMP11478,2024-01-03,Communication Skills,8,Completed,76.9
EMP11478,2025-03-10,Leadership Essentials,24,No Show,
EMP11479,2025-12-06,Data Analytics,8,In Progress,
EMP11480,2026-02-02,Advanced Excel,8,Completed,75.0
EMP11480,2025-06-08,Data Analytics,24,Completed,68.6
EMP11481,2025-01-22,Cyber Security,8,Completed,86.2
EMP11481,2025-10-11,Leadership Essentials,4,Cancelled,
EMP11483,2023-04-08,Cyber Security,8,In Progress,
EMP11483,2026-01-23,Project Management,4,In Progress,
EMP11484,2026-02-05,Leadership Essentials,16,Completed,79.2
EMP11485,2026-02-05,Advanced Excel,8,Completed,98.7
EMP11485,2024-05-20,Time Management,8,In Progress,
EMP11485,2023-08-17,ADVANCED EXCEL,8,In Progress,
EMP11486,2024-03-25,Sales Negotiation,4,Completed,83.7
EMP11486,2021-06-04,Time Management,16,Completed,77.9
EMP11486,2023-03-19,Data Analytics,16,Completed,57.9
EMP11492,2025-05-13,Leadership Essentials,8,Completed,78.5
EMP11492,2022-06-15,Data Analytics,16,No Show,
EMP11492,2025-06-03,Project Management,8,Completed,78.4
EMP11493,2023-09-05,Data Analytics,24,Completed,73.1
EMP11493,2022-04-13,Advanced Excel,40,Completed,76.3
EMP11493,2025-05-14,Communication Skills,16,Completed,77.9
EMP11494,2024-06-19,Advanced Excel,8,Completed,65.8
EMP11495,2025-05-02,Leadership Essentials,8,In Progress,
EMP11495,2024-10-26,Time Management,4,In Progress,
EMP11496,2023-02-22,Cyber Security,40,Completed,80.4
EMP11496,2025-07-10,Data Analytics,16,In Progress,
EMP11496,2022-02-12,Data Analytics,8,Completed,84.7
EMP11497,2026-04-25,Sales Negotiation,16,Completed,64.3
EMP11497,2024-11-02,Data Analytics,40,Completed,81.7
EMP11497,2026-05-11,Power BI Fundamentals,24,Completed,90.2
EMP11498,2024-02-17,Customer Handling,8,Completed,77.7
EMP11498,2023-10-11,Sales Negotiation,16,In Progress,
EMP11498,2025-06-04,Cyber Security,4,In Progress,
EMP11498,2026-01-08,Project Management,8,Completed,56.8
EMP11498,2025-06-24,Sales Negotiation,4,Completed,68.7
EMP11499,2025-03-05,Leadership Essentials,16,In Progress,
EMP11500,2023-06-18,Customer Handling,16,Completed,100.0
EMP11502,2024-07-03,Advanced Excel,8,Completed,80.3
EMP11503,2023-07-21,Data Analytics,8,Completed,81.9
EMP11504,2026-06-13,Leadership Essentials,16,Completed,73.4
EMP11507,2025-10-17,Leadership Essentials,16,No Show,
EMP11507,2022-10-18,Time Management,40,Completed,61.5
EMP11507,2026-04-30,Data Analytics,16,Completed,86.2
EMP11507,2024-10-08,Power BI Fundamentals,4,Completed,55.5
EMP11508,2021-12-19,Data Analytics,24,Cancelled,
EMP11508,2023-02-12,Leadership Essentials,8,Completed,71.8
EMP11509,2026-03-27,Cyber Security,40,Completed,68.2
EMP11509,2024-02-07,Cyber Security,24,Completed,59.9
EMP11511,2023-09-13,Sales Negotiation,4,No Show,
EMP11511,2021-09-20,Power BI Fundamentals,8,Completed,80.8
EMP11511,2023-03-08,Customer Handling,8,Completed,98.3
EMP11512,2023-05-05,Time Management,8,In Progress,
EMP11512,2023-11-10,Power BI Fundamentals,16,Completed,93.2
EMP11514,2025-09-29,Customer Handling,16,Completed,75.0
EMP11515,2020-04-29,Communication Skills,24,In Progress,
EMP11515,2024-02-06,Cyber Security,24,Completed,84.8
EMP11515,2019-10-24,Data Analytics,4,Completed,64.0
EMP11516,2020-01-18,Customer Handling,16,Completed,86.2
EMP11517,2024-07-07,Advanced Excel,16,No Show,
EMP11517,2024-10-04,Power BI Fundamentals,24,Completed,77.1
EMP11517,2025-01-27,Cyber Security,8,Completed,64.1
EMP11518,2025-01-20,Data Analytics,8,Completed,82.2
EMP11518,2025-02-16,Communication Skills,16,Completed,86.0
EMP11519,2019-09-16,Cyber Security,16,Cancelled,
EMP11519,2022-02-28,Time Management,16,Completed,82.6
EMP11522,2026-05-07,Leadership Essentials,16,In Progress,
EMP11523,2025-04-15,Communication Skills,8,Completed,71.8
EMP11524,2025-03-22,Cyber Security,8,Completed,55.8
EMP11524,2025-11-29,Data Analytics,8,In Progress,
EMP11525,2024-11-20,Power BI Fundamentals,16,Cancelled,
EMP11526,2025-02-10,Time Management,16,No Show,
EMP11526,2025-09-22,Advanced Excel,16,Completed,59.5
EMP11527,2023-01-05,Sales Negotiation,16,Completed,89.3
EMP11527,2023-05-19,Sales Negotiation,24,Completed,83.5
EMP11528,2023-12-04,Project Management,4,Completed,79.0
EMP11529,2024-12-13,Cyber Security,4,No Show,
EMP11529,2024-04-18,Cyber Security,8,No Show,
EMP11529,2024-07-21,Data Analytics,16,Completed,50.2
EMP11529,2024-07-22,Leadership Essentials,40,Completed,74.5
EMP11530,2022-08-21,Project Management,24,In Progress,
EMP11530,2022-08-11,Cyber Security,4,In Progress,
EMP11530,2025-11-07,Communication Skills,24,Cancelled,
EMP11530,2025-11-30,Customer Handling,8,Completed,82.2
EMP11532,2026-06-02,Advanced Excel,8,In Progress,
EMP11532,2025-01-28,Advanced Excel,8,Completed,80.4
EMP11532,2026-02-04,Advanced Excel,40,Completed,70.8
EMP11533,2021-10-24,Project Management,8,Cancelled,
EMP11533,2024-04-15,Time Management,4,Completed,92.8
EMP11533,2023-07-03,Project Management,16,Completed,83.4
EMP11533,2022-08-25,Leadership Essentials,24,Completed,89.7
EMP11533,2020-07-04,Communication Skills,4,Completed,96.4
EMP11534,2024-03-13,Customer Handling,4,Completed,66.1
EMP11534,2024-06-15,Data Analytics,4,Completed,90.1
EMP11534,2024-02-28,Power BI Fundamentals,24,Completed,67.9
EMP11535,2021-04-15,Advanced Excel,16,Completed,72.3
EMP11535,2024-02-11,Advanced Excel,16,In Progress,
EMP11536,2025-02-25,Communication Skills,4,Completed,86.8
EMP11536,2026-06-09,Time Management,4,Completed,73.0
EMP11536,2026-04-03,Leadership Essentials,16,Cancelled,
EMP11537,2025-07-16,Customer Handling,8,Completed,79.0
EMP11537,2024-08-24,Communication Skills,24,Completed,67.8
EMP11537,2023-09-15,Power BI Fundamentals,16,Completed,81.6
EMP11537,2024-03-07,Communication Skills,8,Completed,69.9
EMP11538,2024-10-06,Leadership Essentials,8,Completed,73.4
EMP11538,2022-04-08,Communication Skills,16,Completed,69.5
EMP11539,2025-10-10,Customer Handling,24,Completed,58.9
EMP11539,2026-02-10,Advanced Excel,16,Completed,75.9
EMP11539,2023-12-11,Time Management,8,In Progress,
EMP11539,2026-05-01,Time Management,8,Completed,76.9
EMP11541,2026-03-17,Leadership Essentials,16,Completed,70.8
EMP11541,2025-04-03,Time Management,16,In Progress,
EMP11542,2026-06-12,Sales Negotiation,16,Completed,80.8
EMP11543,2024-01-11,Leadership Essentials,8,No Show,
EMP11543,2020-09-27,Leadership Essentials,40,Completed,100.0
EMP11543,2023-06-30,Project Management,8,Completed,72.5
EMP11543,2021-03-29,Advanced Excel,24,Completed,79.4
EMP11543,2021-11-14,Customer Handling,16,Completed,78.9
EMP11545,2026-06-04,Leadership Essentials,4,Completed,74.0
EMP11545,2025-07-01,Project Management,24,Completed,98.8
EMP11546,2025-01-08,Customer Handling,40,Completed,82.9
EMP11546,2025-03-07,Cyber Security,8,Completed,77.4
EMP11547,2024-12-25,Power BI Fundamentals,24,Completed,89.1
EMP11547,2025-03-14,Communication Skills,16,No Show,
EMP11547,2026-02-09,Project Management,24,Cancelled,
EMP11547,2024-06-23,Cyber Security,24,Completed,62.2
EMP11549,2021-02-04,Project Management,16,No Show,
EMP11549,2023-04-27,Data Analytics,8,In Progress,
EMP11549,2021-12-29,Advanced Excel,24,Completed,68.0
EMP11550,2020-11-21,Project Management,8,In Progress,
EMP11550,2024-08-20,Cyber Security,4,Completed,89.8
EMP11550,2024-07-10,Power BI Fundamentals,8,Completed,95.5
EMP11550,2022-09-13,Advanced Excel,16,Cancelled,
EMP11550,2023-12-04,Power BI Fundamentals,16,No Show,
EMP11550,2024-03-17,Data Analytics,16,In Progress,
EMP11550,2022-04-10,Leadership Essentials,8,Completed,70.5
EMP11552,2025-12-03,Time Management,16,Completed,76.0
EMP11554,2020-01-01,Cyber Security,4,In Progress,
EMP11554,2022-03-15,Sales Negotiation,24,In Progress,
EMP11555,2025-10-02,Time Management,16,Completed,76.1
EMP11556,2026-01-05,Leadership Essentials,8,Cancelled,
EMP11558,2024-07-08,Customer Handling,16,Completed,67.2
EMP11558,2025-09-30,Data Analytics,16,Completed,62.5
EMP11560,2022-11-28,Data Analytics,8,Completed,66.6
EMP11560,2021-05-17,Sales Negotiation,24,Completed,79.5
EMP11560,2023-11-21,Advanced Excel,16,No Show,
EMP11561,2024-06-27,Advanced Excel,8,Completed,80.8
EMP11561,2024-08-29,Communication Skills,24,Completed,89.7
EMP11563,2023-10-12,Communication Skills,16,Completed,94.8
EMP11563,2024-05-02,Data Analytics,40,In Progress,
EMP11564,2022-12-13,Data Analytics,16,Completed,76.8
EMP11564,2023-11-23,Power BI Fundamentals,24,Completed,76.2
EMP11564,2024-03-17,Power BI Fundamentals,16,Completed,81.1
EMP11564,2024-09-11,Time Management,8,Completed,84.5
EMP11565,2024-01-29,Power BI Fundamentals,24,Completed,68.0
EMP11565,2024-04-27,Project Management,4,Completed,77.5
EMP11565,2026-05-16,Sales Negotiation,16,Completed,66.5
EMP11565,2026-04-28,Data Analytics,16,Completed,66.2
EMP11566,2022-02-15,Project Management,8,Completed,71.1
EMP11567,2024-08-16,Customer Handling,8,Completed,71.6
EMP11567,2025-07-31,Project Management,24,Completed,77.7
EMP11568,2021-08-05,Time Management,24,Completed,83.3
EMP11568,2020-12-28,Cyber Security,16,Completed,97.8
EMP11568,2023-02-19,Leadership Essentials,16,Completed,90.5
EMP11568,2020-11-01,Cyber Security,24,In Progress,
EMP11569,2025-04-16,Communication Skills,4,No Show,
EMP11570,2025-12-11,Communication Skills,16,Completed,61.4
EMP11571,2025-07-25,Time Management,16,Cancelled,
EMP11572,2023-07-02,Time Management,8,Completed,71.2
EMP11572,2025-01-18,Advanced Excel,8,Completed,74.5
EMP11572,2022-03-30,Data Analytics,16,Completed,67.4
EMP11572,2022-04-25,Time Management,16,Completed,63.6
EMP11574,2024-09-07,Sales Negotiation,8,Completed,69.3
EMP11574,2023-11-16,Advanced Excel,40,Completed,72.1
EMP11575,2021-11-23,Leadership Essentials,8,Completed,100.0
EMP11575,2024-01-15,Data Analytics,8,In Progress,
EMP11577,2021-02-27,Customer Handling,24,Completed,85.9
EMP11579,2022-04-05,Power BI Fundamentals,16,Completed,100.0
EMP11582,2025-06-02,Advanced Excel,40,Completed,68.6
EMP11583,2022-07-26,Sales Negotiation,8,Completed,78.5
EMP11583,2021-10-21,Advanced Excel,24,No Show,
EMP11583,2021-07-18,Sales Negotiation,24,Completed,95.4
EMP11584,2024-03-18,Project Management,16,Completed,72.7
EMP11584,2026-01-16,Data Analytics,16,Completed,75.4
EMP11584,2025-04-23,Customer Handling,40,Cancelled,
EMP11585,2025-11-15,Data Analytics,8,In Progress,
EMP11586,2025-09-29,Advanced Excel,16,Completed,86.7
EMP11586,2025-07-08,Customer Handling,40,Completed,88.7
EMP11586,2025-10-10,Time Management,40,In Progress,
EMP11587,2026-04-16,Project Management,24,In Progress,
EMP11588,2024-05-20,Project Management,8,Completed,69.9
EMP11588,2025-02-04,Advanced Excel,24,In Progress,
EMP11588,2025-06-13,Advanced Excel,16,Completed,86.6
EMP11588,2024-01-16,Data Analytics,16,Cancelled,
EMP11589,2024-02-29,Sales Negotiation,16,Cancelled,
EMP11589,2022-09-23,Customer Handling,16,Completed,91.1
EMP11589,2023-05-06,Sales Negotiation,40,Completed,91.3
EMP11589,2022-05-09,Customer Handling,16,Completed,80.9
EMP11589,2019-06-04,Sales Negotiation,4,Completed,57.5
EMP11590,2023-01-03,Data Analytics,8,In Progress,
EMP11590,2024-01-10,Advanced Excel,24,In Progress,
EMP11591,2024-01-15,Time Management,16,Completed,100.0
EMP11592,2024-07-06,Sales Negotiation,40,Completed,69.1
EMP11592,2021-03-27,Leadership Essentials,8,Completed,90.7
EMP11592,2021-06-09,Project Management,8,In Progress,
EMP11593,2026-04-11,Customer Handling,4,Completed,90.5
EMP11594,2024-12-27,Cyber Security,24,Completed,77.5
EMP11595,2025-01-23,Cyber Security,4,Completed,69.0
EMP11596,2019-11-05,Time Management,16,Completed,94.1
EMP11598,2024-11-18,Data Analytics,16,Completed,82.6
EMP11598,2025-10-20,Sales Negotiation,8,Completed,73.0
EMP11599,2024-05-30,Project Management,8,No Show,
EMP11599,2023-08-05,Power BI Fundamentals,16,Completed,84.8
EMP11599,2025-07-19,Time Management,40,Completed,66.1
EMP11599,2022-08-28,Project Management,24,In Progress,
EMP11599,2022-04-16,Project Management,16,Completed,69.5
EMP11599,2025-07-30,Advanced Excel,8,Completed,100.0
EMP11600,2021-05-25,Cyber Security,4,Completed,65.4
EMP11600,2025-03-25,Power BI Fundamentals,8,Cancelled,
EMP11601,2023-08-19,Sales Negotiation,8,Completed,83.0
EMP11602,2021-10-05,Customer Handling,40,Completed,98.8
EMP11602,2026-02-06,Leadership Essentials,16,Completed,100.0
EMP11602,2023-07-09,Time Management,40,Cancelled,
EMP11603,2023-03-23,Leadership Essentials,24,In Progress,
EMP11603,2019-10-14,Communication Skills,4,Completed,53.7
EMP11603,2020-04-22,Power BI Fundamentals,4,Completed,72.4
EMP11603,2019-10-31,Leadership Essentials,24,In Progress,
EMP11605,2022-08-04,Data Analytics,40,In Progress,
EMP11606,2024-02-20,Advanced Excel,4,In Progress,
EMP11608,2022-12-28,Customer Handling,24,Completed,100.0
EMP11608,2023-06-08,Cyber Security,4,Completed,83.1
EMP11608,2023-07-27,Data Analytics,40,Completed,92.2
EMP11608,2026-04-07,Time Management,24,Completed,93.8
EMP11608,2025-11-24,Cyber Security,8,Completed,83.2
EMP11608,2022-05-21,Advanced Excel,16,Completed,92.9
EMP11608,2025-11-02,Communication Skills,16,Cancelled,
EMP11609,2026-03-13,Cyber Security,16,Completed,80.7
EMP11609,2025-10-17,Sales Negotiation,4,No Show,
EMP11610,2025-01-20,Advanced Excel,24,Completed,70.0
EMP11610,2025-03-06,Project Management,16,Cancelled,
EMP11610,2026-01-27,Sales Negotiation,24,Completed,82.5
EMP11613,2023-12-21,Sales Negotiation,40,Completed,100.0
EMP11613,2024-03-08,Power BI Fundamentals,16,No Show,
EMP11614,2024-08-27,Sales Negotiation,16,Completed,98.5
EMP11614,2025-08-05,Advanced Excel,4,Completed,90.1
EMP11614,2024-10-10,Advanced Excel,16,Completed,74.3
EMP11614,2025-06-18,Data Analytics,8,Completed,85.0
EMP11615,2024-09-23,Advanced Excel,4,Completed,65.5
EMP11617,2023-05-23,Cyber Security,8,Completed,79.1
EMP11617,2022-11-17,Cyber Security,8,Completed,84.6
EMP11618,2023-06-17,Communication Skills,8,Completed,60.8
EMP11620,2023-09-12,Cyber Security,8,Cancelled,
EMP11620,2024-12-26,Project Management,8,Completed,69.5
EMP11624,2020-06-19,Advanced Excel,24,In Progress,
EMP11624,2023-06-23,Project Management,8,Completed,78.2
EMP11624,2024-06-15,Project Management,8,Completed,84.1
EMP11624,2023-09-08,Time Management,16,Completed,66.2
EMP11624,2024-03-28,Sales Negotiation,24,Completed,93.4
EMP11625,2025-07-05,Communication Skills,16,Completed,74.8
EMP11625,2025-03-22,Sales Negotiation,4,Completed,98.3
EMP11626,2025-10-02,Advanced Excel,8,Cancelled,
EMP11628,2026-06-11,CUSTOMER HANDLING,16,Completed,60.6
EMP11628,2024-06-09,Sales Negotiation,16,Completed,86.5
EMP11628,2025-07-30,Leadership Essentials,24,Completed,74.4
EMP11629,2024-04-28,Power BI Fundamentals,8,In Progress,
EMP11629,2026-01-19,Data Analytics,4,Completed,66.4
EMP11630,2023-08-31,Sales Negotiation,8,Completed,78.8
EMP11631,2024-07-31,Data Analytics,4,Completed,63.3
EMP11632,2026-03-09,Communication Skills,8,Completed,79.4
EMP11634,2024-05-04,Project Management,24,Completed,61.8
EMP11636,2024-07-06,Time Management,8,In Progress,
EMP11636,2024-10-30,Leadership Essentials,16,Completed,72.6
EMP11637,2021-11-13,Time Management,8,Completed,78.2
EMP11638,2026-06-04,Cyber Security,8,Completed,98.1
EMP11638,2024-04-16,Leadership Essentials,8,Completed,82.2
EMP11638,2021-10-31,Project Management,16,Completed,82.1
EMP11639,2019-06-03,Cyber Security,16,Completed,75.8
EMP11639,2021-01-21,Sales Negotiation,8,In Progress,
EMP11640,2026-03-05,Communication Skills,16,No Show,
EMP11640,2024-01-27,Leadership Essentials,40,Completed,92.2
EMP11641,2025-08-09,Communication Skills,16,Completed,74.8
EMP11641,2023-10-09,Leadership Essentials,4,Completed,87.0
EMP11642,2025-04-18,Cyber Security,24,Completed,72.7
EMP11642,2025-07-26,CUSTOMER HANDLING,16,Completed,71.2
EMP11642,2023-08-11,Customer Handling,4,Completed,79.9
EMP11642,2023-07-25,Data Analytics,8,Completed,85.0
EMP11642,2025-03-20,Advanced Excel,24,Completed,48.1
EMP11643,2025-03-26,Data Analytics,24,Completed,82.7
EMP11644,2023-08-26,Advanced Excel,8,Completed,81.0
EMP11644,2022-03-17,Customer Handling,24,In Progress,
EMP11644,2022-02-12,Cyber Security,24,Completed,70.9
EMP11645,2023-02-11,Advanced Excel,16,Completed,87.8
EMP11648,2025-06-29,Customer Handling,24,Completed,75.2
EMP11651,2021-05-22,Sales Negotiation,4,Completed,62.1
EMP11651,2021-12-26,Cyber Security,40,Completed,93.2
EMP11651,2025-07-07,Power BI Fundamentals,24,Completed,74.5
EMP11651,2024-08-22,Communication Skills,8,In Progress,
EMP11652,2025-10-03,Customer Handling,16,In Progress,
EMP11652,2026-03-22,Data Analytics,16,Completed,77.7
EMP11653,2020-11-23,Leadership Essentials,4,Completed,82.1
EMP11653,2023-11-02,Advanced Excel,16,In Progress,
EMP11653,2023-11-12,Cyber Security,40,Completed,87.2
EMP11654,2024-03-31,Project Management,16,Completed,61.6
EMP11654,2025-01-18,Customer Handling,8,Completed,81.2
EMP11655,2023-08-20,Data Analytics,16,No Show,
EMP11655,2022-06-19,Communication Skills,24,Completed,90.7
EMP11655,2024-06-25,Project Management,8,Completed,73.5
EMP11655,2023-02-05,Cyber Security,16,Completed,71.7
EMP11656,2023-04-24,Sales Negotiation,8,Completed,84.7
EMP11657,2025-11-14,Sales Negotiation,8,Completed,78.0
EMP11658,2024-03-12,Power BI Fundamentals,16,Completed,100.0
EMP11658,2023-07-27,Data Analytics,8,Completed,96.8
EMP11658,2023-09-30,Cyber Security,8,Completed,72.7
EMP11659,2024-05-21,Project Management,40,Completed,100.0
EMP11659,2023-06-04,Time Management,24,Completed,77.0
EMP11659,2021-08-17,Cyber Security,24,In Progress,
EMP11659,2023-08-18,Leadership Essentials,4,Completed,78.4
EMP11659,2020-07-23,Power BI Fundamentals,4,Completed,76.6
EMP11659,2025-04-06,Time Management,24,Completed,74.5
EMP11660,2022-05-22,Communication Skills,16,Completed,83.9
EMP11660,2021-02-01,Advanced Excel,24,In Progress,
EMP11660,2024-05-02,Time Management,4,In Progress,
EMP11660,2024-01-09,Time Management,16,Completed,69.2
EMP11661,2025-03-18,Data Analytics,24,In Progress,
EMP11662,2022-01-30,Project Management,24,In Progress,
EMP11662,2023-08-05,Project Management,8,Completed,77.6
EMP11662,2022-07-04,Leadership Essentials,8,Completed,68.2
EMP11662,2024-12-11,Data Analytics,8,No Show,
EMP11662,2022-12-07,Sales Negotiation,4,In Progress,
EMP11664,2026-05-23,Data Analytics,24,No Show,
EMP11664,2026-04-06,Sales Negotiation,8,Cancelled,
EMP11664,2025-09-14,Project Management,40,No Show,
EMP11665,2025-01-14,Advanced Excel,8,Completed,84.2
EMP11665,2025-07-01,Cyber Security,8,Completed,83.8
EMP11666,2021-10-06,Customer Handling,8,Completed,80.3
EMP11666,2021-09-22,Power BI Fundamentals,8,Completed,83.0
EMP11666,2024-01-12,Leadership Essentials,24,Completed,66.8
EMP11666,2020-03-29,Sales Negotiation,24,Completed,78.6
EMP11667,2024-10-25,Data Analytics,24,Cancelled,
EMP11667,2022-12-25,Sales Negotiation,8,Completed,75.5
EMP11667,2025-05-10,Time Management,24,Completed,72.3
EMP11669,2021-07-20,Advanced Excel,16,Completed,85.3
EMP11669,2021-09-17,Leadership Essentials,8,In Progress,
EMP11669,2022-09-09,Communication Skills,8,Completed,85.2
EMP11669,2023-09-23,Communication Skills,16,Completed,72.0
EMP11670,2024-01-08,Cyber Security,24,Completed,85.8
EMP11671,2022-08-21,Power BI Fundamentals,16,In Progress,
EMP11672,2021-08-16,Data Analytics,8,Completed,83.2
EMP11672,2022-06-12,Time Management,40,Completed,66.1
EMP11673,2026-04-24,Cyber Security,16,Completed,46.6
EMP11674,2025-11-21,Communication Skills,16,Completed,88.5
EMP11674,2024-04-18,Project Management,8,Completed,69.3
EMP11675,2023-06-16,Communication Skills,8,Completed,86.1
EMP11675,2022-03-28,Communication Skills,16,Completed,82.4
EMP11675,2021-12-13,Time Management,24,No Show,
EMP11676,2024-10-26,Leadership Essentials,16,Completed,75.0
EMP11677,2024-04-01,Project Management,4,Cancelled,
EMP11678,2021-11-25,Project Management,16,Completed,79.8
EMP11678,2025-03-15,Leadership Essentials,40,Completed,81.1
EMP11678,2024-06-18,Customer Handling,16,Completed,85.3
EMP11679,2025-06-13,Customer Handling,16,Completed,70.8
EMP11679,2026-06-19,Power BI Fundamentals,24,Completed,81.9
EMP11680,2026-01-03,Advanced Excel,40,In Progress,
EMP11680,2022-05-25,Sales Negotiation,8,Completed,85.5
EMP11680,2023-05-13,Sales Negotiation,4,Completed,93.1
EMP11683,2026-04-10,Cyber Security,8,In Progress,
EMP11684,2025-10-13,Cyber Security,4,Completed,88.3
EMP11684,2025-12-18,Project Management,8,Completed,80.9
EMP11685,2023-06-18,PROJECT MANAGEMENT,16,Completed,77.6
EMP11685,2024-05-11,Power BI Fundamentals,24,In Progress,
EMP11685,2025-07-23,Cyber Security,16,Completed,83.3
EMP11685,2026-05-24,Power BI Fundamentals,8,Completed,70.1
EMP11685,2023-06-10,Project Management,8,Completed,85.8
EMP11685,2025-08-19,Advanced Excel,16,Completed,68.6
EMP11685,2024-02-21,Data Analytics,40,In Progress,
EMP11686,2023-07-16,Sales Negotiation,16,In Progress,
EMP11686,2021-10-09,Cyber Security,8,Completed,76.4
EMP11686,2022-10-28,Project Management,8,Completed,72.1
EMP11686,2022-05-08,Data Analytics,8,Completed,72.6
EMP11686,2021-03-30,Power BI Fundamentals,8,In Progress,
EMP11686,2023-09-19,Time Management,8,In Progress,
EMP11687,2024-01-17,Data Analytics,8,Completed,96.1
EMP11687,2025-07-09,Power BI Fundamentals,24,In Progress,
EMP11687,2021-10-12,Cyber Security,24,Completed,95.9
EMP11687,2021-11-15,Cyber Security,8,Completed,63.5
EMP11687,2025-02-25,Customer Handling,16,No Show,
EMP11688,2025-10-28,Cyber Security,16,Completed,52.3
EMP11689,2026-03-22,Customer Handling,16,Completed,79.2
EMP11689,2025-07-04,Time Management,16,Cancelled,
EMP11692,2023-04-29,Advanced Excel,4,Cancelled,
EMP11692,2022-07-16,Advanced Excel,16,In Progress,
EMP11692,2023-12-20,Advanced Excel,8,Completed,81.1
EMP11694,2023-04-06,Advanced Excel,16,No Show,
EMP11695,2023-12-19,Leadership Essentials,8,Cancelled,
EMP11696,2026-03-10,Time Management,8,Completed,77.2
EMP11697,2026-05-30,Cyber Security,24,In Progress,
EMP11698,2024-12-10,Advanced Excel,16,Completed,84.0
EMP11699,2023-04-15,Sales Negotiation,4,Completed,79.7
EMP11699,2024-08-05,Time Management,4,Completed,38.4
EMP11700,2026-03-25,Power BI Fundamentals,8,Completed,87.1
EMP11701,2022-04-06,Advanced Excel,8,Cancelled,
EMP11701,2020-08-17,Sales Negotiation,16,Completed,93.3
EMP11705,2023-09-21,Power BI Fundamentals,4,Completed,67.1
EMP11706,2021-07-31,Time Management,8,Completed,78.1
EMP11708,2022-06-29,Leadership Essentials,4,Completed,80.3
EMP11709,2022-05-09,Customer Handling,4,Completed,90.3
EMP11709,2021-01-04,Cyber Security,40,Completed,84.1
EMP11709,2020-04-06,Communication Skills,16,Completed,83.1
EMP11709,2021-07-19,Communication Skills,24,No Show,
EMP11710,2021-06-03,Sales Negotiation,8,Completed,80.8
EMP11710,2020-02-11,Power BI Fundamentals,16,Completed,72.5
EMP11710,2022-09-16,Cyber Security,16,Completed,73.8
EMP11710,2021-01-10,Advanced Excel,4,Completed,80.2
EMP11710,2022-02-06,Communication Skills,4,Completed,71.5
EMP11710,2024-03-12,Sales Negotiation,4,Completed,69.5
EMP11710,2021-11-20,Advanced Excel,24,Completed,80.3
EMP11710,2024-11-27,Project Management,4,Completed,73.1
EMP11711,2023-05-14,Sales Negotiation,4,Completed,68.8
EMP11711,2020-04-27,Cyber Security,16,Completed,68.2
EMP11713,2026-04-22,Cyber Security,24,Completed,75.3
EMP11713,2023-06-16,Leadership Essentials,24,Completed,82.5
EMP11715,2023-08-06,Project Management,16,Completed,67.4
EMP11715,2020-12-03,Communication Skills,8,In Progress,
EMP11715,2024-10-16,Power BI Fundamentals,40,Completed,64.5
EMP11715,2022-01-31,Customer Handling,4,Completed,77.9
EMP11715,2022-10-14,Customer Handling,8,Completed,81.2
EMP11715,2023-08-29,Customer Handling,16,Completed,80.1
EMP11715,2020-12-25,Customer Handling,8,Completed,98.8
EMP11716,2025-09-14,Cyber Security,40,Completed,87.8
EMP11716,2024-06-27,Communication Skills,16,Completed,88.4
EMP11721,2022-09-03,Leadership Essentials,4,Cancelled,
EMP11721,2024-06-11,Cyber Security,8,In Progress,
EMP11721,2024-07-11,Leadership Essentials,40,Cancelled,
EMP11722,2021-10-08,Leadership Essentials,8,In Progress,
EMP11722,2022-11-12,Leadership Essentials,24,Completed,72.2
EMP11722,2022-05-01,Data Analytics,8,In Progress,
EMP11723,2022-07-17,Project Management,24,No Show,
EMP11723,2023-01-11,Power BI Fundamentals,16,Completed,84.9
EMP11723,2023-07-06,Time Management,24,No Show,
EMP11724,2024-10-31,Project Management,8,No Show,
EMP11724,2023-01-03,Project Management,16,Completed,79.0
EMP11724,2023-02-21,DATA ANALYTICS,24,No Show,
EMP11725,2026-02-10,Time Management,8,Completed,94.8
EMP11725,2024-11-30,Cyber Security,16,Completed,84.9
EMP11725,2023-06-10,Communication Skills,16,Completed,77.0
EMP11725,2025-11-01,Power BI Fundamentals,8,Completed,100.0
EMP11725,2025-04-18,Cyber Security,24,Completed,75.0
EMP11725,2023-09-19,Communication Skills,40,Completed,78.4
EMP11725,2024-06-02,Time Management,8,Completed,82.3
EMP11725,2025-02-23,Cyber Security,24,Completed,86.6
EMP11726,2025-03-17,Leadership Essentials,16,Completed,81.4
EMP11727,2026-06-25,Time Management,40,Completed,79.8
EMP11728,2020-06-03,Cyber Security,24,Completed,88.2
EMP11729,2025-06-20,Data Analytics,16,Completed,80.3
EMP11729,2023-08-21,Cyber Security,8,Completed,77.5
EMP11730,2024-06-25,Data Analytics,24,Completed,84.6
EMP11730,2020-05-18,Cyber Security,16,Cancelled,
EMP11731,2024-02-03,Project Management,4,In Progress,
EMP11731,2019-08-22,Power BI Fundamentals,8,Completed,65.0
EMP11731,2020-04-25,Data Analytics,16,Cancelled,
EMP11731,2021-08-14,Cyber Security,24,Completed,73.5
EMP11731,2023-09-07,Communication Skills,8,Completed,65.4
EMP11732,2024-10-27,Advanced Excel,16,Completed,85.5
EMP11733,2026-06-12,Data Analytics,24,Cancelled,
EMP11735,2024-06-01,Power BI Fundamentals,8,Completed,81.0
EMP11735,2021-12-08,Advanced Excel,16,Completed,50.4
EMP11736,2023-09-13,Time Management,24,Completed,81.5
EMP11736,2023-08-18,Cyber Security,16,Completed,86.7
EMP11736,2024-03-13,Customer Handling,24,Completed,99.1
EMP11736,2019-12-16,Power BI Fundamentals,16,Completed,78.1
EMP11736,2019-12-09,Data Analytics,24,Completed,70.0
EMP11736,2022-04-29,Project Management,16,In Progress,
EMP11737,2025-11-12,Communication Skills,8,Cancelled,
EMP11737,2024-06-19,Advanced Excel,8,Completed,72.8
EMP11737,2025-06-08,Advanced Excel,24,In Progress,
EMP11737,2024-12-10,Leadership Essentials,16,In Progress,
EMP11737,2024-11-20,Cyber Security,24,Cancelled,
EMP11738,2022-06-26,Leadership Essentials,16,Completed,57.3
EMP11738,2021-12-23,Time Management,4,Completed,60.8
EMP11738,2020-01-20,Data Analytics,16,Cancelled,
EMP11738,2020-05-16,Leadership Essentials,8,Completed,70.9
EMP11738,2023-09-18,Time Management,40,In Progress,
EMP11738,2023-01-21,Power BI Fundamentals,16,Completed,69.1
EMP11740,2025-12-04,Advanced Excel,4,Completed,88.0
EMP11742,2021-07-30,Time Management,40,Completed,67.4
EMP11742,2021-04-21,Cyber Security,24,Completed,76.4
EMP11742,2023-05-27,Leadership Essentials,24,Cancelled,
EMP11742,2023-06-08,Data Analytics,24,Completed,84.2
EMP11745,2023-02-25,Sales Negotiation,4,In Progress,
EMP11746,2020-11-22,Project Management,24,Completed,87.9
EMP11746,2020-02-07,Data Analytics,40,Completed,81.8
EMP11746,2021-09-17,Communication Skills,24,Completed,90.6
EMP11746,2020-10-29,Communication Skills,16,Completed,81.8
EMP11747,2022-04-25,Customer Handling,8,Completed,80.8
EMP11747,2025-06-26,Communication Skills,8,In Progress,
EMP11747,2023-06-18,Power BI Fundamentals,40,Completed,79.0
EMP11748,2026-01-07,COMMUNICATION SKILLS,24,Completed,64.9
EMP11748,2025-06-10,Cyber Security,40,In Progress,
EMP11748,2025-06-02,Customer Handling,16,Completed,91.4
EMP11748,2021-07-13,Leadership Essentials,16,Completed,96.7
EMP11749,2025-11-03,Customer Handling,8,Completed,94.5
EMP11749,2024-09-02,Advanced Excel,24,Completed,68.6
EMP11750,2024-01-02,Data Analytics,40,Completed,89.3
EMP11750,2022-02-20,Leadership Essentials,16,Completed,81.1
EMP11751,2024-12-16,Time Management,24,Completed,67.9
EMP11752,2026-05-16,Advanced Excel,8,Completed,73.6
EMP11752,2026-04-27,Advanced Excel,24,Completed,87.5
EMP11754,2023-11-03,Sales Negotiation,8,Completed,76.4
EMP11754,2021-07-04,Time Management,24,Completed,95.7
EMP11756,2024-06-01,Advanced Excel,24,In Progress,
EMP11756,2025-10-19,Advanced Excel,24,In Progress,
EMP11756,2024-08-24,Data Analytics,16,Completed,75.0
EMP11756,2026-04-21,Customer Handling,8,In Progress,
EMP11757,2024-04-02,Customer Handling,8,Completed,73.7
EMP11758,2023-04-09,Data Analytics,24,In Progress,
EMP11758,2021-11-04,Advanced Excel,8,No Show,
EMP11759,2024-03-12,Advanced Excel,16,In Progress,
EMP11760,2025-10-08,Sales Negotiation,8,No Show,
EMP11761,2025-07-17,Project Management,16,Cancelled,
EMP11761,2024-12-01,Communication Skills,8,Completed,85.9
EMP11761,2024-02-16,Cyber Security,8,Completed,72.0
EMP11761,2025-08-30,Advanced Excel,16,Completed,71.0
EMP11762,2021-07-17,Sales Negotiation,8,Completed,76.2
EMP11762,2022-03-15,Leadership Essentials,8,Completed,80.8
EMP11765,2024-03-14,Cyber Security,40,Completed,100.0
EMP11766,2024-03-27,Advanced Excel,24,In Progress,
EMP11767,2022-09-28,Sales Negotiation,8,Completed,56.6
EMP11767,2023-03-10,Advanced Excel,8,Completed,60.4
EMP11768,2025-10-04,Communication Skills,4,In Progress,
EMP11769,2023-08-09,Cyber Security,8,Completed,95.9
EMP11769,2021-09-09,Cyber Security,8,Completed,69.7
EMP11770,2024-05-18,Project Management,16,In Progress,
EMP11770,2020-10-12,Sales Negotiation,24,Completed,79.0
EMP11770,2021-11-30,Data Analytics,16,Completed,70.6
EMP11770,2023-07-08,Data Analytics,40,Completed,78.7
EMP11771,2025-08-16,Customer Handling,4,Completed,58.3
EMP11771,2024-09-28,Leadership Essentials,16,Completed,88.3
EMP11771,2021-04-17,Data Analytics,16,Completed,64.1
EMP11771,2024-06-06,Time Management,16,Completed,94.9
EMP11771,2021-08-15,Time Management,24,Completed,77.7
EMP11772,2022-01-02,Leadership Essentials,16,Completed,76.8
EMP11772,2025-09-22,Advanced Excel,16,Completed,52.0
EMP11772,2022-12-11,Project Management,4,Completed,83.7
EMP11773,2023-05-26,Project Management,8,Completed,71.6
EMP11774,2026-02-08,SALES NEGOTIATION,8,Completed,90.7
EMP11775,2024-03-29,Time Management,8,In Progress,
EMP11775,2022-10-31,Time Management,16,In Progress,
EMP11775,2022-09-13,Power BI Fundamentals,8,Completed,90.6
EMP11777,2025-12-13,Leadership Essentials,24,Completed,61.6
EMP11777,2025-03-30,Data Analytics,24,Cancelled,
EMP11778,2021-07-03,Power BI Fundamentals,24,Completed,53.3
EMP11778,2022-01-07,Customer Handling,4,In Progress,
EMP11778,2022-11-17,Advanced Excel,4,Cancelled,
EMP11778,2022-06-06,Communication Skills,8,Cancelled,
EMP11778,2024-10-01,Time Management,24,In Progress,
EMP11779,2024-08-24,Leadership Essentials,24,Cancelled,
EMP11779,2026-05-06,Power BI Fundamentals,4,Completed,53.6
EMP11782,2022-04-21,Leadership Essentials,16,Completed,85.9
EMP11782,2022-02-03,Power BI Fundamentals,16,Completed,89.4
EMP11782,2020-11-30,Power BI Fundamentals,8,In Progress,
EMP11783,2024-05-20,Data Analytics,8,Cancelled,
EMP11783,2021-06-21,Communication Skills,4,In Progress,
EMP11784,2024-11-18,Project Management,40,Completed,68.9
EMP11785,2025-09-30,Advanced Excel,40,Completed,66.9
EMP11786,2024-10-12,Communication Skills,8,Completed,75.6
EMP11787,2021-09-16,Leadership Essentials,8,Completed,77.8
EMP11787,2021-09-28,Project Management,8,Completed,80.8
EMP11787,2020-02-27,Data Analytics,8,Cancelled,
EMP11787,2020-03-26,Communication Skills,16,Completed,80.8
EMP11790,2022-12-08,Advanced Excel,24,In Progress,
EMP11790,2021-12-02,Data Analytics,24,Completed,89.7
EMP11790,2022-11-02,Customer Handling,24,Completed,86.8
EMP11792,2024-07-11,Customer Handling,8,In Progress,
EMP11792,2025-01-27,Sales Negotiation,8,Completed,75.6
EMP11792,2022-06-23,Communication Skills,24,Completed,75.0
EMP11793,2025-04-17,Advanced Excel,8,Completed,76.4
EMP11793,2022-06-15,Project Management,8,No Show,
EMP11793,2022-07-30,Power BI Fundamentals,8,Completed,88.3
EMP11793,2023-10-21,Customer Handling,8,Completed,68.4
EMP11793,2021-11-15,Sales Negotiation,8,Completed,78.5
EMP11793,2021-09-14,Sales Negotiation,8,In Progress,
EMP11794,2025-06-09,Cyber Security,16,Cancelled,
EMP11796,2021-07-14,Power BI Fundamentals,4,In Progress,
EMP11796,2021-09-30,Cyber Security,8,In Progress,
EMP11796,2022-10-28,Communication Skills,8,In Progress,
EMP11797,2026-03-29,Customer Handling,24,Completed,91.0
EMP11797,2024-05-16,Data Analytics,24,In Progress,
EMP11797,2024-06-30,Communication Skills,16,Completed,91.3
EMP11797,2025-11-02,Customer Handling,24,Cancelled,
EMP11797,2024-05-18,Cyber Security,8,Completed,92.5
EMP11798,2025-08-14,Advanced Excel,8,In Progress,
EMP11798,2025-06-17,Time Management,16,No Show,
EMP11798,2025-10-16,Time Management,8,Cancelled,
EMP11799,2025-03-24,Customer Handling,24,Completed,62.2
EMP11800,2026-01-12,Data Analytics,24,Completed,79.4
EMP11802,2022-05-16,Communication Skills,24,No Show,
EMP11802,2025-11-26,Sales Negotiation,4,Completed,61.1
EMP11803,2024-10-10,Cyber Security,4,Completed,68.7
EMP11803,2024-06-26,Sales Negotiation,4,Completed,62.7
EMP11803,2025-02-25,Cyber Security,24,Completed,68.4
EMP11804,2024-09-14,Time Management,4,Completed,56.2
EMP11804,2022-07-02,Customer Handling,16,Completed,55.8
EMP11804,2024-05-11,Project Management,4,Completed,83.5
EMP11804,2024-05-03,Time Management,16,In Progress,
EMP11805,2025-05-24,Advanced Excel,8,Cancelled,
EMP11805,2026-05-05,Time Management,8,In Progress,
EMP11806,2026-02-07,Cyber Security,8,Completed,85.9
EMP11806,2026-02-02,Cyber Security,8,Completed,51.4
EMP11806,2026-05-23,Communication Skills,8,Completed,77.8
EMP11807,2025-07-20,Time Management,8,No Show,
EMP11807,2022-03-29,Project Management,24,Completed,64.7
EMP11808,2024-03-09,Project Management,8,Completed,71.1
EMP11809,2023-09-09,Advanced Excel,24,Completed,76.4
EMP11809,2025-07-12,Sales Negotiation,24,In Progress,
EMP11809,2024-06-19,Data Analytics,24,Completed,66.5
EMP11809,2026-02-09,Leadership Essentials,8,Cancelled,
EMP11809,2024-07-26,Power BI Fundamentals,24,Completed,74.9
EMP11809,2023-12-28,Customer Handling,16,Completed,77.7
EMP11810,2021-11-05,Time Management,4,In Progress,
EMP11810,2023-11-04,Cyber Security,24,Completed,75.5
EMP11811,2025-05-03,Customer Handling,16,Completed,67.3
EMP11811,2022-09-03,Time Management,24,Completed,86.6
EMP11811,2021-02-21,Power BI Fundamentals,8,Completed,80.9
EMP11815,2025-10-29,Project Management,24,Completed,90.3
EMP11816,2024-05-28,Cyber Security,16,Completed,71.7
EMP11817,2023-08-19,Leadership Essentials,24,Cancelled,
EMP11819,2024-05-12,Advanced Excel,4,In Progress,
EMP11820,2024-10-15,Data Analytics,24,Completed,93.3
EMP11820,2025-04-23,Project Management,16,Completed,64.8
EMP11820,2024-07-11,Cyber Security,16,No Show,
EMP11821,2022-08-05,Data Analytics,4,No Show,
EMP11821,2022-10-03,Project Management,8,Completed,71.4
EMP11822,2024-10-25,Communication Skills,16,Cancelled,
EMP11823,2023-06-03,Advanced Excel,24,Completed,70.1
EMP11823,2024-05-09,Communication Skills,16,Completed,67.2
EMP11823,2022-12-21,Project Management,24,Completed,80.5
EMP11824,2023-12-07,Project Management,40,Completed,66.8
EMP11824,2023-03-25,Data Analytics,40,In Progress,
EMP11825,2024-01-31,Project Management,24,Completed,72.3
EMP11827,2025-11-03,Advanced Excel,4,Completed,69.1
EMP11828,2025-05-07,Leadership Essentials,16,Completed,57.3
EMP11829,2024-10-14,Project Management,8,Completed,63.1
EMP11829,2023-05-16,Leadership Essentials,24,Completed,91.3
EMP11829,2025-12-01,Project Management,40,In Progress,
EMP11829,2023-11-07,Communication Skills,16,Completed,80.8
EMP11830,2020-11-20,Sales Negotiation,4,Completed,99.1
EMP11830,2024-03-14,Time Management,8,In Progress,
EMP11830,2022-06-26,Project Management,8,In Progress,
EMP11832,2025-04-18,COMMUNICATION SKILLS,16,In Progress,
EMP11832,2026-05-07,Power BI Fundamentals,4,Completed,74.0
EMP11832,2024-09-05,Advanced Excel,40,Completed,83.6
EMP11832,2022-09-08,Cyber Security,16,Completed,70.6
EMP11832,2023-09-09,Customer Handling,4,Completed,74.3
EMP11833,2020-10-29,Time Management,16,In Progress,
EMP11834,2021-06-23,Communication Skills,24,Completed,77.1
EMP11834,2024-11-01,Power BI Fundamentals,8,Completed,75.7
EMP11834,2024-01-07,Communication Skills,8,In Progress,
EMP11834,2024-02-02,Advanced Excel,16,In Progress,
EMP11836,2026-04-10,Power BI Fundamentals,8,Completed,83.6
EMP11836,2025-03-20,Customer Handling,40,Completed,87.6
EMP11837,2026-04-19,Time Management,16,In Progress,
EMP11837,2023-10-07,Advanced Excel,16,In Progress,
EMP11839,2026-01-07,Time Management,4,Completed,73.1
EMP11841,2025-04-01,Cyber Security,8,No Show,
EMP11841,2025-02-27,Cyber Security,16,Completed,80.7
EMP11843,2025-07-30,Project Management,8,Completed,89.6
EMP11843,2024-08-23,Project Management,24,Completed,79.4
EMP11843,2024-04-28,Communication Skills,4,No Show,
EMP11844,2024-11-29,Communication Skills,16,Completed,78.1
EMP11844,2024-08-06,Leadership Essentials,16,Completed,76.0
EMP11845,2022-05-14,SALES NEGOTIATION,8,Completed,76.2
EMP11846,2026-03-31,Sales Negotiation,8,Completed,89.3
EMP11846,2026-02-21,Leadership Essentials,24,Completed,72.1
EMP11846,2021-07-17,Customer Handling,24,In Progress,
EMP11846,2024-03-14,Cyber Security,4,Completed,79.6
EMP11846,2022-01-18,Advanced Excel,8,Completed,70.5
EMP11846,2025-07-03,Advanced Excel,4,Completed,59.7
EMP11847,2022-06-06,Sales Negotiation,16,Completed,94.1
EMP11847,2025-01-25,Data Analytics,24,Completed,74.0
EMP11847,2025-03-18,Time Management,16,Completed,67.7
EMP11848,2024-06-17,Project Management,4,Completed,79.4
EMP11849,2025-01-06,Time Management,4,In Progress,
EMP11849,2020-05-08,Cyber Security,4,Completed,90.1
EMP11850,2020-01-23,Communication Skills,4,Completed,63.3
EMP11850,2021-12-09,Time Management,8,Completed,69.4
EMP11850,2023-10-18,Leadership Essentials,4,Completed,60.7
EMP11850,2023-10-21,Customer Handling,16,Completed,86.1
EMP11850,2022-11-05,Leadership Essentials,4,Completed,82.6
EMP11851,2025-10-23,Time Management,4,Completed,100.0
EMP11852,2026-03-17,Leadership Essentials,16,Completed,90.2
EMP11852,2024-08-19,Sales Negotiation,24,Completed,87.3
EMP11852,2022-11-23,Customer Handling,40,Completed,74.5
EMP11853,2021-12-06,Data Analytics,16,Completed,68.8
EMP11853,2020-06-18,Cyber Security,16,No Show,
EMP11853,2024-01-11,Leadership Essentials,16,Completed,68.5
EMP11854,2025-06-03,Power BI Fundamentals,8,Completed,81.8
EMP11854,2023-12-02,Power BI Fundamentals,8,Completed,89.3
EMP11854,2023-07-31,Leadership Essentials,24,Completed,83.5
EMP11854,2022-08-30,Project Management,24,Completed,85.4
EMP11854,2023-02-01,Leadership Essentials,4,In Progress,
EMP11855,2023-09-14,Advanced Excel,24,In Progress,
EMP11855,2024-03-28,Sales Negotiation,24,Completed,74.6
EMP11855,2020-08-19,Advanced Excel,4,Completed,70.5
EMP11855,2023-11-17,Cyber Security,24,Completed,72.8
EMP11856,2024-02-19,Customer Handling,4,Completed,82.6
EMP11857,2026-04-16,Customer Handling,4,Completed,86.6
EMP11857,2026-02-08,Project Management,40,Completed,100.0
EMP11858,2023-01-06,Project Management,8,Completed,76.8
EMP11858,2024-02-29,Cyber Security,24,Completed,71.8
EMP11858,2024-03-28,Advanced Excel,8,In Progress,
EMP11859,2025-10-08,Power BI Fundamentals,8,Completed,96.9
EMP11859,2022-11-17,Project Management,4,Completed,68.1
EMP11861,2023-03-18,Sales Negotiation,24,In Progress,
EMP11862,2020-12-01,Time Management,8,Completed,53.0
EMP11862,2023-09-18,Leadership Essentials,40,No Show,
EMP11862,2019-05-23,Cyber Security,16,Completed,74.1
EMP11865,2024-11-20,Customer Handling,40,Completed,68.6
EMP11865,2020-11-01,Sales Negotiation,16,Completed,77.0
EMP11866,2025-06-24,Sales Negotiation,8,Completed,87.6
EMP11867,2026-03-16,Advanced Excel,8,Completed,80.0
EMP11868,2025-05-30,Project Management,16,Completed,66.8
EMP11868,2023-06-22,Time Management,16,Completed,66.4
EMP11869,2021-04-06,Advanced Excel,24,Completed,82.2
EMP11869,2023-07-02,Leadership Essentials,24,Completed,66.5
EMP11869,2024-04-03,Communication Skills,16,Completed,62.3
EMP11869,2021-09-19,Leadership Essentials,8,Completed,88.5
EMP11870,2022-08-05,Leadership Essentials,8,In Progress,
EMP11870,2023-05-01,Data Analytics,8,Completed,63.8
EMP11870,2021-02-27,Advanced Excel,8,In Progress,
EMP11872,2026-04-24,Project Management,8,Completed,73.4
EMP11873,2023-12-12,Cyber Security,24,Cancelled,
EMP11873,2024-08-26,Communication Skills,24,Completed,69.0
EMP11873,2023-09-22,Data Analytics,40,Completed,82.6
EMP11873,2025-02-25,Advanced Excel,4,Completed,78.6
EMP11873,2022-06-28,Communication Skills,4,Cancelled,
EMP11875,2025-02-15,Project Management,8,Completed,85.0
EMP11875,2025-10-11,Power BI Fundamentals,4,Completed,82.8
EMP11876,2022-11-10,Leadership Essentials,24,Completed,75.1
EMP11876,2023-05-26,Leadership Essentials,40,In Progress,
EMP11876,2024-03-09,Customer Handling,4,Completed,77.3
EMP11880,2026-06-24,Leadership Essentials,8,In Progress,
EMP11882,2023-01-09,Advanced Excel,16,Completed,100.0
EMP11882,2022-12-26,Leadership Essentials,16,In Progress,
EMP11882,2020-08-12,Customer Handling,8,Completed,71.5
EMP11882,2021-05-14,Advanced Excel,40,Completed,90.7
EMP11883,2024-08-12,Customer Handling,24,Completed,86.7
EMP11883,2022-12-12,Project Management,24,Completed,80.1
EMP11884,2023-06-12,Time Management,4,Completed,92.9
EMP11884,2025-11-02,Cyber Security,40,In Progress,
EMP11884,2025-05-31,Customer Handling,24,Completed,69.6
EMP11887,2025-08-04,Data Analytics,8,Completed,79.9
EMP11887,2026-03-03,Data Analytics,16,Completed,82.6
EMP11888,2026-06-19,Time Management,4,Completed,64.0
EMP11894,2025-01-17,Sales Negotiation,16,Cancelled,
EMP11894,2026-06-07,Advanced Excel,16,Completed,70.4
EMP11896,2026-06-07,Data Analytics,16,Completed,64.4
EMP11896,2024-08-24,Project Management,8,Cancelled,
EMP11897,2026-02-12,Data Analytics,16,Completed,75.8
EMP11898,2022-12-10,Time Management,4,In Progress,
EMP11900,2026-01-18,Cyber Security,8,Completed,91.2
EMP11900,2024-04-07,Sales Negotiation,4,Completed,66.4
EMP11900,2026-04-07,Advanced Excel,4,Completed,69.3
EMP11901,2024-09-22,Power BI Fundamentals,8,Cancelled,
EMP11901,2025-10-10,Power BI Fundamentals,4,Completed,86.6
EMP11901,2024-07-25,Communication Skills,16,Completed,74.3
EMP11903,2022-05-28,Time Management,16,In Progress,
EMP11903,2021-04-20,Sales Negotiation,16,Completed,70.1
EMP11903,2022-08-21,Sales Negotiation,4,Completed,67.0
EMP11903,2021-10-26,Customer Handling,8,Completed,93.1
EMP11904,2026-05-26,Project Management,8,Completed,90.3
EMP11905,2026-05-06,Sales Negotiation,8,Completed,81.7
EMP11906,2025-10-19,Communication Skills,40,In Progress,
EMP11906,2026-03-04,Advanced Excel,8,Completed,80.1
EMP11906,2025-10-29,Customer Handling,40,Completed,73.3
EMP11906,2025-02-05,Customer Handling,40,Completed,90.8
EMP11909,2024-10-08,Advanced Excel,8,In Progress,
EMP11909,2024-12-12,Project Management,16,Cancelled,
EMP11910,2022-12-06,Power BI Fundamentals,16,Completed,82.8
EMP11911,2022-09-18,Communication Skills,16,Completed,64.5
EMP11911,2019-12-18,Communication Skills,8,Completed,66.5
EMP11911,2021-10-06,Advanced Excel,4,In Progress,
EMP11911,2019-10-08,Advanced Excel,8,Cancelled,
EMP11911,2019-12-19,Sales Negotiation,16,Completed,60.1
EMP11911,2022-01-16,Leadership Essentials,4,Completed,73.1
EMP11911,2021-10-24,Communication Skills,16,In Progress,
EMP11911,2021-11-01,Leadership Essentials,4,Completed,76.7
EMP11913,2022-08-21,Communication Skills,24,Completed,89.3
EMP11913,2024-01-28,Sales Negotiation,16,Completed,59.5
EMP11913,2025-06-15,Cyber Security,16,Completed,54.4
EMP11914,2024-12-02,Communication Skills,16,Completed,68.9
EMP11915,2025-09-15,Sales Negotiation,8,No Show,
EMP11916,2026-01-09,Advanced Excel,24,Completed,49.4
EMP11916,2023-12-03,Project Management,16,Completed,83.1
EMP11916,2026-05-28,Communication Skills,16,Completed,88.2
EMP11917,2024-11-19,Time Management,16,Completed,49.6
EMP11918,2023-10-04,Power BI Fundamentals,8,Completed,73.4
EMP11920,2023-06-17,Power BI Fundamentals,24,Completed,86.2
EMP11922,2025-09-19,PROJECT MANAGEMENT,8,Completed,76.2
EMP11922,2025-09-11,Customer Handling,16,Completed,66.9
EMP11922,2022-08-01,Sales Negotiation,40,Completed,68.6
EMP11923,2024-06-03,Data Analytics,8,In Progress,
EMP11924,2021-03-26,Power BI Fundamentals,16,Completed,75.2
EMP11924,2021-01-01,Advanced Excel,8,Completed,80.2
EMP11924,2022-03-23,Data Analytics,4,In Progress,
EMP11925,2024-01-18,Communication Skills,4,Completed,83.1
EMP11925,2022-07-29,Project Management,16,Completed,86.7
EMP11925,2023-12-29,Cyber Security,4,Completed,84.0
EMP11928,2025-04-07,Sales Negotiation,8,Completed,69.2
EMP11928,2026-02-11,Time Management,24,Completed,67.7
EMP11928,2026-06-09,Power BI Fundamentals,16,Cancelled,
EMP11929,2024-09-08,Communication Skills,24,Completed,81.5
EMP11929,2025-07-19,Cyber Security,8,Completed,80.8
EMP11929,2025-09-30,Communication Skills,16,In Progress,
EMP11929,2025-08-23,Advanced Excel,8,Cancelled,
EMP11930,2024-04-09,Customer Handling,8,Cancelled,
EMP11932,2025-04-16,Cyber Security,16,Completed,74.7
EMP11932,2025-01-20,Data Analytics,16,Completed,81.9
EMP11932,2025-09-21,Customer Handling,8,Cancelled,
EMP11932,2022-10-02,Time Management,16,No Show,
EMP11932,2025-03-27,Advanced Excel,4,Completed,50.2
EMP11934,2019-08-27,Data Analytics,16,Completed,78.0
EMP11935,2023-12-09,Sales Negotiation,4,Completed,92.3
EMP11935,2026-03-20,Advanced Excel,8,Completed,55.1
EMP11936,2023-03-20,Advanced Excel,16,In Progress,
EMP11936,2022-07-21,Communication Skills,24,Completed,57.4
EMP11937,2023-07-03,Leadership Essentials,8,Completed,91.1
EMP11938,2024-05-17,Sales Negotiation,8,Completed,77.2
EMP11938,2025-09-08,Data Analytics,8,In Progress,
EMP11939,2023-11-11,Customer Handling,16,No Show,
EMP11940,2022-04-19,Leadership Essentials,24,Completed,95.6
EMP11940,2022-12-21,Sales Negotiation,8,Completed,78.7
EMP11940,2023-08-05,Power BI Fundamentals,8,Completed,84.2
EMP11942,2021-07-29,Sales Negotiation,16,Completed,84.6
EMP11942,2022-04-23,Project Management,24,Completed,76.9
EMP11942,2019-07-31,Customer Handling,8,Completed,80.2
EMP11942,2023-12-07,Advanced Excel,8,Completed,79.7
EMP11945,2022-07-29,Power BI Fundamentals,16,Completed,79.8
EMP11945,2022-08-01,Advanced Excel,8,Completed,88.1
EMP11945,2023-12-02,Project Management,16,Completed,71.3
EMP11945,2023-09-28,Cyber Security,16,Completed,79.5
EMP11945,2022-12-05,COMMUNICATION SKILLS,16,Completed,85.0
EMP11947,2026-01-18,Data Analytics,16,Completed,81.5
EMP11948,2026-02-09,Cyber Security,24,Completed,98.2
EMP11948,2024-05-23,Power BI Fundamentals,8,Completed,90.9
EMP11948,2024-06-29,Cyber Security,8,Completed,85.3
EMP11948,2024-09-18,Power BI Fundamentals,8,Completed,73.9
EMP11953,2025-02-03,Project Management,16,In Progress,
EMP11953,2024-10-09,Leadership Essentials,4,Completed,67.3
EMP11955,2025-12-13,Sales Negotiation,16,No Show,
EMP11956,2023-11-02,Customer Handling,8,Completed,85.3
EMP11956,2021-01-21,Project Management,16,Cancelled,
EMP11956,2022-06-11,Advanced Excel,16,Completed,95.1
EMP11956,2025-03-08,Leadership Essentials,16,In Progress,
EMP11956,2023-11-05,Cyber Security,40,In Progress,
EMP11957,2022-10-17,Cyber Security,40,Cancelled,
EMP11957,2023-11-10,Communication Skills,24,Completed,70.9
EMP11958,2025-12-17,Customer Handling,16,Completed,61.9
EMP11959,2023-07-16,Communication Skills,8,Completed,65.8
EMP11959,2023-12-02,Cyber Security,4,Completed,74.9
EMP11960,2024-10-02,Data Analytics,4,No Show,
EMP11960,2023-02-10,Time Management,24,Completed,63.7
EMP11960,2023-05-22,Customer Handling,8,Completed,78.5
EMP11961,2025-07-29,Power BI Fundamentals,16,In Progress,
EMP11961,2025-12-30,Time Management,16,Completed,83.9
EMP11961,2025-07-22,Sales Negotiation,24,In Progress,
EMP11964,2021-06-29,Power BI Fundamentals,16,In Progress,
EMP11964,2021-07-06,Cyber Security,4,Completed,65.4
EMP11965,2022-02-24,Advanced Excel,8,Completed,66.5
EMP11966,2022-06-09,Leadership Essentials,16,Completed,67.4
EMP11966,2023-11-14,Communication Skills,16,Completed,94.8
EMP11967,2025-04-25,Advanced Excel,24,Completed,40.4
EMP11968,2023-02-27,Communication Skills,8,Completed,67.5
EMP11968,2023-12-12,Advanced Excel,4,Completed,86.2
EMP11969,2023-03-06,Leadership Essentials,24,Completed,68.9
EMP11969,2023-06-27,Leadership Essentials,8,Completed,82.2
EMP11969,2025-01-28,Time Management,8,Completed,55.2
EMP11969,2024-10-31,Customer Handling,16,Cancelled,
EMP11970,2026-05-16,Communication Skills,16,In Progress,
EMP11970,2026-02-08,Advanced Excel,4,In Progress,
EMP11971,2022-12-14,Power BI Fundamentals,8,Completed,77.4
EMP11972,2022-04-07,Advanced Excel,8,Completed,75.6
EMP11972,2023-10-17,Customer Handling,24,Completed,87.8
EMP11973,2026-06-27,Communication Skills,24,Completed,59.6
EMP11974,2023-09-11,Time Management,4,Completed,78.1
EMP11974,2024-05-15,Cyber Security,8,In Progress,
EMP11978,2026-05-23,Cyber Security,40,Completed,66.2
EMP11978,2026-04-20,Cyber Security,16,Completed,70.9
EMP11978,2025-04-18,Advanced Excel,4,In Progress,
EMP11978,2026-04-05,Communication Skills,16,Completed,100.0
EMP11979,2023-01-24,Customer Handling,24,Completed,75.8
EMP11979,2025-01-29,Sales Negotiation,4,Completed,75.3
EMP11980,2021-10-12,Communication Skills,24,Completed,85.6
EMP11980,2023-10-20,Data Analytics,40,In Progress,
EMP11981,2024-05-16,Communication Skills,16,Completed,67.8
EMP11981,2024-04-12,Project Management,8,Completed,86.5
EMP11982,2025-09-06,Customer Handling,40,Completed,81.0
EMP11982,2024-11-28,Time Management,16,Completed,73.5
EMP11983,2025-04-28,Customer Handling,24,Completed,75.9
EMP11983,2025-11-12,Leadership Essentials,40,Completed,71.5
EMP11983,2026-01-09,Advanced Excel,16,No Show,
EMP11983,2025-12-03,Data Analytics,16,Completed,72.5
EMP11983,2026-03-22,Power BI Fundamentals,4,Completed,93.9
EMP11984,2023-03-14,Time Management,16,Cancelled,
EMP11984,2025-04-11,Sales Negotiation,8,Completed,81.5
EMP11984,2024-03-05,Customer Handling,4,Cancelled,
EMP11984,2022-07-20,Communication Skills,40,Completed,64.7
EMP11988,2026-03-16,Data Analytics,40,Completed,92.8
EMP11988,2026-05-15,Project Management,4,Completed,86.2
EMP11989,2026-02-10,Advanced Excel,24,Completed,69.0
EMP11989,2021-07-01,Data Analytics,4,In Progress,
EMP11991,2023-03-22,Data Analytics,16,Completed,98.2
EMP11991,2024-01-09,Project Management,40,Completed,100.0
EMP11991,2021-05-15,Sales Negotiation,8,Completed,83.1
EMP11992,2023-01-16,Data Analytics,24,In Progress,
EMP11992,2023-07-14,Leadership Essentials,40,In Progress,
EMP11993,2022-11-06,Sales Negotiation,16,Completed,82.8
EMP11993,2020-09-09,Cyber Security,24,Completed,84.6
EMP11993,2019-08-24,Project Management,8,Completed,64.2
EMP11993,2021-02-06,Leadership Essentials,16,Cancelled,
EMP11994,2022-02-16,Data Analytics,8,Completed,82.8
EMP11995,2024-04-06,Customer Handling,16,Completed,85.9
EMP11996,2024-09-23,Advanced Excel,16,Completed,86.1
EMP11996,2025-08-28,Data Analytics,8,Completed,80.1
EMP11997,2020-01-21,Leadership Essentials,16,Completed,87.2
EMP11999,2025-08-25,Time Management,16,Completed,81.8
EMP11999,2025-03-06,Project Management,24,In Progress,
EMP12000,2026-04-29,Sales Negotiation,16,Completed,100.0
EMP12000,2025-10-04,Time Management,16,In Progress,
EMP12000,2025-11-22,Leadership Essentials,40,Completed,77.3
EMP12001,2024-09-04,Sales Negotiation,8,In Progress,
EMP12002,2025-11-26,Communication Skills,8,Completed,79.8
EMP12002,2026-05-01,Sales Negotiation,4,Completed,94.5
EMP12002,2024-01-31,Advanced Excel,16,In Progress,
EMP12002,2024-09-19,Leadership Essentials,16,Completed,51.9
EMP12003,2022-08-05,Leadership Essentials,16,Completed,83.7
EMP12003,2022-01-26,Time Management,8,In Progress,
EMP12004,2022-05-25,Customer Handling,4,Completed,84.0
EMP12004,2023-09-29,Communication Skills,4,In Progress,
EMP12004,2025-11-25,Power BI Fundamentals,16,Completed,69.8
EMP12004,2023-04-26,Power BI Fundamentals,8,Completed,61.6
EMP12005,2023-12-20,Data Analytics,16,Completed,86.6
EMP12005,2025-12-24,Data Analytics,8,Completed,61.2
EMP12005,2024-06-20,Advanced Excel,24,In Progress,
EMP12005,2024-01-14,Advanced Excel,8,Completed,69.7
EMP12006,2022-02-26,Customer Handling,16,In Progress,
EMP12006,2022-02-01,Project Management,24,Cancelled,
EMP12006,2021-04-07,Sales Negotiation,24,Completed,90.0
EMP12006,2021-01-03,Sales Negotiation,24,Completed,96.2
EMP12006,2023-12-26,Project Management,24,Completed,91.6
EMP12007,2024-08-31,Power BI Fundamentals,16,Completed,76.4
EMP12007,2024-07-18,Customer Handling,16,Completed,81.7
EMP12009,2025-05-28,Sales Negotiation,8,No Show,
EMP12009,2025-07-10,Customer Handling,8,Completed,90.3
EMP12009,2024-10-23,Project Management,8,In Progress,
EMP12010,2023-12-30,Sales Negotiation,8,In Progress,
EMP12011,2024-06-15,Leadership Essentials,16,Completed,68.0
EMP12011,2023-05-18,Project Management,4,Completed,79.9
EMP12012,2023-02-06,Customer Handling,40,Completed,66.9
EMP12012,2021-12-22,Project Management,16,Completed,61.5
EMP12014,2025-12-12,Power BI Fundamentals,8,Completed,74.6
EMP12014,2025-03-11,Time Management,16,Completed,66.7
EMP12015,2025-10-24,Sales Negotiation,16,Completed,90.1
EMP12015,2024-12-23,Advanced Excel,4,Completed,66.3
EMP12015,2025-06-12,Customer Handling,16,No Show,
EMP12016,2024-08-17,Power BI Fundamentals,16,Completed,81.2
EMP12016,2025-06-08,Leadership Essentials,4,Completed,100.0
EMP12017,2024-03-25,Data Analytics,4,Completed,79.0
EMP12017,2025-09-21,Cyber Security,40,In Progress,
EMP12020,2022-08-01,Communication Skills,8,Completed,78.7
EMP12020,2021-10-14,Data Analytics,8,Completed,100.0
EMP12020,2023-12-06,Project Management,8,Completed,70.2
EMP12023,2025-02-06,Sales Negotiation,16,Cancelled,
EMP12023,2025-09-03,Leadership Essentials,8,Completed,89.1
EMP12023,2023-11-24,Communication Skills,8,Completed,91.5
EMP12026,2025-12-01,Time Management,40,Completed,100.0
EMP12026,2022-08-22,Cyber Security,16,Completed,60.6
EMP12027,2022-12-22,Project Management,24,Completed,77.0
EMP12027,2022-09-14,Communication Skills,4,In Progress,
EMP12027,2023-11-20,Advanced Excel,8,Completed,82.5
EMP12029,2023-06-02,Communication Skills,8,Completed,87.3
EMP12030,2025-02-12,Cyber Security,24,In Progress,
EMP12031,2023-01-27,Advanced Excel,16,Completed,76.6
EMP12031,2023-10-24,Customer Handling,40,Completed,45.9
EMP12031,2020-02-17,POWER BI FUNDAMENTALS,16,In Progress,
EMP12033,2024-07-16,Sales Negotiation,40,Completed,92.6
EMP12033,2023-07-20,Power BI Fundamentals,24,Completed,63.7
EMP12033,2023-10-04,Data Analytics,8,Completed,80.4
EMP12033,2025-07-06,Customer Handling,16,Completed,95.8
EMP12033,2024-11-03,Project Management,40,Cancelled,
EMP12033,2023-08-29,Project Management,16,Completed,62.9
EMP12034,2022-11-22,Cyber Security,8,Completed,84.9
EMP12035,2025-01-20,Time Management,16,Completed,77.4
EMP12035,2024-11-26,Cyber Security,8,Completed,75.6
EMP12036,2021-11-09,Customer Handling,8,Completed,81.1
EMP12037,2024-11-05,Customer Handling,16,Cancelled,
EMP12040,2025-08-19,Communication Skills,8,Completed,96.0
EMP12040,2025-05-02,Leadership Essentials,4,Completed,82.0
EMP12041,2026-04-19,Time Management,40,Completed,81.8
EMP12042,2023-08-22,Power BI Fundamentals,8,Completed,70.4
EMP12042,2021-12-27,Project Management,16,Completed,82.5
EMP12043,2020-06-19,Time Management,8,Completed,84.5
EMP12043,2023-12-24,Advanced Excel,4,Completed,82.2
EMP12043,2023-09-15,Cyber Security,4,Completed,89.9
EMP12043,2022-12-22,Sales Negotiation,16,Completed,82.5
EMP12044,2023-12-17,Time Management,24,Cancelled,
EMP12047,2024-01-03,Project Management,16,Completed,78.1
EMP12047,2019-11-16,Customer Handling,16,Completed,70.2
EMP12047,2024-01-03,Advanced Excel,16,Cancelled,
EMP12047,2019-10-07,Leadership Essentials,24,Completed,100.0
EMP12047,2023-06-20,Sales Negotiation,8,Completed,72.6
EMP12049,2024-08-23,Data Analytics,4,Completed,86.4
EMP12050,2025-01-09,Sales Negotiation,16,Completed,93.7
EMP12052,2023-06-07,Data Analytics,40,In Progress,
EMP12052,2024-10-16,Power BI Fundamentals,16,Completed,76.0
EMP12052,2023-11-21,Customer Handling,8,Completed,62.2
EMP12054,2025-03-25,Time Management,8,Completed,83.6
EMP12054,2021-09-04,Power BI Fundamentals,16,Completed,86.5
EMP12057,2026-01-28,Data Analytics,4,Completed,66.5
EMP12058,2024-10-13,Customer Handling,8,Completed,53.8
EMP12058,2024-01-08,Sales Negotiation,40,Completed,75.6
EMP12059,2025-04-01,Customer Handling,8,In Progress,
EMP12059,2024-11-27,Advanced Excel,4,Completed,89.4
EMP12059,2022-12-08,Customer Handling,16,Completed,65.7
EMP12060,2024-12-18,Leadership Essentials,16,Completed,100.0
EMP12061,2021-12-02,Sales Negotiation,8,Completed,57.8
EMP12061,2020-05-22,Leadership Essentials,4,Completed,78.3
EMP12061,2021-12-29,Communication Skills,24,Completed,68.2
EMP12061,2021-12-28,Customer Handling,16,No Show,
EMP12062,2024-05-28,Time Management,16,Completed,74.7
EMP12062,2024-06-20,Advanced Excel,16,Completed,79.0
EMP12063,2023-05-02,Leadership Essentials,8,Cancelled,
EMP12064,2023-04-17,Sales Negotiation,8,Completed,77.5
EMP12064,2026-01-30,Customer Handling,8,Completed,61.1
EMP12064,2024-11-10,Leadership Essentials,16,In Progress,
EMP12065,2022-03-08,Cyber Security,8,Completed,87.9
EMP12065,2020-05-06,Project Management,4,Completed,65.1
EMP12066,2022-02-16,Leadership Essentials,40,No Show,
EMP12066,2024-10-31,Leadership Essentials,24,Completed,71.6
EMP12067,2024-09-25,Customer Handling,8,Completed,72.2
EMP12067,2021-05-26,Data Analytics,16,No Show,
EMP12067,2020-07-11,Project Management,8,Completed,60.4
EMP12067,2024-04-21,Customer Handling,8,No Show,
EMP12067,2020-04-16,Power BI Fundamentals,4,Completed,85.0
EMP12067,2023-06-26,Power BI Fundamentals,16,Completed,84.5
EMP12068,2025-05-23,Data Analytics,16,Completed,87.7
EMP12069,2024-10-03,Advanced Excel,8,Completed,70.6
EMP12069,2023-09-13,Customer Handling,16,Completed,84.0
EMP12069,2021-03-26,Data Analytics,24,In Progress,
EMP12069,2024-06-07,Communication Skills,24,Completed,81.3
EMP12070,2025-01-01,Cyber Security,24,Completed,91.7
EMP12070,2024-11-28,Time Management,16,Completed,74.2
EMP12070,2025-11-07,Advanced Excel,8,Completed,57.6
EMP12070,2026-05-06,Customer Handling,8,Completed,73.0
EMP12071,2022-04-23,Communication Skills,16,Completed,72.7
EMP12071,2019-12-23,Leadership Essentials,8,Completed,68.3
EMP12071,2023-02-19,Sales Negotiation,8,Completed,80.9
EMP12071,2023-12-08,Project Management,4,Completed,66.9
EMP12072,2024-10-11,Communication Skills,16,Completed,74.2
EMP12072,2022-09-10,Cyber Security,8,Completed,63.2
EMP12073,2025-06-14,Cyber Security,16,Completed,75.7
EMP12073,2023-09-20,Cyber Security,4,Completed,82.1
EMP12073,2021-03-23,Advanced Excel,8,In Progress,
EMP12073,2025-08-09,Customer Handling,8,Completed,65.9
EMP12073,2024-03-04,Customer Handling,40,Completed,100.0
EMP12073,2024-04-12,Time Management,16,Completed,79.2
EMP12073,2021-05-18,Customer Handling,4,Completed,75.9
EMP12073,2025-05-10,Data Analytics,16,No Show,
EMP12074,2024-10-16,Time Management,24,Completed,63.1
EMP12074,2025-09-16,Cyber Security,8,Completed,82.9
EMP12075,2021-01-02,Project Management,24,Completed,69.3
EMP12075,2022-11-30,Time Management,4,Completed,82.1
EMP12075,2023-01-24,Data Analytics,8,Completed,74.0
EMP12078,2024-11-06,Communication Skills,40,Completed,81.0
EMP12078,2026-05-30,Customer Handling,40,Completed,61.9
EMP12079,2023-03-02,Data Analytics,24,Completed,94.7
EMP12079,2023-12-06,Cyber Security,24,Completed,58.6
EMP12079,2023-05-01,Power BI Fundamentals,8,Completed,96.4
EMP12080,2023-11-26,Communication Skills,24,Completed,79.0
EMP12080,2023-10-26,Customer Handling,8,Completed,91.1
EMP12082,2025-03-09,Customer Handling,16,Completed,79.0
EMP12082,2024-01-28,Advanced Excel,24,Completed,76.9
EMP12082,2025-06-12,Customer Handling,16,Completed,57.3
EMP12083,2021-04-27,Time Management,8,Completed,86.6
EMP12083,2022-10-14,Sales Negotiation,16,Completed,83.2
EMP12084,2020-03-08,Power BI Fundamentals,40,Completed,72.9
EMP12084,2020-06-25,Data Analytics,40,Completed,75.6
EMP12084,2023-05-25,Cyber Security,16,Completed,100.0
EMP12084,2023-07-23,Cyber Security,4,Completed,66.0
EMP12085,2026-06-03,Advanced Excel,8,Completed,66.3
EMP12085,2025-01-09,Data Analytics,8,In Progress,
EMP12085,2023-02-23,Power BI Fundamentals,40,Completed,50.8
EMP12085,2025-03-02,Sales Negotiation,16,No Show,
EMP12085,2025-05-02,Project Management,4,Completed,79.9
EMP12085,2023-06-24,Power BI Fundamentals,4,Completed,79.4
EMP12086,2022-03-05,Project Management,16,Completed,81.0
EMP12086,2023-04-18,Sales Negotiation,40,Completed,94.9
EMP12087,2022-03-04,Project Management,16,No Show,
EMP12087,2023-12-18,Cyber Security,16,Completed,66.7
EMP12087,2023-04-11,Sales Negotiation,16,Completed,78.4
EMP12087,2022-05-02,Cyber Security,24,In Progress,
EMP12087,2022-04-05,Cyber Security,24,Completed,74.6
EMP12088,2020-08-22,Sales Negotiation,8,Completed,87.8
EMP12088,2022-01-30,Leadership Essentials,16,Completed,93.9
EMP12088,2022-11-20,Power BI Fundamentals,8,Completed,79.0
EMP12091,2020-09-15,Leadership Essentials,8,Completed,89.9
EMP12092,2024-09-28,Cyber Security,16,Completed,84.3
EMP12092,2026-01-20,Advanced Excel,4,In Progress,
EMP12092,2023-09-11,Data Analytics,8,Cancelled,
EMP12092,2025-09-30,Time Management,8,Completed,76.6
EMP12093,2026-04-01,Customer Handling,4,Completed,89.3
EMP12094,2022-07-19,Communication Skills,40,No Show,
EMP12094,2024-11-08,Time Management,8,No Show,
EMP12094,2023-11-13,Power BI Fundamentals,40,Completed,88.3
EMP12094,2025-01-17,Project Management,16,Completed,82.8
EMP12095,2024-05-19,Data Analytics,24,Completed,70.4
EMP12095,2023-08-05,Time Management,8,Completed,82.4
EMP12095,2025-04-23,Power BI Fundamentals,4,Completed,75.1
EMP12095,2024-05-09,Time Management,40,Completed,76.1
EMP12097,2024-02-05,Customer Handling,16,Completed,80.2
EMP12097,2021-01-10,Leadership Essentials,8,Completed,45.0
EMP12097,2022-08-19,Cyber Security,8,In Progress,
EMP12097,2022-10-16,Data Analytics,8,Completed,85.7
EMP12099,2022-04-08,Cyber Security,8,Completed,77.0
EMP12099,2021-09-13,Leadership Essentials,8,In Progress,
EMP12099,2025-06-08,Sales Negotiation,16,Completed,80.9
EMP12099,2023-11-12,Power BI Fundamentals,16,In Progress,
EMP12100,2023-06-07,Sales Negotiation,4,In Progress,
EMP12101,2026-03-07,Leadership Essentials,8,Completed,58.2
EMP12102,2021-03-04,Advanced Excel,4,No Show,
EMP12102,2024-08-07,Leadership Essentials,8,Completed,81.3
EMP12102,2024-09-20,Customer Handling,4,Completed,79.1
EMP12102,2022-09-19,Advanced Excel,16,Completed,60.5
EMP12105,2023-01-06,Project Management,8,Completed,94.0
EMP12105,2023-01-22,Time Management,4,Cancelled,
EMP12105,2025-05-09,Advanced Excel,16,In Progress,
EMP12105,2024-12-16,Customer Handling,8,Completed,99.8
EMP12106,2025-10-24,Time Management,16,In Progress,
EMP12106,2024-11-25,Sales Negotiation,24,Completed,70.0
EMP12107,2025-08-26,Project Management,16,Cancelled,
EMP12107,2025-04-22,Leadership Essentials,40,Completed,88.8
EMP12107,2026-05-03,Advanced Excel,40,Completed,80.1
EMP12107,2025-06-18,Time Management,16,Completed,93.3
EMP12108,2025-12-19,Power BI Fundamentals,8,In Progress,
EMP12108,2025-10-13,Leadership Essentials,40,Completed,72.5
EMP12109,2026-03-15,Communication Skills,8,Completed,84.7
EMP12110,2022-09-07,Power BI Fundamentals,24,Completed,71.5
EMP12110,2025-03-11,Data Analytics,16,Completed,71.3
EMP12110,2024-08-03,Power BI Fundamentals,24,Cancelled,
EMP12110,2024-04-27,Sales Negotiation,40,Completed,68.9
EMP12110,2024-11-02,Data Analytics,4,Completed,79.0
EMP12110,2023-10-30,Communication Skills,16,Completed,97.9
EMP12111,2023-07-18,Data Analytics,24,Completed,73.2
EMP12111,2023-05-29,Customer Handling,24,Completed,71.0
EMP12111,2023-03-28,Customer Handling,16,In Progress,
EMP12112,2022-01-18,Leadership Essentials,8,Completed,67.6
EMP12112,2023-05-12,Sales Negotiation,4,Completed,83.7
EMP12112,2023-05-01,Time Management,16,Completed,74.1
EMP12112,2025-04-26,Communication Skills,40,No Show,
EMP12114,2025-07-30,Advanced Excel,16,In Progress,
EMP12114,2025-05-21,Advanced Excel,16,Completed,71.4
EMP12115,2025-02-16,Leadership Essentials,16,Completed,79.2
EMP12115,2025-12-25,Data Analytics,16,Completed,87.1
EMP12119,2022-09-04,Time Management,16,No Show,
EMP12119,2022-12-03,Advanced Excel,16,Completed,87.6
EMP12119,2022-12-02,Power BI Fundamentals,8,In Progress,
EMP12121,2023-03-25,Advanced Excel,24,Completed,86.5
EMP12121,2024-04-19,Communication Skills,24,Completed,71.4
EMP12122,2021-11-04,Communication Skills,8,Completed,83.2
EMP12122,2023-10-23,Advanced Excel,8,Completed,73.1
EMP12122,2022-08-04,Sales Negotiation,4,Completed,81.6
EMP12122,2024-09-14,Leadership Essentials,16,Completed,98.6
EMP12124,2022-06-24,Power BI Fundamentals,40,Completed,60.7
EMP12124,2024-06-12,Sales Negotiation,8,Completed,51.6
EMP12124,2024-11-08,Cyber Security,8,Completed,85.6
EMP12124,2026-02-11,Leadership Essentials,40,Completed,87.3
EMP12124,2022-12-24,Advanced Excel,16,Completed,80.6
EMP12125,2026-03-16,Customer Handling,8,Completed,67.0
EMP12127,2022-05-07,Cyber Security,16,Completed,75.7
EMP12127,2020-02-07,Sales Negotiation,16,Completed,69.2
EMP12127,2022-08-09,Data Analytics,16,Completed,96.0
EMP12127,2022-06-27,Communication Skills,4,Completed,75.7
EMP12128,2024-12-08,Power BI Fundamentals,8,Completed,73.5
EMP12128,2024-09-26,Customer Handling,40,Completed,63.1
EMP12129,2024-12-22,Time Management,16,Completed,77.2
EMP12132,2024-03-04,Sales Negotiation,16,Completed,64.1
EMP12132,2024-02-18,Time Management,4,In Progress,
EMP12134,2024-06-12,Advanced Excel,16,Completed,100.0
EMP12134,2021-06-26,Cyber Security,8,Completed,95.7
EMP12134,2023-12-12,Data Analytics,16,In Progress,
EMP12137,2025-04-04,Leadership Essentials,40,Cancelled,
EMP12137,2022-11-30,Data Analytics,40,Completed,67.3
EMP12137,2025-01-31,Data Analytics,8,Completed,75.3
EMP12137,2020-10-16,Communication Skills,40,In Progress,
EMP12138,2022-04-17,Data Analytics,8,Completed,73.1
EMP12138,2025-10-16,Power BI Fundamentals,16,Completed,84.9
EMP12138,2023-10-26,Power BI Fundamentals,16,Completed,78.6
EMP12139,2022-07-12,Communication Skills,8,Completed,54.1
EMP12139,2025-04-03,Sales Negotiation,16,Completed,83.3
EMP12139,2022-09-08,Sales Negotiation,8,Completed,96.0
EMP12141,2026-01-17,Customer Handling,16,Completed,99.1
EMP12141,2024-01-27,Customer Handling,24,Completed,81.0
EMP12142,2021-03-26,Advanced Excel,8,Completed,70.7
EMP12142,2022-01-12,Time Management,16,No Show,
EMP12146,2026-03-08,Sales Negotiation,8,Completed,66.8
EMP12146,2023-07-06,Project Management,16,In Progress,
EMP12148,2023-02-27,Customer Handling,24,Completed,95.7
EMP12148,2023-11-30,Cyber Security,8,Completed,86.0
EMP12149,2024-10-27,Cyber Security,16,No Show,
EMP12150,2023-03-12,Advanced Excel,8,Completed,81.7
EMP12153,2023-06-29,Sales Negotiation,16,Completed,98.6
EMP12153,2021-09-30,Cyber Security,24,Cancelled,
EMP12153,2023-11-22,Cyber Security,40,Completed,85.9
EMP12153,2021-02-27,Data Analytics,40,Completed,93.1
EMP12153,2020-08-25,Leadership Essentials,8,Completed,87.5
EMP12153,2024-02-15,Customer Handling,16,In Progress,
EMP12154,2025-05-31,Sales Negotiation,16,Completed,69.9
EMP12154,2024-06-13,Advanced Excel,8,Completed,86.6
EMP12154,2025-03-10,Time Management,40,Cancelled,
EMP12155,2024-02-06,Cyber Security,8,In Progress,
EMP12155,2023-03-05,Leadership Essentials,24,Completed,98.4
EMP12155,2025-02-01,Time Management,16,Completed,69.6
EMP12156,2022-07-07,Customer Handling,24,Completed,85.1
EMP12156,2019-10-05,Leadership Essentials,4,Completed,81.1
EMP12156,2022-01-17,Time Management,4,Completed,62.4
EMP12157,2026-06-06,Sales Negotiation,24,Completed,69.2
EMP12157,2025-10-01,Leadership Essentials,24,In Progress,
EMP12157,2025-12-14,Project Management,24,Completed,72.4
EMP12159,2025-10-05,Data Analytics,8,Completed,69.8
EMP12160,2023-10-24,Sales Negotiation,8,In Progress,
EMP12160,2022-02-20,Sales Negotiation,24,Completed,64.9
EMP12160,2022-06-16,Customer Handling,4,In Progress,
EMP12160,2021-05-09,Leadership Essentials,4,No Show,
EMP12160,2023-04-13,Data Analytics,8,Completed,75.3
EMP12161,2023-04-08,Project Management,16,In Progress,
EMP12161,2021-04-27,Power BI Fundamentals,40,Completed,81.5
EMP12161,2023-04-25,Power BI Fundamentals,16,Completed,70.4
EMP12161,2021-05-25,Communication Skills,16,Completed,80.1
EMP12161,2020-04-06,Project Management,16,Completed,71.4
EMP12163,2023-04-30,Power BI Fundamentals,16,Completed,93.4
EMP12164,2025-12-10,Cyber Security,16,No Show,
EMP12166,2023-02-25,Power BI Fundamentals,16,In Progress,
EMP12166,2023-10-31,Advanced Excel,4,Completed,87.8
EMP12166,2026-01-14,Data Analytics,8,Completed,83.6
EMP12166,2024-12-16,Data Analytics,16,No Show,
EMP12166,2026-04-19,Project Management,16,In Progress,
EMP12167,2022-06-25,Time Management,16,Completed,68.8
EMP12167,2025-07-20,Project Management,24,In Progress,
EMP12168,2020-07-19,Sales Negotiation,16,Completed,70.0
EMP12168,2020-06-06,Data Analytics,16,Completed,79.3
EMP12168,2020-11-09,Customer Handling,24,Completed,78.3
EMP12169,2025-07-28,Customer Handling,8,Completed,72.3
EMP12169,2025-07-17,Cyber Security,16,In Progress,
EMP12170,2023-09-26,Advanced Excel,8,Completed,60.2
EMP12170,2026-02-17,Sales Negotiation,4,In Progress,
EMP12170,2026-03-15,Cyber Security,16,Completed,50.4
EMP12170,2024-01-10,Sales Negotiation,24,Completed,100.0
EMP12170,2025-07-31,Time Management,24,Completed,72.8
EMP12171,2023-06-16,Data Analytics,8,Completed,91.7
EMP12171,2020-08-15,Time Management,4,Completed,98.9
EMP12171,2024-02-15,Power BI Fundamentals,24,Completed,72.1
EMP12171,2023-01-28,Power BI Fundamentals,16,In Progress,
EMP12172,2025-09-20,Customer Handling,4,Completed,100.0
EMP12174,2024-12-14,Data Analytics,16,In Progress,
EMP12175,2021-09-09,Project Management,16,In Progress,
EMP12175,2023-04-15,Time Management,16,Completed,68.9
EMP12175,2024-09-02,Time Management,40,Completed,90.5
EMP12176,2021-08-28,Project Management,24,Completed,83.6
EMP12176,2024-04-18,Time Management,16,Completed,90.7
EMP12176,2022-06-12,Time Management,16,No Show,
EMP12177,2025-02-26,Cyber Security,16,Completed,89.3
EMP12177,2023-10-27,Advanced Excel,40,Completed,75.9
EMP12177,2025-03-18,Leadership Essentials,24,Completed,74.6
EMP12179,2023-08-20,LEADERSHIP ESSENTIALS,40,Completed,90.7
EMP12179,2024-09-10,Data Analytics,16,Completed,85.3
EMP12180,2024-09-04,COMMUNICATION SKILLS,24,Completed,81.3
EMP12180,2025-09-12,Advanced Excel,16,Cancelled,
EMP12181,2022-04-25,Advanced Excel,40,In Progress,
EMP12181,2026-04-26,Sales Negotiation,8,Completed,100.0
EMP12181,2026-02-11,Sales Negotiation,16,Completed,68.2
EMP12184,2023-10-31,Project Management,4,Completed,79.2
EMP12184,2024-08-08,Communication Skills,16,Completed,68.9
EMP12185,2022-06-28,Communication Skills,16,Completed,71.8
EMP12185,2025-02-10,Advanced Excel,4,Completed,88.2
EMP12185,2023-10-30,Data Analytics,4,Cancelled,
EMP12187,2023-02-08,Cyber Security,24,Completed,61.3
EMP12188,2023-03-13,Cyber Security,24,Completed,67.9
EMP12188,2019-10-28,Advanced Excel,8,Completed,57.8
EMP12190,2025-10-20,Leadership Essentials,8,Cancelled,
EMP12190,2025-06-17,Time Management,16,In Progress,
EMP12190,2026-05-25,Customer Handling,4,Completed,79.5
EMP12191,2024-01-26,Advanced Excel,24,Completed,79.4
EMP12191,2021-12-08,Leadership Essentials,16,Completed,48.7
EMP12191,2022-01-10,Advanced Excel,4,Completed,64.2
EMP12191,2022-10-01,Sales Negotiation,40,Completed,72.4
EMP12192,2025-03-21,Project Management,8,Completed,58.0
EMP12193,2024-10-18,Time Management,24,Cancelled,
EMP12193,2025-12-24,LEADERSHIP ESSENTIALS,24,Completed,98.1
EMP12193,2025-02-21,Data Analytics,8,In Progress,
EMP12194,2025-12-10,Project Management,16,Completed,81.0
EMP12194,2023-08-22,Advanced Excel,4,Cancelled,
EMP12196,2024-08-10,Sales Negotiation,24,Completed,78.8
EMP12196,2023-02-14,Cyber Security,16,Completed,78.8
EMP12196,2025-10-21,Data Analytics,16,Completed,85.3
EMP12196,2024-11-04,Time Management,8,Cancelled,
EMP12197,2021-12-18,Power BI Fundamentals,8,Completed,74.3
EMP12197,2024-03-15,Communication Skills,24,Completed,84.0
EMP12198,2020-09-01,Communication Skills,8,Completed,60.7
EMP12198,2024-08-12,Customer Handling,24,Cancelled,
EMP12198,2020-12-26,Sales Negotiation,16,Completed,76.5
EMP12198,2020-08-31,Sales Negotiation,16,Completed,79.4
EMP12200,2025-09-19,Customer Handling,40,In Progress,
EMP12201,2021-07-31,Communication Skills,16,Completed,70.4
EMP12201,2022-09-28,Communication Skills,4,Completed,93.2
EMP12201,2022-12-25,Data Analytics,40,Completed,55.8
EMP12201,2022-11-01,Cyber Security,8,Completed,55.2
EMP12201,2021-12-04,Power BI Fundamentals,24,In Progress,
EMP12201,2022-07-21,Communication Skills,4,Completed,74.3
EMP12201,2021-08-21,Advanced Excel,4,Completed,81.6
EMP12202,2023-11-29,Time Management,16,Cancelled,
EMP12202,2023-03-26,Leadership Essentials,16,Completed,84.9
EMP12202,2023-01-31,Advanced Excel,8,No Show,
EMP12202,2023-04-07,Communication Skills,40,Completed,67.2
EMP12202,2026-05-23,Leadership Essentials,16,In Progress,
EMP12203,2025-12-06,Data Analytics,4,Completed,100.0
EMP12204,2024-03-06,Leadership Essentials,40,Completed,86.8
EMP12204,2025-04-25,Project Management,16,Completed,64.2
EMP12205,2024-01-19,Cyber Security,8,Completed,83.4
EMP12207,2020-11-06,Time Management,8,Cancelled,
EMP12207,2024-04-15,Power BI Fundamentals,8,Completed,93.4
EMP12209,2024-06-04,Advanced Excel,16,Completed,67.4
EMP12210,2024-02-28,Project Management,24,In Progress,
EMP12210,2020-01-21,Data Analytics,16,Completed,100.0
EMP12210,2022-10-04,Power BI Fundamentals,4,Completed,77.3
EMP12210,2021-12-30,Sales Negotiation,16,No Show,
EMP12210,2019-12-16,Communication Skills,4,Completed,84.9
EMP12210,2024-05-26,Communication Skills,16,Completed,82.7
EMP12211,2021-10-29,Time Management,16,Completed,76.5
EMP12211,2021-02-21,Sales Negotiation,8,Completed,71.1
EMP12212,2026-05-25,Power BI Fundamentals,8,Cancelled,
EMP12213,2024-07-11,Project Management,16,Completed,76.9
EMP12214,2023-08-30,Project Management,8,Completed,81.6
EMP12214,2026-02-20,Time Management,24,Completed,88.2
EMP12214,2024-10-05,Power BI Fundamentals,16,Completed,87.6
EMP12215,2024-04-02,Data Analytics,8,Completed,90.0
EMP12215,2024-04-13,Advanced Excel,16,Completed,76.6
EMP12215,2023-11-26,Sales Negotiation,16,Completed,82.1
EMP12215,2023-12-04,Cyber Security,8,Cancelled,
EMP12218,2025-07-22,Cyber Security,24,Completed,69.8
EMP12218,2024-10-05,Advanced Excel,24,In Progress,
EMP12219,2025-08-11,Time Management,16,Cancelled,
EMP12220,2021-07-16,Advanced Excel,16,Completed,79.1
EMP12220,2022-05-08,Data Analytics,8,Completed,66.4
EMP12220,2022-01-30,Power BI Fundamentals,8,In Progress,
EMP12220,2021-01-10,Customer Handling,16,No Show,
EMP12220,2022-08-16,Advanced Excel,8,Completed,65.1
EMP12222,2024-04-11,Advanced Excel,24,Cancelled,
EMP12222,2021-12-14,Sales Negotiation,16,Completed,92.7
EMP12223,2020-12-02,Communication Skills,8,Cancelled,
EMP12226,2025-06-30,Leadership Essentials,16,Completed,79.8
EMP12227,2023-11-03,Time Management,8,Completed,65.9
EMP12227,2023-04-17,Power BI Fundamentals,4,Completed,84.8
EMP12228,2019-06-28,Project Management,16,Completed,66.8
EMP12228,2019-04-02,Leadership Essentials,16,Completed,90.1
EMP12229,2022-04-07,Communication Skills,16,Completed,70.8
EMP12229,2023-01-25,Customer Handling,4,In Progress,
EMP12230,2021-05-03,Customer Handling,24,In Progress,
EMP12230,2024-03-23,Cyber Security,16,Completed,77.0
EMP12230,2021-07-01,Project Management,24,Cancelled,
EMP12231,2023-08-16,Advanced Excel,8,Cancelled,
EMP12232,2026-01-29,Data Analytics,16,Cancelled,
EMP12233,2025-03-20,Customer Handling,24,Cancelled,
EMP12233,2021-09-14,Advanced Excel,16,Completed,63.5
EMP12233,2022-08-27,Power BI Fundamentals,4,Completed,71.8
EMP12233,2026-03-07,Time Management,16,Completed,81.7
EMP12234,2025-08-05,Communication Skills,24,Completed,71.2
EMP12234,2025-12-22,Power BI Fundamentals,4,Completed,68.9
EMP12235,2026-03-29,Time Management,8,Completed,65.6
EMP12235,2025-02-20,Power BI Fundamentals,40,Completed,86.4
EMP12236,2023-09-24,Customer Handling,8,In Progress,
EMP12236,2020-10-06,Cyber Security,40,Completed,73.5
EMP12237,2024-02-06,Time Management,4,Completed,78.5
EMP12238,2022-07-11,Leadership Essentials,16,Completed,75.8
EMP12242,2024-04-21,Power BI Fundamentals,24,Completed,76.7
EMP12243,2020-11-23,Advanced Excel,40,Completed,45.1
EMP12243,2019-12-19,Time Management,8,Completed,58.8
EMP12243,2023-05-22,Sales Negotiation,24,In Progress,
EMP12245,2026-06-06,Customer Handling,4,No Show,
EMP12246,2024-02-21,Leadership Essentials,4,In Progress,
EMP12247,2021-07-31,Leadership Essentials,24,Cancelled,
EMP12247,2025-02-17,Project Management,16,No Show,
EMP12249,2025-09-28,Cyber Security,24,Completed,71.8
EMP12251,2025-05-19,Customer Handling,4,Completed,77.4
EMP12251,2023-02-23,Communication Skills,16,Completed,83.9
EMP12251,2026-05-02,Project Management,16,Completed,80.3
EMP12251,2022-08-18,Leadership Essentials,8,No Show,
EMP12253,2024-12-05,Data Analytics,40,In Progress,
EMP12253,2026-05-09,Communication Skills,16,Completed,62.3
EMP12253,2025-07-25,Power BI Fundamentals,16,Completed,78.9
EMP12253,2024-06-22,Project Management,24,Completed,78.0
EMP12254,2023-08-09,Leadership Essentials,40,Completed,94.5
EMP12255,2025-02-16,Communication Skills,16,No Show,
EMP12256,2024-09-09,Sales Negotiation,16,Completed,94.6
EMP12256,2025-07-07,Advanced Excel,8,In Progress,
EMP12256,2025-03-29,Time Management,8,Completed,91.4
EMP12259,2024-06-13,Time Management,4,Completed,73.9
EMP12259,2024-06-17,Leadership Essentials,8,In Progress,
EMP12259,2025-12-01,Project Management,16,In Progress,
EMP12261,2025-07-05,Advanced Excel,16,Completed,68.3
EMP12261,2025-05-08,Cyber Security,40,In Progress,
EMP12261,2023-05-27,Time Management,24,In Progress,
EMP12261,2022-10-10,Time Management,24,Cancelled,
EMP12262,2023-10-25,Advanced Excel,4,Completed,79.0
EMP12265,2020-10-22,Power BI Fundamentals,8,Completed,83.0
EMP12265,2021-02-12,Sales Negotiation,24,Completed,91.7
EMP12266,2024-09-03,Data Analytics,40,Completed,64.2
EMP12266,2025-05-06,Customer Handling,8,In Progress,
EMP12266,2025-04-24,Leadership Essentials,4,Completed,78.7
EMP12267,2022-12-25,Advanced Excel,16,Completed,78.5
EMP12267,2024-07-15,Leadership Essentials,40,Completed,81.2
EMP12267,2023-02-19,Sales Negotiation,40,Cancelled,
EMP12267,2021-11-04,Power BI Fundamentals,8,No Show,
EMP12267,2024-05-29,Communication Skills,24,Cancelled,
EMP12268,2023-03-04,Project Management,4,Completed,67.3
EMP12268,2021-09-20,Cyber Security,8,Completed,57.1
EMP12268,2021-11-19,Sales Negotiation,24,Completed,78.7
EMP12268,2022-10-06,Customer Handling,40,Completed,83.0
EMP12270,2024-01-10,Communication Skills,8,Completed,55.7
EMP12270,2022-04-13,Leadership Essentials,16,In Progress,
EMP12270,2024-05-17,Leadership Essentials,8,Completed,82.8
EMP12272,2024-09-22,Leadership Essentials,24,Completed,79.9
EMP12272,2024-07-07,Communication Skills,4,Completed,68.4
EMP12273,2023-09-21,Power BI Fundamentals,8,No Show,
EMP12274,2024-08-21,Time Management,16,Completed,74.2
EMP12274,2025-04-26,Cyber Security,24,Completed,92.1
EMP12275,2025-10-25,Leadership Essentials,4,In Progress,
EMP12275,2025-10-15,Power BI Fundamentals,40,Completed,71.2
EMP12275,2022-04-23,Sales Negotiation,4,Completed,92.3
EMP12275,2024-05-04,Leadership Essentials,16,Completed,86.9
EMP12275,2025-07-18,Cyber Security,8,Completed,87.8
EMP12275,2022-11-19,Cyber Security,4,Completed,90.4
EMP12275,2023-03-27,Data Analytics,4,Completed,86.2
EMP12277,2023-12-10,Cyber Security,24,Completed,83.1
EMP12277,2025-10-27,Cyber Security,8,Completed,79.8
EMP12280,2025-10-20,Power BI Fundamentals,24,Completed,85.3
EMP12281,2024-09-04,Data Analytics,16,Completed,67.4
EMP12282,2026-04-11,Advanced Excel,16,Completed,83.7
EMP12283,2022-11-14,Sales Negotiation,16,Completed,66.7
EMP12284,2026-04-05,Advanced Excel,16,Completed,72.0
EMP12286,2022-04-18,Time Management,4,Completed,65.2
EMP12286,2023-07-17,Project Management,4,Completed,75.0
EMP12290,2024-03-16,Project Management,8,Completed,88.2
EMP12290,2022-03-27,Communication Skills,24,In Progress,
EMP12290,2022-12-16,Project Management,16,Completed,73.9
EMP12291,2025-12-03,Cyber Security,8,Completed,69.7
EMP12291,2025-05-22,Leadership Essentials,4,In Progress,
EMP12293,2024-05-20,Communication Skills,16,Completed,54.6
EMP12293,2021-09-09,Communication Skills,40,Completed,84.1
EMP12293,2022-12-19,Advanced Excel,24,In Progress,
EMP12293,2023-11-17,Time Management,40,Completed,81.5
EMP12294,2022-12-08,Leadership Essentials,24,In Progress,
EMP12294,2021-06-01,Communication Skills,8,Completed,80.4
EMP12295,2022-06-13,Cyber Security,16,In Progress,
EMP12295,2022-12-10,Power BI Fundamentals,24,Completed,76.8
EMP12296,2025-10-31,Time Management,4,Completed,75.3
EMP12296,2023-12-17,Leadership Essentials,8,Cancelled,
EMP12296,2023-12-04,Leadership Essentials,4,Completed,97.5
EMP12296,2024-03-03,Communication Skills,8,Completed,66.1
EMP12297,2026-05-13,Leadership Essentials,8,Completed,78.1
EMP12297,2026-04-20,Advanced Excel,16,Completed,75.1
EMP12297,2025-08-19,Leadership Essentials,4,Completed,77.7
EMP12297,2023-04-05,Data Analytics,8,Completed,63.1
EMP12298,2026-01-11,Sales Negotiation,4,Completed,71.7
EMP12298,2023-09-30,Data Analytics,24,Completed,89.9
EMP12298,2022-01-27,Customer Handling,40,Completed,47.0
EMP12299,2022-10-19,Leadership Essentials,8,Cancelled,
EMP12299,2021-01-26,Project Management,4,In Progress,
EMP12299,2024-03-13,Project Management,16,Completed,93.7
EMP12299,2020-10-30,Time Management,8,Completed,77.6
EMP12300,2021-01-08,Communication Skills,8,In Progress,
EMP12300,2021-05-07,Customer Handling,8,Completed,84.8
EMP12301,2023-07-21,Data Analytics,4,Completed,77.2
EMP12301,2025-10-29,Time Management,40,Completed,78.6
EMP12301,2023-02-21,Cyber Security,8,No Show,
EMP12303,2022-10-06,Sales Negotiation,4,In Progress,
EMP12304,2023-07-06,Advanced Excel,8,Completed,71.6
EMP12304,2023-12-05,Advanced Excel,8,Completed,89.2
EMP12305,2025-11-18,Advanced Excel,8,Completed,76.9
EMP12306,2026-05-03,Customer Handling,40,In Progress,
EMP12307,2024-10-28,Power BI Fundamentals,40,Completed,64.7
EMP12308,2022-10-18,Communication Skills,16,Completed,69.2
EMP12309,2025-09-06,Sales Negotiation,16,Completed,38.7
EMP12309,2026-01-29,Project Management,40,Completed,55.5
EMP12310,2026-06-19,Communication Skills,4,Completed,66.8
EMP12310,2025-11-06,Sales Negotiation,16,Completed,77.0
EMP12311,2024-11-18,Customer Handling,16,Completed,90.2
EMP12311,2026-03-03,Project Management,8,Completed,87.5
EMP12312,2022-10-14,Power BI Fundamentals,16,Completed,68.8
EMP12312,2025-03-01,Customer Handling,24,Completed,76.6
EMP12312,2025-07-09,Communication Skills,8,In Progress,
EMP12312,2024-06-11,Power BI Fundamentals,24,In Progress,
EMP12312,2021-10-05,Customer Handling,24,Completed,72.2
EMP12313,2024-11-03,Project Management,24,Completed,88.8
EMP12313,2023-03-09,Power BI Fundamentals,24,In Progress,
EMP12314,2025-02-20,Power BI Fundamentals,4,Cancelled,
EMP12315,2024-12-12,Advanced Excel,4,Completed,53.8
EMP12315,2022-10-10,Leadership Essentials,16,Completed,75.4
EMP12315,2022-10-14,Project Management,8,No Show,
EMP12315,2024-03-10,Cyber Security,16,Completed,77.1
EMP12316,2022-05-04,Time Management,16,Completed,54.6
EMP12316,2023-04-15,Sales Negotiation,24,Completed,65.3
EMP12316,2024-12-07,Customer Handling,8,Completed,76.7
EMP12316,2024-12-24,Advanced Excel,16,Cancelled,
EMP12316,2020-11-07,Communication Skills,8,Completed,85.5
EMP12317,2026-01-29,Data Analytics,24,Completed,87.5
EMP12317,2025-10-02,Power BI Fundamentals,8,Completed,78.8
EMP12317,2026-05-29,Communication Skills,16,Completed,88.8
EMP12317,2024-04-01,Customer Handling,16,Completed,62.4
EMP12317,2024-09-25,Power BI Fundamentals,4,Completed,92.2
EMP12318,2024-03-13,Communication Skills,8,Completed,57.0
EMP12318,2024-10-12,Advanced Excel,16,In Progress,
EMP12319,2025-10-31,Project Management,8,Completed,74.2
EMP12320,2025-01-09,Data Analytics,40,Completed,74.7
EMP12320,2024-08-03,Leadership Essentials,40,Completed,57.8
EMP12321,2024-04-10,Communication Skills,16,Completed,73.4
EMP12321,2023-01-07,Sales Negotiation,24,In Progress,
EMP12321,2024-08-29,Sales Negotiation,8,Completed,77.7
EMP12321,2023-05-06,Advanced Excel,8,No Show,
EMP12323,2025-01-03,Leadership Essentials,24,Completed,83.4
EMP12326,2024-07-28,Sales Negotiation,4,Completed,89.4
EMP12326,2025-12-05,Leadership Essentials,24,Completed,71.2
EMP12326,2025-08-16,Customer Handling,8,Completed,58.3
EMP12326,2024-03-24,Customer Handling,24,Completed,81.2
EMP12327,2026-06-22,Time Management,24,Completed,80.6
EMP12329,2025-07-31,Cyber Security,24,Completed,100.0
EMP12330,2020-09-12,Customer Handling,24,In Progress,
EMP12330,2023-11-22,Advanced Excel,24,Completed,73.1
EMP12330,2022-01-12,Leadership Essentials,16,Completed,79.8
EMP12330,2021-12-08,Customer Handling,16,Cancelled,
EMP12330,2022-12-28,Time Management,16,Completed,82.0
EMP12332,2021-07-17,Cyber Security,16,Completed,68.1
EMP12332,2021-08-16,Sales Negotiation,16,Completed,69.9
EMP12332,2023-11-07,Leadership Essentials,4,Completed,69.3
EMP12333,2025-04-20,Cyber Security,40,Completed,69.4
EMP12333,2025-08-31,Cyber Security,16,Completed,82.6
EMP12333,2025-03-16,Sales Negotiation,24,Completed,99.6
EMP12333,2023-11-03,Leadership Essentials,24,Cancelled,
EMP12334,2019-09-17,Communication Skills,24,In Progress,
EMP12335,2025-06-27,Communication Skills,8,In Progress,
EMP12335,2026-06-17,Cyber Security,16,Completed,85.0
EMP12336,2022-03-21,Data Analytics,16,Completed,92.1
EMP12336,2023-05-10,Cyber Security,16,Completed,92.6
EMP12336,2022-09-25,Power BI Fundamentals,4,Completed,80.9
EMP12336,2023-11-11,Leadership Essentials,40,Completed,71.5
EMP12337,2026-02-11,Customer Handling,40,Completed,93.9
EMP12338,2025-04-09,Leadership Essentials,24,In Progress,
EMP12338,2026-05-13,Power BI Fundamentals,16,Completed,79.6
EMP12339,2024-03-26,Project Management,24,Completed,76.7
EMP12340,2023-08-15,Leadership Essentials,4,Completed,86.2
EMP12341,2026-01-30,Time Management,16,Completed,81.1
EMP12342,2025-05-16,Project Management,16,Completed,78.3
EMP12343,2021-08-28,Customer Handling,16,Completed,81.0
EMP12343,2023-08-18,Time Management,4,Completed,63.6
EMP12344,2025-06-05,Communication Skills,16,Completed,71.3
EMP12345,2025-08-24,Leadership Essentials,8,Completed,75.6
EMP12345,2026-01-30,Project Management,16,In Progress,
EMP12346,2020-03-20,Time Management,24,In Progress,
EMP12346,2022-10-20,Cyber Security,4,Completed,80.2
EMP12346,2022-06-26,Cyber Security,24,Completed,71.4
EMP12346,2021-08-18,Leadership Essentials,4,Completed,72.1
EMP12346,2020-04-19,Advanced Excel,16,Completed,82.2
EMP12348,2022-08-02,Power BI Fundamentals,16,In Progress,
EMP12348,2019-10-11,Cyber Security,4,Completed,87.9
EMP12348,2022-12-02,Customer Handling,16,Completed,82.2
EMP12348,2019-10-13,Power BI Fundamentals,8,Completed,69.0
EMP12348,2021-11-05,Sales Negotiation,16,Completed,72.1
EMP12348,2023-01-29,Cyber Security,24,Completed,63.5
EMP12350,2026-02-14,Time Management,8,Completed,88.7
EMP12352,2023-01-01,Time Management,4,Completed,80.4
EMP12353,2023-07-28,Power BI Fundamentals,8,Completed,89.0
EMP12354,2025-10-05,Customer Handling,24,Cancelled,
EMP12355,2026-01-02,Data Analytics,4,Completed,84.9
EMP12355,2025-05-10,Cyber Security,8,Completed,61.8
EMP12356,2025-03-27,Sales Negotiation,8,Completed,94.5
EMP12356,2024-08-21,Communication Skills,8,Completed,82.2
EMP12357,2024-02-27,Data Analytics,16,In Progress,
EMP12357,2022-01-21,Leadership Essentials,4,Completed,67.7
EMP12357,2022-03-16,Customer Handling,24,Completed,65.7
EMP12357,2022-11-22,Customer Handling,16,Completed,81.9
EMP12357,2023-12-05,Advanced Excel,24,Completed,80.3
EMP12359,2024-09-01,Communication Skills,16,Cancelled,
EMP12360,2025-03-30,Power BI Fundamentals,8,Completed,82.3
EMP12360,2024-09-09,Customer Handling,16,Completed,69.4
EMP12360,2021-09-17,Project Management,40,In Progress,
EMP12360,2026-01-07,Time Management,24,Cancelled,
EMP12363,2023-09-29,Cyber Security,40,Completed,73.5
EMP12363,2023-09-18,Leadership Essentials,24,Completed,79.8
EMP12363,2023-04-24,Time Management,4,No Show,
EMP12363,2023-01-12,Customer Handling,24,Completed,73.2
EMP12364,2025-03-28,Project Management,40,In Progress,
EMP12364,2023-07-28,Customer Handling,4,Completed,74.5
EMP12364,2025-05-05,Customer Handling,8,Completed,61.5
EMP12365,2020-03-08,Time Management,40,Completed,59.2
EMP12365,2020-07-09,Leadership Essentials,16,Completed,80.2
EMP12365,2021-09-03,Advanced Excel,16,Completed,79.9
EMP12366,2022-03-14,CUSTOMER HANDLING,8,Completed,79.1
EMP12366,2025-01-29,Time Management,8,In Progress,
EMP12368,2022-05-21,Project Management,4,Completed,60.8
EMP12368,2022-07-15,Customer Handling,8,In Progress,
EMP12368,2022-05-27,Data Analytics,8,Completed,56.1
EMP12368,2021-10-07,Sales Negotiation,16,Completed,76.8
EMP12368,2020-11-14,Sales Negotiation,40,Completed,61.9
EMP12368,2021-01-29,Leadership Essentials,16,Completed,73.6
EMP12368,2023-08-17,Sales Negotiation,8,Completed,79.2
EMP12369,2024-08-11,Leadership Essentials,24,Completed,72.6
EMP12369,2023-08-19,Sales Negotiation,4,Completed,79.2
EMP12370,2026-03-23,Leadership Essentials,8,Completed,86.7
EMP12372,2026-02-07,Project Management,24,In Progress,
EMP12372,2023-02-10,Sales Negotiation,16,Cancelled,
EMP12372,2024-02-21,Power BI Fundamentals,8,Cancelled,
EMP12374,2025-06-18,Communication Skills,8,Completed,90.0
EMP12374,2025-08-21,Cyber Security,24,Completed,87.4
EMP12374,2026-01-01,Leadership Essentials,16,Completed,100.0
EMP12374,2025-07-13,Time Management,16,In Progress,
EMP12374,2025-02-20,Advanced Excel,16,Completed,80.3
EMP12376,2024-07-04,Customer Handling,4,Completed,78.0
EMP12378,2026-05-24,TIME MANAGEMENT,8,Completed,62.4
EMP12379,2023-06-28,Power BI Fundamentals,40,No Show,
EMP12379,2022-11-16,Project Management,4,Completed,83.7
EMP12380,2025-09-24,ADVANCED EXCEL,8,In Progress,
EMP12381,2021-12-06,Sales Negotiation,16,Cancelled,
EMP12381,2023-03-26,Data Analytics,4,Completed,84.4
EMP12381,2021-10-27,Customer Handling,24,Completed,73.2
EMP12382,2025-05-20,Customer Handling,16,Completed,65.7
EMP12383,2022-07-18,Customer Handling,40,In Progress,
EMP12383,2024-05-11,Sales Negotiation,4,Completed,86.8
EMP12384,2023-06-28,Data Analytics,8,Completed,89.4
EMP12385,2025-05-19,Communication Skills,8,Cancelled,
EMP12385,2025-04-19,Data Analytics,40,Completed,76.5
EMP12386,2024-04-02,Data Analytics,16,In Progress,
EMP12386,2026-04-24,Time Management,24,Completed,73.8
EMP12387,2024-02-19,Leadership Essentials,16,In Progress,
EMP12387,2023-09-09,Communication Skills,4,Completed,74.2
EMP12388,2020-01-15,Advanced Excel,8,Completed,62.7
EMP12388,2024-05-13,Leadership Essentials,8,Completed,75.5
EMP12388,2023-08-26,Data Analytics,24,Completed,67.8
EMP12390,2025-07-09,POWER BI FUNDAMENTALS,24,Cancelled,
EMP12391,2025-02-20,Sales Negotiation,8,Cancelled,
EMP12392,2021-04-21,Time Management,4,Completed,90.7
EMP12392,2021-11-27,Project Management,16,Completed,77.6
EMP12392,2020-09-17,Leadership Essentials,16,Completed,93.5
EMP12392,2021-03-11,Power BI Fundamentals,24,Completed,93.0
EMP12392,2020-06-04,Communication Skills,24,In Progress,
EMP12392,2021-08-11,Leadership Essentials,4,In Progress,
EMP12393,2023-01-26,Customer Handling,16,Completed,91.2
EMP12393,2021-11-11,Customer Handling,24,Completed,74.6
EMP12393,2021-11-01,Leadership Essentials,40,No Show,
EMP12394,2022-12-31,Project Management,24,Completed,77.4
EMP12394,2021-12-03,Power BI Fundamentals,8,In Progress,
EMP12396,2025-11-20,Leadership Essentials,16,In Progress,
EMP12397,2025-02-27,Time Management,16,Completed,60.1
EMP12397,2025-06-22,Communication Skills,4,Completed,59.5
EMP12397,2026-01-31,Project Management,4,Completed,54.6
EMP12400,2024-03-04,Advanced Excel,16,Completed,66.6
EMP12401,2024-07-17,Advanced Excel,24,Completed,79.9
EMP12401,2025-01-04,Power BI Fundamentals,24,Completed,80.9
EMP12401,2024-07-05,Sales Negotiation,8,No Show,
EMP12401,2023-03-05,Advanced Excel,16,Completed,80.4
EMP12403,2020-10-22,Power BI Fundamentals,16,Completed,85.7
EMP12403,2023-04-27,Advanced Excel,24,Cancelled,
EMP12403,2021-03-27,Communication Skills,24,Completed,86.5
EMP12403,2021-05-28,Communication Skills,16,Completed,68.6
EMP12403,2022-09-05,Project Management,24,Completed,73.1
EMP12403,2025-02-19,Time Management,16,Completed,71.5
EMP12404,2024-09-10,Project Management,4,Completed,90.1
EMP12404,2021-02-27,Cyber Security,16,In Progress,
EMP12404,2024-03-14,Advanced Excel,24,Completed,56.7
EMP12405,2024-05-11,Cyber Security,16,Completed,53.8
EMP12405,2026-02-20,Customer Handling,40,Completed,86.3
EMP12405,2024-10-10,Data Analytics,4,Completed,55.4
EMP12406,2024-12-08,Leadership Essentials,16,Completed,81.7
EMP12406,2024-09-26,Project Management,16,Completed,71.2
EMP12407,2023-01-31,Time Management,8,In Progress,
EMP12408,2023-06-25,Project Management,24,In Progress,
EMP12409,2021-01-06,Project Management,24,Completed,69.6
EMP12409,2020-09-20,Cyber Security,24,In Progress,
EMP12409,2022-04-08,Project Management,24,Completed,76.6
EMP12409,2020-02-05,Sales Negotiation,40,In Progress,
EMP12410,2025-04-24,Customer Handling,16,Completed,91.2
EMP12411,2021-01-09,Time Management,24,Completed,84.3
EMP12411,2020-04-03,Leadership Essentials,24,Completed,100.0
EMP12411,2021-08-03,Data Analytics,24,Completed,70.4
EMP12412,2026-06-02,Project Management,8,Completed,97.3
EMP12412,2025-03-02,Leadership Essentials,4,In Progress,
EMP12412,2024-02-08,Customer Handling,4,In Progress,
EMP12413,2024-03-05,Data Analytics,4,Completed,68.7
EMP12415,2025-10-05,Time Management,8,Completed,73.8
EMP12416,2022-11-04,Leadership Essentials,4,Completed,93.6
EMP12416,2021-05-21,Advanced Excel,40,Cancelled,
EMP12417,2026-02-18,Time Management,4,Completed,100.0
EMP12417,2025-10-11,Communication Skills,4,Completed,79.9
EMP12419,2025-09-07,Project Management,8,In Progress,
EMP12419,2023-04-21,Power BI Fundamentals,8,In Progress,
EMP12420,2025-08-06,Power BI Fundamentals,24,Completed,75.2
EMP12422,2022-02-21,Time Management,16,In Progress,
EMP12422,2021-08-15,Project Management,24,Completed,67.3
EMP12422,2023-07-18,Communication Skills,24,Completed,66.4
EMP12423,2022-04-17,Cyber Security,4,Completed,82.8
EMP12423,2024-07-10,Time Management,8,Completed,76.6
EMP12423,2023-11-04,Leadership Essentials,24,Completed,74.1
EMP12423,2022-06-25,Data Analytics,16,In Progress,
EMP12424,2026-05-19,Cyber Security,24,Completed,70.9
EMP12425,2024-03-11,Advanced Excel,16,Completed,76.1
EMP12425,2020-09-27,Advanced Excel,24,Completed,65.8
EMP12425,2020-08-04,Communication Skills,8,Cancelled,
EMP12425,2020-03-14,Time Management,16,Completed,90.7
EMP12425,2024-04-25,Power BI Fundamentals,16,Completed,57.6
EMP12426,2021-12-27,Time Management,4,Completed,99.0
EMP12426,2021-08-08,Power BI Fundamentals,16,Completed,79.9
EMP12426,2025-04-18,Cyber Security,24,Cancelled,
EMP12426,2022-05-15,Power BI Fundamentals,8,Completed,79.6
EMP12427,2025-01-14,Advanced Excel,24,Completed,81.0
EMP12427,2025-12-05,Power BI Fundamentals,16,Cancelled,
EMP12427,2023-12-01,Leadership Essentials,4,No Show,
EMP12427,2023-02-26,Time Management,4,Completed,80.9
EMP12427,2022-12-25,Sales Negotiation,24,Completed,88.8
EMP12429,2023-09-09,Power BI Fundamentals,16,In Progress,
EMP12431,2025-02-28,Power BI Fundamentals,40,Completed,79.5
EMP12431,2023-06-07,Sales Negotiation,8,Completed,85.4
EMP12432,2020-10-01,Project Management,4,Completed,84.0
EMP12432,2022-01-22,Customer Handling,4,Completed,73.4
EMP12432,2024-07-29,Communication Skills,4,Completed,74.9
EMP12434,2022-04-07,Time Management,24,Completed,63.3
EMP12434,2022-01-04,Customer Handling,40,Completed,83.4
EMP12434,2022-02-27,Communication Skills,16,Completed,77.5
EMP12434,2025-07-10,Project Management,24,Completed,77.9
EMP12435,2025-11-05,Communication Skills,24,Completed,77.9
EMP12435,2025-10-02,Project Management,40,Completed,59.1
EMP12435,2026-02-27,Communication Skills,8,No Show,
EMP12435,2024-02-02,Sales Negotiation,4,In Progress,
EMP12437,2022-12-14,Project Management,16,Completed,78.4
EMP12438,2025-10-21,Advanced Excel,8,Completed,90.2
EMP12439,2024-09-24,Communication Skills,4,Completed,87.3
EMP12439,2024-09-08,Sales Negotiation,8,Completed,87.0
EMP12440,2024-09-13,Cyber Security,8,Completed,81.2
EMP12441,2024-08-13,Project Management,4,In Progress,
EMP12441,2022-01-04,Advanced Excel,8,Cancelled,
EMP12441,2024-07-23,Project Management,40,In Progress,
EMP12441,2023-09-09,Power BI Fundamentals,24,Completed,65.9
EMP12442,2026-05-17,Power BI Fundamentals,8,Completed,73.6
EMP12444,2021-05-21,Advanced Excel,4,Cancelled,
EMP12444,2024-07-11,Project Management,24,Completed,80.8
EMP12444,2021-06-19,Sales Negotiation,4,Completed,51.4
EMP12445,2024-10-17,Time Management,40,Completed,60.0
EMP12445,2025-02-24,Communication Skills,16,Cancelled,
EMP12447,2021-09-28,Sales Negotiation,16,Completed,70.4
EMP12447,2023-06-28,Cyber Security,24,In Progress,
EMP12447,2022-09-06,Communication Skills,24,Completed,66.8
EMP12448,2020-07-15,Time Management,16,Completed,74.3
EMP12448,2021-09-17,Data Analytics,8,Completed,64.0
EMP12448,2023-10-20,Power BI Fundamentals,16,Completed,92.4
EMP12449,2020-04-04,Communication Skills,16,Completed,64.5
EMP12449,2022-10-21,Cyber Security,8,Completed,95.9
EMP12449,2024-07-17,Time Management,24,Cancelled,
EMP12449,2024-04-23,Data Analytics,8,In Progress,
EMP12450,2025-09-05,Time Management,4,Cancelled,
EMP12450,2025-05-17,Customer Handling,8,Completed,83.8
EMP12451,2025-07-23,Customer Handling,16,Completed,97.1
EMP12451,2025-09-05,Project Management,16,Completed,95.1
EMP12451,2024-08-09,Project Management,40,Completed,85.9
EMP12452,2023-11-10,Advanced Excel,40,In Progress,
EMP12452,2022-05-08,Advanced Excel,8,Completed,56.5
EMP12453,2022-04-12,Cyber Security,4,Completed,72.2
EMP12453,2024-07-15,Cyber Security,24,Completed,92.7
EMP12453,2022-12-03,Power BI Fundamentals,40,Completed,89.7
EMP12454,2021-02-24,Data Analytics,16,Completed,98.9
EMP12454,2021-02-27,Time Management,8,No Show,
EMP12454,2020-11-30,Sales Negotiation,40,Completed,53.1
EMP12456,2022-12-18,Communication Skills,8,Completed,76.3
EMP12456,2023-02-23,Data Analytics,16,Completed,80.5
EMP12456,2023-10-10,Sales Negotiation,8,Completed,90.5
EMP12457,2025-04-23,Leadership Essentials,8,Completed,74.2
EMP12457,2025-11-07,Data Analytics,4,Completed,75.1
EMP12458,2020-04-25,Advanced Excel,16,Completed,84.7
EMP12458,2021-01-20,Cyber Security,16,In Progress,
EMP12458,2021-01-24,Customer Handling,4,In Progress,
EMP12458,2021-11-24,Power BI Fundamentals,16,Completed,80.7
EMP12459,2025-05-22,Sales Negotiation,8,Completed,98.3
EMP12459,2022-01-30,Advanced Excel,40,Completed,100.0
EMP12459,2021-12-28,Data Analytics,24,Completed,100.0
EMP12460,2025-09-04,Leadership Essentials,24,Completed,100.0
EMP12460,2026-04-12,Cyber Security,24,Completed,80.3
EMP12460,2025-08-29,Leadership Essentials,4,In Progress,
EMP12460,2025-11-08,Data Analytics,24,Completed,84.7
EMP12461,2025-10-17,Advanced Excel,16,Completed,84.4
EMP12461,2021-10-06,Data Analytics,16,Completed,85.6
EMP12461,2023-01-24,Power BI Fundamentals,16,Completed,83.7
EMP12464,2026-04-07,Power BI Fundamentals,16,Completed,83.3
EMP12464,2025-09-15,Cyber Security,40,Completed,80.5
EMP12464,2026-06-20,Cyber Security,40,In Progress,
EMP12465,2025-07-06,Project Management,24,Completed,82.7
EMP12465,2024-09-12,Data Analytics,16,Completed,85.7
EMP12466,2022-09-10,Cyber Security,40,Completed,88.7
EMP12466,2024-12-31,Power BI Fundamentals,24,Completed,73.4
EMP12466,2024-01-30,Communication Skills,4,Completed,59.9
EMP12466,2026-04-02,Customer Handling,24,Completed,83.6
EMP12468,2024-06-06,Advanced Excel,16,In Progress,
EMP12468,2021-12-15,Project Management,8,Completed,90.5
EMP12468,2024-11-14,Project Management,16,Completed,82.1
EMP12468,2025-01-27,Time Management,8,Completed,100.0
EMP12469,2025-05-10,Time Management,16,Completed,87.2
EMP12469,2022-12-19,Time Management,8,Cancelled,
EMP12469,2023-02-26,Advanced Excel,8,Completed,65.8
EMP12470,2024-08-16,Leadership Essentials,16,Completed,81.0
EMP12470,2024-12-17,Advanced Excel,4,Completed,63.0
EMP12470,2021-05-22,Project Management,16,Completed,71.7
EMP12470,2021-05-23,Sales Negotiation,16,Completed,88.5
EMP12470,2024-07-28,Cyber Security,40,Completed,72.8
EMP12472,2024-02-21,Sales Negotiation,16,Completed,76.4
EMP12472,2024-10-10,Cyber Security,8,In Progress,
EMP12472,2023-09-08,Customer Handling,8,Completed,100.0
EMP12472,2021-08-06,Sales Negotiation,8,Completed,74.0
EMP12473,2025-01-09,Data Analytics,24,Cancelled,
EMP12473,2024-09-06,Data Analytics,8,Completed,95.9
EMP12473,2026-06-02,Time Management,8,In Progress,
EMP12473,2024-04-30,Power BI Fundamentals,24,In Progress,
EMP12473,2024-07-11,Advanced Excel,4,Cancelled,
EMP12473,2025-11-25,Data Analytics,16,Completed,88.6
EMP12474,2025-05-16,Leadership Essentials,8,No Show,
EMP12474,2026-06-04,Time Management,4,Completed,100.0
EMP12476,2024-08-29,Time Management,40,Cancelled,
EMP12476,2023-02-09,Project Management,40,Completed,100.0
EMP12476,2020-11-19,Sales Negotiation,24,In Progress,
EMP12477,2026-02-16,Cyber Security,24,Completed,85.7
EMP12478,2023-05-01,Project Management,16,Completed,78.6
EMP12478,2022-09-24,Sales Negotiation,16,In Progress,
EMP12478,2023-12-01,Data Analytics,8,Completed,68.6
EMP12478,2024-02-05,Power BI Fundamentals,8,In Progress,
EMP12479,2024-07-03,Time Management,4,Completed,97.9
EMP12479,2025-02-16,Customer Handling,4,Completed,57.0
EMP12479,2025-03-14,Advanced Excel,40,Completed,90.1
EMP12479,2021-12-21,Communication Skills,4,Cancelled,
EMP12479,2025-03-20,Customer Handling,4,Completed,98.4
EMP12482,2021-10-21,Sales Negotiation,24,Completed,81.3
EMP12483,2023-12-14,Project Management,16,Completed,72.3
EMP12483,2024-11-07,Leadership Essentials,16,Completed,64.6
EMP12483,2025-05-30,Time Management,8,Completed,46.6
EMP12483,2026-01-24,Power BI Fundamentals,24,Completed,90.3
EMP12484,2024-09-17,Power BI Fundamentals,24,Completed,96.8
EMP12484,2026-01-03,Time Management,24,Cancelled,
EMP12485,2024-03-31,Power BI Fundamentals,16,In Progress,
EMP12485,2023-07-25,Cyber Security,24,Completed,74.2
EMP12486,2023-09-19,Customer Handling,16,No Show,
EMP12486,2025-05-25,Project Management,16,Completed,86.6
EMP12486,2024-01-27,Cyber Security,8,Completed,78.3
EMP12487,2025-12-27,Project Management,8,Completed,86.1
EMP12488,2020-10-30,Data Analytics,4,No Show,
EMP12490,2022-02-14,Data Analytics,40,In Progress,
EMP12490,2022-04-07,Leadership Essentials,24,Completed,83.6
EMP12490,2020-08-09,Communication Skills,4,No Show,
EMP12490,2023-12-14,Cyber Security,8,Completed,86.2
EMP12491,2025-06-27,Power BI Fundamentals,24,In Progress,
EMP12493,2022-06-18,Customer Handling,8,Completed,47.4
EMP12493,2024-07-09,Time Management,24,Completed,73.9
EMP12494,2026-06-08,Time Management,4,Completed,78.1
EMP12494,2025-08-31,Project Management,4,In Progress,
EMP12495,2020-08-03,Advanced Excel,40,Completed,77.7
EMP12496,2023-10-11,Project Management,24,Completed,85.2
EMP12496,2026-06-06,Customer Handling,8,Completed,77.4
EMP12496,2023-08-10,Data Analytics,24,In Progress,
EMP12497,2024-05-23,Advanced Excel,16,Completed,81.8
EMP12498,2026-03-23,Customer Handling,8,Completed,83.2
EMP12498,2025-12-21,Customer Handling,16,Cancelled,
EMP12498,2024-10-17,Sales Negotiation,8,In Progress,
EMP12498,2026-02-09,Sales Negotiation,24,Completed,69.1
EMP12500,2023-06-23,Communication Skills,16,Completed,85.9
EMP12501,2025-07-12,Data Analytics,8,In Progress,
EMP12501,2024-08-14,Customer Handling,24,Completed,68.1
EMP12501,2023-01-02,Customer Handling,8,In Progress,
EMP12501,2023-06-09,Time Management,8,Completed,49.2
EMP12502,2025-02-01,Advanced Excel,8,Completed,86.6
EMP12504,2025-10-28,Communication Skills,24,Completed,77.3
EMP12504,2025-07-28,Customer Handling,8,Completed,83.7
EMP12504,2026-04-29,Data Analytics,8,Completed,97.7
EMP12505,2026-04-28,Advanced Excel,16,Completed,79.2
EMP12506,2024-02-08,Communication Skills,24,Completed,69.0
EMP12506,2024-04-12,Power BI Fundamentals,24,In Progress,
EMP12506,2023-08-25,Power BI Fundamentals,16,Completed,71.1
EMP12507,2022-05-26,Data Analytics,16,In Progress,
EMP12507,2025-08-02,Leadership Essentials,4,Completed,81.5
EMP12507,2024-04-21,Time Management,16,Completed,78.6
EMP12507,2021-03-03,Leadership Essentials,16,Completed,55.2
EMP12507,2022-01-17,Power BI Fundamentals,16,Completed,98.8
EMP12508,2022-04-11,Power BI Fundamentals,4,In Progress,
EMP12508,2020-08-05,Communication Skills,16,Completed,74.0
EMP12508,2020-01-25,Leadership Essentials,40,Completed,82.8
EMP12509,2023-10-05,Sales Negotiation,16,Completed,64.9
EMP12509,2024-09-15,Leadership Essentials,16,In Progress,
EMP12509,2023-04-19,Project Management,24,Completed,78.7
EMP12510,2025-06-24,Communication Skills,4,No Show,
EMP12510,2025-07-10,Customer Handling,24,Completed,74.3
EMP12510,2025-10-30,Time Management,8,Completed,100.0
EMP12510,2026-06-01,Cyber Security,8,Completed,61.1
EMP12510,2025-10-25,Sales Negotiation,4,In Progress,
EMP12511,2022-11-01,Power BI Fundamentals,4,No Show,
EMP12511,2021-03-11,Data Analytics,24,Completed,69.0
EMP12511,2023-12-05,Sales Negotiation,40,In Progress,
EMP12511,2024-03-15,Customer Handling,16,No Show,
EMP12513,2022-03-19,Advanced Excel,8,Completed,71.1
EMP12513,2023-01-02,Advanced Excel,4,Completed,62.4
EMP12513,2022-12-17,Sales Negotiation,8,In Progress,
EMP12513,2021-09-01,Cyber Security,40,Cancelled,
EMP12516,2026-01-30,Sales Negotiation,16,Completed,82.8
EMP12516,2022-06-30,Customer Handling,8,Completed,72.6
EMP12516,2022-11-15,Advanced Excel,16,In Progress,
EMP12516,2023-07-26,Data Analytics,40,Completed,86.0
EMP12517,2025-12-02,Customer Handling,24,Cancelled,
EMP12518,2023-06-05,Advanced Excel,40,Completed,75.0
EMP12518,2020-09-11,Project Management,16,Completed,68.0
EMP12518,2021-10-03,Advanced Excel,24,Completed,74.8
EMP12518,2023-03-24,Communication Skills,8,Completed,80.2
EMP12521,2020-06-10,Advanced Excel,24,Cancelled,
EMP12521,2019-10-05,Project Management,24,Completed,73.4
EMP12521,2023-05-16,Data Analytics,24,Completed,88.1
EMP12521,2020-10-07,Power BI Fundamentals,8,Completed,78.6
EMP12522,2022-09-18,Project Management,4,Completed,70.2
EMP12524,2025-08-16,Customer Handling,16,No Show,
EMP12524,2025-06-01,Sales Negotiation,8,Completed,65.3
EMP12524,2025-03-11,Power BI Fundamentals,24,Completed,94.7
EMP12525,2024-07-13,Advanced Excel,16,Completed,61.9
EMP12527,2025-03-23,Project Management,8,Completed,80.8
EMP12529,2025-02-21,Leadership Essentials,8,In Progress,
EMP12529,2023-09-04,Cyber Security,16,Completed,75.0
EMP12530,2020-07-01,Advanced Excel,8,Completed,57.8
EMP12530,2020-10-10,POWER BI FUNDAMENTALS,40,Completed,84.9
EMP12530,2021-06-15,Project Management,8,Completed,79.1
EMP12530,2022-09-24,Communication Skills,16,In Progress,
EMP12531,2024-03-27,Power BI Fundamentals,4,Completed,73.9
EMP12531,2026-02-14,Leadership Essentials,16,Cancelled,
EMP12532,2024-10-08,LEADERSHIP ESSENTIALS,16,Completed,90.5
EMP12532,2023-09-05,Communication Skills,24,Completed,80.6
EMP12532,2024-04-26,Data Analytics,4,Completed,75.2
EMP12532,2023-02-09,Time Management,40,Completed,81.6
EMP12533,2022-12-04,Cyber Security,24,Completed,100.0
EMP12533,2024-10-19,Communication Skills,40,Completed,63.7
EMP12533,2022-07-04,Communication Skills,40,Completed,66.7
EMP12534,2023-05-03,Customer Handling,16,Completed,87.2
EMP12534,2023-07-22,Sales Negotiation,16,In Progress,
EMP12534,2022-05-25,Data Analytics,8,No Show,
EMP12534,2026-01-21,Sales Negotiation,24,Completed,89.9
EMP12535,2023-12-24,Data Analytics,8,Completed,80.5
EMP12535,2025-11-28,Sales Negotiation,16,Completed,67.5
EMP12537,2025-01-30,Customer Handling,16,Completed,69.3
EMP12537,2025-08-06,Data Analytics,4,Completed,100.0
EMP12538,2021-02-16,Communication Skills,24,Completed,83.7
EMP12538,2024-10-18,Advanced Excel,40,In Progress,
EMP12538,2024-02-12,Power BI Fundamentals,8,Completed,68.9
EMP12538,2025-06-21,Communication Skills,4,Completed,64.1
EMP12539,2025-11-24,Leadership Essentials,8,In Progress,
EMP12540,2024-01-03,Cyber Security,24,Completed,79.6
EMP12540,2024-06-06,Advanced Excel,8,Completed,100.0
EMP12540,2021-05-12,Sales Negotiation,4,Completed,49.5
EMP12541,2023-11-18,Power BI Fundamentals,16,Completed,63.7
EMP12541,2023-12-21,Time Management,16,No Show,
EMP12542,2025-03-22,Communication Skills,4,Completed,94.2
EMP12542,2025-02-15,Data Analytics,16,Completed,59.7
EMP12542,2025-03-03,Leadership Essentials,16,Completed,70.2
EMP12543,2026-06-28,Cyber Security,8,Completed,59.3
EMP12543,2026-06-12,Customer Handling,24,Completed,85.6
EMP12543,2026-05-18,Time Management,16,Completed,61.6
EMP12544,2020-02-19,Cyber Security,4,Completed,79.4
EMP12545,2023-10-02,Time Management,16,Cancelled,
EMP12545,2019-11-26,Communication Skills,16,Completed,89.3
EMP12545,2022-07-19,Project Management,24,Completed,83.0
EMP12545,2024-07-28,Sales Negotiation,16,In Progress,
EMP12546,2025-09-11,Power BI Fundamentals,24,Completed,60.3
EMP12547,2023-10-10,Data Analytics,4,Completed,73.9
EMP12547,2023-02-20,Customer Handling,24,Completed,89.0
EMP12547,2023-06-13,Communication Skills,16,Completed,62.4
EMP12547,2023-10-25,Customer Handling,4,Completed,65.5
EMP12548,2025-09-29,SALES NEGOTIATION,16,In Progress,
EMP12548,2025-01-10,Sales Negotiation,24,Completed,77.2
EMP12549,2024-07-03,Cyber Security,16,Completed,66.5
EMP12549,2024-09-07,Time Management,8,Completed,68.5
EMP12550,2022-05-29,Project Management,40,Completed,72.9
EMP12550,2022-07-08,Power BI Fundamentals,24,Completed,79.9
EMP12550,2024-08-23,Sales Negotiation,16,Completed,72.8
EMP12551,2023-09-13,Customer Handling,40,Completed,81.8
EMP12551,2026-05-13,Advanced Excel,8,Completed,70.4
EMP12551,2025-01-19,Communication Skills,8,Completed,91.6
EMP12552,2022-08-06,Advanced Excel,24,Completed,79.9
EMP12552,2025-02-04,Customer Handling,16,Completed,61.3
EMP12553,2025-09-15,Cyber Security,16,Completed,80.4
EMP12554,2026-02-22,Sales Negotiation,16,Completed,64.5
EMP12555,2021-09-13,Project Management,4,Completed,86.4
EMP12557,2024-01-04,Communication Skills,24,In Progress,
EMP12558,2021-12-31,Cyber Security,8,Completed,100.0
EMP12558,2025-12-12,Advanced Excel,16,In Progress,
EMP12558,2021-09-03,Data Analytics,24,In Progress,
EMP12558,2023-05-26,Sales Negotiation,24,Completed,78.9
EMP12558,2022-02-13,Project Management,16,Completed,89.0
EMP12559,2026-02-08,Advanced Excel,8,Completed,53.2
EMP12559,2026-05-31,Project Management,8,Completed,63.4
EMP12559,2022-09-07,Cyber Security,4,Completed,73.1
EMP12561,2025-12-14,Data Analytics,40,Completed,70.0
EMP12561,2025-08-07,Sales Negotiation,8,Completed,89.6
EMP12561,2025-09-05,Sales Negotiation,16,Completed,79.3
EMP12564,2023-04-15,Time Management,16,Completed,85.7
EMP12566,2025-10-08,Cyber Security,8,Completed,76.8
EMP12566,2025-08-20,Communication Skills,24,Completed,84.5
EMP12568,2025-12-15,Leadership Essentials,8,Completed,97.1
EMP12569,2024-08-25,Customer Handling,24,In Progress,
EMP12569,2025-11-02,Customer Handling,8,Completed,75.4
EMP12569,2025-07-15,Power BI Fundamentals,16,Completed,85.6
EMP12570,2020-03-17,Communication Skills,4,In Progress,
EMP12570,2022-12-05,Cyber Security,8,In Progress,
EMP12570,2020-11-10,Leadership Essentials,16,Completed,85.5
EMP12571,2024-09-20,Power BI Fundamentals,40,Completed,78.8
EMP12572,2024-01-02,Project Management,40,Completed,93.6
EMP12573,2024-01-30,Customer Handling,16,Completed,91.8
EMP12574,2019-09-18,Project Management,4,Completed,73.6
EMP12574,2023-09-26,Cyber Security,24,Completed,72.0
EMP12574,2021-11-07,Cyber Security,16,Cancelled,
EMP12574,2022-07-18,Sales Negotiation,40,No Show,
EMP12574,2021-05-06,Cyber Security,16,Completed,72.9
EMP12575,2023-05-21,Cyber Security,16,In Progress,
EMP12575,2023-12-05,Customer Handling,24,In Progress,
EMP12575,2020-06-28,Leadership Essentials,40,Completed,76.2
EMP12576,2023-01-11,Customer Handling,16,Completed,87.3
EMP12576,2020-05-20,Sales Negotiation,16,Completed,83.6
EMP12576,2022-10-14,Communication Skills,40,Cancelled,
EMP12577,2026-05-02,Project Management,24,In Progress,
EMP12578,2020-04-30,Leadership Essentials,4,Completed,89.7
EMP12578,2021-02-12,Customer Handling,24,No Show,
EMP12578,2022-11-22,Sales Negotiation,40,Completed,86.8
EMP12578,2023-12-31,Cyber Security,8,Cancelled,
EMP12578,2021-08-02,Communication Skills,4,Completed,85.2
EMP12579,2022-09-15,Time Management,16,Completed,91.6
EMP12579,2020-12-21,Data Analytics,8,Completed,80.4
EMP12579,2022-09-03,Power BI Fundamentals,16,Completed,77.5
EMP12580,2025-09-16,Communication Skills,24,Completed,86.1
EMP12580,2023-02-22,Advanced Excel,40,Completed,58.5
EMP12580,2022-01-20,Time Management,8,Completed,60.5
EMP12580,2021-11-19,Time Management,8,Completed,93.3
EMP12580,2022-12-19,Project Management,16,No Show,
EMP12581,2021-12-13,Data Analytics,16,Completed,48.5
EMP12581,2021-11-08,Time Management,4,No Show,
EMP12582,2025-12-01,Power BI Fundamentals,8,In Progress,
EMP12583,2026-05-02,Leadership Essentials,16,Completed,63.9
EMP12583,2025-08-18,Leadership Essentials,8,Completed,92.2
EMP12583,2026-02-02,Cyber Security,40,Completed,67.2
EMP12584,2023-11-29,Advanced Excel,8,In Progress,
EMP12585,2021-02-11,Project Management,8,Completed,87.0
EMP12585,2021-11-23,Project Management,4,Completed,72.7
EMP12585,2020-09-22,Power BI Fundamentals,8,Completed,67.3
EMP12586,2026-02-28,Advanced Excel,24,Completed,74.8
EMP12586,2025-09-20,Leadership Essentials,40,In Progress,
EMP12587,2024-12-07,Power BI Fundamentals,40,Cancelled,
EMP12588,2021-11-03,Communication Skills,16,Completed,85.1
EMP12588,2025-11-02,Project Management,16,Cancelled,
EMP12588,2025-09-24,Power BI Fundamentals,8,Completed,73.7
EMP12588,2022-10-12,Communication Skills,24,Completed,67.1
EMP12589,2025-02-03,Data Analytics,24,Completed,81.5
EMP12591,2024-08-07,Power BI Fundamentals,16,Completed,80.0
EMP12591,2024-07-02,Cyber Security,4,In Progress,
EMP12591,2024-01-16,Communication Skills,24,Completed,78.1
EMP12591,2022-12-31,Customer Handling,8,Completed,70.9
EMP12591,2023-10-16,Data Analytics,24,Completed,77.7
EMP12592,2025-10-10,Project Management,16,Completed,79.8
EMP12592,2024-05-25,Project Management,8,Completed,100.0
EMP12592,2026-06-19,Cyber Security,8,Completed,82.6
EMP12592,2025-08-23,Communication Skills,16,Completed,98.0
EMP12595,2020-05-07,Power BI Fundamentals,8,Completed,76.5
EMP12595,2021-02-01,Communication Skills,16,In Progress,
EMP12595,2020-02-01,Leadership Essentials,8,Completed,83.0
EMP12595,2021-08-12,Leadership Essentials,8,Completed,63.9
EMP12596,2022-02-22,Leadership Essentials,8,Completed,65.9
EMP12597,2024-05-12,Power BI Fundamentals,24,In Progress,
EMP12600,2025-11-26,Advanced Excel,16,In Progress,
EMP12600,2024-11-18,Power BI Fundamentals,16,Completed,74.1
EMP12602,2026-05-09,Cyber Security,40,In Progress,
EMP12604,2024-04-25,Sales Negotiation,4,Completed,87.0
EMP12604,2022-12-10,Leadership Essentials,40,Completed,72.1
EMP12605,2026-06-13,Data Analytics,24,Completed,80.4
EMP12607,2022-04-20,Customer Handling,24,Completed,68.8
EMP12607,2025-04-10,Customer Handling,16,Completed,74.2
EMP12607,2022-03-06,Leadership Essentials,16,Completed,87.9
EMP12608,2021-11-21,Communication Skills,40,Completed,94.6
EMP12608,2021-12-02,Communication Skills,8,Completed,69.3
EMP12609,2022-10-20,Leadership Essentials,8,Completed,100.0
EMP12609,2021-11-08,Customer Handling,8,No Show,
EMP12609,2021-05-24,Advanced Excel,16,Completed,63.8
EMP12609,2020-11-05,Cyber Security,4,Completed,95.9
EMP12609,2021-05-10,Cyber Security,8,Completed,98.1
EMP12610,2024-11-18,Data Analytics,24,Completed,91.5
EMP12610,2024-08-14,Customer Handling,4,Completed,98.9
EMP12610,2023-11-26,Advanced Excel,40,Completed,79.0
EMP12611,2024-05-01,Advanced Excel,24,Completed,65.6
EMP12614,2024-08-28,Advanced Excel,24,In Progress,
EMP12614,2022-10-13,Power BI Fundamentals,16,Completed,90.0
EMP12616,2025-03-29,Cyber Security,16,Completed,86.5
EMP12618,2023-10-20,Leadership Essentials,8,Completed,79.8
EMP12618,2026-03-05,Leadership Essentials,4,Completed,76.6
EMP12619,2022-06-05,Power BI Fundamentals,16,Cancelled,
EMP12619,2021-03-18,Time Management,16,Completed,67.7
EMP12619,2023-07-16,Data Analytics,4,In Progress,
EMP12620,2026-05-06,Advanced Excel,8,Completed,74.0
EMP12620,2024-07-21,Time Management,24,Completed,92.0
EMP12622,2024-09-22,Cyber Security,4,Completed,77.0
EMP12622,2026-05-02,Communication Skills,4,Completed,74.7
EMP12622,2024-08-29,Time Management,16,Completed,69.1
EMP12623,2026-02-21,Customer Handling,16,Completed,87.8
EMP12624,2026-02-13,Project Management,16,Completed,65.6
EMP12626,2025-03-08,Cyber Security,8,In Progress,
EMP12626,2025-08-30,Power BI Fundamentals,8,No Show,
EMP12626,2026-02-11,Leadership Essentials,16,Completed,84.1
EMP12627,2023-04-01,Customer Handling,24,Completed,97.7
EMP12628,2026-03-22,Customer Handling,4,Completed,78.0
EMP12630,2022-03-29,Sales Negotiation,16,Completed,79.0
EMP12631,2025-11-29,Communication Skills,8,Completed,73.5
EMP12632,2023-12-07,Advanced Excel,16,In Progress,
EMP12632,2025-03-27,Customer Handling,40,Completed,57.0
EMP12633,2024-07-28,Time Management,8,Completed,85.1
EMP12633,2025-01-30,Sales Negotiation,4,Cancelled,
EMP12633,2025-08-17,Cyber Security,8,Completed,76.8
EMP12634,2024-04-03,Customer Handling,8,Completed,82.6
EMP12634,2023-04-03,Cyber Security,8,Completed,82.6
EMP12638,2021-05-22,Advanced Excel,16,Completed,64.9
EMP12638,2024-03-04,Communication Skills,8,In Progress,
EMP12638,2024-03-13,Cyber Security,24,Completed,51.1
EMP12638,2022-06-14,Power BI Fundamentals,4,Completed,95.3
EMP12638,2019-09-22,Customer Handling,24,Completed,50.6
EMP12640,2024-07-21,Sales Negotiation,8,Cancelled,
EMP12640,2024-05-11,Customer Handling,40,In Progress,
EMP12641,2025-04-02,Power BI Fundamentals,8,Completed,71.5
EMP12641,2025-08-08,Power BI Fundamentals,8,Completed,79.8
EMP12641,2025-05-20,Communication Skills,24,Completed,71.6
EMP12642,2025-02-16,Cyber Security,24,Completed,71.5
EMP12643,2024-08-12,Leadership Essentials,4,Completed,69.9
EMP12644,2026-03-10,Sales Negotiation,40,Completed,74.5
EMP12646,2024-04-20,Cyber Security,8,Completed,67.8
EMP12646,2025-04-12,Project Management,8,No Show,
EMP12646,2026-03-07,Power BI Fundamentals,40,Completed,92.0
EMP12647,2023-09-11,Advanced Excel,8,Completed,71.8
EMP12648,2025-05-05,Sales Negotiation,16,Completed,65.6
EMP12650,2022-11-04,Communication Skills,24,Completed,80.3
EMP12650,2023-09-27,Time Management,8,No Show,
EMP12651,2026-05-23,Leadership Essentials,16,In Progress,
EMP12652,2022-01-14,Cyber Security,24,Cancelled,
EMP12652,2022-07-08,Communication Skills,16,Completed,91.4
EMP12654,2025-08-11,Sales Negotiation,8,Completed,100.0
EMP12657,2026-02-07,Project Management,4,Completed,92.2
EMP12657,2023-01-27,Sales Negotiation,8,In Progress,
EMP12658,2026-03-17,Time Management,8,Completed,90.7
EMP12658,2024-07-10,Advanced Excel,4,Cancelled,
EMP12658,2023-09-07,Customer Handling,40,Completed,84.4
EMP12659,2023-07-01,PROJECT MANAGEMENT,40,Completed,65.6
EMP12661,2020-12-01,Data Analytics,4,In Progress,
EMP12661,2023-04-16,Advanced Excel,8,Completed,80.1
EMP12661,2021-04-24,Advanced Excel,8,Completed,91.1
EMP12662,2021-10-11,Power BI Fundamentals,4,Completed,71.7
EMP12662,2023-05-12,Data Analytics,4,Cancelled,
EMP12663,2024-02-18,Communication Skills,8,Completed,82.0
EMP12663,2026-01-17,Sales Negotiation,8,Completed,86.8
EMP12667,2026-05-14,Time Management,8,In Progress,
EMP12668,2022-06-24,Communication Skills,24,Completed,56.5
EMP12668,2021-04-19,Advanced Excel,4,In Progress,
EMP12668,2022-10-10,Data Analytics,16,In Progress,
EMP12669,2024-01-22,Cyber Security,8,In Progress,
EMP12669,2023-04-10,Time Management,8,Completed,88.1
EMP12670,2023-06-21,Sales Negotiation,16,Completed,99.3
EMP12670,2022-10-29,Power BI Fundamentals,8,No Show,
EMP12670,2022-03-18,Time Management,8,Completed,83.6
EMP12670,2024-02-22,Communication Skills,16,In Progress,
EMP12671,2023-04-03,Leadership Essentials,24,Completed,91.4
EMP12671,2021-11-03,Sales Negotiation,16,No Show,
EMP12671,2024-08-08,Customer Handling,16,Completed,84.5
EMP12671,2024-09-03,Cyber Security,4,Completed,80.1
EMP12672,2022-10-15,Customer Handling,8,Completed,67.5
EMP12672,2025-10-01,Project Management,16,Completed,93.8
EMP12672,2025-12-17,Data Analytics,16,Completed,78.8
EMP12672,2026-04-26,Leadership Essentials,24,Completed,87.7
EMP12673,2026-03-03,Project Management,8,In Progress,
EMP12674,2020-11-14,Time Management,24,Completed,93.1
EMP12674,2024-02-29,Time Management,24,Completed,61.8
EMP12675,2025-12-01,Cyber Security,16,Completed,57.5
EMP12676,2023-08-12,Leadership Essentials,8,Completed,79.6
EMP12676,2025-06-04,Customer Handling,8,Completed,86.0
EMP12677,2021-08-01,Communication Skills,24,No Show,
EMP12677,2022-03-09,Power BI Fundamentals,24,Completed,87.3
EMP12677,2024-07-04,Sales Negotiation,24,Completed,97.0
EMP12677,2024-12-31,Power BI Fundamentals,16,Completed,75.9
EMP12677,2024-03-08,Sales Negotiation,40,In Progress,
EMP12677,2022-02-26,Project Management,4,Completed,85.0
EMP12677,2021-09-11,Communication Skills,4,Completed,64.7
EMP12678,2022-08-11,Project Management,16,Completed,97.2
EMP12678,2023-05-09,Sales Negotiation,16,In Progress,
EMP12678,2025-04-24,Sales Negotiation,8,No Show,
EMP12678,2023-08-13,Power BI Fundamentals,16,No Show,
EMP12679,2024-11-27,Power BI Fundamentals,16,In Progress,
EMP12679,2024-02-06,Advanced Excel,16,No Show,
EMP12680,2026-06-04,Advanced Excel,40,No Show,
EMP12680,2025-11-15,Cyber Security,8,In Progress,
EMP12681,2022-05-29,Advanced Excel,8,In Progress,
EMP12681,2022-01-01,Cyber Security,40,Completed,98.6
EMP12681,2022-02-04,Data Analytics,40,No Show,
EMP12681,2019-05-28,Leadership Essentials,8,Completed,77.1
EMP12682,2024-01-19,Data Analytics,24,Cancelled,
EMP12682,2023-06-05,Power BI Fundamentals,8,Completed,66.2
EMP12683,2023-09-06,Advanced Excel,16,No Show,
EMP12685,2022-09-12,Data Analytics,16,Completed,82.1
EMP12686,2022-05-22,Communication Skills,24,Completed,75.1
EMP12688,2023-05-24,Sales Negotiation,24,Completed,58.9
EMP12688,2023-07-25,Advanced Excel,16,Completed,87.3
EMP12689,2024-06-24,Leadership Essentials,16,Completed,74.2
EMP12691,2023-01-05,Cyber Security,40,Completed,58.7
EMP12691,2021-12-23,Sales Negotiation,16,In Progress,
EMP12691,2025-02-25,Data Analytics,16,Cancelled,
EMP12691,2023-11-05,Power BI Fundamentals,40,Cancelled,
EMP12691,2023-07-18,Sales Negotiation,16,Cancelled,
EMP12692,2023-01-24,Data Analytics,24,Completed,56.9
EMP12692,2024-03-06,Power BI Fundamentals,4,Completed,68.9
EMP12693,2026-04-22,Cyber Security,16,Completed,86.2
EMP12693,2025-12-23,Cyber Security,24,In Progress,
EMP12697,2024-08-05,Leadership Essentials,4,In Progress,
EMP12697,2025-01-15,Customer Handling,16,Completed,87.7
EMP12698,2022-09-05,Advanced Excel,40,Completed,76.0
EMP12698,2024-07-18,Cyber Security,8,In Progress,
EMP12698,2021-04-02,Customer Handling,8,In Progress,
EMP12700,2025-05-27,Customer Handling,4,Completed,72.3
EMP12700,2026-04-16,Power BI Fundamentals,24,Completed,65.4
EMP12701,2021-09-13,Project Management,4,Completed,81.5
EMP12701,2024-08-08,Time Management,4,Completed,59.5
EMP12701,2024-03-22,Project Management,16,Completed,84.0
EMP12702,2026-06-27,Time Management,4,In Progress,
EMP12707,2022-11-26,Data Analytics,24,Completed,89.8
EMP12707,2020-10-12,Data Analytics,24,Completed,78.3
EMP12708,2025-08-06,Customer Handling,8,Completed,79.6
EMP12711,2022-10-18,Power BI Fundamentals,16,Completed,74.8
EMP12713,2024-01-11,Communication Skills,24,In Progress,
EMP12713,2022-02-21,Time Management,40,Completed,61.1
EMP12713,2024-05-01,Project Management,24,Completed,83.6
EMP12713,2024-01-05,Power BI Fundamentals,16,Completed,81.9
EMP12718,2022-12-01,Time Management,24,Completed,91.4
EMP12718,2021-03-13,Customer Handling,24,Completed,73.0
EMP12718,2021-04-09,Sales Negotiation,16,Completed,80.4
EMP12718,2021-04-26,Sales Negotiation,16,Completed,87.6
EMP12719,2021-05-02,Communication Skills,16,Completed,82.7
EMP12719,2023-03-29,PROJECT MANAGEMENT,8,Completed,80.7
EMP12719,2023-07-28,Data Analytics,8,Completed,74.7
EMP12720,2022-01-17,Data Analytics,8,Completed,87.2
EMP12720,2025-02-13,Power BI Fundamentals,8,Completed,85.4
EMP12720,2022-10-27,Sales Negotiation,16,In Progress,
EMP12720,2022-04-02,Leadership Essentials,8,In Progress,
EMP12720,2020-12-16,Project Management,8,Completed,79.7
EMP12720,2021-03-17,Cyber Security,8,Cancelled,
EMP12720,2021-08-19,Data Analytics,16,Completed,65.0
EMP12721,2025-10-16,Data Analytics,16,In Progress,
EMP12721,2026-04-30,Sales Negotiation,8,Completed,69.5
EMP12721,2026-03-07,Advanced Excel,8,Completed,100.0
EMP12722,2023-05-28,Leadership Essentials,24,Completed,73.6
EMP12722,2025-06-11,Customer Handling,8,Completed,62.3
EMP12723,2025-12-20,Communication Skills,24,Completed,73.3
EMP12724,2020-02-25,Communication Skills,24,Completed,87.9
EMP12724,2024-01-13,Advanced Excel,16,Completed,53.6
EMP12724,2023-04-11,Power BI Fundamentals,40,In Progress,
EMP12724,2021-12-08,Sales Negotiation,4,No Show,
EMP12724,2021-06-04,Project Management,16,Completed,88.6
EMP12725,2024-03-24,Advanced Excel,8,Completed,86.7
EMP12725,2025-01-14,Leadership Essentials,16,Completed,80.4
EMP12726,2021-09-27,Time Management,4,Completed,66.7
EMP12726,2023-05-25,Sales Negotiation,4,Completed,100.0
EMP12726,2023-03-29,Time Management,16,Completed,73.0
EMP12727,2026-04-18,Data Analytics,24,Completed,96.0
EMP12729,2024-05-11,Advanced Excel,24,Completed,81.9
EMP12730,2022-03-27,Project Management,24,Completed,83.3
EMP12732,2021-09-17,Power BI Fundamentals,8,No Show,
EMP12733,2023-05-03,Communication Skills,4,In Progress,
EMP12734,2025-04-27,Project Management,24,Cancelled,
EMP12734,2023-01-06,Leadership Essentials,40,Completed,74.5
EMP12734,2024-08-30,Communication Skills,8,In Progress,
EMP12734,2024-12-14,Customer Handling,16,No Show,
EMP12735,2024-04-19,Customer Handling,16,Completed,90.6
EMP12736,2024-02-01,Cyber Security,8,Completed,77.0
EMP12736,2024-11-05,Time Management,4,Completed,75.4
EMP12737,2021-04-26,Customer Handling,40,Completed,48.1
EMP12737,2021-08-17,Project Management,24,Completed,84.8
EMP12738,2026-01-20,Time Management,16,Completed,73.2
EMP12738,2025-11-23,Cyber Security,24,In Progress,
EMP12740,2024-09-05,Customer Handling,16,Completed,77.3
EMP12740,2021-03-11,Power BI Fundamentals,16,Completed,96.4
EMP12740,2024-08-20,Power BI Fundamentals,4,Completed,76.1
EMP12740,2023-01-28,Communication Skills,16,Cancelled,
EMP12740,2024-08-27,Advanced Excel,40,Completed,82.7
EMP12743,2024-10-08,Time Management,4,Cancelled,
EMP12743,2024-05-12,Data Analytics,4,Completed,67.7
EMP12744,2021-05-13,Advanced Excel,24,Completed,83.1
EMP12744,2023-07-03,Communication Skills,4,Completed,81.4
EMP12745,2024-12-14,Customer Handling,8,Completed,72.4
EMP12745,2024-07-17,Data Analytics,24,In Progress,
EMP12745,2026-01-08,Customer Handling,8,In Progress,
EMP12745,2024-06-29,Time Management,8,In Progress,
EMP12746,2023-06-01,Advanced Excel,8,In Progress,
EMP12746,2022-11-10,Data Analytics,16,Completed,85.1
EMP12746,2025-04-11,Power BI Fundamentals,16,In Progress,
EMP12747,2022-10-08,Time Management,16,Completed,85.2
EMP12747,2020-12-12,Cyber Security,16,In Progress,
EMP12747,2020-12-11,Project Management,40,Completed,90.5
EMP12747,2022-02-20,Time Management,8,Completed,66.4
EMP12747,2022-08-08,Time Management,8,No Show,
EMP12747,2025-05-05,Time Management,24,Completed,90.9
EMP12748,2021-12-30,Customer Handling,4,Cancelled,
EMP12748,2021-12-14,Time Management,16,In Progress,
EMP12748,2024-03-28,Sales Negotiation,4,Completed,85.4
EMP12748,2024-10-05,Communication Skills,24,Completed,87.9
EMP12749,2021-08-03,Data Analytics,8,No Show,
EMP12749,2024-01-15,Leadership Essentials,24,Completed,91.1
EMP12750,2022-06-08,Communication Skills,16,Completed,89.5
EMP12751,2024-12-23,Communication Skills,16,Completed,77.5
EMP12751,2022-10-23,Advanced Excel,40,In Progress,
EMP12756,2025-02-08,Time Management,40,Completed,97.0
EMP12756,2026-06-02,Data Analytics,4,Completed,58.0
EMP12757,2023-12-26,Data Analytics,16,Completed,68.7
EMP12757,2023-08-17,Data Analytics,8,In Progress,
EMP12758,2020-08-19,Sales Negotiation,24,Completed,78.2
EMP12759,2025-08-11,Leadership Essentials,8,Completed,82.3
EMP12759,2025-04-23,Project Management,24,Completed,74.6
EMP12759,2025-08-01,Advanced Excel,16,Completed,91.8
EMP12761,2022-04-28,Leadership Essentials,8,No Show,
EMP12761,2023-10-13,Data Analytics,8,Completed,76.6
EMP12762,2025-09-02,Power BI Fundamentals,16,Cancelled,
EMP12762,2026-06-20,Sales Negotiation,4,Completed,85.9
EMP12764,2025-12-07,Cyber Security,40,Completed,78.3
EMP12764,2026-06-06,Sales Negotiation,8,Completed,92.5
EMP12767,2025-03-10,Project Management,16,Completed,76.2
EMP12767,2025-04-16,Customer Handling,16,In Progress,
EMP12767,2023-12-11,Power BI Fundamentals,16,Completed,77.3
EMP12767,2024-11-04,Advanced Excel,8,Completed,72.2
EMP12768,2021-12-31,Communication Skills,40,Completed,73.9
EMP12768,2023-07-17,Power BI Fundamentals,16,Completed,69.4
EMP12768,2023-08-09,Cyber Security,4,Cancelled,
EMP12768,2019-09-27,Cyber Security,4,Completed,66.3
EMP12768,2022-04-27,Cyber Security,24,Completed,89.2
EMP12768,2023-12-20,Sales Negotiation,4,In Progress,
EMP12768,2022-01-28,Project Management,24,Completed,92.4
EMP12768,2023-04-22,Customer Handling,8,Completed,100.0
EMP12769,2025-01-14,Power BI Fundamentals,16,Completed,94.6
EMP12769,2025-08-16,Project Management,24,Completed,71.8
EMP12769,2026-04-02,Power BI Fundamentals,4,Completed,77.4
EMP12770,2023-09-16,Advanced Excel,24,Completed,77.0
EMP12770,2025-04-18,Time Management,8,Completed,53.0
EMP12770,2024-01-27,Communication Skills,24,Completed,58.6
EMP12771,2020-07-06,Data Analytics,8,Completed,64.2
EMP12771,2023-02-26,Customer Handling,24,Cancelled,
EMP12771,2023-03-12,Data Analytics,4,In Progress,
EMP12771,2019-05-08,Cyber Security,8,Completed,58.1
EMP12771,2021-08-08,Power BI Fundamentals,16,No Show,
EMP12772,2025-04-02,Sales Negotiation,4,Completed,75.4
EMP12772,2024-12-29,Sales Negotiation,4,Completed,73.3
EMP12772,2025-06-06,Customer Handling,16,Completed,95.4
EMP12772,2026-02-23,Advanced Excel,16,Completed,88.8
EMP12773,2024-08-10,Power BI Fundamentals,16,In Progress,
EMP12774,2025-05-26,Cyber Security,40,Completed,70.4
EMP12774,2025-09-26,Project Management,16,Completed,81.6
EMP12777,2025-02-28,Data Analytics,40,In Progress,
EMP12779,2026-01-19,Leadership Essentials,16,Completed,88.1
EMP12781,2024-11-07,Project Management,8,Cancelled,
EMP12781,2023-02-03,Sales Negotiation,24,Completed,89.9
EMP12782,2026-01-05,Project Management,8,Completed,64.4
EMP12782,2025-09-10,Cyber Security,4,Completed,64.4
EMP12783,2025-03-31,Communication Skills,4,Completed,72.6
EMP12783,2023-06-29,Time Management,24,Completed,58.4
EMP12784,2023-04-16,Power BI Fundamentals,4,Completed,74.8
EMP12785,2026-05-21,Communication Skills,16,Completed,86.7
EMP12785,2025-03-20,Cyber Security,8,Completed,89.3
EMP12785,2024-08-28,Project Management,24,Completed,66.6
EMP12786,2025-12-25,Data Analytics,8,Completed,99.9
EMP12786,2025-11-21,Leadership Essentials,24,In Progress,
EMP12787,2022-08-24,Communication Skills,8,Completed,58.8
EMP12787,2019-06-29,Sales Negotiation,16,No Show,
EMP12787,2020-10-14,Project Management,8,Completed,67.9
EMP12787,2023-09-02,Power BI Fundamentals,24,Completed,75.8
EMP12788,2026-05-29,Communication Skills,4,Completed,98.9
EMP12788,2025-10-08,Leadership Essentials,24,No Show,
EMP12788,2026-03-16,Time Management,16,Completed,85.3
EMP12789,2025-06-02,Customer Handling,4,Completed,78.4
EMP12789,2025-08-29,Project Management,16,No Show,
EMP12790,2025-10-15,Advanced Excel,8,Cancelled,
EMP12790,2025-01-07,Project Management,16,Completed,63.4
EMP12792,2024-04-19,Customer Handling,16,Completed,91.2
EMP12792,2024-01-23,Power BI Fundamentals,24,Completed,91.3
EMP12792,2023-12-28,Leadership Essentials,16,Completed,59.7
EMP12793,2024-10-26,Time Management,16,In Progress,
EMP12793,2024-09-25,Customer Handling,16,Completed,86.2
EMP12794,2025-09-23,Leadership Essentials,24,Completed,81.2
EMP12795,2025-12-31,Customer Handling,24,Completed,60.2
EMP12795,2025-02-10,Sales Negotiation,8,Completed,76.0
EMP12796,2022-05-23,Cyber Security,16,In Progress,
EMP12796,2024-02-04,Leadership Essentials,16,No Show,
EMP12798,2025-02-20,Customer Handling,16,Completed,76.4
EMP12798,2023-11-25,Customer Handling,8,Completed,69.3
EMP12798,2024-03-01,Leadership Essentials,16,Completed,52.9
EMP12799,2023-10-27,Time Management,8,Completed,73.4
EMP12799,2021-03-07,Leadership Essentials,16,Completed,93.1
EMP12799,2021-04-07,Sales Negotiation,8,Cancelled,
EMP12799,2024-06-13,Time Management,40,Completed,82.6
EMP12800,2021-06-29,Sales Negotiation,8,No Show,
EMP12801,2026-03-07,Sales Negotiation,4,Completed,82.6
EMP12801,2025-10-06,Data Analytics,16,Completed,95.1
EMP12803,2021-04-18,Sales Negotiation,24,In Progress,
EMP12803,2024-06-17,Power BI Fundamentals,24,Completed,75.4
EMP12804,2024-05-24,Advanced Excel,8,Completed,83.5
EMP12806,2021-09-10,Leadership Essentials,24,Completed,89.9
EMP12806,2024-11-30,Project Management,40,Completed,80.2
EMP12807,2022-02-18,Leadership Essentials,40,In Progress,
EMP12807,2022-09-04,Time Management,16,In Progress,
EMP12807,2024-09-07,DATA ANALYTICS,16,Completed,79.6
EMP12807,2024-04-14,Data Analytics,40,Cancelled,
EMP12810,2021-09-05,Data Analytics,4,Completed,69.9
EMP12810,2025-01-12,Advanced Excel,4,Cancelled,
EMP12810,2023-05-21,Cyber Security,8,Completed,87.8
EMP12811,2025-05-18,Advanced Excel,16,Completed,95.1
EMP12811,2025-08-13,Leadership Essentials,8,Completed,94.6
EMP12811,2024-03-28,Sales Negotiation,16,Completed,69.3
EMP12812,2026-02-14,Leadership Essentials,24,In Progress,
EMP12812,2026-05-16,Project Management,24,Cancelled,
EMP12813,2026-06-30,Advanced Excel,24,In Progress,
EMP12814,2023-07-29,Power BI Fundamentals,8,Completed,80.6
EMP12815,2023-11-14,Customer Handling,8,Cancelled,
EMP12815,2019-07-31,Communication Skills,40,In Progress,
EMP12816,2025-07-07,Time Management,8,Completed,100.0
EMP12817,2025-01-13,Leadership Essentials,8,Completed,75.8
EMP12817,2024-10-05,Project Management,8,In Progress,
EMP12818,2024-06-21,Project Management,16,No Show,
EMP12820,2025-04-14,Data Analytics,8,Completed,69.3
EMP12820,2024-07-08,Time Management,8,Cancelled,
EMP12823,2023-09-18,Project Management,40,In Progress,
EMP12823,2022-02-14,Power BI Fundamentals,8,Completed,67.2
EMP12824,2022-06-08,Leadership Essentials,4,No Show,
EMP12824,2022-03-09,Cyber Security,8,Completed,98.8
EMP12824,2022-02-18,CYBER SECURITY,8,Cancelled,
EMP12826,2026-05-21,Leadership Essentials,4,In Progress,
EMP12826,2026-03-27,Advanced Excel,16,Completed,50.4
EMP12827,2024-04-26,Communication Skills,24,No Show,
EMP12827,2021-04-29,Power BI Fundamentals,4,Completed,58.5
EMP12827,2022-01-01,Data Analytics,40,Completed,83.7
EMP12828,2022-04-27,Customer Handling,16,Completed,42.5
EMP12830,2025-02-18,Advanced Excel,16,Completed,67.7
EMP12830,2024-03-01,Data Analytics,16,In Progress,
EMP12831,2020-04-03,Sales Negotiation,16,Completed,58.5
EMP12831,2023-09-08,Leadership Essentials,16,Completed,98.5
EMP12831,2024-02-13,Customer Handling,8,Completed,60.7
EMP12831,2022-01-18,Time Management,24,Completed,93.7
EMP12832,2026-01-26,Communication Skills,16,In Progress,
EMP12832,2025-05-27,Power BI Fundamentals,8,Completed,78.8
EMP12832,2023-09-30,Cyber Security,8,Completed,95.4
EMP12833,2022-10-12,Data Analytics,40,Completed,89.4
EMP12833,2025-03-15,Leadership Essentials,16,Cancelled,
EMP12833,2025-03-16,Customer Handling,16,In Progress,
EMP12834,2024-12-21,Customer Handling,8,Completed,63.9
EMP12835,2024-03-24,Power BI Fundamentals,8,Completed,76.1
EMP12835,2023-09-07,Project Management,16,Completed,78.2
EMP12835,2023-11-30,ADVANCED EXCEL,24,Completed,62.3
EMP12836,2022-12-31,Project Management,40,Completed,88.8
EMP12836,2019-08-13,Sales Negotiation,4,Completed,66.6
EMP12836,2023-02-10,Time Management,8,Completed,77.4
EMP12837,2024-08-27,Advanced Excel,8,Completed,82.8
EMP12837,2023-05-25,Time Management,16,Cancelled,
EMP12837,2024-03-12,Sales Negotiation,8,Completed,81.3
EMP12837,2023-11-05,Advanced Excel,4,Completed,87.1
EMP12837,2025-05-29,Advanced Excel,24,Completed,86.0
EMP12837,2025-11-23,Advanced Excel,24,Completed,79.6
EMP12839,2022-05-12,Data Analytics,8,Completed,71.7
EMP12839,2022-04-07,Advanced Excel,16,Completed,58.8
EMP12840,2025-06-25,Data Analytics,8,Completed,62.2
EMP12841,2026-06-14,Project Management,4,Completed,90.8
EMP12841,2024-12-16,Time Management,8,Completed,63.3
EMP12842,2023-08-13,Leadership Essentials,16,In Progress,
EMP12843,2021-12-14,Data Analytics,24,In Progress,
EMP12843,2019-08-11,Leadership Essentials,24,Completed,69.6
EMP12844,2025-12-23,Communication Skills,8,Cancelled,
EMP12844,2025-07-07,Project Management,4,In Progress,
EMP12844,2025-05-05,Sales Negotiation,16,Completed,100.0
EMP12845,2025-08-26,Advanced Excel,24,Cancelled,
EMP12845,2023-12-05,Communication Skills,16,Completed,94.7
EMP12845,2025-04-11,Customer Handling,4,Completed,73.2
EMP12847,2024-11-05,Communication Skills,40,Cancelled,
EMP12847,2023-11-10,Data Analytics,4,Completed,79.7
EMP12847,2025-09-18,Customer Handling,24,Completed,70.7
EMP12849,2024-07-03,Leadership Essentials,8,Completed,70.9
EMP12850,2023-09-21,Cyber Security,24,Completed,94.8
EMP12850,2025-03-28,Customer Handling,8,In Progress,
EMP12850,2022-05-09,Data Analytics,8,Completed,57.9
EMP12852,2025-10-24,Customer Handling,16,Completed,74.9
EMP12852,2026-06-29,Data Analytics,40,Completed,64.6
EMP12852,2025-10-18,Time Management,40,Completed,76.8
EMP12852,2023-03-04,Project Management,24,Completed,75.9
EMP12853,2023-03-10,Cyber Security,4,Completed,79.4
EMP12854,2021-07-24,Communication Skills,16,In Progress,
EMP12855,2025-05-04,Communication Skills,16,Completed,58.2
EMP12856,2021-01-24,Customer Handling,4,In Progress,
EMP12856,2023-02-08,Communication Skills,16,Cancelled,
EMP12857,2023-11-24,Data Analytics,4,In Progress,
EMP12858,2021-04-12,Customer Handling,24,In Progress,
EMP12858,2024-10-27,Customer Handling,8,In Progress,
EMP12858,2022-03-16,Sales Negotiation,40,Completed,75.8
EMP12859,2024-05-27,Customer Handling,8,Completed,80.2
EMP12860,2025-03-26,Advanced Excel,24,Completed,64.3
EMP12861,2026-05-16,Sales Negotiation,8,Completed,97.2
EMP12862,2023-12-12,Project Management,8,Completed,60.3
EMP12864,2024-01-06,Time Management,8,Completed,80.5
EMP12864,2024-01-20,Project Management,16,In Progress,
EMP12864,2025-12-04,Project Management,24,Completed,96.4
EMP12866,2021-07-29,Power BI Fundamentals,4,Cancelled,
EMP12866,2024-07-05,Sales Negotiation,8,Cancelled,
EMP12868,2023-07-21,Data Analytics,24,In Progress,
EMP12868,2026-02-13,Leadership Essentials,40,Completed,87.0
EMP12869,2023-05-16,Time Management,8,Completed,81.2
EMP12870,2026-03-30,Cyber Security,4,Completed,92.4
EMP12871,2020-12-04,Data Analytics,8,Completed,69.8
EMP12873,2022-01-12,Power BI Fundamentals,4,Completed,81.9
EMP12874,2023-05-20,Time Management,40,In Progress,
EMP12875,2026-06-06,Communication Skills,4,Completed,84.2
EMP12876,2026-05-24,Cyber Security,40,Completed,75.5
EMP12877,2026-06-26,Project Management,8,In Progress,
EMP12877,2024-08-10,Customer Handling,16,Completed,58.8
EMP12878,2023-10-02,Communication Skills,8,Completed,99.4
EMP12878,2024-05-28,Project Management,24,In Progress,
EMP12879,2024-06-03,Power BI Fundamentals,24,No Show,
EMP12880,2022-02-13,Power BI Fundamentals,8,Completed,81.3
EMP12880,2020-08-27,Customer Handling,4,Completed,69.3
EMP12880,2022-09-25,Advanced Excel,24,Completed,100.0
EMP12880,2024-05-09,Power BI Fundamentals,8,In Progress,
EMP12881,2025-06-03,Communication Skills,16,Completed,82.4
EMP12882,2024-10-04,Customer Handling,24,Cancelled,
EMP12882,2022-05-18,Communication Skills,8,Cancelled,
EMP12884,2024-04-05,Sales Negotiation,8,No Show,
EMP12884,2024-04-15,Customer Handling,8,Completed,83.4
EMP12884,2023-05-11,Leadership Essentials,40,Cancelled,
EMP12884,2024-03-15,Advanced Excel,24,In Progress,
EMP12884,2021-07-24,Power BI Fundamentals,16,Completed,74.4
EMP12884,2023-08-22,Data Analytics,8,Completed,75.1
EMP12884,2025-05-05,Sales Negotiation,8,Completed,48.0
EMP12884,2024-01-07,Data Analytics,4,No Show,
EMP12885,2025-07-09,Sales Negotiation,16,Cancelled,
EMP12885,2023-04-23,Time Management,8,Completed,73.1
EMP12885,2023-01-12,Project Management,16,Completed,78.3
EMP12886,2020-04-03,Project Management,40,Completed,72.3
EMP12886,2020-12-05,Time Management,24,Completed,67.4
EMP12886,2023-03-21,Cyber Security,8,In Progress,
EMP12887,2024-03-30,Time Management,16,Completed,94.1
EMP12890,2025-08-10,Leadership Essentials,8,In Progress,
EMP12891,2023-06-09,Project Management,4,Completed,82.3
EMP12891,2022-10-03,Advanced Excel,4,Completed,85.3
EMP12892,2024-02-10,Project Management,24,Completed,68.4
EMP12892,2026-03-12,Leadership Essentials,16,Completed,60.8
EMP12892,2023-10-14,Data Analytics,24,Cancelled,
EMP12892,2026-04-16,Cyber Security,24,Cancelled,
EMP12893,2022-01-25,Sales Negotiation,8,Completed,66.9
EMP12893,2021-07-26,Project Management,16,Completed,63.3
EMP12893,2020-10-05,Project Management,16,Completed,82.7
EMP12894,2023-09-04,Advanced Excel,4,Completed,91.5
EMP12894,2023-11-14,Data Analytics,4,Completed,89.0
EMP12895,2023-06-15,Project Management,16,Completed,70.2
EMP12895,2023-07-03,Customer Handling,16,Completed,70.2
EMP12895,2022-02-04,Data Analytics,16,Completed,83.3
EMP12896,2024-04-19,Sales Negotiation,16,Completed,66.2
EMP12896,2022-07-07,Power BI Fundamentals,8,Completed,63.3
EMP12896,2024-12-26,Data Analytics,4,Completed,59.4
EMP12896,2026-04-16,Leadership Essentials,8,Completed,75.4
EMP12897,2024-07-17,Sales Negotiation,8,Cancelled,
EMP12899,2025-04-09,Time Management,4,Completed,84.1
EMP12899,2024-06-02,Sales Negotiation,24,Completed,80.7
EMP12899,2024-10-23,Time Management,16,Completed,94.2
EMP12899,2024-03-25,Time Management,8,Completed,81.5
EMP12899,2024-12-08,Cyber Security,24,Completed,95.6
EMP12900,2023-07-15,Cyber Security,24,Completed,76.7
EMP12900,2024-11-12,Sales Negotiation,16,Completed,79.6
EMP12900,2023-07-31,Communication Skills,16,Completed,75.7
EMP12900,2023-10-13,Customer Handling,4,Completed,87.0
EMP12900,2021-12-27,Project Management,16,Completed,81.0
EMP12901,2025-04-01,Time Management,8,Completed,85.3
EMP12902,2022-06-28,Project Management,24,Completed,58.5
EMP12902,2023-09-29,Sales Negotiation,8,Completed,68.4
EMP12902,2022-12-31,Cyber Security,40,Completed,67.0
EMP12903,2020-10-02,Customer Handling,4,Completed,87.3
EMP12903,2023-11-13,Leadership Essentials,4,In Progress,
EMP12903,2021-02-06,Communication Skills,24,No Show,
EMP12904,2026-01-20,Power BI Fundamentals,40,Completed,74.3
EMP12905,2025-07-29,Advanced Excel,24,Completed,91.4
EMP12906,2022-12-29,Cyber Security,4,Completed,70.5
EMP12907,2023-08-04,Cyber Security,24,Completed,84.4
EMP12908,2026-03-07,Customer Handling,24,Completed,79.3
EMP12909,2025-07-20,Time Management,16,In Progress,
EMP12914,2025-02-20,Cyber Security,24,Completed,64.4
EMP12914,2023-08-09,Time Management,16,No Show,
EMP12915,2021-12-07,LEADERSHIP ESSENTIALS,4,Completed,72.4
EMP12915,2019-10-03,Data Analytics,8,Completed,66.1
EMP12916,2024-02-02,Power BI Fundamentals,16,Completed,82.7
EMP12917,2021-09-01,Data Analytics,8,Cancelled,
EMP12917,2023-10-19,Customer Handling,4,Cancelled,
EMP12917,2021-05-14,Time Management,24,Cancelled,
EMP12918,2025-08-01,Power BI Fundamentals,4,No Show,
EMP12919,2025-02-05,Communication Skills,16,Cancelled,
EMP12922,2023-07-11,Time Management,4,Completed,80.8
EMP12923,2025-04-01,Data Analytics,8,In Progress,
EMP12924,2025-05-08,Data Analytics,24,In Progress,
EMP12924,2022-10-25,Project Management,16,Completed,76.2
EMP12925,2024-12-23,Leadership Essentials,16,Completed,77.2
EMP12925,2024-11-25,Advanced Excel,4,Completed,67.1
EMP12925,2023-01-12,Customer Handling,16,Completed,78.6
EMP12926,2026-05-05,Data Analytics,8,Completed,62.5
EMP12928,2022-12-15,Project Management,4,Cancelled,
EMP12928,2021-09-09,Sales Negotiation,16,Completed,94.9
EMP12929,2024-01-05,Cyber Security,24,Completed,99.5
EMP12929,2023-06-14,Data Analytics,24,Completed,66.7
EMP12930,2026-06-22,Sales Negotiation,16,Completed,67.5
EMP12931,2025-12-05,Leadership Essentials,16,Completed,93.3
EMP12934,2023-06-10,Data Analytics,4,In Progress,
EMP12935,2025-04-24,Communication Skills,4,Completed,71.1
EMP12935,2024-11-27,Data Analytics,24,Completed,58.9
EMP12939,2024-06-21,Customer Handling,8,No Show,
EMP12941,2025-12-31,Customer Handling,8,No Show,
EMP12942,2023-08-15,Advanced Excel,16,Completed,83.3
EMP12942,2024-06-20,Data Analytics,16,Completed,81.2
EMP12942,2025-07-10,Communication Skills,16,Completed,78.5
EMP12943,2024-11-30,Communication Skills,16,In Progress,
EMP12944,2024-01-27,Cyber Security,24,Cancelled,
EMP12944,2024-01-10,Advanced Excel,16,Completed,81.6
EMP12944,2024-02-08,Communication Skills,4,Completed,75.0
EMP12945,2025-08-29,Data Analytics,8,In Progress,
EMP12945,2026-03-09,Power BI Fundamentals,8,Completed,78.7
EMP12945,2025-01-19,Project Management,4,Cancelled,
EMP12946,2025-03-14,Leadership Essentials,16,Completed,78.2
EMP12946,2024-11-24,Sales Negotiation,24,In Progress,
EMP12946,2021-02-04,Data Analytics,8,Completed,54.2
EMP12946,2022-02-14,Project Management,4,Completed,58.5
EMP12947,2022-11-05,Advanced Excel,16,Completed,86.4
EMP12947,2025-08-30,Sales Negotiation,8,Completed,68.2
EMP12949,2022-04-02,Power BI Fundamentals,24,Completed,78.8
EMP12949,2026-02-07,Cyber Security,16,Completed,62.1
EMP12949,2023-11-15,Communication Skills,4,Cancelled,
EMP12949,2021-07-20,Sales Negotiation,16,Cancelled,
EMP12949,2025-10-21,Cyber Security,8,Completed,71.3
EMP12949,2025-12-19,Sales Negotiation,24,No Show,
EMP12950,2024-09-19,Communication Skills,24,Completed,74.6
EMP12950,2022-11-09,Advanced Excel,16,In Progress,
EMP12950,2025-07-16,Cyber Security,16,Completed,97.9
EMP12952,2025-04-15,Data Analytics,16,Completed,99.4
EMP12953,2023-06-20,Project Management,4,Completed,66.6
EMP12954,2026-03-21,Data Analytics,8,Completed,79.8
EMP12954,2024-06-19,Cyber Security,16,Completed,90.3
EMP12955,2024-07-19,Project Management,40,Completed,61.4
EMP12957,2019-10-07,Customer Handling,8,Completed,74.4
EMP12958,2025-01-24,Cyber Security,8,Cancelled,
EMP12959,2023-11-06,Time Management,24,Cancelled,
EMP12959,2026-03-26,Cyber Security,4,Completed,50.8
EMP12959,2023-11-13,Power BI Fundamentals,4,In Progress,
EMP12960,2025-09-15,Advanced Excel,24,Completed,90.8
EMP12960,2021-10-28,Project Management,40,Completed,83.1
EMP12961,2020-11-28,Sales Negotiation,8,In Progress,
EMP12961,2021-02-24,Time Management,24,Completed,73.5
EMP12961,2021-06-09,Leadership Essentials,24,Completed,53.2
EMP12962,2021-04-19,Communication Skills,8,In Progress,
EMP12962,2021-09-11,Time Management,24,In Progress,
EMP12962,2024-05-18,Data Analytics,24,Completed,88.8
EMP12962,2021-03-31,Communication Skills,16,Completed,73.2
EMP12962,2022-02-15,Project Management,4,No Show,
EMP12964,2022-10-02,Project Management,8,In Progress,
EMP12964,2024-06-05,Project Management,8,No Show,
EMP12964,2021-07-22,Power BI Fundamentals,40,In Progress,
EMP12965,2023-05-04,Leadership Essentials,8,Completed,82.9
EMP12966,2026-01-05,Time Management,40,Completed,59.2
EMP12969,2023-02-05,Time Management,24,Completed,77.1
EMP12969,2021-03-12,Cyber Security,40,In Progress,
EMP12969,2021-05-22,Advanced Excel,4,Completed,70.8
EMP12970,2022-11-19,Communication Skills,16,Completed,87.6
EMP12970,2021-11-18,Data Analytics,16,Completed,42.0
EMP12970,2022-06-12,Sales Negotiation,4,Completed,81.5
EMP12970,2021-11-26,COMMUNICATION SKILLS,24,Completed,70.2
EMP12970,2024-10-26,Leadership Essentials,24,Completed,82.5
EMP12971,2023-12-10,Communication Skills,8,Completed,85.3
EMP12971,2023-02-15,Customer Handling,16,No Show,
EMP12971,2021-01-23,Cyber Security,16,Completed,85.2
EMP12971,2021-08-29,Advanced Excel,4,Completed,89.4
EMP12972,2025-01-07,Project Management,16,Completed,95.5
EMP12972,2023-01-07,Cyber Security,4,No Show,
EMP12973,2023-02-15,Data Analytics,24,Completed,81.1
EMP12973,2025-09-05,Cyber Security,8,Completed,75.8
EMP12973,2022-02-06,Data Analytics,8,Completed,85.4
EMP12973,2022-08-09,Customer Handling,40,In Progress,
EMP12973,2022-12-19,Customer Handling,8,Completed,84.2
EMP12973,2024-01-28,Cyber Security,24,Completed,82.9
EMP12974,2025-02-18,Sales Negotiation,16,Completed,78.5
EMP12975,2025-03-01,Leadership Essentials,8,Cancelled,
EMP12975,2025-06-04,Customer Handling,8,Completed,76.5
EMP12976,2024-04-19,Cyber Security,24,Completed,79.7
EMP12976,2021-09-22,Data Analytics,8,Cancelled,
EMP12976,2024-04-01,Data Analytics,8,Completed,89.9
EMP12976,2025-08-14,Cyber Security,16,Completed,73.5
EMP12978,2024-02-26,Power BI Fundamentals,40,Completed,74.9
EMP12978,2026-06-26,Advanced Excel,24,No Show,
EMP12979,2025-04-18,Sales Negotiation,16,Completed,71.2
EMP12982,2022-01-12,Advanced Excel,16,No Show,
EMP12982,2020-05-06,Project Management,16,Completed,61.2
EMP12983,2026-03-18,Advanced Excel,24,Completed,80.8
EMP12983,2026-06-11,Cyber Security,16,Completed,86.0
EMP12984,2026-01-04,Leadership Essentials,8,Completed,76.3
EMP12984,2026-02-23,Data Analytics,8,No Show,
EMP12984,2026-06-11,Project Management,4,Completed,68.2
EMP12985,2023-06-29,Data Analytics,8,Completed,58.2
EMP12985,2025-03-11,Time Management,8,Completed,72.5
EMP12987,2024-12-19,Power BI Fundamentals,16,Completed,75.2
EMP12988,2024-09-08,Cyber Security,4,Cancelled,
EMP12988,2022-08-15,Sales Negotiation,40,Completed,79.9
EMP12988,2023-03-29,Leadership Essentials,24,In Progress,
EMP12988,2020-06-09,Sales Negotiation,24,Completed,70.5
EMP12988,2020-03-09,Cyber Security,8,Completed,78.0
EMP12989,2026-01-25,Cyber Security,4,In Progress,
EMP12989,2025-04-07,Leadership Essentials,16,Completed,63.8
EMP12989,2024-11-09,Customer Handling,16,Completed,91.1
EMP12990,2024-08-24,Cyber Security,8,Completed,64.1
EMP12990,2024-03-21,Customer Handling,16,Completed,73.7
EMP12990,2023-09-05,Advanced Excel,8,Completed,100.0
EMP12991,2024-10-21,Time Management,8,Completed,77.4
EMP12991,2024-09-16,Sales Negotiation,4,Completed,78.1
EMP12992,2022-02-17,POWER BI FUNDAMENTALS,4,Completed,74.2
EMP12992,2019-08-05,Project Management,8,Completed,61.3
EMP12992,2020-09-09,Sales Negotiation,8,Completed,67.8
EMP12992,2020-03-09,Project Management,24,Completed,90.9
EMP12992,2022-05-19,Power BI Fundamentals,24,Completed,75.6
EMP12992,2019-11-22,Project Management,24,In Progress,
EMP12993,2022-03-19,Advanced Excel,8,Completed,66.8
EMP12994,2023-05-31,Data Analytics,40,Completed,59.9
EMP12995,2024-09-04,Cyber Security,4,No Show,
EMP12995,2025-09-14,Power BI Fundamentals,4,Completed,83.9
EMP12995,2023-08-10,Cyber Security,24,Completed,84.7
EMP12996,2021-08-26,Advanced Excel,16,Completed,91.9
EMP12997,2025-05-25,Data Analytics,40,Completed,83.9
EMP12998,2023-01-08,Leadership Essentials,4,In Progress,
EMP12998,2025-02-03,Project Management,8,Completed,88.4
EMP12998,2024-01-11,Time Management,8,In Progress,
EMP12998,2025-10-11,Customer Handling,24,In Progress,
EMP13000,2024-04-22,Communication Skills,40,Completed,78.8
EMP13000,2024-11-05,Power BI Fundamentals,16,Completed,87.4
EMP13001,2022-10-27,Time Management,8,Completed,98.3
EMP13001,2023-09-02,Sales Negotiation,4,In Progress,
EMP13001,2023-05-02,Cyber Security,16,Cancelled,
EMP13002,2024-10-18,Leadership Essentials,16,Completed,71.4
EMP13002,2021-10-07,Sales Negotiation,16,In Progress,
EMP13002,2024-11-14,Customer Handling,40,In Progress,
EMP13002,2024-03-23,Leadership Essentials,8,Completed,84.2
EMP13002,2024-10-06,Advanced Excel,8,Completed,92.2
EMP13003,2025-07-11,Sales Negotiation,8,In Progress,
EMP13003,2024-06-09,Sales Negotiation,4,Completed,87.1
EMP13003,2026-02-10,Project Management,16,In Progress,
EMP13004,2023-09-29,Leadership Essentials,24,Completed,95.3
EMP13006,2021-01-25,Time Management,8,Completed,74.7
EMP13006,2021-10-10,Project Management,4,Completed,72.5
EMP13006,2021-02-18,Customer Handling,40,Completed,56.7
EMP13006,2023-09-10,Cyber Security,40,Completed,58.6
EMP13006,2020-08-21,Project Management,40,Completed,67.9
EMP13006,2025-05-12,Customer Handling,16,Completed,60.0
EMP13008,2021-12-04,Leadership Essentials,8,Completed,78.9
EMP13008,2023-10-25,Power BI Fundamentals,8,Completed,64.5
EMP13008,2024-07-09,Customer Handling,24,Completed,80.9
EMP13009,2025-02-19,Data Analytics,8,In Progress,
EMP13009,2022-07-22,Customer Handling,4,Completed,76.2
EMP13011,2023-09-11,Project Management,40,Cancelled,
EMP13011,2023-05-29,Cyber Security,16,Cancelled,
EMP13012,2024-01-10,Leadership Essentials,16,Completed,83.1
EMP13012,2023-01-11,Sales Negotiation,8,Completed,71.2
EMP13013,2026-01-03,Project Management,4,Completed,61.2
EMP13013,2022-08-26,Customer Handling,4,Completed,75.1
EMP13013,2026-06-05,Leadership Essentials,8,Completed,93.1
EMP13013,2023-12-04,Time Management,8,Completed,77.7
EMP13014,2026-01-25,Advanced Excel,16,Completed,83.0
EMP13015,2020-08-19,Project Management,24,Completed,88.2
EMP13016,2025-09-08,Leadership Essentials,24,Completed,72.0
EMP13018,2025-07-16,Power BI Fundamentals,16,Completed,82.1
EMP13019,2025-04-21,Cyber Security,8,In Progress,
EMP13019,2024-12-02,Communication Skills,16,Completed,100.0
EMP13021,2026-02-10,Data Analytics,40,Cancelled,
EMP13022,2024-07-08,Advanced Excel,24,Completed,76.7
EMP13022,2023-09-28,Power BI Fundamentals,24,Completed,70.3
EMP13023,2023-07-30,Advanced Excel,24,No Show,
EMP13023,2026-03-25,Data Analytics,16,Completed,77.7
EMP13023,2024-03-22,Data Analytics,40,Completed,83.3
EMP13024,2020-12-05,Sales Negotiation,8,No Show,
EMP13024,2021-06-21,Cyber Security,8,In Progress,
EMP13024,2022-11-05,Customer Handling,24,Completed,77.3
EMP13025,2024-12-24,Project Management,8,Completed,77.5
EMP13025,2025-05-22,Sales Negotiation,4,Completed,64.8
EMP13025,2025-07-22,Time Management,16,Completed,81.3
EMP13026,2025-11-24,Communication Skills,4,Completed,80.1
EMP13028,2024-12-02,Power BI Fundamentals,24,Completed,84.6
EMP13028,2023-06-27,Time Management,24,In Progress,
EMP13031,2023-10-17,Sales Negotiation,40,Completed,97.5
EMP13031,2023-10-29,Leadership Essentials,4,No Show,
EMP13032,2024-11-07,Advanced Excel,8,In Progress,
EMP13032,2024-01-16,Project Management,8,Completed,76.3
EMP13032,2022-07-12,Project Management,8,Completed,79.1
EMP13033,2024-09-25,Leadership Essentials,8,Completed,96.4
EMP13033,2023-04-11,Data Analytics,4,Completed,100.0
EMP13033,2023-06-04,Time Management,24,Completed,62.8
EMP13034,2025-01-30,Advanced Excel,4,No Show,
EMP13037,2026-03-31,Cyber Security,16,Completed,61.8
EMP13038,2025-06-07,Power BI Fundamentals,40,In Progress,
EMP13038,2026-03-04,Advanced Excel,24,No Show,
EMP13039,2025-11-12,Project Management,16,Cancelled,
EMP13040,2020-05-16,Customer Handling,8,In Progress,
EMP13042,2023-04-18,Cyber Security,16,Cancelled,
EMP13042,2023-03-03,Cyber Security,8,No Show,
EMP13043,2022-01-19,Leadership Essentials,4,Completed,98.0
EMP13043,2022-02-22,Data Analytics,24,Completed,100.0
EMP13043,2024-08-02,Customer Handling,8,In Progress,
EMP13048,2023-04-25,Advanced Excel,8,Completed,76.0
EMP13048,2025-02-17,Cyber Security,16,In Progress,
EMP13048,2024-06-15,Advanced Excel,16,Completed,87.8
EMP13048,2023-06-01,Communication Skills,16,Completed,68.6
EMP13049,2025-08-09,Time Management,8,Completed,71.3
EMP13049,2023-03-21,Customer Handling,8,In Progress,
EMP13050,2022-12-18,Customer Handling,16,In Progress,
EMP13050,2023-08-22,Time Management,24,In Progress,
EMP13050,2022-04-08,Power BI Fundamentals,24,No Show,
EMP13052,2021-11-15,Power BI Fundamentals,8,In Progress,
EMP13052,2023-06-20,Communication Skills,24,Completed,89.7
EMP13053,2024-12-04,Leadership Essentials,16,Completed,76.4
EMP13053,2025-02-28,Project Management,16,Completed,76.5
EMP13055,2026-04-21,Time Management,24,No Show,
EMP13055,2024-04-18,Sales Negotiation,8,Cancelled,
EMP13055,2024-03-02,Communication Skills,40,In Progress,
EMP13058,2023-12-15,Cyber Security,16,Completed,78.7
EMP13059,2026-06-16,Customer Handling,4,Completed,93.9
EMP13060,2026-01-12,Data Analytics,24,Completed,62.3
EMP13060,2026-03-04,Customer Handling,16,Completed,83.0
EMP13061,2024-07-13,Power BI Fundamentals,16,Completed,95.0
EMP13062,2025-09-29,Leadership Essentials,16,No Show,
EMP13063,2023-09-12,Time Management,4,In Progress,
EMP13063,2026-06-20,Cyber Security,4,Completed,78.0
EMP13063,2023-12-28,Data Analytics,40,Completed,82.6
EMP13065,2025-09-17,Customer Handling,16,Completed,73.0
EMP13065,2024-08-15,Customer Handling,8,In Progress,
EMP13067,2020-06-26,Leadership Essentials,16,Completed,100.0
EMP13070,2024-12-05,Cyber Security,40,Completed,67.0
EMP13070,2023-08-30,Communication Skills,8,Completed,91.0
EMP13071,2023-07-02,Leadership Essentials,16,In Progress,
EMP13071,2020-05-27,Cyber Security,8,Completed,72.6
EMP13071,2022-10-11,Data Analytics,40,Completed,93.0
EMP13071,2022-02-22,Customer Handling,8,Cancelled,
EMP13072,2024-03-26,Customer Handling,40,Completed,86.8
EMP13073,2025-11-26,Sales Negotiation,16,Cancelled,
EMP13073,2025-12-12,Time Management,24,Completed,60.0
EMP13074,2024-07-04,Project Management,16,Completed,71.9
EMP13077,2024-02-03,Advanced Excel,24,Completed,56.7
EMP13077,2021-08-14,Communication Skills,16,No Show,
EMP13077,2022-11-29,Communication Skills,8,Completed,90.3
EMP13078,2025-07-21,Leadership Essentials,24,Completed,75.3
EMP13079,2021-01-18,Project Management,8,In Progress,
EMP13079,2020-11-30,Communication Skills,4,Completed,72.4
EMP13080,2019-12-05,Advanced Excel,8,Completed,87.1
EMP13080,2021-02-06,Time Management,4,Completed,93.1
EMP13080,2020-05-23,Customer Handling,16,Completed,92.1
EMP13082,2026-03-17,Time Management,16,Completed,70.9
EMP13083,2025-06-18,Sales Negotiation,8,Completed,89.8
EMP13083,2025-04-15,Time Management,24,Completed,78.4
EMP13086,2026-06-28,Cyber Security,8,Completed,68.2
EMP13088,2024-04-19,Time Management,16,Cancelled,
EMP13089,2019-10-16,Project Management,24,In Progress,
EMP13089,2024-01-02,Power BI Fundamentals,16,Completed,68.1
EMP13089,2023-09-08,Cyber Security,8,Completed,55.2
EMP13089,2023-05-04,Sales Negotiation,8,Completed,83.0
EMP13090,2026-05-23,Power BI Fundamentals,4,Completed,88.3
EMP13091,2023-07-09,Leadership Essentials,16,Completed,83.9
EMP13091,2023-09-12,Project Management,16,Completed,57.2
EMP13091,2023-09-18,Project Management,16,Completed,69.3
EMP13092,2024-11-06,Project Management,8,In Progress,
EMP13092,2023-02-14,Project Management,16,In Progress,
EMP13092,2024-07-21,Sales Negotiation,24,In Progress,
EMP13094,2024-09-10,Data Analytics,24,Completed,82.4
EMP13094,2025-08-16,Sales Negotiation,16,Completed,90.2
EMP13095,2020-05-17,Sales Negotiation,4,Completed,81.8
EMP13095,2024-01-30,Communication Skills,16,Completed,81.1
EMP13095,2024-06-02,Power BI Fundamentals,8,Completed,97.7
EMP13095,2022-02-22,Data Analytics,24,Cancelled,
EMP13096,2026-04-22,Cyber Security,24,In Progress,
EMP13096,2024-04-13,Customer Handling,16,Cancelled,
EMP13096,2025-10-19,Cyber Security,16,Completed,72.6
EMP13099,2025-06-02,Leadership Essentials,24,Completed,71.4
EMP13099,2023-05-12,Time Management,16,Completed,70.4
EMP13099,2026-06-04,Advanced Excel,24,Completed,77.9
EMP13099,2024-03-12,Sales Negotiation,16,Completed,100.0
EMP13100,2025-11-19,Power BI Fundamentals,24,In Progress,
EMP13101,2021-09-14,Project Management,16,Completed,95.1
EMP13101,2021-02-09,Advanced Excel,40,Completed,96.0
EMP13101,2023-06-02,Communication Skills,8,Completed,85.7
EMP13102,2022-03-05,Power BI Fundamentals,40,Completed,64.6
EMP13102,2019-09-17,Project Management,16,Completed,68.1
EMP13103,2023-10-31,Customer Handling,16,Completed,74.3
EMP13103,2023-06-18,Customer Handling,24,Completed,70.4
EMP13103,2023-04-13,Project Management,8,Completed,66.0
EMP13103,2020-12-06,Sales Negotiation,24,In Progress,
EMP13103,2022-10-15,Sales Negotiation,8,Completed,81.9
EMP13103,2022-08-27,Leadership Essentials,4,Completed,92.2
EMP13104,2022-03-13,Data Analytics,24,Completed,88.1
EMP13105,2025-01-30,Time Management,16,Completed,81.7
EMP13105,2024-09-11,Time Management,16,Completed,72.2
EMP13105,2022-07-22,Data Analytics,16,Completed,92.1
EMP13109,2026-01-30,Time Management,8,Completed,77.6
EMP13109,2021-11-28,Project Management,16,Completed,86.3
EMP13109,2023-04-23,Time Management,4,Cancelled,
EMP13109,2026-03-31,Cyber Security,16,Completed,85.9
EMP13109,2025-01-08,Cyber Security,24,No Show,
EMP13110,2023-07-11,Leadership Essentials,16,Completed,66.7
EMP13110,2023-08-29,Customer Handling,4,Completed,85.4
EMP13110,2023-11-04,Power BI Fundamentals,8,Completed,87.7
EMP13111,2026-01-16,Sales Negotiation,24,Completed,64.5
EMP13112,2022-05-21,Communication Skills,16,Completed,82.0
EMP13112,2024-10-29,Cyber Security,16,Completed,83.1
EMP13113,2025-01-10,Power BI Fundamentals,8,In Progress,
EMP13114,2026-06-17,Data Analytics,16,Completed,87.1
EMP13114,2025-04-18,Cyber Security,16,Completed,62.2
EMP13114,2025-11-20,Time Management,40,Completed,72.8
EMP13116,2025-12-20,Advanced Excel,24,In Progress,
EMP13116,2025-10-24,Advanced Excel,16,In Progress,
EMP13116,2026-06-25,Cyber Security,8,Completed,61.1
EMP13117,2023-05-18,Communication Skills,16,Completed,77.0
EMP13117,2020-12-26,COMMUNICATION SKILLS,8,Completed,65.6
EMP13117,2022-01-18,Advanced Excel,24,In Progress,
EMP13118,2024-07-27,Time Management,4,Completed,85.8
EMP13118,2025-09-28,Customer Handling,4,Completed,82.2
EMP13119,2023-11-10,Data Analytics,4,Completed,61.5
EMP13119,2024-01-25,Data Analytics,24,Completed,73.2
EMP13119,2025-04-01,Cyber Security,8,In Progress,
EMP13119,2024-10-26,Power BI Fundamentals,8,Cancelled,
EMP13121,2021-05-28,Cyber Security,16,Completed,84.2
EMP13121,2020-08-01,Project Management,16,Completed,78.7
EMP13121,2024-04-20,Communication Skills,40,Completed,69.6
EMP13121,2021-04-16,Cyber Security,24,Completed,64.9
EMP13121,2023-06-29,Time Management,40,Completed,77.3
EMP13122,2021-07-14,Customer Handling,40,In Progress,
EMP13122,2020-10-04,Project Management,8,Completed,78.2
EMP13122,2023-10-03,Project Management,4,Completed,81.4
EMP13123,2024-05-31,Advanced Excel,24,In Progress,
EMP13123,2026-01-09,Project Management,40,Completed,73.0
EMP13125,2022-08-06,Power BI Fundamentals,16,Completed,77.3
EMP13125,2023-08-11,Power BI Fundamentals,24,Completed,71.5
EMP13126,2025-10-16,Power BI Fundamentals,8,In Progress,
EMP13127,2024-02-20,Cyber Security,40,In Progress,
EMP13128,2026-02-04,Communication Skills,4,Completed,73.3
EMP13129,2025-11-06,Cyber Security,4,Completed,89.5
EMP13129,2026-02-13,Sales Negotiation,16,Completed,80.3
EMP13129,2025-12-26,Sales Negotiation,16,Completed,78.4
EMP13130,2026-05-08,Customer Handling,24,In Progress,
EMP13132,2025-02-05,Sales Negotiation,24,In Progress,
EMP13132,2026-05-26,Data Analytics,16,Completed,79.8
EMP13135,2025-09-22,Data Analytics,40,In Progress,
EMP13135,2024-12-21,Cyber Security,24,Cancelled,
EMP13136,2024-07-17,Customer Handling,4,Completed,76.2
EMP13136,2024-11-21,Leadership Essentials,16,No Show,
EMP13137,2021-06-22,Power BI Fundamentals,8,Completed,88.1
EMP13138,2023-09-27,Project Management,40,In Progress,
EMP13138,2022-10-23,Sales Negotiation,16,In Progress,
EMP13138,2023-02-19,Data Analytics,16,Completed,76.5
EMP13139,2022-01-22,Advanced Excel,24,Completed,68.1
EMP13139,2022-06-19,Cyber Security,8,Completed,73.3
EMP13139,2022-03-31,Time Management,16,Completed,74.8
EMP13140,2025-08-03,Cyber Security,8,Completed,69.1
EMP13140,2025-09-10,Cyber Security,40,In Progress,
EMP13140,2023-12-07,Cyber Security,4,Completed,89.8
EMP13140,2023-12-20,Communication Skills,4,Completed,89.9
EMP13141,2023-06-12,Leadership Essentials,40,Completed,53.4
EMP13141,2020-04-11,Time Management,8,In Progress,
EMP13142,2023-12-14,Communication Skills,16,Completed,71.7
EMP13142,2022-04-13,Data Analytics,16,Completed,79.9
EMP13143,2026-05-13,Time Management,16,No Show,
EMP13143,2025-05-14,Time Management,40,In Progress,
EMP13143,2024-01-08,Power BI Fundamentals,16,Completed,88.6
EMP13144,2021-11-18,Advanced Excel,8,No Show,
EMP13144,2023-11-21,Time Management,8,Completed,84.3
EMP13144,2020-10-28,Time Management,16,Completed,79.7
EMP13145,2021-04-16,Cyber Security,40,In Progress,
EMP13145,2020-11-28,Leadership Essentials,24,No Show,
EMP13146,2025-10-11,Project Management,24,Completed,71.3
EMP13147,2023-10-31,Time Management,4,In Progress,
EMP13147,2024-12-29,Communication Skills,16,Completed,75.9
EMP13147,2024-12-28,Data Analytics,24,Completed,73.6
EMP13147,2023-12-11,Time Management,40,Completed,74.6
EMP13147,2023-12-25,Sales Negotiation,8,Completed,60.7
EMP13148,2023-01-18,Advanced Excel,16,Completed,69.6
EMP13148,2021-09-18,Project Management,4,Completed,87.6
EMP13151,2025-11-16,Leadership Essentials,24,In Progress,
EMP13155,2023-07-06,Time Management,4,Completed,90.5
EMP13156,2025-05-24,Cyber Security,40,Completed,70.4
EMP13156,2025-09-16,Power BI Fundamentals,24,Completed,82.9
EMP13159,2023-04-16,Power BI Fundamentals,8,Cancelled,
EMP13159,2020-09-14,Communication Skills,24,No Show,
EMP13160,2026-01-08,Data Analytics,16,Completed,94.7
EMP13161,2022-05-10,Sales Negotiation,40,Completed,100.0
EMP13161,2021-05-04,Project Management,4,No Show,
EMP13161,2021-03-07,Communication Skills,8,In Progress,
EMP13161,2023-08-10,Data Analytics,24,Completed,82.2
EMP13161,2022-10-28,Sales Negotiation,4,Completed,74.9
EMP13161,2023-10-17,Communication Skills,8,Completed,92.5
EMP13161,2023-01-10,Project Management,4,Completed,76.1
EMP13161,2021-04-06,Data Analytics,8,Completed,70.5
EMP13163,2023-11-10,Customer Handling,8,Completed,63.7
EMP13164,2023-10-26,Advanced Excel,8,Completed,100.0
EMP13164,2023-11-23,Leadership Essentials,4,Completed,83.3
EMP13165,2026-03-05,Communication Skills,16,Completed,86.7
EMP13166,2022-10-12,Time Management,8,In Progress,
EMP13166,2024-10-13,Sales Negotiation,4,Completed,89.9
EMP13166,2026-04-21,Sales Negotiation,8,Completed,81.5
EMP13166,2024-03-25,Communication Skills,24,Completed,72.9
EMP13167,2024-08-14,Time Management,24,Completed,66.3
EMP13167,2026-02-15,Sales Negotiation,4,Completed,68.1
EMP13168,2026-06-07,Communication Skills,24,Completed,91.2
EMP13169,2023-06-20,Data Analytics,24,Cancelled,
EMP13169,2024-08-02,Sales Negotiation,16,Cancelled,
EMP13169,2024-05-22,Power BI Fundamentals,8,In Progress,
EMP13171,2024-07-04,Advanced Excel,8,Completed,75.2
EMP13172,2024-06-29,Time Management,24,Completed,94.4
EMP13173,2025-10-27,Project Management,24,Completed,76.4
EMP13173,2025-08-02,Data Analytics,16,No Show,
EMP13174,2023-03-26,Communication Skills,16,Completed,73.4
EMP13174,2022-03-25,Sales Negotiation,16,Completed,84.9
EMP13174,2023-01-02,Advanced Excel,4,In Progress,
EMP13175,2022-05-30,Leadership Essentials,4,Cancelled,
EMP13175,2024-03-16,Leadership Essentials,16,Completed,75.6
EMP13177,2026-05-20,Cyber Security,4,In Progress,
EMP13179,2021-05-16,Power BI Fundamentals,16,Completed,81.4
EMP13179,2024-06-20,Sales Negotiation,8,Completed,71.4
EMP13179,2024-02-22,Cyber Security,16,Completed,64.5
EMP13180,2021-06-22,Advanced Excel,8,Completed,58.0
EMP13180,2023-10-30,Cyber Security,4,Cancelled,
EMP13180,2021-04-20,Customer Handling,4,Completed,63.3
EMP13180,2020-04-12,Power BI Fundamentals,40,Completed,57.1
EMP13181,2023-06-02,Advanced Excel,16,Completed,82.0
EMP13181,2026-02-04,Time Management,4,Completed,92.2
EMP13182,2025-01-02,Power BI Fundamentals,8,Completed,76.9
EMP13183,2026-03-23,Leadership Essentials,16,Completed,68.4
EMP13184,2020-12-11,Sales Negotiation,24,Completed,63.7
EMP13185,2023-06-13,Sales Negotiation,8,Completed,100.0
EMP13185,2021-05-11,Leadership Essentials,16,Completed,61.9
EMP13185,2020-11-09,Customer Handling,8,Completed,74.5
EMP13188,2023-10-15,Cyber Security,40,Completed,73.9
EMP13188,2023-04-14,Leadership Essentials,8,Cancelled,
EMP13189,2025-11-05,Project Management,4,Completed,49.7
EMP13192,2026-01-23,Cyber Security,8,Completed,75.1
EMP13193,2023-01-21,Power BI Fundamentals,8,Completed,84.1
EMP13193,2025-08-31,Sales Negotiation,16,Completed,76.4
EMP13195,2023-10-16,Cyber Security,24,In Progress,
EMP13195,2021-12-05,Advanced Excel,4,Completed,83.0
EMP13196,2024-01-12,Advanced Excel,4,Completed,80.1
EMP13196,2022-10-02,Data Analytics,4,Completed,75.8
EMP13196,2024-10-04,Customer Handling,8,Completed,84.2
EMP13197,2023-04-10,Time Management,8,Completed,77.1
EMP13197,2025-07-05,Advanced Excel,16,Completed,83.9
EMP13197,2023-03-27,Data Analytics,24,Completed,76.4
EMP13197,2025-04-27,Project Management,4,In Progress,
EMP13197,2024-11-24,Cyber Security,16,Completed,85.8
EMP13197,2023-01-16,Project Management,4,In Progress,
EMP13199,2022-06-19,Data Analytics,40,In Progress,
EMP13199,2019-05-16,Communication Skills,8,No Show,
EMP10882,2023-12-24,Time Management,16,Completed,100.0
EMP11472,2025-01-18,Customer Handling,16,Completed,79.6
EMP11811,2021-02-21,Power BI Fundamentals,8,Completed,80.9
EMP10616,2025-09-25,Cyber Security,24,Completed,91.9
EMP12449,2022-10-21,Cyber Security,8,Completed,95.9
EMP12207,2024-04-15,Power BI Fundamentals,8,Completed,93.4
EMP10202,2025-07-16,Cyber Security,8,Completed,85.7
EMP11045,2023-03-19,Sales Negotiation,16,Completed,87.7
EMP11083,2023-01-15,Time Management,24,In Progress,
EMP11979,2023-01-24,Customer Handling,24,Completed,75.8
EMP12114,2025-05-21,Advanced Excel,16,Completed,71.4
EMP11111,2019-10-08,Sales Negotiation,16,Completed,94.3
EMP10426,2020-04-01,Leadership Essentials,24,No Show,
EMP10651,2024-12-24,Data Analytics,8,Completed,72.7
EMP12960,2025-09-15,Advanced Excel,24,Completed,90.8
EMP10967,2024-07-21,Power BI Fundamentals,4,Completed,94.5
EMP11709,2021-01-04,Cyber Security,40,Completed,84.1
EMP10122,2025-01-22,Power BI Fundamentals,16,In Progress,
EMP10736,2023-11-16,Communication Skills,16,Cancelled,
EMP12059,2024-11-27,Advanced Excel,4,Completed,89.4
EMP10957,2023-09-01,Communication Skills,4,In Progress,
EMP11060,2025-11-07,Project Management,24,Cancelled,
EMP10981,2022-03-09,Data Analytics,16,Completed,74.3
EMP12309,2026-01-29,Project Management,40,Completed,55.5
EMP10179,2023-09-02,Power BI Fundamentals,8,Completed,90.7
